solid OpenSCAD_Model
  facet normal -1 0 0
    outer loop
      vertex 1.1 -6 27
      vertex 1.1 -3 34.15
      vertex 1.1 -3 27
    endloop
  endfacet
  facet normal -1 -0 0
    outer loop
      vertex 1.1 -3 34.15
      vertex 1.1 -6 27
      vertex 1.1 -6 34.15
    endloop
  endfacet
  facet normal -1 0 0
    outer loop
      vertex 1.1 -5.88564 10.85
      vertex 1.1 -6 13.85
      vertex 1.1 -5.88564 21
    endloop
  endfacet
  facet normal -1 0 0
    outer loop
      vertex 1.1 -5.88564 10.85
      vertex 1.1 -46.6 13.85
      vertex 1.1 -6 13.85
    endloop
  endfacet
  facet normal -1 0 0
    outer loop
      vertex 1.1 -49.6 10.85
      vertex 1.1 -46.6 13.85
      vertex 1.1 -5.88564 10.85
    endloop
  endfacet
  facet normal -1 0 0
    outer loop
      vertex 1.1 -49.6 34.15
      vertex 1.1 -46.6 13.85
      vertex 1.1 -49.6 10.85
    endloop
  endfacet
  facet normal -1 0 0
    outer loop
      vertex 1.1 -46.6 13.85
      vertex 1.1 -49.6 34.15
      vertex 1.1 -46.6 34.15
    endloop
  endfacet
  facet normal -1 -0 0
    outer loop
      vertex 1.1 -5.88564 21
      vertex 1.1 -6 13.85
      vertex 1.1 -6 21
    endloop
  endfacet
  facet normal -0 0 1
    outer loop
      vertex 1.1 -3 34.15
      vertex 60.9 -6 34.15
      vertex 60.9 -3 34.15
    endloop
  endfacet
  facet normal 0 0 1
    outer loop
      vertex 60.9 -6 34.15
      vertex 1.1 -3 34.15
      vertex 1.1 -6 34.15
    endloop
  endfacet
  facet normal 1 0 0
    outer loop
      vertex 60.9 -46.6 34.15
      vertex 60.9 -49.6 34.15
      vertex 60.9 -46.6 13.85
    endloop
  endfacet
  facet normal 1 0 0
    outer loop
      vertex 60.9 -6 13.85
      vertex 60.9 -3 34.15
      vertex 60.9 -6 34.15
    endloop
  endfacet
  facet normal 1 0 0
    outer loop
      vertex 60.9 -3 34.15
      vertex 60.9 -6 13.85
      vertex 60.9 -3 10.85
    endloop
  endfacet
  facet normal 1 -0 0
    outer loop
      vertex 60.9 -46.6 13.85
      vertex 60.9 -3 10.85
      vertex 60.9 -6 13.85
    endloop
  endfacet
  facet normal 1 0 0
    outer loop
      vertex 60.9 -46.6 13.85
      vertex 60.9 -49.6 10.85
      vertex 60.9 -3 10.85
    endloop
  endfacet
  facet normal 1 0 0
    outer loop
      vertex 60.9 -49.6 10.85
      vertex 60.9 -46.6 13.85
      vertex 60.9 -49.6 34.15
    endloop
  endfacet
  facet normal 0 1 0
    outer loop
      vertex 44.0863 -3 30.9401
      vertex 60.9 -3 34.15
      vertex 45 -3 31
    endloop
  endfacet
  facet normal 0 1 0
    outer loop
      vertex 60.9 -3 34.15
      vertex 45.9137 -3 30.9401
      vertex 45 -3 31
    endloop
  endfacet
  facet normal 0 1 0
    outer loop
      vertex 60.9 -3 34.15
      vertex 46.8117 -3 30.7615
      vertex 45.9137 -3 30.9401
    endloop
  endfacet
  facet normal 0 1 0
    outer loop
      vertex 60.9 -3 34.15
      vertex 47.6788 -3 30.4672
      vertex 46.8117 -3 30.7615
    endloop
  endfacet
  facet normal 0 1 0
    outer loop
      vertex 60.9 -3 34.15
      vertex 48.5 -3 30.0622
      vertex 47.6788 -3 30.4672
    endloop
  endfacet
  facet normal 0 1 0
    outer loop
      vertex 60.9 -3 34.15
      vertex 49.2613 -3 29.5535
      vertex 48.5 -3 30.0622
    endloop
  endfacet
  facet normal 0 1 0
    outer loop
      vertex 60.9 -3 34.15
      vertex 49.9497 -3 28.9497
      vertex 49.2613 -3 29.5535
    endloop
  endfacet
  facet normal 0 1 -0
    outer loop
      vertex 54 -3 27
      vertex 49.9497 -3 28.9497
      vertex 60.9 -3 34.15
    endloop
  endfacet
  facet normal 0 1 0
    outer loop
      vertex 49.9497 -3 28.9497
      vertex 54 -3 27
      vertex 50.5535 -3 28.2613
    endloop
  endfacet
  facet normal 0 1 0
    outer loop
      vertex 50.5535 -3 28.2613
      vertex 54 -3 27
      vertex 51.0622 -3 27.5
    endloop
  endfacet
  facet normal 0 1 0
    outer loop
      vertex 60.9 -3 34.15
      vertex 54 -3 21
      vertex 54 -3 27
    endloop
  endfacet
  facet normal 0 1 0
    outer loop
      vertex 54 -3 21
      vertex 51.0622 -3 20.5
      vertex 51.3088 -3 21
    endloop
  endfacet
  facet normal 0 1 0
    outer loop
      vertex 54 -3 21
      vertex 50.5535 -3 19.7387
      vertex 51.0622 -3 20.5
    endloop
  endfacet
  facet normal 0 1 0
    outer loop
      vertex 54 -3 21
      vertex 49.9497 -3 19.0503
      vertex 50.5535 -3 19.7387
    endloop
  endfacet
  facet normal 0 1 0
    outer loop
      vertex 60.9 -3 10.85
      vertex 49.9497 -3 19.0503
      vertex 54 -3 21
    endloop
  endfacet
  facet normal 0 1 0
    outer loop
      vertex 49.9497 -3 19.0503
      vertex 60.9 -3 10.85
      vertex 49.2613 -3 18.4465
    endloop
  endfacet
  facet normal 0 1 0
    outer loop
      vertex 45.9137 -3 17.0599
      vertex 60.9 -3 10.85
      vertex 45 -3 17
    endloop
  endfacet
  facet normal 0 1 0
    outer loop
      vertex 46.8117 -3 17.2385
      vertex 60.9 -3 10.85
      vertex 45.9137 -3 17.0599
    endloop
  endfacet
  facet normal 0 1 0
    outer loop
      vertex 47.6788 -3 17.5328
      vertex 60.9 -3 10.85
      vertex 46.8117 -3 17.2385
    endloop
  endfacet
  facet normal 0 1 0
    outer loop
      vertex 48.5 -3 17.9378
      vertex 60.9 -3 10.85
      vertex 47.6788 -3 17.5328
    endloop
  endfacet
  facet normal 0 1 0
    outer loop
      vertex 49.2613 -3 18.4465
      vertex 60.9 -3 10.85
      vertex 48.5 -3 17.9378
    endloop
  endfacet
  facet normal 0 1 -0
    outer loop
      vertex 60.9 -3 10.85
      vertex 54 -3 21
      vertex 60.9 -3 34.15
    endloop
  endfacet
  facet normal 0 1 0
    outer loop
      vertex 60.9 -3 34.15
      vertex 44.0863 -3 30.9401
      vertex 1.1 -3 34.15
    endloop
  endfacet
  facet normal 0 1 -0
    outer loop
      vertex 43.1883 -3 30.7615
      vertex 1.1 -3 34.15
      vertex 44.0863 -3 30.9401
    endloop
  endfacet
  facet normal 0 1 -0
    outer loop
      vertex 42.3212 -3 30.4672
      vertex 1.1 -3 34.15
      vertex 43.1883 -3 30.7615
    endloop
  endfacet
  facet normal 0 1 -0
    outer loop
      vertex 41.5 -3 30.0622
      vertex 1.1 -3 34.15
      vertex 42.3212 -3 30.4672
    endloop
  endfacet
  facet normal 0 1 -0
    outer loop
      vertex 40.7387 -3 29.5535
      vertex 1.1 -3 34.15
      vertex 41.5 -3 30.0622
    endloop
  endfacet
  facet normal 0 1 -0
    outer loop
      vertex 40.0503 -3 28.9497
      vertex 1.1 -3 34.15
      vertex 40.7387 -3 29.5535
    endloop
  endfacet
  facet normal 0 1 -0
    outer loop
      vertex 39.4465 -3 28.2613
      vertex 1.1 -3 34.15
      vertex 40.0503 -3 28.9497
    endloop
  endfacet
  facet normal 0 1 -0
    outer loop
      vertex 38.9378 -3 27.5
      vertex 1.1 -3 34.15
      vertex 39.4465 -3 28.2613
    endloop
  endfacet
  facet normal 0 1 -0
    outer loop
      vertex 38.6912 -3 27
      vertex 1.1 -3 34.15
      vertex 38.9378 -3 27.5
    endloop
  endfacet
  facet normal 0 1 0
    outer loop
      vertex 1.1 -3 34.15
      vertex 38.6912 -3 27
      vertex 1.1 -3 27
    endloop
  endfacet
  facet normal 0 1 0
    outer loop
      vertex 51.0622 -3 27.5
      vertex 54 -3 27
      vertex 51.3088 -3 27
    endloop
  endfacet
  facet normal 0 1 0
    outer loop
      vertex 5.19615 -3 10.85
      vertex 38.6912 -3 21
      vertex 38.9378 -3 20.5
    endloop
  endfacet
  facet normal 0 1 0
    outer loop
      vertex 5.19615 -3 10.85
      vertex 38.9378 -3 20.5
      vertex 39.4465 -3 19.7387
    endloop
  endfacet
  facet normal 0 1 0
    outer loop
      vertex 5.19615 -3 10.85
      vertex 39.4465 -3 19.7387
      vertex 40.0503 -3 19.0503
    endloop
  endfacet
  facet normal 0 1 0
    outer loop
      vertex 5.19615 -3 10.85
      vertex 40.0503 -3 19.0503
      vertex 40.7387 -3 18.4465
    endloop
  endfacet
  facet normal 0 1 0
    outer loop
      vertex 5.19615 -3 10.85
      vertex 40.7387 -3 18.4465
      vertex 41.5 -3 17.9378
    endloop
  endfacet
  facet normal 0 1 0
    outer loop
      vertex 5.19615 -3 10.85
      vertex 41.5 -3 17.9378
      vertex 42.3212 -3 17.5328
    endloop
  endfacet
  facet normal 0 1 0
    outer loop
      vertex 5.19615 -3 10.85
      vertex 42.3212 -3 17.5328
      vertex 43.1883 -3 17.2385
    endloop
  endfacet
  facet normal 0 1 0
    outer loop
      vertex 5.19615 -3 10.85
      vertex 43.1883 -3 17.2385
      vertex 44.0863 -3 17.0599
    endloop
  endfacet
  facet normal 0 1 0
    outer loop
      vertex 60.9 -3 10.85
      vertex 44.0863 -3 17.0599
      vertex 45 -3 17
    endloop
  endfacet
  facet normal 0 1 0
    outer loop
      vertex 5.19615 -3 10.85
      vertex 44.0863 -3 17.0599
      vertex 60.9 -3 10.85
    endloop
  endfacet
  facet normal 0 1 0
    outer loop
      vertex 38.6912 -3 21
      vertex 5.19615 -3 10.85
      vertex 5.19615 -3 21
    endloop
  endfacet
  facet normal 0 0 -1
    outer loop
      vertex 60.9 -49.6 10.85
      vertex 46.45 -44.6 10.85
      vertex 60.9 -3 10.85
    endloop
  endfacet
  facet normal 0 0 -1
    outer loop
      vertex 60.9 -49.6 10.85
      vertex 43.45 -44.6 10.85
      vertex 46.45 -44.6 10.85
    endloop
  endfacet
  facet normal 0 0 -1
    outer loop
      vertex 43.45 -44.6 10.85
      vertex 18.55 -44.6 10.85
      vertex 43.45 -8 10.85
    endloop
  endfacet
  facet normal 0 0 -1
    outer loop
      vertex 60.9 -49.6 10.85
      vertex 18.55 -44.6 10.85
      vertex 43.45 -44.6 10.85
    endloop
  endfacet
  facet normal 0 0 -1
    outer loop
      vertex 1.1 -49.6 10.85
      vertex 18.55 -44.6 10.85
      vertex 60.9 -49.6 10.85
    endloop
  endfacet
  facet normal 0 0 -1
    outer loop
      vertex 1.55291 -5.79555 10.85
      vertex 15.55 -8 10.85
      vertex 15.55 -44.6 10.85
    endloop
  endfacet
  facet normal 0 0 -1
    outer loop
      vertex 15.55 -8 10.85
      vertex 4.76012 -3.65257 10.85
      vertex 5.19615 -3 10.85
    endloop
  endfacet
  facet normal 0 0 -1
    outer loop
      vertex 15.55 -8 10.85
      vertex 4.24264 -4.24264 10.85
      vertex 4.76012 -3.65257 10.85
    endloop
  endfacet
  facet normal 0 0 -1
    outer loop
      vertex 15.55 -8 10.85
      vertex 3.65257 -4.76012 10.85
      vertex 4.24264 -4.24264 10.85
    endloop
  endfacet
  facet normal 0 0 -1
    outer loop
      vertex 15.55 -8 10.85
      vertex 3 -5.19615 10.85
      vertex 3.65257 -4.76012 10.85
    endloop
  endfacet
  facet normal 0 0 -1
    outer loop
      vertex 15.55 -8 10.85
      vertex 2.2961 -5.54328 10.85
      vertex 3 -5.19615 10.85
    endloop
  endfacet
  facet normal 0 0 -1
    outer loop
      vertex 15.55 -8 10.85
      vertex 1.55291 -5.79555 10.85
      vertex 2.2961 -5.54328 10.85
    endloop
  endfacet
  facet normal -0 0 -1
    outer loop
      vertex 18.55 -44.6 10.85
      vertex 1.1 -49.6 10.85
      vertex 15.55 -44.6 10.85
    endloop
  endfacet
  facet normal 0 0 -1
    outer loop
      vertex 1.1 -5.88564 10.85
      vertex 15.55 -44.6 10.85
      vertex 1.1 -49.6 10.85
    endloop
  endfacet
  facet normal 0 0 -1
    outer loop
      vertex 15.55 -44.6 10.85
      vertex 1.1 -5.88564 10.85
      vertex 1.55291 -5.79555 10.85
    endloop
  endfacet
  facet normal 0 0 -1
    outer loop
      vertex 46.45 -8 10.85
      vertex 60.9 -3 10.85
      vertex 46.45 -44.6 10.85
    endloop
  endfacet
  facet normal 0 0 -1
    outer loop
      vertex 43.45 -8 10.85
      vertex 60.9 -3 10.85
      vertex 46.45 -8 10.85
    endloop
  endfacet
  facet normal 0 0 -1
    outer loop
      vertex 18.55 -8 10.85
      vertex 43.45 -8 10.85
      vertex 18.55 -44.6 10.85
    endloop
  endfacet
  facet normal 0 0 -1
    outer loop
      vertex 5.19615 -3 10.85
      vertex 43.45 -8 10.85
      vertex 18.55 -8 10.85
    endloop
  endfacet
  facet normal 0 0 -1
    outer loop
      vertex 5.19615 -3 10.85
      vertex 18.55 -8 10.85
      vertex 15.55 -8 10.85
    endloop
  endfacet
  facet normal 0 0 -1
    outer loop
      vertex 43.45 -8 10.85
      vertex 5.19615 -3 10.85
      vertex 60.9 -3 10.85
    endloop
  endfacet
  facet normal 0 -1 0
    outer loop
      vertex 1.1 -6 13.85
      vertex 38.6912 -6 21
      vertex 1.1 -6 21
    endloop
  endfacet
  facet normal 0 -1 -0
    outer loop
      vertex 38.6912 -6 21
      vertex 1.1 -6 13.85
      vertex 38.9378 -6 20.5
    endloop
  endfacet
  facet normal 0 -1 -0
    outer loop
      vertex 38.9378 -6 20.5
      vertex 1.1 -6 13.85
      vertex 39.4465 -6 19.7387
    endloop
  endfacet
  facet normal 0 -1 -0
    outer loop
      vertex 39.4465 -6 19.7387
      vertex 1.1 -6 13.85
      vertex 40.0503 -6 19.0503
    endloop
  endfacet
  facet normal 0 -1 -0
    outer loop
      vertex 40.0503 -6 19.0503
      vertex 1.1 -6 13.85
      vertex 40.7387 -6 18.4465
    endloop
  endfacet
  facet normal 0 -1 -0
    outer loop
      vertex 40.7387 -6 18.4465
      vertex 1.1 -6 13.85
      vertex 41.5 -6 17.9378
    endloop
  endfacet
  facet normal 0 -1 -0
    outer loop
      vertex 41.5 -6 17.9378
      vertex 1.1 -6 13.85
      vertex 42.3212 -6 17.5328
    endloop
  endfacet
  facet normal 0 -1 -0
    outer loop
      vertex 42.3212 -6 17.5328
      vertex 1.1 -6 13.85
      vertex 43.1883 -6 17.2385
    endloop
  endfacet
  facet normal 0 -1 0
    outer loop
      vertex 60.9 -6 13.85
      vertex 44.0863 -6 17.0599
      vertex 1.1 -6 13.85
    endloop
  endfacet
  facet normal 0 -1 -0
    outer loop
      vertex 43.1883 -6 17.2385
      vertex 1.1 -6 13.85
      vertex 44.0863 -6 17.0599
    endloop
  endfacet
  facet normal 0 -1 -0
    outer loop
      vertex 51.3088 -6 21
      vertex 51.0622 -6 20.5
      vertex 54 -6 21
    endloop
  endfacet
  facet normal 0 -1 0
    outer loop
      vertex 44.0863 -6 30.9401
      vertex 60.9 -6 34.15
      vertex 1.1 -6 34.15
    endloop
  endfacet
  facet normal 0 -1 0
    outer loop
      vertex 60.9 -6 34.15
      vertex 44.0863 -6 30.9401
      vertex 45 -6 31
    endloop
  endfacet
  facet normal 0 -1 0
    outer loop
      vertex 1.1 -6 34.15
      vertex 43.1883 -6 30.7615
      vertex 44.0863 -6 30.9401
    endloop
  endfacet
  facet normal 0 -1 0
    outer loop
      vertex 1.1 -6 34.15
      vertex 42.3212 -6 30.4672
      vertex 43.1883 -6 30.7615
    endloop
  endfacet
  facet normal 0 -1 0
    outer loop
      vertex 1.1 -6 34.15
      vertex 41.5 -6 30.0622
      vertex 42.3212 -6 30.4672
    endloop
  endfacet
  facet normal 0 -1 0
    outer loop
      vertex 1.1 -6 34.15
      vertex 40.7387 -6 29.5535
      vertex 41.5 -6 30.0622
    endloop
  endfacet
  facet normal 0 -1 0
    outer loop
      vertex 1.1 -6 34.15
      vertex 40.0503 -6 28.9497
      vertex 40.7387 -6 29.5535
    endloop
  endfacet
  facet normal 0 -1 0
    outer loop
      vertex 1.1 -6 34.15
      vertex 39.4465 -6 28.2613
      vertex 40.0503 -6 28.9497
    endloop
  endfacet
  facet normal 0 -1 0
    outer loop
      vertex 1.1 -6 34.15
      vertex 38.9378 -6 27.5
      vertex 39.4465 -6 28.2613
    endloop
  endfacet
  facet normal 0 -1 0
    outer loop
      vertex 38.6912 -6 27
      vertex 1.1 -6 34.15
      vertex 1.1 -6 27
    endloop
  endfacet
  facet normal 0 -1 0
    outer loop
      vertex 1.1 -6 34.15
      vertex 38.6912 -6 27
      vertex 38.9378 -6 27.5
    endloop
  endfacet
  facet normal 0 -1 0
    outer loop
      vertex 45.9137 -6 30.9401
      vertex 60.9 -6 34.15
      vertex 45 -6 31
    endloop
  endfacet
  facet normal 0 -1 0
    outer loop
      vertex 46.8117 -6 30.7615
      vertex 60.9 -6 34.15
      vertex 45.9137 -6 30.9401
    endloop
  endfacet
  facet normal 0 -1 0
    outer loop
      vertex 47.6788 -6 30.4672
      vertex 60.9 -6 34.15
      vertex 46.8117 -6 30.7615
    endloop
  endfacet
  facet normal 0 -1 0
    outer loop
      vertex 48.5 -6 30.0622
      vertex 60.9 -6 34.15
      vertex 47.6788 -6 30.4672
    endloop
  endfacet
  facet normal 0 -1 0
    outer loop
      vertex 49.2613 -6 29.5535
      vertex 60.9 -6 34.15
      vertex 48.5 -6 30.0622
    endloop
  endfacet
  facet normal 0 -1 0
    outer loop
      vertex 49.9497 -6 28.9497
      vertex 60.9 -6 34.15
      vertex 49.2613 -6 29.5535
    endloop
  endfacet
  facet normal 0 -1 0
    outer loop
      vertex 54 -6 27
      vertex 49.9497 -6 28.9497
      vertex 50.5535 -6 28.2613
    endloop
  endfacet
  facet normal 0 -1 0
    outer loop
      vertex 54 -6 27
      vertex 50.5535 -6 28.2613
      vertex 51.0622 -6 27.5
    endloop
  endfacet
  facet normal 0 -1 0
    outer loop
      vertex 54 -6 27
      vertex 51.0622 -6 27.5
      vertex 51.3088 -6 27
    endloop
  endfacet
  facet normal 0 -1 0
    outer loop
      vertex 49.9497 -6 28.9497
      vertex 54 -6 27
      vertex 60.9 -6 34.15
    endloop
  endfacet
  facet normal 0 -1 0
    outer loop
      vertex 54 -6 21
      vertex 60.9 -6 34.15
      vertex 54 -6 27
    endloop
  endfacet
  facet normal 0 -1 0
    outer loop
      vertex 50.5535 -6 19.7387
      vertex 54 -6 21
      vertex 51.0622 -6 20.5
    endloop
  endfacet
  facet normal 0 -1 0
    outer loop
      vertex 49.9497 -6 19.0503
      vertex 54 -6 21
      vertex 50.5535 -6 19.7387
    endloop
  endfacet
  facet normal 0 -1 0
    outer loop
      vertex 60.9 -6 13.85
      vertex 49.9497 -6 19.0503
      vertex 49.2613 -6 18.4465
    endloop
  endfacet
  facet normal 0 -1 0
    outer loop
      vertex 60.9 -6 13.85
      vertex 49.2613 -6 18.4465
      vertex 48.5 -6 17.9378
    endloop
  endfacet
  facet normal 0 -1 0
    outer loop
      vertex 44.0863 -6 17.0599
      vertex 60.9 -6 13.85
      vertex 45 -6 17
    endloop
  endfacet
  facet normal 0 -1 0
    outer loop
      vertex 54 -6 21
      vertex 60.9 -6 13.85
      vertex 60.9 -6 34.15
    endloop
  endfacet
  facet normal 0 -1 0
    outer loop
      vertex 49.9497 -6 19.0503
      vertex 60.9 -6 13.85
      vertex 54 -6 21
    endloop
  endfacet
  facet normal 0 -1 0
    outer loop
      vertex 47.6788 -6 17.5328
      vertex 60.9 -6 13.85
      vertex 48.5 -6 17.9378
    endloop
  endfacet
  facet normal 0 -1 0
    outer loop
      vertex 46.8117 -6 17.2385
      vertex 60.9 -6 13.85
      vertex 47.6788 -6 17.5328
    endloop
  endfacet
  facet normal 0 -1 0
    outer loop
      vertex 45.9137 -6 17.0599
      vertex 60.9 -6 13.85
      vertex 46.8117 -6 17.2385
    endloop
  endfacet
  facet normal 0 -1 0
    outer loop
      vertex 45 -6 17
      vertex 60.9 -6 13.85
      vertex 45.9137 -6 17.0599
    endloop
  endfacet
  facet normal -0 0 1
    outer loop
      vertex 1.1 -46.6 34.15
      vertex 60.9 -49.6 34.15
      vertex 60.9 -46.6 34.15
    endloop
  endfacet
  facet normal 0 0 1
    outer loop
      vertex 60.9 -49.6 34.15
      vertex 1.1 -46.6 34.15
      vertex 1.1 -49.6 34.15
    endloop
  endfacet
  facet normal 0 -1 0
    outer loop
      vertex 1.1 -49.6 10.85
      vertex 60.9 -49.6 34.15
      vertex 1.1 -49.6 34.15
    endloop
  endfacet
  facet normal 0 -1 -0
    outer loop
      vertex 60.9 -49.6 34.15
      vertex 1.1 -49.6 10.85
      vertex 60.9 -49.6 10.85
    endloop
  endfacet
  facet normal 0 1 -0
    outer loop
      vertex 60.9 -46.6 13.85
      vertex 1.1 -46.6 34.15
      vertex 60.9 -46.6 34.15
    endloop
  endfacet
  facet normal 0 1 0
    outer loop
      vertex 1.1 -46.6 34.15
      vertex 60.9 -46.6 13.85
      vertex 1.1 -46.6 13.85
    endloop
  endfacet
  facet normal 0.997859 0.0654022 0
    outer loop
      vertex 10 0 3
      vertex 9.91445 1.30526 0
      vertex 9.91445 1.30526 3
    endloop
  endfacet
  facet normal 0.997859 0.0654022 0
    outer loop
      vertex 9.91445 1.30526 0
      vertex 10 0 3
      vertex 10 0 0
    endloop
  endfacet
  facet normal -0.997859 0.0654022 0
    outer loop
      vertex -10 0 0
      vertex -9.91445 1.30526 3
      vertex -9.91445 1.30526 0
    endloop
  endfacet
  facet normal -0.997859 0.0654022 0
    outer loop
      vertex -9.91445 1.30526 3
      vertex -10 0 0
      vertex -10 0 3
    endloop
  endfacet
  facet normal 0.0654022 0.997859 -0
    outer loop
      vertex 1.30526 9.91445 0
      vertex 0 10 3
      vertex 1.30526 9.91445 3
    endloop
  endfacet
  facet normal 0.0654022 0.997859 0
    outer loop
      vertex 0 10 3
      vertex 1.30526 9.91445 0
      vertex 0 10 0
    endloop
  endfacet
  facet normal -0.0654022 -0.997859 0
    outer loop
      vertex -1.30526 -9.91445 0
      vertex 0 -10 3
      vertex -1.30526 -9.91445 3
    endloop
  endfacet
  facet normal -0.0654022 -0.997859 -0
    outer loop
      vertex 0 -10 3
      vertex -1.30526 -9.91445 0
      vertex 0 -10 0
    endloop
  endfacet
  facet normal 0.751844 0.659341 0
    outer loop
      vertex 7.93353 6.08761 3
      vertex 7.07107 7.07107 0
      vertex 7.07107 7.07107 3
    endloop
  endfacet
  facet normal 0.751844 0.659341 0
    outer loop
      vertex 7.07107 7.07107 0
      vertex 7.93353 6.08761 3
      vertex 7.93353 6.08761 0
    endloop
  endfacet
  facet normal -0.659341 0.751844 0
    outer loop
      vertex -6.08761 7.93353 0
      vertex -7.07107 7.07107 3
      vertex -6.08761 7.93353 3
    endloop
  endfacet
  facet normal -0.659341 0.751844 0
    outer loop
      vertex -7.07107 7.07107 3
      vertex -6.08761 7.93353 0
      vertex -7.07107 7.07107 0
    endloop
  endfacet
  facet normal -0.321438 0.946931 0
    outer loop
      vertex -2.58819 9.65926 0
      vertex -3.82683 9.2388 3
      vertex -2.58819 9.65926 3
    endloop
  endfacet
  facet normal -0.321438 0.946931 0
    outer loop
      vertex -3.82683 9.2388 3
      vertex -2.58819 9.65926 0
      vertex -3.82683 9.2388 0
    endloop
  endfacet
  facet normal 0.946931 0.321438 0
    outer loop
      vertex 9.65926 2.58819 3
      vertex 9.2388 3.82683 0
      vertex 9.2388 3.82683 3
    endloop
  endfacet
  facet normal 0.946931 0.321438 0
    outer loop
      vertex 9.2388 3.82683 0
      vertex 9.65926 2.58819 3
      vertex 9.65926 2.58819 0
    endloop
  endfacet
  facet normal 0.980785 0.19509 0
    outer loop
      vertex 9.91445 1.30526 3
      vertex 9.65926 2.58819 0
      vertex 9.65926 2.58819 3
    endloop
  endfacet
  facet normal 0.980785 0.19509 0
    outer loop
      vertex 9.65926 2.58819 0
      vertex 9.91445 1.30526 3
      vertex 9.91445 1.30526 0
    endloop
  endfacet
  facet normal 0.896871 0.442293 0
    outer loop
      vertex 9.2388 3.82683 3
      vertex 8.66025 5 0
      vertex 8.66025 5 3
    endloop
  endfacet
  facet normal 0.896871 0.442293 0
    outer loop
      vertex 8.66025 5 0
      vertex 9.2388 3.82683 3
      vertex 9.2388 3.82683 0
    endloop
  endfacet
  facet normal 0.442293 0.896871 -0
    outer loop
      vertex 5 8.66025 0
      vertex 3.82683 9.2388 3
      vertex 5 8.66025 3
    endloop
  endfacet
  facet normal 0.442293 0.896871 0
    outer loop
      vertex 3.82683 9.2388 3
      vertex 5 8.66025 0
      vertex 3.82683 9.2388 0
    endloop
  endfacet
  facet normal 0.321438 0.946931 -0
    outer loop
      vertex 3.82683 9.2388 0
      vertex 2.58819 9.65926 3
      vertex 3.82683 9.2388 3
    endloop
  endfacet
  facet normal 0.321438 0.946931 0
    outer loop
      vertex 2.58819 9.65926 3
      vertex 3.82683 9.2388 0
      vertex 2.58819 9.65926 0
    endloop
  endfacet
  facet normal 0.555571 0.831469 -0
    outer loop
      vertex 6.08761 7.93353 0
      vertex 5 8.66025 3
      vertex 6.08761 7.93353 3
    endloop
  endfacet
  facet normal 0.555571 0.831469 0
    outer loop
      vertex 5 8.66025 3
      vertex 6.08761 7.93353 0
      vertex 5 8.66025 0
    endloop
  endfacet
  facet normal -0.896871 0.442293 0
    outer loop
      vertex -9.2388 3.82683 0
      vertex -8.66025 5 3
      vertex -8.66025 5 0
    endloop
  endfacet
  facet normal -0.896871 0.442293 0
    outer loop
      vertex -8.66025 5 3
      vertex -9.2388 3.82683 0
      vertex -9.2388 3.82683 3
    endloop
  endfacet
  facet normal -0.831469 0.555571 0
    outer loop
      vertex -8.66025 5 0
      vertex -7.93353 6.08761 3
      vertex -7.93353 6.08761 0
    endloop
  endfacet
  facet normal -0.831469 0.555571 0
    outer loop
      vertex -7.93353 6.08761 3
      vertex -8.66025 5 0
      vertex -8.66025 5 3
    endloop
  endfacet
  facet normal -0.946931 0.321438 0
    outer loop
      vertex -9.65926 2.58819 0
      vertex -9.2388 3.82683 3
      vertex -9.2388 3.82683 0
    endloop
  endfacet
  facet normal -0.946931 0.321438 0
    outer loop
      vertex -9.2388 3.82683 3
      vertex -9.65926 2.58819 0
      vertex -9.65926 2.58819 3
    endloop
  endfacet
  facet normal -0.442293 0.896871 0
    outer loop
      vertex -3.82683 9.2388 0
      vertex -5 8.66025 3
      vertex -3.82683 9.2388 3
    endloop
  endfacet
  facet normal -0.442293 0.896871 0
    outer loop
      vertex -5 8.66025 3
      vertex -3.82683 9.2388 0
      vertex -5 8.66025 0
    endloop
  endfacet
  facet normal -0.19509 0.980785 0
    outer loop
      vertex -1.30526 9.91445 0
      vertex -2.58819 9.65926 3
      vertex -1.30526 9.91445 3
    endloop
  endfacet
  facet normal -0.19509 0.980785 0
    outer loop
      vertex -2.58819 9.65926 3
      vertex -1.30526 9.91445 0
      vertex -2.58819 9.65926 0
    endloop
  endfacet
  facet normal 0.659341 -0.751844 0
    outer loop
      vertex 6.08761 -7.93353 0
      vertex 7.07107 -7.07107 3
      vertex 6.08761 -7.93353 3
    endloop
  endfacet
  facet normal 0.659341 -0.751844 0
    outer loop
      vertex 7.07107 -7.07107 3
      vertex 6.08761 -7.93353 0
      vertex 7.07107 -7.07107 0
    endloop
  endfacet
  facet normal 0.442293 -0.896871 0
    outer loop
      vertex 3.82683 -9.2388 0
      vertex 5 -8.66025 3
      vertex 3.82683 -9.2388 3
    endloop
  endfacet
  facet normal 0.442293 -0.896871 0
    outer loop
      vertex 5 -8.66025 3
      vertex 3.82683 -9.2388 0
      vertex 5 -8.66025 0
    endloop
  endfacet
  facet normal 0.946931 -0.321438 0
    outer loop
      vertex 9.2388 -3.82683 3
      vertex 9.65926 -2.58819 0
      vertex 9.65926 -2.58819 3
    endloop
  endfacet
  facet normal 0.946931 -0.321438 0
    outer loop
      vertex 9.65926 -2.58819 0
      vertex 9.2388 -3.82683 3
      vertex 9.2388 -3.82683 0
    endloop
  endfacet
  facet normal -0.442293 -0.896871 0
    outer loop
      vertex -5 -8.66025 0
      vertex -3.82683 -9.2388 3
      vertex -5 -8.66025 3
    endloop
  endfacet
  facet normal -0.442293 -0.896871 -0
    outer loop
      vertex -3.82683 -9.2388 3
      vertex -5 -8.66025 0
      vertex -3.82683 -9.2388 0
    endloop
  endfacet
  facet normal -0.321438 -0.946931 0
    outer loop
      vertex -3.82683 -9.2388 0
      vertex -2.58819 -9.65926 3
      vertex -3.82683 -9.2388 3
    endloop
  endfacet
  facet normal -0.321438 -0.946931 -0
    outer loop
      vertex -2.58819 -9.65926 3
      vertex -3.82683 -9.2388 0
      vertex -2.58819 -9.65926 0
    endloop
  endfacet
  facet normal -0.896871 -0.442293 0
    outer loop
      vertex -8.66025 -5 0
      vertex -9.2388 -3.82683 3
      vertex -9.2388 -3.82683 0
    endloop
  endfacet
  facet normal -0.896871 -0.442293 0
    outer loop
      vertex -9.2388 -3.82683 3
      vertex -8.66025 -5 0
      vertex -8.66025 -5 3
    endloop
  endfacet
  facet normal -0.831469 -0.555571 0
    outer loop
      vertex -7.93353 -6.08761 0
      vertex -8.66025 -5 3
      vertex -8.66025 -5 0
    endloop
  endfacet
  facet normal -0.831469 -0.555571 0
    outer loop
      vertex -8.66025 -5 3
      vertex -7.93353 -6.08761 0
      vertex -7.93353 -6.08761 3
    endloop
  endfacet
  facet normal 0 0 -1
    outer loop
      vertex -4.76864 0.791389 0
      vertex -1.38564 0.799999 0
      vertex -4.67417 0.65 0
    endloop
  endfacet
  facet normal -0 0 -1
    outer loop
      vertex -1.38564 0.799999 0
      vertex -4.76864 0.791389 0
      vertex -1.26937 0.974018 0
    endloop
  endfacet
  facet normal 0 0 -1
    outer loop
      vertex -4.88076 0.919238 0
      vertex -1.26937 0.974018 0
      vertex -4.76864 0.791389 0
    endloop
  endfacet
  facet normal -0 0 -1
    outer loop
      vertex -1.26937 0.974018 0
      vertex -4.88076 0.919238 0
      vertex -1.13137 1.13137 0
    endloop
  endfacet
  facet normal 0 0 -1
    outer loop
      vertex -5.00861 1.03136 0
      vertex -1.13137 1.13137 0
      vertex -4.88076 0.919238 0
    endloop
  endfacet
  facet normal -0 0 -1
    outer loop
      vertex -1.13137 1.13137 0
      vertex -5.00861 1.03136 0
      vertex -0.974018 1.26937 0
    endloop
  endfacet
  facet normal 0 0 -1
    outer loop
      vertex -5.15 1.12583 0
      vertex -0.974018 1.26937 0
      vertex -5.00861 1.03136 0
    endloop
  endfacet
  facet normal 0 0 -1
    outer loop
      vertex -0.974018 1.26937 0
      vertex -5 8.66025 0
      vertex -3.82683 9.2388 0
    endloop
  endfacet
  facet normal -0 0 -1
    outer loop
      vertex -0.974018 1.26937 0
      vertex -5.15 1.12583 0
      vertex -5 8.66025 0
    endloop
  endfacet
  facet normal 0 0 -1
    outer loop
      vertex -6.08761 7.93353 0
      vertex -5.15 1.12583 0
      vertex -5.30251 1.20104 0
    endloop
  endfacet
  facet normal 0 0 -1
    outer loop
      vertex -6.08761 7.93353 0
      vertex -5.30251 1.20104 0
      vertex -5.46354 1.2557 0
    endloop
  endfacet
  facet normal 0 0 -1
    outer loop
      vertex -7.07107 7.07107 0
      vertex -5.46354 1.2557 0
      vertex -5.63032 1.28888 0
    endloop
  endfacet
  facet normal 0 0 -1
    outer loop
      vertex -7.93353 6.08761 0
      vertex -5.63032 1.28888 0
      vertex -5.8 1.3 0
    endloop
  endfacet
  facet normal 0 0 -1
    outer loop
      vertex -5.15 1.12583 0
      vertex -6.08761 7.93353 0
      vertex -5 8.66025 0
    endloop
  endfacet
  facet normal 0 0 -1
    outer loop
      vertex -5.46354 1.2557 0
      vertex -7.07107 7.07107 0
      vertex -6.08761 7.93353 0
    endloop
  endfacet
  facet normal 0 0 -1
    outer loop
      vertex -5.63032 1.28888 0
      vertex -7.93353 6.08761 0
      vertex -7.07107 7.07107 0
    endloop
  endfacet
  facet normal 0 0 -1
    outer loop
      vertex -9.2388 3.82683 0
      vertex -5.8 1.3 0
      vertex -8.2 1.3 0
    endloop
  endfacet
  facet normal 0 0 -1
    outer loop
      vertex -9.65926 2.58819 0
      vertex -8.2 1.3 0
      vertex -8.36968 1.28888 0
    endloop
  endfacet
  facet normal 0 0 -1
    outer loop
      vertex -9.65926 2.58819 0
      vertex -8.36968 1.28888 0
      vertex -8.53646 1.2557 0
    endloop
  endfacet
  facet normal 0 0 -1
    outer loop
      vertex -5.8 1.3 0
      vertex -8.66025 5 0
      vertex -7.93353 6.08761 0
    endloop
  endfacet
  facet normal 0 0 -1
    outer loop
      vertex -9.65926 2.58819 0
      vertex -8.53646 1.2557 0
      vertex -8.69749 1.20104 0
    endloop
  endfacet
  facet normal 0 0 -1
    outer loop
      vertex -9.65926 2.58819 0
      vertex -8.69749 1.20104 0
      vertex -8.85 1.12583 0
    endloop
  endfacet
  facet normal 0 0 -1
    outer loop
      vertex -9.91445 1.30526 0
      vertex -8.85 1.12583 0
      vertex -8.99139 1.03136 0
    endloop
  endfacet
  facet normal 0 0 -1
    outer loop
      vertex -9.91445 1.30526 0
      vertex -8.99139 1.03136 0
      vertex -9.11924 0.919238 0
    endloop
  endfacet
  facet normal 0 0 -1
    outer loop
      vertex -9.91445 1.30526 0
      vertex -9.11924 0.919238 0
      vertex -9.23136 0.791389 0
    endloop
  endfacet
  facet normal 0 0 -1
    outer loop
      vertex -5.8 1.3 0
      vertex -9.2388 3.82683 0
      vertex -8.66025 5 0
    endloop
  endfacet
  facet normal 0 0 -1
    outer loop
      vertex -9.91445 1.30526 0
      vertex -9.23136 0.791389 0
      vertex -9.32583 0.65 0
    endloop
  endfacet
  facet normal 0 0 -1
    outer loop
      vertex -9.91445 1.30526 0
      vertex -9.32583 0.65 0
      vertex -9.40104 0.497488 0
    endloop
  endfacet
  facet normal 0 0 -1
    outer loop
      vertex -10 0 0
      vertex -9.40104 0.497488 0
      vertex -9.4557 0.336464 0
    endloop
  endfacet
  facet normal 0 0 -1
    outer loop
      vertex -10 0 0
      vertex -9.4557 0.336464 0
      vertex -9.48888 0.169683 0
    endloop
  endfacet
  facet normal 0 0 -1
    outer loop
      vertex -8.2 1.3 0
      vertex -9.65926 2.58819 0
      vertex -9.2388 3.82683 0
    endloop
  endfacet
  facet normal 0 0 -1
    outer loop
      vertex -10 0 0
      vertex -9.48888 0.169683 0
      vertex -9.5 0 0
    endloop
  endfacet
  facet normal 0 0 -1
    outer loop
      vertex -9.4557 -0.336464 0
      vertex -10 0 0
      vertex -9.48888 -0.169683 0
    endloop
  endfacet
  facet normal 0 0 -1
    outer loop
      vertex -9.48888 -0.169683 0
      vertex -10 0 0
      vertex -9.5 0 0
    endloop
  endfacet
  facet normal 0 0 -1
    outer loop
      vertex -8.85 1.12583 0
      vertex -9.91445 1.30526 0
      vertex -9.65926 2.58819 0
    endloop
  endfacet
  facet normal -0 0 -1
    outer loop
      vertex -9.40104 0.497488 0
      vertex -10 0 0
      vertex -9.91445 1.30526 0
    endloop
  endfacet
  facet normal 0 0 -1
    outer loop
      vertex 1.13137 1.13137 0
      vertex 4.88076 0.919238 0
      vertex 1.26937 0.974018 0
    endloop
  endfacet
  facet normal 0 0 -1
    outer loop
      vertex 4.88076 0.919238 0
      vertex 1.13137 1.13137 0
      vertex 5.00861 1.03136 0
    endloop
  endfacet
  facet normal 0 0 -1
    outer loop
      vertex 0.974018 1.26937 0
      vertex 5.00861 1.03136 0
      vertex 1.13137 1.13137 0
    endloop
  endfacet
  facet normal 0 0 -1
    outer loop
      vertex 5.00861 1.03136 0
      vertex 0.974018 1.26937 0
      vertex 5.15 1.12583 0
    endloop
  endfacet
  facet normal 0 0 -1
    outer loop
      vertex 0.799999 1.38564 0
      vertex 5.15 1.12583 0
      vertex 0.974018 1.26937 0
    endloop
  endfacet
  facet normal 0 0 -1
    outer loop
      vertex 5.15 1.12583 0
      vertex 0.799999 1.38564 0
      vertex 5 8.66025 0
    endloop
  endfacet
  facet normal -0 0 -1
    outer loop
      vertex 5 8.66025 0
      vertex 0.799999 1.38564 0
      vertex 3.82683 9.2388 0
    endloop
  endfacet
  facet normal 0 0 -1
    outer loop
      vertex 0.612293 1.47821 0
      vertex 3.82683 9.2388 0
      vertex 0.799999 1.38564 0
    endloop
  endfacet
  facet normal -0 0 -1
    outer loop
      vertex 3.82683 9.2388 0
      vertex 0.612293 1.47821 0
      vertex 2.58819 9.65926 0
    endloop
  endfacet
  facet normal 0 0 -1
    outer loop
      vertex 0.41411 1.54548 0
      vertex 2.58819 9.65926 0
      vertex 0.612293 1.47821 0
    endloop
  endfacet
  facet normal -0 0 -1
    outer loop
      vertex 2.58819 9.65926 0
      vertex 0.41411 1.54548 0
      vertex 1.30526 9.91445 0
    endloop
  endfacet
  facet normal 0 0 -1
    outer loop
      vertex 0.208841 1.58631 0
      vertex 1.30526 9.91445 0
      vertex 0.41411 1.54548 0
    endloop
  endfacet
  facet normal 0 0 -1
    outer loop
      vertex 0 1.6 0
      vertex 1.30526 9.91445 0
      vertex 0.208841 1.58631 0
    endloop
  endfacet
  facet normal 0 0 -1
    outer loop
      vertex 0 1.6 0
      vertex 0 10 0
      vertex 1.30526 9.91445 0
    endloop
  endfacet
  facet normal 0 0 -1
    outer loop
      vertex -0.208841 1.58631 0
      vertex 0 10 0
      vertex 0 1.6 0
    endloop
  endfacet
  facet normal 0 0 -1
    outer loop
      vertex -1.30526 9.91445 0
      vertex -0.208841 1.58631 0
      vertex -0.41411 1.54548 0
    endloop
  endfacet
  facet normal 0 0 -1
    outer loop
      vertex -2.58819 9.65926 0
      vertex -0.41411 1.54548 0
      vertex -0.612293 1.47821 0
    endloop
  endfacet
  facet normal 0 0 -1
    outer loop
      vertex -3.82683 9.2388 0
      vertex -0.612293 1.47821 0
      vertex -0.799999 1.38564 0
    endloop
  endfacet
  facet normal 0 0 -1
    outer loop
      vertex -3.82683 9.2388 0
      vertex -0.799999 1.38564 0
      vertex -0.974018 1.26937 0
    endloop
  endfacet
  facet normal 0 0 -1
    outer loop
      vertex -1.47821 0.612293 0
      vertex -4.67417 0.65 0
      vertex -1.38564 0.799999 0
    endloop
  endfacet
  facet normal 0 0 -1
    outer loop
      vertex -1.54548 0.41411 0
      vertex -4.59896 0.497488 0
      vertex -1.47821 0.612293 0
    endloop
  endfacet
  facet normal 0 0 -1
    outer loop
      vertex -0.208841 1.58631 0
      vertex -1.30526 9.91445 0
      vertex 0 10 0
    endloop
  endfacet
  facet normal 0 0 -1
    outer loop
      vertex -4.59896 0.497488 0
      vertex -1.54548 0.41411 0
      vertex -4.5443 0.336464 0
    endloop
  endfacet
  facet normal 0 0 -1
    outer loop
      vertex -1.58631 0.208841 0
      vertex -4.5443 0.336464 0
      vertex -1.54548 0.41411 0
    endloop
  endfacet
  facet normal 0 0 -1
    outer loop
      vertex -4.5443 0.336464 0
      vertex -1.58631 0.208841 0
      vertex -4.51112 0.169683 0
    endloop
  endfacet
  facet normal 0 0 -1
    outer loop
      vertex -1.6 0 0
      vertex -4.51112 0.169683 0
      vertex -1.58631 0.208841 0
    endloop
  endfacet
  facet normal 0 0 -1
    outer loop
      vertex -4.51112 0.169683 0
      vertex -1.6 0 0
      vertex -4.5 0 0
    endloop
  endfacet
  facet normal 0 -0 -1
    outer loop
      vertex -4.67417 -0.65 0
      vertex -1.38564 -0.799999 0
      vertex -4.76864 -0.791389 0
    endloop
  endfacet
  facet normal 0 0 -1
    outer loop
      vertex -4.67417 0.65 0
      vertex -1.47821 0.612293 0
      vertex -4.59896 0.497488 0
    endloop
  endfacet
  facet normal 0 0 -1
    outer loop
      vertex -1.38564 -0.799999 0
      vertex -4.67417 -0.65 0
      vertex -1.47821 -0.612293 0
    endloop
  endfacet
  facet normal 0 0 -1
    outer loop
      vertex -0.41411 1.54548 0
      vertex -2.58819 9.65926 0
      vertex -1.30526 9.91445 0
    endloop
  endfacet
  facet normal 0 0 -1
    outer loop
      vertex -0.612293 1.47821 0
      vertex -3.82683 9.2388 0
      vertex -2.58819 9.65926 0
    endloop
  endfacet
  facet normal -0 0 -1
    outer loop
      vertex -1.6 0 0
      vertex -4.51112 -0.169683 0
      vertex -4.5 0 0
    endloop
  endfacet
  facet normal 0 0 -1
    outer loop
      vertex -1.58631 -0.208841 0
      vertex -4.51112 -0.169683 0
      vertex -1.6 0 0
    endloop
  endfacet
  facet normal 0 -0 -1
    outer loop
      vertex -4.51112 -0.169683 0
      vertex -1.58631 -0.208841 0
      vertex -4.5443 -0.336464 0
    endloop
  endfacet
  facet normal 0 0 -1
    outer loop
      vertex -1.54548 -0.41411 0
      vertex -4.5443 -0.336464 0
      vertex -1.58631 -0.208841 0
    endloop
  endfacet
  facet normal 0 -0 -1
    outer loop
      vertex -4.5443 -0.336464 0
      vertex -1.54548 -0.41411 0
      vertex -4.59896 -0.497488 0
    endloop
  endfacet
  facet normal 0 0 -1
    outer loop
      vertex -1.47821 -0.612293 0
      vertex -4.59896 -0.497488 0
      vertex -1.54548 -0.41411 0
    endloop
  endfacet
  facet normal 0 0 -1
    outer loop
      vertex -5.00861 -1.03136 0
      vertex -3.82683 -9.2388 0
      vertex -5 -8.66025 0
    endloop
  endfacet
  facet normal 0 -0 -1
    outer loop
      vertex -4.59896 -0.497488 0
      vertex -1.47821 -0.612293 0
      vertex -4.67417 -0.65 0
    endloop
  endfacet
  facet normal 0 0 -1
    outer loop
      vertex -5 -8.66025 0
      vertex -5.15 -1.12583 0
      vertex -5.00861 -1.03136 0
    endloop
  endfacet
  facet normal 0 0 -1
    outer loop
      vertex -6.08761 -7.93353 0
      vertex -5.15 -1.12583 0
      vertex -5 -8.66025 0
    endloop
  endfacet
  facet normal 0 0 -1
    outer loop
      vertex -5.15 -1.12583 0
      vertex -6.08761 -7.93353 0
      vertex -5.30251 -1.20104 0
    endloop
  endfacet
  facet normal 0 0 -1
    outer loop
      vertex -5.30251 -1.20104 0
      vertex -6.08761 -7.93353 0
      vertex -5.46354 -1.2557 0
    endloop
  endfacet
  facet normal 0 0 -1
    outer loop
      vertex -7.07107 -7.07107 0
      vertex -5.46354 -1.2557 0
      vertex -6.08761 -7.93353 0
    endloop
  endfacet
  facet normal 0 0 -1
    outer loop
      vertex -5.46354 -1.2557 0
      vertex -7.07107 -7.07107 0
      vertex -5.63032 -1.28888 0
    endloop
  endfacet
  facet normal 0 0 -1
    outer loop
      vertex -7.93353 -6.08761 0
      vertex -5.63032 -1.28888 0
      vertex -7.07107 -7.07107 0
    endloop
  endfacet
  facet normal 0 0 -1
    outer loop
      vertex -5.63032 -1.28888 0
      vertex -7.93353 -6.08761 0
      vertex -5.8 -1.3 0
    endloop
  endfacet
  facet normal 0 0 -1
    outer loop
      vertex -8.66025 -5 0
      vertex -5.8 -1.3 0
      vertex -7.93353 -6.08761 0
    endloop
  endfacet
  facet normal 0 0 -1
    outer loop
      vertex -9.2388 -3.82683 0
      vertex -5.8 -1.3 0
      vertex -8.66025 -5 0
    endloop
  endfacet
  facet normal -0 0 -1
    outer loop
      vertex -5.8 -1.3 0
      vertex -9.2388 -3.82683 0
      vertex -8.2 -1.3 0
    endloop
  endfacet
  facet normal 0 0 -1
    outer loop
      vertex -9.65926 -2.58819 0
      vertex -8.2 -1.3 0
      vertex -9.2388 -3.82683 0
    endloop
  endfacet
  facet normal -0 0 -1
    outer loop
      vertex -8.2 -1.3 0
      vertex -9.65926 -2.58819 0
      vertex -8.36968 -1.28888 0
    endloop
  endfacet
  facet normal -0 0 -1
    outer loop
      vertex -8.36968 -1.28888 0
      vertex -9.65926 -2.58819 0
      vertex -8.53646 -1.2557 0
    endloop
  endfacet
  facet normal -0 0 -1
    outer loop
      vertex -8.53646 -1.2557 0
      vertex -9.65926 -2.58819 0
      vertex -8.69749 -1.20104 0
    endloop
  endfacet
  facet normal -0 0 -1
    outer loop
      vertex -8.69749 -1.20104 0
      vertex -9.65926 -2.58819 0
      vertex -8.85 -1.12583 0
    endloop
  endfacet
  facet normal 0 0 -1
    outer loop
      vertex -9.91445 -1.30526 0
      vertex -8.85 -1.12583 0
      vertex -9.65926 -2.58819 0
    endloop
  endfacet
  facet normal -0 0 -1
    outer loop
      vertex -8.85 -1.12583 0
      vertex -9.91445 -1.30526 0
      vertex -8.99139 -1.03136 0
    endloop
  endfacet
  facet normal -0 0 -1
    outer loop
      vertex -8.99139 -1.03136 0
      vertex -9.91445 -1.30526 0
      vertex -9.11924 -0.919238 0
    endloop
  endfacet
  facet normal -0 0 -1
    outer loop
      vertex -9.11924 -0.919238 0
      vertex -9.91445 -1.30526 0
      vertex -9.23136 -0.791389 0
    endloop
  endfacet
  facet normal -0 0 -1
    outer loop
      vertex -9.23136 -0.791389 0
      vertex -9.91445 -1.30526 0
      vertex -9.32583 -0.65 0
    endloop
  endfacet
  facet normal -0 0 -1
    outer loop
      vertex -9.32583 -0.65 0
      vertex -9.91445 -1.30526 0
      vertex -9.40104 -0.497488 0
    endloop
  endfacet
  facet normal 0 0 -1
    outer loop
      vertex -9.40104 -0.497488 0
      vertex -10 0 0
      vertex -9.4557 -0.336464 0
    endloop
  endfacet
  facet normal 0 0 -1
    outer loop
      vertex -10 0 0
      vertex -9.40104 -0.497488 0
      vertex -9.91445 -1.30526 0
    endloop
  endfacet
  facet normal 0 0 -1
    outer loop
      vertex 9.40104 -0.497488 0
      vertex 10 0 0
      vertex 9.91445 -1.30526 0
    endloop
  endfacet
  facet normal 0 0 -1
    outer loop
      vertex 8.85 -1.12583 0
      vertex 9.91445 -1.30526 0
      vertex 9.65926 -2.58819 0
    endloop
  endfacet
  facet normal -0 0 -1
    outer loop
      vertex 10 0 0
      vertex 9.48888 -0.169683 0
      vertex 9.5 0 0
    endloop
  endfacet
  facet normal 0 0 -1
    outer loop
      vertex 9.4557 0.336464 0
      vertex 10 0 0
      vertex 9.48888 0.169683 0
    endloop
  endfacet
  facet normal 0 0 -1
    outer loop
      vertex 9.48888 0.169683 0
      vertex 10 0 0
      vertex 9.5 0 0
    endloop
  endfacet
  facet normal 0 0 -1
    outer loop
      vertex 10 0 0
      vertex 9.4557 -0.336464 0
      vertex 9.48888 -0.169683 0
    endloop
  endfacet
  facet normal 0 0 -1
    outer loop
      vertex 10 0 0
      vertex 9.40104 -0.497488 0
      vertex 9.4557 -0.336464 0
    endloop
  endfacet
  facet normal 0 0 -1
    outer loop
      vertex 9.91445 -1.30526 0
      vertex 9.32583 -0.65 0
      vertex 9.40104 -0.497488 0
    endloop
  endfacet
  facet normal 0 0 -1
    outer loop
      vertex 8.2 -1.3 0
      vertex 9.65926 -2.58819 0
      vertex 9.2388 -3.82683 0
    endloop
  endfacet
  facet normal 0 0 -1
    outer loop
      vertex 9.91445 -1.30526 0
      vertex 9.23136 -0.791389 0
      vertex 9.32583 -0.65 0
    endloop
  endfacet
  facet normal 0 0 -1
    outer loop
      vertex 9.91445 -1.30526 0
      vertex 9.11924 -0.919238 0
      vertex 9.23136 -0.791389 0
    endloop
  endfacet
  facet normal 0 0 -1
    outer loop
      vertex 9.91445 -1.30526 0
      vertex 8.99139 -1.03136 0
      vertex 9.11924 -0.919238 0
    endloop
  endfacet
  facet normal 0 0 -1
    outer loop
      vertex 9.91445 -1.30526 0
      vertex 8.85 -1.12583 0
      vertex 8.99139 -1.03136 0
    endloop
  endfacet
  facet normal 0 0 -1
    outer loop
      vertex 9.65926 -2.58819 0
      vertex 8.69749 -1.20104 0
      vertex 8.85 -1.12583 0
    endloop
  endfacet
  facet normal 0 0 -1
    outer loop
      vertex 5.8 -1.3 0
      vertex 9.2388 -3.82683 0
      vertex 8.66025 -5 0
    endloop
  endfacet
  facet normal 0 0 -1
    outer loop
      vertex 9.65926 -2.58819 0
      vertex 8.53646 -1.2557 0
      vertex 8.69749 -1.20104 0
    endloop
  endfacet
  facet normal 0 0 -1
    outer loop
      vertex 9.65926 -2.58819 0
      vertex 8.36968 -1.28888 0
      vertex 8.53646 -1.2557 0
    endloop
  endfacet
  facet normal 0 0 -1
    outer loop
      vertex 9.65926 -2.58819 0
      vertex 8.2 -1.3 0
      vertex 8.36968 -1.28888 0
    endloop
  endfacet
  facet normal 0 0 -1
    outer loop
      vertex 5.8 -1.3 0
      vertex 8.66025 -5 0
      vertex 7.93353 -6.08761 0
    endloop
  endfacet
  facet normal 0 0 -1
    outer loop
      vertex 5.63032 -1.28888 0
      vertex 7.93353 -6.08761 0
      vertex 7.07107 -7.07107 0
    endloop
  endfacet
  facet normal 0 0 -1
    outer loop
      vertex 5.46354 -1.2557 0
      vertex 7.07107 -7.07107 0
      vertex 6.08761 -7.93353 0
    endloop
  endfacet
  facet normal 0 0 -1
    outer loop
      vertex 9.2388 -3.82683 0
      vertex 5.8 -1.3 0
      vertex 8.2 -1.3 0
    endloop
  endfacet
  facet normal 0 0 -1
    outer loop
      vertex 7.93353 -6.08761 0
      vertex 5.63032 -1.28888 0
      vertex 5.8 -1.3 0
    endloop
  endfacet
  facet normal 0 0 -1
    outer loop
      vertex 7.07107 -7.07107 0
      vertex 5.46354 -1.2557 0
      vertex 5.63032 -1.28888 0
    endloop
  endfacet
  facet normal 0 0 -1
    outer loop
      vertex 6.08761 -7.93353 0
      vertex 5.30251 -1.20104 0
      vertex 5.46354 -1.2557 0
    endloop
  endfacet
  facet normal 0 0 -1
    outer loop
      vertex 6.08761 -7.93353 0
      vertex 5.15 -1.12583 0
      vertex 5.30251 -1.20104 0
    endloop
  endfacet
  facet normal 0 0 -1
    outer loop
      vertex 5 -8.66025 0
      vertex 5.15 -1.12583 0
      vertex 6.08761 -7.93353 0
    endloop
  endfacet
  facet normal 0 0 -1
    outer loop
      vertex 0.799999 -1.38564 0
      vertex 5.15 -1.12583 0
      vertex 5 -8.66025 0
    endloop
  endfacet
  facet normal -0 0 -1
    outer loop
      vertex 5.15 -1.12583 0
      vertex 0.974018 -1.26937 0
      vertex 5.00861 -1.03136 0
    endloop
  endfacet
  facet normal 0 -0 -1
    outer loop
      vertex 1.13137 -1.13137 0
      vertex 5.00861 -1.03136 0
      vertex 0.974018 -1.26937 0
    endloop
  endfacet
  facet normal -0 0 -1
    outer loop
      vertex 5.00861 -1.03136 0
      vertex 1.13137 -1.13137 0
      vertex 4.88076 -0.919238 0
    endloop
  endfacet
  facet normal 0 -0 -1
    outer loop
      vertex 1.26937 -0.974018 0
      vertex 4.88076 -0.919238 0
      vertex 1.13137 -1.13137 0
    endloop
  endfacet
  facet normal -0 0 -1
    outer loop
      vertex 4.88076 -0.919238 0
      vertex 1.26937 -0.974018 0
      vertex 4.76864 -0.791389 0
    endloop
  endfacet
  facet normal 0 -0 -1
    outer loop
      vertex 1.38564 -0.799999 0
      vertex 4.76864 -0.791389 0
      vertex 1.26937 -0.974018 0
    endloop
  endfacet
  facet normal 0 -0 -1
    outer loop
      vertex 1.47821 -0.612293 0
      vertex 4.67417 -0.65 0
      vertex 1.38564 -0.799999 0
    endloop
  endfacet
  facet normal 0 0 -1
    outer loop
      vertex 0.799999 -1.38564 0
      vertex 5 -8.66025 0
      vertex 3.82683 -9.2388 0
    endloop
  endfacet
  facet normal 0 0 -1
    outer loop
      vertex 9.40104 0.497488 0
      vertex 10 0 0
      vertex 9.4557 0.336464 0
    endloop
  endfacet
  facet normal 0 0 -1
    outer loop
      vertex 10 0 0
      vertex 9.40104 0.497488 0
      vertex 9.91445 1.30526 0
    endloop
  endfacet
  facet normal 0 0 -1
    outer loop
      vertex 9.32583 0.65 0
      vertex 9.91445 1.30526 0
      vertex 9.40104 0.497488 0
    endloop
  endfacet
  facet normal 0 0 -1
    outer loop
      vertex 9.23136 0.791389 0
      vertex 9.91445 1.30526 0
      vertex 9.32583 0.65 0
    endloop
  endfacet
  facet normal 0 0 -1
    outer loop
      vertex 9.11924 0.919238 0
      vertex 9.91445 1.30526 0
      vertex 9.23136 0.791389 0
    endloop
  endfacet
  facet normal 0 0 -1
    outer loop
      vertex 8.99139 1.03136 0
      vertex 9.91445 1.30526 0
      vertex 9.11924 0.919238 0
    endloop
  endfacet
  facet normal 0 0 -1
    outer loop
      vertex 8.85 1.12583 0
      vertex 9.91445 1.30526 0
      vertex 8.99139 1.03136 0
    endloop
  endfacet
  facet normal -0 0 -1
    outer loop
      vertex 9.91445 1.30526 0
      vertex 8.85 1.12583 0
      vertex 9.65926 2.58819 0
    endloop
  endfacet
  facet normal 0 0 -1
    outer loop
      vertex 8.69749 1.20104 0
      vertex 9.65926 2.58819 0
      vertex 8.85 1.12583 0
    endloop
  endfacet
  facet normal 0 0 -1
    outer loop
      vertex 8.53646 1.2557 0
      vertex 9.65926 2.58819 0
      vertex 8.69749 1.20104 0
    endloop
  endfacet
  facet normal 0 0 -1
    outer loop
      vertex 8.36968 1.28888 0
      vertex 9.65926 2.58819 0
      vertex 8.53646 1.2557 0
    endloop
  endfacet
  facet normal 0 0 -1
    outer loop
      vertex 8.2 1.3 0
      vertex 9.65926 2.58819 0
      vertex 8.36968 1.28888 0
    endloop
  endfacet
  facet normal -0 0 -1
    outer loop
      vertex 9.65926 2.58819 0
      vertex 8.2 1.3 0
      vertex 9.2388 3.82683 0
    endloop
  endfacet
  facet normal 0 0 -1
    outer loop
      vertex 5.8 1.3 0
      vertex 9.2388 3.82683 0
      vertex 8.2 1.3 0
    endloop
  endfacet
  facet normal -0 0 -1
    outer loop
      vertex 9.2388 3.82683 0
      vertex 5.8 1.3 0
      vertex 8.66025 5 0
    endloop
  endfacet
  facet normal -0 0 -1
    outer loop
      vertex 8.66025 5 0
      vertex 5.8 1.3 0
      vertex 7.93353 6.08761 0
    endloop
  endfacet
  facet normal 0 0 -1
    outer loop
      vertex 5.63032 1.28888 0
      vertex 7.93353 6.08761 0
      vertex 5.8 1.3 0
    endloop
  endfacet
  facet normal -0 0 -1
    outer loop
      vertex 7.93353 6.08761 0
      vertex 5.63032 1.28888 0
      vertex 7.07107 7.07107 0
    endloop
  endfacet
  facet normal 0 0 -1
    outer loop
      vertex 5.46354 1.2557 0
      vertex 7.07107 7.07107 0
      vertex 5.63032 1.28888 0
    endloop
  endfacet
  facet normal -0 0 -1
    outer loop
      vertex 7.07107 7.07107 0
      vertex 5.46354 1.2557 0
      vertex 6.08761 7.93353 0
    endloop
  endfacet
  facet normal 0 0 -1
    outer loop
      vertex 5.30251 1.20104 0
      vertex 6.08761 7.93353 0
      vertex 5.46354 1.2557 0
    endloop
  endfacet
  facet normal 0 0 -1
    outer loop
      vertex 5.15 1.12583 0
      vertex 6.08761 7.93353 0
      vertex 5.30251 1.20104 0
    endloop
  endfacet
  facet normal 0 0 -1
    outer loop
      vertex 4.76864 0.791389 0
      vertex 1.26937 0.974018 0
      vertex 4.88076 0.919238 0
    endloop
  endfacet
  facet normal 0 0 -1
    outer loop
      vertex 5.15 1.12583 0
      vertex 5 8.66025 0
      vertex 6.08761 7.93353 0
    endloop
  endfacet
  facet normal 0 0 -1
    outer loop
      vertex 4.59896 0.497488 0
      vertex 1.47821 0.612293 0
      vertex 4.67417 0.65 0
    endloop
  endfacet
  facet normal 0 0 -1
    outer loop
      vertex 1.47821 0.612293 0
      vertex 4.59896 0.497488 0
      vertex 1.54548 0.41411 0
    endloop
  endfacet
  facet normal 0 0 -1
    outer loop
      vertex 4.5443 0.336464 0
      vertex 1.54548 0.41411 0
      vertex 4.59896 0.497488 0
    endloop
  endfacet
  facet normal 0 0 -1
    outer loop
      vertex 1.54548 0.41411 0
      vertex 4.5443 0.336464 0
      vertex 1.58631 0.208841 0
    endloop
  endfacet
  facet normal 0 0 -1
    outer loop
      vertex 4.51112 0.169683 0
      vertex 1.58631 0.208841 0
      vertex 4.5443 0.336464 0
    endloop
  endfacet
  facet normal 0 0 -1
    outer loop
      vertex 1.58631 0.208841 0
      vertex 4.51112 0.169683 0
      vertex 1.6 0 0
    endloop
  endfacet
  facet normal 0 0 -1
    outer loop
      vertex 1.6 0 0
      vertex 4.51112 0.169683 0
      vertex 4.5 0 0
    endloop
  endfacet
  facet normal 0 0 -1
    outer loop
      vertex 4.67417 -0.65 0
      vertex 1.47821 -0.612293 0
      vertex 4.59896 -0.497488 0
    endloop
  endfacet
  facet normal 0 0 -1
    outer loop
      vertex 1.38564 0.799999 0
      vertex 4.67417 0.65 0
      vertex 1.47821 0.612293 0
    endloop
  endfacet
  facet normal 0 0 -1
    outer loop
      vertex 0.612293 -1.47821 0
      vertex 3.82683 -9.2388 0
      vertex 2.58819 -9.65926 0
    endloop
  endfacet
  facet normal 0 0 -1
    outer loop
      vertex 1.26937 0.974018 0
      vertex 4.76864 0.791389 0
      vertex 1.38564 0.799999 0
    endloop
  endfacet
  facet normal 0 0 -1
    outer loop
      vertex 4.67417 0.65 0
      vertex 1.38564 0.799999 0
      vertex 4.76864 0.791389 0
    endloop
  endfacet
  facet normal 0 0 -1
    outer loop
      vertex 4.51112 -0.169683 0
      vertex 1.6 0 0
      vertex 4.5 0 0
    endloop
  endfacet
  facet normal 0 -0 -1
    outer loop
      vertex 1.6 0 0
      vertex 4.51112 -0.169683 0
      vertex 1.58631 -0.208841 0
    endloop
  endfacet
  facet normal 0 0 -1
    outer loop
      vertex 4.5443 -0.336464 0
      vertex 1.58631 -0.208841 0
      vertex 4.51112 -0.169683 0
    endloop
  endfacet
  facet normal 0 -0 -1
    outer loop
      vertex 1.58631 -0.208841 0
      vertex 4.5443 -0.336464 0
      vertex 1.54548 -0.41411 0
    endloop
  endfacet
  facet normal 0 0 -1
    outer loop
      vertex 0.41411 -1.54548 0
      vertex 2.58819 -9.65926 0
      vertex 1.30526 -9.91445 0
    endloop
  endfacet
  facet normal 0 0 -1
    outer loop
      vertex 4.59896 -0.497488 0
      vertex 1.54548 -0.41411 0
      vertex 4.5443 -0.336464 0
    endloop
  endfacet
  facet normal 0 -0 -1
    outer loop
      vertex 1.54548 -0.41411 0
      vertex 4.59896 -0.497488 0
      vertex 1.47821 -0.612293 0
    endloop
  endfacet
  facet normal -0 0 -1
    outer loop
      vertex 4.76864 -0.791389 0
      vertex 1.38564 -0.799999 0
      vertex 4.67417 -0.65 0
    endloop
  endfacet
  facet normal 0 0 -1
    outer loop
      vertex 5.15 -1.12583 0
      vertex 0.799999 -1.38564 0
      vertex 0.974018 -1.26937 0
    endloop
  endfacet
  facet normal 0 0 -1
    outer loop
      vertex 3.82683 -9.2388 0
      vertex 0.612293 -1.47821 0
      vertex 0.799999 -1.38564 0
    endloop
  endfacet
  facet normal 0 0 -1
    outer loop
      vertex 2.58819 -9.65926 0
      vertex 0.41411 -1.54548 0
      vertex 0.612293 -1.47821 0
    endloop
  endfacet
  facet normal 0 0 -1
    outer loop
      vertex 1.30526 -9.91445 0
      vertex 0.208841 -1.58631 0
      vertex 0.41411 -1.54548 0
    endloop
  endfacet
  facet normal 0 0 -1
    outer loop
      vertex 0 -10 0
      vertex 0.208841 -1.58631 0
      vertex 1.30526 -9.91445 0
    endloop
  endfacet
  facet normal 0 0 -1
    outer loop
      vertex 0 -10 0
      vertex 0 -1.6 0
      vertex 0.208841 -1.58631 0
    endloop
  endfacet
  facet normal 0 0 -1
    outer loop
      vertex 0 -10 0
      vertex -0.208841 -1.58631 0
      vertex 0 -1.6 0
    endloop
  endfacet
  facet normal 0 0 -1
    outer loop
      vertex -1.30526 -9.91445 0
      vertex -0.208841 -1.58631 0
      vertex 0 -10 0
    endloop
  endfacet
  facet normal -0 0 -1
    outer loop
      vertex -0.208841 -1.58631 0
      vertex -1.30526 -9.91445 0
      vertex -0.41411 -1.54548 0
    endloop
  endfacet
  facet normal 0 0 -1
    outer loop
      vertex -2.58819 -9.65926 0
      vertex -0.41411 -1.54548 0
      vertex -1.30526 -9.91445 0
    endloop
  endfacet
  facet normal -0 0 -1
    outer loop
      vertex -0.41411 -1.54548 0
      vertex -2.58819 -9.65926 0
      vertex -0.612293 -1.47821 0
    endloop
  endfacet
  facet normal 0 0 -1
    outer loop
      vertex -3.82683 -9.2388 0
      vertex -0.612293 -1.47821 0
      vertex -2.58819 -9.65926 0
    endloop
  endfacet
  facet normal -0 0 -1
    outer loop
      vertex -0.612293 -1.47821 0
      vertex -3.82683 -9.2388 0
      vertex -0.799999 -1.38564 0
    endloop
  endfacet
  facet normal 0 0 -1
    outer loop
      vertex -5.00861 -1.03136 0
      vertex -0.799999 -1.38564 0
      vertex -3.82683 -9.2388 0
    endloop
  endfacet
  facet normal 0 0 -1
    outer loop
      vertex -0.799999 -1.38564 0
      vertex -5.00861 -1.03136 0
      vertex -0.974018 -1.26937 0
    endloop
  endfacet
  facet normal 0 0 -1
    outer loop
      vertex -0.974018 -1.26937 0
      vertex -5.00861 -1.03136 0
      vertex -1.13137 -1.13137 0
    endloop
  endfacet
  facet normal 0 -0 -1
    outer loop
      vertex -4.88076 -0.919238 0
      vertex -1.13137 -1.13137 0
      vertex -5.00861 -1.03136 0
    endloop
  endfacet
  facet normal 0 0 -1
    outer loop
      vertex -1.13137 -1.13137 0
      vertex -4.88076 -0.919238 0
      vertex -1.26937 -0.974018 0
    endloop
  endfacet
  facet normal 0 -0 -1
    outer loop
      vertex -4.76864 -0.791389 0
      vertex -1.26937 -0.974018 0
      vertex -4.88076 -0.919238 0
    endloop
  endfacet
  facet normal 0 0 -1
    outer loop
      vertex -1.26937 -0.974018 0
      vertex -4.76864 -0.791389 0
      vertex -1.38564 -0.799999 0
    endloop
  endfacet
  facet normal 0.19509 0.980785 -0
    outer loop
      vertex 2.58819 9.65926 0
      vertex 1.30526 9.91445 3
      vertex 2.58819 9.65926 3
    endloop
  endfacet
  facet normal 0.19509 0.980785 0
    outer loop
      vertex 1.30526 9.91445 3
      vertex 2.58819 9.65926 0
      vertex 1.30526 9.91445 0
    endloop
  endfacet
  facet normal 0.659341 0.751844 -0
    outer loop
      vertex 7.07107 7.07107 0
      vertex 6.08761 7.93353 3
      vertex 7.07107 7.07107 3
    endloop
  endfacet
  facet normal 0.659341 0.751844 0
    outer loop
      vertex 6.08761 7.93353 3
      vertex 7.07107 7.07107 0
      vertex 6.08761 7.93353 0
    endloop
  endfacet
  facet normal -0.980785 0.19509 0
    outer loop
      vertex -9.91445 1.30526 0
      vertex -9.65926 2.58819 3
      vertex -9.65926 2.58819 0
    endloop
  endfacet
  facet normal -0.980785 0.19509 0
    outer loop
      vertex -9.65926 2.58819 3
      vertex -9.91445 1.30526 0
      vertex -9.91445 1.30526 3
    endloop
  endfacet
  facet normal -0 0 1
    outer loop
      vertex 9.40104 0.497488 3
      vertex 10 0 3
      vertex 9.91445 1.30526 3
    endloop
  endfacet
  facet normal 0 0 1
    outer loop
      vertex 8.85 1.12583 3
      vertex 9.91445 1.30526 3
      vertex 9.65926 2.58819 3
    endloop
  endfacet
  facet normal 0 0 1
    outer loop
      vertex 10 0 3
      vertex 9.48888 0.169683 3
      vertex 9.5 0 3
    endloop
  endfacet
  facet normal 0 0 1
    outer loop
      vertex 9.4557 -0.336464 3
      vertex 10 0 3
      vertex 9.48888 -0.169683 3
    endloop
  endfacet
  facet normal 0 0 1
    outer loop
      vertex 9.48888 -0.169683 3
      vertex 10 0 3
      vertex 9.5 0 3
    endloop
  endfacet
  facet normal 0 0 1
    outer loop
      vertex 10 0 3
      vertex 9.4557 0.336464 3
      vertex 9.48888 0.169683 3
    endloop
  endfacet
  facet normal 0 0 1
    outer loop
      vertex 10 0 3
      vertex 9.40104 0.497488 3
      vertex 9.4557 0.336464 3
    endloop
  endfacet
  facet normal 0 0 1
    outer loop
      vertex 9.91445 1.30526 3
      vertex 9.32583 0.65 3
      vertex 9.40104 0.497488 3
    endloop
  endfacet
  facet normal 0 0 1
    outer loop
      vertex 8.2 1.3 3
      vertex 9.65926 2.58819 3
      vertex 9.2388 3.82683 3
    endloop
  endfacet
  facet normal 0 0 1
    outer loop
      vertex 9.91445 1.30526 3
      vertex 9.23136 0.791389 3
      vertex 9.32583 0.65 3
    endloop
  endfacet
  facet normal 0 0 1
    outer loop
      vertex 9.91445 1.30526 3
      vertex 9.11924 0.919238 3
      vertex 9.23136 0.791389 3
    endloop
  endfacet
  facet normal 0 0 1
    outer loop
      vertex 9.91445 1.30526 3
      vertex 8.99139 1.03136 3
      vertex 9.11924 0.919238 3
    endloop
  endfacet
  facet normal 0 0 1
    outer loop
      vertex 9.91445 1.30526 3
      vertex 8.85 1.12583 3
      vertex 8.99139 1.03136 3
    endloop
  endfacet
  facet normal 0 0 1
    outer loop
      vertex 9.65926 2.58819 3
      vertex 8.69749 1.20104 3
      vertex 8.85 1.12583 3
    endloop
  endfacet
  facet normal 0 0 1
    outer loop
      vertex 5.54328 2.2961 3
      vertex 9.2388 3.82683 3
      vertex 8.66025 5 3
    endloop
  endfacet
  facet normal 0 0 1
    outer loop
      vertex 9.65926 2.58819 3
      vertex 8.53646 1.2557 3
      vertex 8.69749 1.20104 3
    endloop
  endfacet
  facet normal 0 0 1
    outer loop
      vertex 9.65926 2.58819 3
      vertex 8.36968 1.28888 3
      vertex 8.53646 1.2557 3
    endloop
  endfacet
  facet normal 0 0 1
    outer loop
      vertex 9.65926 2.58819 3
      vertex 8.2 1.3 3
      vertex 8.36968 1.28888 3
    endloop
  endfacet
  facet normal 0 0 1
    outer loop
      vertex 5.19615 3 3
      vertex 8.66025 5 3
      vertex 7.93353 6.08761 3
    endloop
  endfacet
  facet normal 0 0 1
    outer loop
      vertex 4.76012 3.65257 3
      vertex 7.93353 6.08761 3
      vertex 7.07107 7.07107 3
    endloop
  endfacet
  facet normal 0 0 1
    outer loop
      vertex 4.24264 4.24264 3
      vertex 7.07107 7.07107 3
      vertex 6.08761 7.93353 3
    endloop
  endfacet
  facet normal 0 0 1
    outer loop
      vertex 8.66025 5 3
      vertex 5.19615 3 3
      vertex 5.54328 2.2961 3
    endloop
  endfacet
  facet normal 0 0 1
    outer loop
      vertex 8.2 1.3 3
      vertex 5.79555 1.55291 3
      vertex 5.84586 1.3 3
    endloop
  endfacet
  facet normal 0 0 1
    outer loop
      vertex 8.2 1.3 3
      vertex 5.54328 2.2961 3
      vertex 5.79555 1.55291 3
    endloop
  endfacet
  facet normal 0 0 1
    outer loop
      vertex 9.2388 3.82683 3
      vertex 5.54328 2.2961 3
      vertex 8.2 1.3 3
    endloop
  endfacet
  facet normal 0 0 1
    outer loop
      vertex 3.65257 4.76012 3
      vertex 6.08761 7.93353 3
      vertex 5 8.66025 3
    endloop
  endfacet
  facet normal 0 0 1
    outer loop
      vertex 7.93353 6.08761 3
      vertex 4.76012 3.65257 3
      vertex 5.19615 3 3
    endloop
  endfacet
  facet normal 0 0 1
    outer loop
      vertex 7.07107 7.07107 3
      vertex 4.24264 4.24264 3
      vertex 4.76012 3.65257 3
    endloop
  endfacet
  facet normal 0 0 1
    outer loop
      vertex 3 5.19615 3
      vertex 5 8.66025 3
      vertex 3.82683 9.2388 3
    endloop
  endfacet
  facet normal 0 0 1
    outer loop
      vertex 6.08761 7.93353 3
      vertex 3.65257 4.76012 3
      vertex 4.24264 4.24264 3
    endloop
  endfacet
  facet normal 0 0 1
    outer loop
      vertex 5 8.66025 3
      vertex 3 5.19615 3
      vertex 3.65257 4.76012 3
    endloop
  endfacet
  facet normal 0 0 1
    outer loop
      vertex 2.2961 5.54328 3
      vertex 3.82683 9.2388 3
      vertex 2.58819 9.65926 3
    endloop
  endfacet
  facet normal 0 0 1
    outer loop
      vertex 3.82683 9.2388 3
      vertex 2.2961 5.54328 3
      vertex 3 5.19615 3
    endloop
  endfacet
  facet normal 0 0 1
    outer loop
      vertex 2.58819 9.65926 3
      vertex 1.55291 5.79555 3
      vertex 2.2961 5.54328 3
    endloop
  endfacet
  facet normal 0 0 1
    outer loop
      vertex 1.30526 9.91445 3
      vertex 1.55291 5.79555 3
      vertex 2.58819 9.65926 3
    endloop
  endfacet
  facet normal 0 0 1
    outer loop
      vertex 1.30526 9.91445 3
      vertex 0.783156 5.94867 3
      vertex 1.55291 5.79555 3
    endloop
  endfacet
  facet normal 0 0 1
    outer loop
      vertex 0 10 3
      vertex 0.783156 5.94867 3
      vertex 1.30526 9.91445 3
    endloop
  endfacet
  facet normal 0 0 1
    outer loop
      vertex 0 10 3
      vertex 0 6 3
      vertex 0.783156 5.94867 3
    endloop
  endfacet
  facet normal 0 0 1
    outer loop
      vertex 0 10 3
      vertex -0.783156 5.94867 3
      vertex 0 6 3
    endloop
  endfacet
  facet normal -0 0 1
    outer loop
      vertex -1.30526 9.91445 3
      vertex -0.783156 5.94867 3
      vertex 0 10 3
    endloop
  endfacet
  facet normal 0 0 1
    outer loop
      vertex -1.30526 9.91445 3
      vertex -1.55291 5.79555 3
      vertex -0.783156 5.94867 3
    endloop
  endfacet
  facet normal -0 0 1
    outer loop
      vertex -2.58819 9.65926 3
      vertex -1.55291 5.79555 3
      vertex -1.30526 9.91445 3
    endloop
  endfacet
  facet normal 0 0 1
    outer loop
      vertex -1.55291 5.79555 3
      vertex -2.58819 9.65926 3
      vertex -2.2961 5.54328 3
    endloop
  endfacet
  facet normal -0 0 1
    outer loop
      vertex -3.82683 9.2388 3
      vertex -2.2961 5.54328 3
      vertex -2.58819 9.65926 3
    endloop
  endfacet
  facet normal 0 0 1
    outer loop
      vertex -2.2961 5.54328 3
      vertex -3.82683 9.2388 3
      vertex -3 5.19615 3
    endloop
  endfacet
  facet normal -0 0 1
    outer loop
      vertex -5 8.66025 3
      vertex -3 5.19615 3
      vertex -3.82683 9.2388 3
    endloop
  endfacet
  facet normal 0 0 1
    outer loop
      vertex -3 5.19615 3
      vertex -5 8.66025 3
      vertex -3.65257 4.76012 3
    endloop
  endfacet
  facet normal -0 0 1
    outer loop
      vertex -6.08761 7.93353 3
      vertex -3.65257 4.76012 3
      vertex -5 8.66025 3
    endloop
  endfacet
  facet normal 0 0 1
    outer loop
      vertex -3.65257 4.76012 3
      vertex -6.08761 7.93353 3
      vertex -4.24264 4.24264 3
    endloop
  endfacet
  facet normal -0 0 1
    outer loop
      vertex -7.07107 7.07107 3
      vertex -4.24264 4.24264 3
      vertex -6.08761 7.93353 3
    endloop
  endfacet
  facet normal 0 0 1
    outer loop
      vertex -4.24264 4.24264 3
      vertex -7.07107 7.07107 3
      vertex -4.76012 3.65257 3
    endloop
  endfacet
  facet normal -0 0 1
    outer loop
      vertex -7.93353 6.08761 3
      vertex -4.76012 3.65257 3
      vertex -7.07107 7.07107 3
    endloop
  endfacet
  facet normal 0 0 1
    outer loop
      vertex -4.76012 3.65257 3
      vertex -7.93353 6.08761 3
      vertex -5.19615 3 3
    endloop
  endfacet
  facet normal -0 0 1
    outer loop
      vertex -8.66025 5 3
      vertex -5.19615 3 3
      vertex -7.93353 6.08761 3
    endloop
  endfacet
  facet normal 0 0 1
    outer loop
      vertex -5.19615 3 3
      vertex -8.66025 5 3
      vertex -5.54328 2.2961 3
    endloop
  endfacet
  facet normal -0 0 1
    outer loop
      vertex -9.2388 3.82683 3
      vertex -5.54328 2.2961 3
      vertex -8.66025 5 3
    endloop
  endfacet
  facet normal 0 -0 1
    outer loop
      vertex -8.2 1.3 3
      vertex -5.54328 2.2961 3
      vertex -9.2388 3.82683 3
    endloop
  endfacet
  facet normal 0 0 1
    outer loop
      vertex -5.54328 2.2961 3
      vertex -8.2 1.3 3
      vertex -5.79555 1.55291 3
    endloop
  endfacet
  facet normal 0 0 1
    outer loop
      vertex -5.79555 1.55291 3
      vertex -8.2 1.3 3
      vertex -5.84586 1.3 3
    endloop
  endfacet
  facet normal -0 0 1
    outer loop
      vertex -9.65926 2.58819 3
      vertex -8.2 1.3 3
      vertex -9.2388 3.82683 3
    endloop
  endfacet
  facet normal 0 0 1
    outer loop
      vertex -8.2 1.3 3
      vertex -9.65926 2.58819 3
      vertex -8.36968 1.28888 3
    endloop
  endfacet
  facet normal 0 0 1
    outer loop
      vertex -8.36968 1.28888 3
      vertex -9.65926 2.58819 3
      vertex -8.53646 1.2557 3
    endloop
  endfacet
  facet normal 0 0 1
    outer loop
      vertex -8.53646 1.2557 3
      vertex -9.65926 2.58819 3
      vertex -8.69749 1.20104 3
    endloop
  endfacet
  facet normal 0 0 1
    outer loop
      vertex -8.69749 1.20104 3
      vertex -9.65926 2.58819 3
      vertex -8.85 1.12583 3
    endloop
  endfacet
  facet normal -0 0 1
    outer loop
      vertex -9.91445 1.30526 3
      vertex -8.85 1.12583 3
      vertex -9.65926 2.58819 3
    endloop
  endfacet
  facet normal 0 0 1
    outer loop
      vertex -8.85 1.12583 3
      vertex -9.91445 1.30526 3
      vertex -8.99139 1.03136 3
    endloop
  endfacet
  facet normal 0 0 1
    outer loop
      vertex -8.99139 1.03136 3
      vertex -9.91445 1.30526 3
      vertex -9.11924 0.919238 3
    endloop
  endfacet
  facet normal 0 0 1
    outer loop
      vertex -9.11924 0.919238 3
      vertex -9.91445 1.30526 3
      vertex -9.23136 0.791389 3
    endloop
  endfacet
  facet normal 0 0 1
    outer loop
      vertex -9.23136 0.791389 3
      vertex -9.91445 1.30526 3
      vertex -9.32583 0.65 3
    endloop
  endfacet
  facet normal 0 0 1
    outer loop
      vertex -9.32583 0.65 3
      vertex -9.91445 1.30526 3
      vertex -9.40104 0.497488 3
    endloop
  endfacet
  facet normal 0 0 1
    outer loop
      vertex -9.40104 0.497488 3
      vertex -10 0 3
      vertex -9.4557 0.336464 3
    endloop
  endfacet
  facet normal 0 0 1
    outer loop
      vertex -10 0 3
      vertex -9.40104 0.497488 3
      vertex -9.91445 1.30526 3
    endloop
  endfacet
  facet normal 0 0 1
    outer loop
      vertex 9.40104 -0.497488 3
      vertex 10 0 3
      vertex 9.4557 -0.336464 3
    endloop
  endfacet
  facet normal 0 0 1
    outer loop
      vertex 10 0 3
      vertex 9.40104 -0.497488 3
      vertex 9.91445 -1.30526 3
    endloop
  endfacet
  facet normal -0 0 1
    outer loop
      vertex 9.32583 -0.65 3
      vertex 9.91445 -1.30526 3
      vertex 9.40104 -0.497488 3
    endloop
  endfacet
  facet normal -0 0 1
    outer loop
      vertex 9.23136 -0.791389 3
      vertex 9.91445 -1.30526 3
      vertex 9.32583 -0.65 3
    endloop
  endfacet
  facet normal -0 0 1
    outer loop
      vertex 9.11924 -0.919238 3
      vertex 9.91445 -1.30526 3
      vertex 9.23136 -0.791389 3
    endloop
  endfacet
  facet normal -0 0 1
    outer loop
      vertex 8.99139 -1.03136 3
      vertex 9.91445 -1.30526 3
      vertex 9.11924 -0.919238 3
    endloop
  endfacet
  facet normal -0 0 1
    outer loop
      vertex 8.85 -1.12583 3
      vertex 9.91445 -1.30526 3
      vertex 8.99139 -1.03136 3
    endloop
  endfacet
  facet normal 0 0 1
    outer loop
      vertex 9.91445 -1.30526 3
      vertex 8.85 -1.12583 3
      vertex 9.65926 -2.58819 3
    endloop
  endfacet
  facet normal -0 0 1
    outer loop
      vertex 8.69749 -1.20104 3
      vertex 9.65926 -2.58819 3
      vertex 8.85 -1.12583 3
    endloop
  endfacet
  facet normal -0 0 1
    outer loop
      vertex 8.53646 -1.2557 3
      vertex 9.65926 -2.58819 3
      vertex 8.69749 -1.20104 3
    endloop
  endfacet
  facet normal -0 0 1
    outer loop
      vertex 8.36968 -1.28888 3
      vertex 9.65926 -2.58819 3
      vertex 8.53646 -1.2557 3
    endloop
  endfacet
  facet normal -0 0 1
    outer loop
      vertex 8.2 -1.3 3
      vertex 9.65926 -2.58819 3
      vertex 8.36968 -1.28888 3
    endloop
  endfacet
  facet normal 0 0 1
    outer loop
      vertex 9.65926 -2.58819 3
      vertex 8.2 -1.3 3
      vertex 9.2388 -3.82683 3
    endloop
  endfacet
  facet normal -0 0 1
    outer loop
      vertex 5.54328 -2.2961 3
      vertex 9.2388 -3.82683 3
      vertex 8.2 -1.3 3
    endloop
  endfacet
  facet normal 0 0 1
    outer loop
      vertex 9.2388 -3.82683 3
      vertex 5.54328 -2.2961 3
      vertex 8.66025 -5 3
    endloop
  endfacet
  facet normal -0 0 1
    outer loop
      vertex 5.19615 -3 3
      vertex 8.66025 -5 3
      vertex 5.54328 -2.2961 3
    endloop
  endfacet
  facet normal -0 0 1
    outer loop
      vertex 4.76012 -3.65257 3
      vertex 7.93353 -6.08761 3
      vertex 5.19615 -3 3
    endloop
  endfacet
  facet normal 0 0 1
    outer loop
      vertex 5.79555 -1.55291 3
      vertex 8.2 -1.3 3
      vertex 5.84586 -1.3 3
    endloop
  endfacet
  facet normal 0 0 1
    outer loop
      vertex 5.54328 -2.2961 3
      vertex 8.2 -1.3 3
      vertex 5.79555 -1.55291 3
    endloop
  endfacet
  facet normal 0 0 1
    outer loop
      vertex 8.66025 -5 3
      vertex 5.19615 -3 3
      vertex 7.93353 -6.08761 3
    endloop
  endfacet
  facet normal 0 0 1
    outer loop
      vertex 7.93353 -6.08761 3
      vertex 4.76012 -3.65257 3
      vertex 7.07107 -7.07107 3
    endloop
  endfacet
  facet normal -0 0 1
    outer loop
      vertex 4.24264 -4.24264 3
      vertex 7.07107 -7.07107 3
      vertex 4.76012 -3.65257 3
    endloop
  endfacet
  facet normal 0 0 1
    outer loop
      vertex 7.07107 -7.07107 3
      vertex 4.24264 -4.24264 3
      vertex 6.08761 -7.93353 3
    endloop
  endfacet
  facet normal -0 0 1
    outer loop
      vertex 3.65257 -4.76012 3
      vertex 6.08761 -7.93353 3
      vertex 4.24264 -4.24264 3
    endloop
  endfacet
  facet normal 0 0 1
    outer loop
      vertex 6.08761 -7.93353 3
      vertex 3.65257 -4.76012 3
      vertex 5 -8.66025 3
    endloop
  endfacet
  facet normal -0 0 1
    outer loop
      vertex 3 -5.19615 3
      vertex 5 -8.66025 3
      vertex 3.65257 -4.76012 3
    endloop
  endfacet
  facet normal 0 0 1
    outer loop
      vertex 5 -8.66025 3
      vertex 3 -5.19615 3
      vertex 3.82683 -9.2388 3
    endloop
  endfacet
  facet normal -0 0 1
    outer loop
      vertex 2.2961 -5.54328 3
      vertex 3.82683 -9.2388 3
      vertex 3 -5.19615 3
    endloop
  endfacet
  facet normal 0 0 1
    outer loop
      vertex 3.82683 -9.2388 3
      vertex 2.2961 -5.54328 3
      vertex 2.58819 -9.65926 3
    endloop
  endfacet
  facet normal -0 0 1
    outer loop
      vertex 1.55291 -5.79555 3
      vertex 2.58819 -9.65926 3
      vertex 2.2961 -5.54328 3
    endloop
  endfacet
  facet normal 0 0 1
    outer loop
      vertex 1.55291 -5.79555 3
      vertex 1.30526 -9.91445 3
      vertex 2.58819 -9.65926 3
    endloop
  endfacet
  facet normal -0 0 1
    outer loop
      vertex 0.783156 -5.94867 3
      vertex 1.30526 -9.91445 3
      vertex 1.55291 -5.79555 3
    endloop
  endfacet
  facet normal -0 0 1
    outer loop
      vertex 0 -6 3
      vertex 1.30526 -9.91445 3
      vertex 0.783156 -5.94867 3
    endloop
  endfacet
  facet normal 0 0 1
    outer loop
      vertex 0 -6 3
      vertex 0 -10 3
      vertex 1.30526 -9.91445 3
    endloop
  endfacet
  facet normal 0 0 1
    outer loop
      vertex -0.783156 -5.94867 3
      vertex 0 -10 3
      vertex 0 -6 3
    endloop
  endfacet
  facet normal 0 0 1
    outer loop
      vertex -0.783156 -5.94867 3
      vertex -1.30526 -9.91445 3
      vertex 0 -10 3
    endloop
  endfacet
  facet normal 0 0 1
    outer loop
      vertex -1.55291 -5.79555 3
      vertex -1.30526 -9.91445 3
      vertex -0.783156 -5.94867 3
    endloop
  endfacet
  facet normal 0 0 1
    outer loop
      vertex -2.58819 -9.65926 3
      vertex -1.55291 -5.79555 3
      vertex -2.2961 -5.54328 3
    endloop
  endfacet
  facet normal 0 0 1
    outer loop
      vertex -1.55291 -5.79555 3
      vertex -2.58819 -9.65926 3
      vertex -1.30526 -9.91445 3
    endloop
  endfacet
  facet normal 0 0 1
    outer loop
      vertex -3.82683 -9.2388 3
      vertex -2.2961 -5.54328 3
      vertex -3 -5.19615 3
    endloop
  endfacet
  facet normal 0 0 1
    outer loop
      vertex -5 -8.66025 3
      vertex -3 -5.19615 3
      vertex -3.65257 -4.76012 3
    endloop
  endfacet
  facet normal 0 0 1
    outer loop
      vertex -2.2961 -5.54328 3
      vertex -3.82683 -9.2388 3
      vertex -2.58819 -9.65926 3
    endloop
  endfacet
  facet normal 0 0 1
    outer loop
      vertex -6.08761 -7.93353 3
      vertex -3.65257 -4.76012 3
      vertex -4.24264 -4.24264 3
    endloop
  endfacet
  facet normal 0 0 1
    outer loop
      vertex -7.07107 -7.07107 3
      vertex -4.24264 -4.24264 3
      vertex -4.76012 -3.65257 3
    endloop
  endfacet
  facet normal 0 0 1
    outer loop
      vertex -3 -5.19615 3
      vertex -5 -8.66025 3
      vertex -3.82683 -9.2388 3
    endloop
  endfacet
  facet normal 0 0 1
    outer loop
      vertex -7.93353 -6.08761 3
      vertex -4.76012 -3.65257 3
      vertex -5.19615 -3 3
    endloop
  endfacet
  facet normal 0 0 1
    outer loop
      vertex -8.66025 -5 3
      vertex -5.19615 -3 3
      vertex -5.54328 -2.2961 3
    endloop
  endfacet
  facet normal 0 0 1
    outer loop
      vertex -8.2 -1.3 3
      vertex -5.54328 -2.2961 3
      vertex -5.79555 -1.55291 3
    endloop
  endfacet
  facet normal -0 0 1
    outer loop
      vertex -8.2 -1.3 3
      vertex -5.79555 -1.55291 3
      vertex -5.84586 -1.3 3
    endloop
  endfacet
  facet normal 0 0 1
    outer loop
      vertex -3.65257 -4.76012 3
      vertex -6.08761 -7.93353 3
      vertex -5 -8.66025 3
    endloop
  endfacet
  facet normal 0 0 1
    outer loop
      vertex -4.24264 -4.24264 3
      vertex -7.07107 -7.07107 3
      vertex -6.08761 -7.93353 3
    endloop
  endfacet
  facet normal 0 0 1
    outer loop
      vertex -4.76012 -3.65257 3
      vertex -7.93353 -6.08761 3
      vertex -7.07107 -7.07107 3
    endloop
  endfacet
  facet normal 0 0 1
    outer loop
      vertex -5.54328 -2.2961 3
      vertex -8.2 -1.3 3
      vertex -9.2388 -3.82683 3
    endloop
  endfacet
  facet normal 0 0 1
    outer loop
      vertex -9.65926 -2.58819 3
      vertex -8.2 -1.3 3
      vertex -8.36968 -1.28888 3
    endloop
  endfacet
  facet normal 0 0 1
    outer loop
      vertex -9.65926 -2.58819 3
      vertex -8.36968 -1.28888 3
      vertex -8.53646 -1.2557 3
    endloop
  endfacet
  facet normal 0 0 1
    outer loop
      vertex -5.19615 -3 3
      vertex -8.66025 -5 3
      vertex -7.93353 -6.08761 3
    endloop
  endfacet
  facet normal 0 0 1
    outer loop
      vertex -9.65926 -2.58819 3
      vertex -8.53646 -1.2557 3
      vertex -8.69749 -1.20104 3
    endloop
  endfacet
  facet normal 0 0 1
    outer loop
      vertex -9.65926 -2.58819 3
      vertex -8.69749 -1.20104 3
      vertex -8.85 -1.12583 3
    endloop
  endfacet
  facet normal 0 0 1
    outer loop
      vertex -9.91445 -1.30526 3
      vertex -8.85 -1.12583 3
      vertex -8.99139 -1.03136 3
    endloop
  endfacet
  facet normal 0 0 1
    outer loop
      vertex -9.91445 -1.30526 3
      vertex -8.99139 -1.03136 3
      vertex -9.11924 -0.919238 3
    endloop
  endfacet
  facet normal 0 0 1
    outer loop
      vertex -9.91445 -1.30526 3
      vertex -9.11924 -0.919238 3
      vertex -9.23136 -0.791389 3
    endloop
  endfacet
  facet normal 0 0 1
    outer loop
      vertex -5.54328 -2.2961 3
      vertex -9.2388 -3.82683 3
      vertex -8.66025 -5 3
    endloop
  endfacet
  facet normal 0 0 1
    outer loop
      vertex -9.91445 -1.30526 3
      vertex -9.23136 -0.791389 3
      vertex -9.32583 -0.65 3
    endloop
  endfacet
  facet normal 0 0 1
    outer loop
      vertex -9.91445 -1.30526 3
      vertex -9.32583 -0.65 3
      vertex -9.40104 -0.497488 3
    endloop
  endfacet
  facet normal 0 0 1
    outer loop
      vertex -10 0 3
      vertex -9.40104 -0.497488 3
      vertex -9.4557 -0.336464 3
    endloop
  endfacet
  facet normal 0 0 1
    outer loop
      vertex -10 0 3
      vertex -9.4557 -0.336464 3
      vertex -9.48888 -0.169683 3
    endloop
  endfacet
  facet normal 0 0 1
    outer loop
      vertex -8.2 -1.3 3
      vertex -9.65926 -2.58819 3
      vertex -9.2388 -3.82683 3
    endloop
  endfacet
  facet normal -0 0 1
    outer loop
      vertex -10 0 3
      vertex -9.48888 -0.169683 3
      vertex -9.5 0 3
    endloop
  endfacet
  facet normal 0 0 1
    outer loop
      vertex -9.4557 0.336464 3
      vertex -10 0 3
      vertex -9.48888 0.169683 3
    endloop
  endfacet
  facet normal 0 0 1
    outer loop
      vertex -9.48888 0.169683 3
      vertex -10 0 3
      vertex -9.5 0 3
    endloop
  endfacet
  facet normal 0 0 1
    outer loop
      vertex -8.85 -1.12583 3
      vertex -9.91445 -1.30526 3
      vertex -9.65926 -2.58819 3
    endloop
  endfacet
  facet normal 0 0 1
    outer loop
      vertex -9.40104 -0.497488 3
      vertex -10 0 3
      vertex -9.91445 -1.30526 3
    endloop
  endfacet
  facet normal -0.0654022 0.997859 0
    outer loop
      vertex 0 10 0
      vertex -1.30526 9.91445 3
      vertex 0 10 3
    endloop
  endfacet
  facet normal -0.0654022 0.997859 0
    outer loop
      vertex -1.30526 9.91445 3
      vertex 0 10 0
      vertex -1.30526 9.91445 0
    endloop
  endfacet
  facet normal 0.997859 -0.0654022 0
    outer loop
      vertex 9.91445 -1.30526 3
      vertex 10 0 0
      vertex 10 0 3
    endloop
  endfacet
  facet normal 0.997859 -0.0654022 0
    outer loop
      vertex 10 0 0
      vertex 9.91445 -1.30526 3
      vertex 9.91445 -1.30526 0
    endloop
  endfacet
  facet normal 0.0654022 -0.997859 0
    outer loop
      vertex 0 -10 0
      vertex 1.30526 -9.91445 3
      vertex 0 -10 3
    endloop
  endfacet
  facet normal 0.0654022 -0.997859 0
    outer loop
      vertex 1.30526 -9.91445 3
      vertex 0 -10 0
      vertex 1.30526 -9.91445 0
    endloop
  endfacet
  facet normal 0.321438 -0.946931 0
    outer loop
      vertex 2.58819 -9.65926 0
      vertex 3.82683 -9.2388 3
      vertex 2.58819 -9.65926 3
    endloop
  endfacet
  facet normal 0.321438 -0.946931 0
    outer loop
      vertex 3.82683 -9.2388 3
      vertex 2.58819 -9.65926 0
      vertex 3.82683 -9.2388 0
    endloop
  endfacet
  facet normal 0.555571 -0.831469 0
    outer loop
      vertex 5 -8.66025 0
      vertex 6.08761 -7.93353 3
      vertex 5 -8.66025 3
    endloop
  endfacet
  facet normal 0.555571 -0.831469 0
    outer loop
      vertex 6.08761 -7.93353 3
      vertex 5 -8.66025 0
      vertex 6.08761 -7.93353 0
    endloop
  endfacet
  facet normal 0.896871 -0.442293 0
    outer loop
      vertex 8.66025 -5 3
      vertex 9.2388 -3.82683 0
      vertex 9.2388 -3.82683 3
    endloop
  endfacet
  facet normal 0.896871 -0.442293 0
    outer loop
      vertex 9.2388 -3.82683 0
      vertex 8.66025 -5 3
      vertex 8.66025 -5 0
    endloop
  endfacet
  facet normal 0.751844 -0.659341 0
    outer loop
      vertex 7.07107 -7.07107 3
      vertex 7.93353 -6.08761 0
      vertex 7.93353 -6.08761 3
    endloop
  endfacet
  facet normal 0.751844 -0.659341 0
    outer loop
      vertex 7.93353 -6.08761 0
      vertex 7.07107 -7.07107 3
      vertex 7.07107 -7.07107 0
    endloop
  endfacet
  facet normal 0.831469 -0.555571 0
    outer loop
      vertex 7.93353 -6.08761 3
      vertex 8.66025 -5 0
      vertex 8.66025 -5 3
    endloop
  endfacet
  facet normal 0.831469 -0.555571 0
    outer loop
      vertex 8.66025 -5 0
      vertex 7.93353 -6.08761 3
      vertex 7.93353 -6.08761 0
    endloop
  endfacet
  facet normal -0.659341 -0.751844 0
    outer loop
      vertex -7.07107 -7.07107 0
      vertex -6.08761 -7.93353 3
      vertex -7.07107 -7.07107 3
    endloop
  endfacet
  facet normal -0.659341 -0.751844 -0
    outer loop
      vertex -6.08761 -7.93353 3
      vertex -7.07107 -7.07107 0
      vertex -6.08761 -7.93353 0
    endloop
  endfacet
  facet normal -0.555571 -0.831469 0
    outer loop
      vertex -6.08761 -7.93353 0
      vertex -5 -8.66025 3
      vertex -6.08761 -7.93353 3
    endloop
  endfacet
  facet normal -0.555571 -0.831469 -0
    outer loop
      vertex -5 -8.66025 3
      vertex -6.08761 -7.93353 0
      vertex -5 -8.66025 0
    endloop
  endfacet
  facet normal -0.19509 -0.980785 0
    outer loop
      vertex -2.58819 -9.65926 0
      vertex -1.30526 -9.91445 3
      vertex -2.58819 -9.65926 3
    endloop
  endfacet
  facet normal -0.19509 -0.980785 -0
    outer loop
      vertex -1.30526 -9.91445 3
      vertex -2.58819 -9.65926 0
      vertex -1.30526 -9.91445 0
    endloop
  endfacet
  facet normal -0.751844 -0.659341 0
    outer loop
      vertex -7.07107 -7.07107 0
      vertex -7.93353 -6.08761 3
      vertex -7.93353 -6.08761 0
    endloop
  endfacet
  facet normal -0.751844 -0.659341 0
    outer loop
      vertex -7.93353 -6.08761 3
      vertex -7.07107 -7.07107 0
      vertex -7.07107 -7.07107 3
    endloop
  endfacet
  facet normal -0.946931 -0.321438 0
    outer loop
      vertex -9.2388 -3.82683 0
      vertex -9.65926 -2.58819 3
      vertex -9.65926 -2.58819 0
    endloop
  endfacet
  facet normal -0.946931 -0.321438 0
    outer loop
      vertex -9.65926 -2.58819 3
      vertex -9.2388 -3.82683 0
      vertex -9.2388 -3.82683 3
    endloop
  endfacet
  facet normal -0.997859 -0.0654022 0
    outer loop
      vertex -9.91445 -1.30526 0
      vertex -10 0 3
      vertex -10 0 0
    endloop
  endfacet
  facet normal -0.997859 -0.0654022 0
    outer loop
      vertex -10 0 3
      vertex -9.91445 -1.30526 0
      vertex -9.91445 -1.30526 3
    endloop
  endfacet
  facet normal 0.831469 0.555571 0
    outer loop
      vertex 8.66025 5 3
      vertex 7.93353 6.08761 0
      vertex 7.93353 6.08761 3
    endloop
  endfacet
  facet normal 0.831469 0.555571 0
    outer loop
      vertex 7.93353 6.08761 0
      vertex 8.66025 5 3
      vertex 8.66025 5 0
    endloop
  endfacet
  facet normal -0.751844 0.659341 0
    outer loop
      vertex -7.93353 6.08761 0
      vertex -7.07107 7.07107 3
      vertex -7.07107 7.07107 0
    endloop
  endfacet
  facet normal -0.751844 0.659341 0
    outer loop
      vertex -7.07107 7.07107 3
      vertex -7.93353 6.08761 0
      vertex -7.93353 6.08761 3
    endloop
  endfacet
  facet normal -0.555571 0.831469 0
    outer loop
      vertex -5 8.66025 0
      vertex -6.08761 7.93353 3
      vertex -5 8.66025 3
    endloop
  endfacet
  facet normal -0.555571 0.831469 0
    outer loop
      vertex -6.08761 7.93353 3
      vertex -5 8.66025 0
      vertex -6.08761 7.93353 0
    endloop
  endfacet
  facet normal 0.19509 -0.980785 0
    outer loop
      vertex 1.30526 -9.91445 0
      vertex 2.58819 -9.65926 3
      vertex 1.30526 -9.91445 3
    endloop
  endfacet
  facet normal 0.19509 -0.980785 0
    outer loop
      vertex 2.58819 -9.65926 3
      vertex 1.30526 -9.91445 0
      vertex 2.58819 -9.65926 0
    endloop
  endfacet
  facet normal 0.980785 -0.19509 0
    outer loop
      vertex 9.65926 -2.58819 3
      vertex 9.91445 -1.30526 0
      vertex 9.91445 -1.30526 3
    endloop
  endfacet
  facet normal 0.980785 -0.19509 0
    outer loop
      vertex 9.91445 -1.30526 0
      vertex 9.65926 -2.58819 3
      vertex 9.65926 -2.58819 0
    endloop
  endfacet
  facet normal -0.980785 -0.19509 0
    outer loop
      vertex -9.65926 -2.58819 0
      vertex -9.91445 -1.30526 3
      vertex -9.91445 -1.30526 0
    endloop
  endfacet
  facet normal -0.980785 -0.19509 0
    outer loop
      vertex -9.91445 -1.30526 3
      vertex -9.65926 -2.58819 0
      vertex -9.65926 -2.58819 3
    endloop
  endfacet
  facet normal 0.997859 0.0654022 0
    outer loop
      vertex 6 0 24
      vertex 5.94867 0.783156 4
      vertex 5.94867 0.783156 24
    endloop
  endfacet
  facet normal 0.997859 0.0654022 0
    outer loop
      vertex 5.94867 0.783156 4
      vertex 6 0 24
      vertex 6 0 4
    endloop
  endfacet
  facet normal -0.997859 0.0654022 0
    outer loop
      vertex -6 0 4
      vertex -5.94867 0.783156 24
      vertex -5.94867 0.783156 4
    endloop
  endfacet
  facet normal -0.997859 0.0654022 0
    outer loop
      vertex -5.94867 0.783156 24
      vertex -6 0 4
      vertex -6 0 24
    endloop
  endfacet
  facet normal 0.0654022 0.997859 -0
    outer loop
      vertex 0.783156 5.94867 3
      vertex 0 6 24
      vertex 0.783156 5.94867 24
    endloop
  endfacet
  facet normal 0.0654022 0.997859 0
    outer loop
      vertex 0 6 24
      vertex 0.783156 5.94867 3
      vertex 0 6 3
    endloop
  endfacet
  facet normal -0.0654022 -0.997859 0
    outer loop
      vertex -0.783156 -5.94867 3
      vertex 0 -6 21
      vertex -0.783156 -5.94867 21
    endloop
  endfacet
  facet normal -0.0654022 -0.997859 -0
    outer loop
      vertex 0 -6 21
      vertex -0.783156 -5.94867 3
      vertex 0 -6 3
    endloop
  endfacet
  facet normal -0.751838 -0.659348 0
    outer loop
      vertex -4.24264 -4.24264 3
      vertex -4.76012 -3.65257 21
      vertex -4.76012 -3.65257 3
    endloop
  endfacet
  facet normal -0.751838 -0.659348 0
    outer loop
      vertex -4.76012 -3.65257 21
      vertex -4.24264 -4.24264 3
      vertex -4.24264 -4.24264 21
    endloop
  endfacet
  facet normal 0.751838 0.659348 0
    outer loop
      vertex 4.76012 3.65257 24
      vertex 4.24264 4.24264 3
      vertex 4.24264 4.24264 24
    endloop
  endfacet
  facet normal 0.751838 0.659348 0
    outer loop
      vertex 4.24264 4.24264 3
      vertex 4.76012 3.65257 24
      vertex 4.76012 3.65257 3
    endloop
  endfacet
  facet normal -0.659348 0.751838 0
    outer loop
      vertex -3.65257 4.76012 3
      vertex -4.24264 4.24264 24
      vertex -3.65257 4.76012 24
    endloop
  endfacet
  facet normal -0.659348 0.751838 0
    outer loop
      vertex -4.24264 4.24264 24
      vertex -3.65257 4.76012 3
      vertex -4.24264 4.24264 3
    endloop
  endfacet
  facet normal -0.321429 0.946934 0
    outer loop
      vertex -1.55291 5.79555 3
      vertex -2.2961 5.54328 24
      vertex -1.55291 5.79555 24
    endloop
  endfacet
  facet normal -0.321429 0.946934 0
    outer loop
      vertex -2.2961 5.54328 24
      vertex -1.55291 5.79555 3
      vertex -2.2961 5.54328 3
    endloop
  endfacet
  facet normal 0.89687 0.442294 0
    outer loop
      vertex 5.54328 2.2961 24
      vertex 5.19615 3 3
      vertex 5.19615 3 24
    endloop
  endfacet
  facet normal 0.89687 0.442294 0
    outer loop
      vertex 5.19615 3 3
      vertex 5.54328 2.2961 24
      vertex 5.54328 2.2961 3
    endloop
  endfacet
  facet normal 0.831472 0.555567 0
    outer loop
      vertex 5.19615 3 24
      vertex 4.76012 3.65257 3
      vertex 4.76012 3.65257 24
    endloop
  endfacet
  facet normal 0.831472 0.555567 0
    outer loop
      vertex 4.76012 3.65257 3
      vertex 5.19615 3 24
      vertex 5.19615 3 3
    endloop
  endfacet
  facet normal 0.442294 0.89687 -0
    outer loop
      vertex 3 5.19615 3
      vertex 2.2961 5.54328 24
      vertex 3 5.19615 24
    endloop
  endfacet
  facet normal 0.442294 0.89687 0
    outer loop
      vertex 2.2961 5.54328 24
      vertex 3 5.19615 3
      vertex 2.2961 5.54328 3
    endloop
  endfacet
  facet normal 0.321429 0.946934 -0
    outer loop
      vertex 2.2961 5.54328 3
      vertex 1.55291 5.79555 24
      vertex 2.2961 5.54328 24
    endloop
  endfacet
  facet normal 0.321429 0.946934 0
    outer loop
      vertex 1.55291 5.79555 24
      vertex 2.2961 5.54328 3
      vertex 1.55291 5.79555 3
    endloop
  endfacet
  facet normal 0.555567 0.831472 -0
    outer loop
      vertex 3.65257 4.76012 3
      vertex 3 5.19615 24
      vertex 3.65257 4.76012 24
    endloop
  endfacet
  facet normal 0.555567 0.831472 0
    outer loop
      vertex 3 5.19615 24
      vertex 3.65257 4.76012 3
      vertex 3 5.19615 3
    endloop
  endfacet
  facet normal -0.89687 0.442294 0
    outer loop
      vertex -5.54328 2.2961 3
      vertex -5.19615 3 24
      vertex -5.19615 3 3
    endloop
  endfacet
  facet normal -0.89687 0.442294 0
    outer loop
      vertex -5.19615 3 24
      vertex -5.54328 2.2961 3
      vertex -5.54328 2.2961 24
    endloop
  endfacet
  facet normal -0.946934 0.321429 0
    outer loop
      vertex -5.79555 1.55291 3
      vertex -5.54328 2.2961 24
      vertex -5.54328 2.2961 3
    endloop
  endfacet
  facet normal -0.946934 0.321429 0
    outer loop
      vertex -5.54328 2.2961 24
      vertex -5.79555 1.55291 3
      vertex -5.79555 1.55291 24
    endloop
  endfacet
  facet normal -0.442294 0.89687 0
    outer loop
      vertex -2.2961 5.54328 3
      vertex -3 5.19615 24
      vertex -2.2961 5.54328 24
    endloop
  endfacet
  facet normal -0.442294 0.89687 0
    outer loop
      vertex -3 5.19615 24
      vertex -2.2961 5.54328 3
      vertex -3 5.19615 3
    endloop
  endfacet
  facet normal -0.195098 0.980784 0
    outer loop
      vertex -0.783156 5.94867 3
      vertex -1.55291 5.79555 24
      vertex -0.783156 5.94867 24
    endloop
  endfacet
  facet normal -0.195098 0.980784 0
    outer loop
      vertex -1.55291 5.79555 24
      vertex -0.783156 5.94867 3
      vertex -1.55291 5.79555 3
    endloop
  endfacet
  facet normal 0.442294 -0.89687 0
    outer loop
      vertex 2.2961 -5.54328 3
      vertex 3 -5.19615 10.85
      vertex 2.2961 -5.54328 10.85
    endloop
  endfacet
  facet normal 0.442294 -0.89687 0
    outer loop
      vertex 3 -5.19615 10.85
      vertex 2.2961 -5.54328 3
      vertex 3 -5.19615 3
    endloop
  endfacet
  facet normal 0.946934 -0.321427 0
    outer loop
      vertex 5.64379 -2 21
      vertex 5.79555 -1.55291 24
      vertex 5.64379 -2 24
    endloop
  endfacet
  facet normal 0.946934 -0.321427 0
    outer loop
      vertex 5.79555 -1.55291 24
      vertex 5.64379 -2 21
      vertex 5.79555 -1.55291 3
    endloop
  endfacet
  facet normal 0.946932 -0.321433 0
    outer loop
      vertex 5.54328 -2.2961 3
      vertex 5.64379 -2 21
      vertex 5.54328 -2.2961 21
    endloop
  endfacet
  facet normal 0.946934 -0.321429 -6.22846e-08
    outer loop
      vertex 5.64379 -2 21
      vertex 5.54328 -2.2961 3
      vertex 5.79555 -1.55291 3
    endloop
  endfacet
  facet normal -0.321429 -0.946934 0
    outer loop
      vertex -2.2961 -5.54328 3
      vertex -1.55291 -5.79555 21
      vertex -2.2961 -5.54328 21
    endloop
  endfacet
  facet normal -0.321429 -0.946934 -0
    outer loop
      vertex -1.55291 -5.79555 21
      vertex -2.2961 -5.54328 3
      vertex -1.55291 -5.79555 3
    endloop
  endfacet
  facet normal -0.89687 -0.442294 0
    outer loop
      vertex -5.19615 -3 3
      vertex -5.54328 -2.2961 21
      vertex -5.54328 -2.2961 3
    endloop
  endfacet
  facet normal -0.89687 -0.442294 0
    outer loop
      vertex -5.54328 -2.2961 21
      vertex -5.19615 -3 3
      vertex -5.19615 -3 21
    endloop
  endfacet
  facet normal 0.946934 0.321429 0
    outer loop
      vertex 5.79555 1.55291 24
      vertex 5.54328 2.2961 3
      vertex 5.54328 2.2961 24
    endloop
  endfacet
  facet normal 0.946934 0.321429 0
    outer loop
      vertex 5.54328 2.2961 3
      vertex 5.79555 1.55291 24
      vertex 5.79555 1.55291 3
    endloop
  endfacet
  facet normal 0.980783 0.195102 0
    outer loop
      vertex 5.79555 1.55291 24
      vertex 5.84586 1.3 4
      vertex 5.79555 1.55291 3
    endloop
  endfacet
  facet normal 0.980784 0.195098 4.74329e-08
    outer loop
      vertex 5.94867 0.783156 24
      vertex 5.84586 1.3 4
      vertex 5.79555 1.55291 24
    endloop
  endfacet
  facet normal 0.980784 0.195096 0
    outer loop
      vertex 5.84586 1.3 4
      vertex 5.94867 0.783156 24
      vertex 5.94867 0.783156 4
    endloop
  endfacet
  facet normal 0.980783 0.195102 0
    outer loop
      vertex 5.79555 1.55291 3
      vertex 5.84586 1.3 4
      vertex 5.84586 1.3 3
    endloop
  endfacet
  facet normal 0.195098 0.980784 -0
    outer loop
      vertex 1.55291 5.79555 3
      vertex 0.783156 5.94867 24
      vertex 1.55291 5.79555 24
    endloop
  endfacet
  facet normal 0.195098 0.980784 0
    outer loop
      vertex 0.783156 5.94867 24
      vertex 1.55291 5.79555 3
      vertex 0.783156 5.94867 3
    endloop
  endfacet
  facet normal 0.659348 0.751838 -0
    outer loop
      vertex 4.24264 4.24264 3
      vertex 3.65257 4.76012 24
      vertex 4.24264 4.24264 24
    endloop
  endfacet
  facet normal 0.659348 0.751838 0
    outer loop
      vertex 3.65257 4.76012 24
      vertex 4.24264 4.24264 3
      vertex 3.65257 4.76012 3
    endloop
  endfacet
  facet normal -0.831472 0.555567 0
    outer loop
      vertex -5.19615 3 3
      vertex -4.76012 3.65257 24
      vertex -4.76012 3.65257 3
    endloop
  endfacet
  facet normal -0.831472 0.555567 0
    outer loop
      vertex -4.76012 3.65257 24
      vertex -5.19615 3 3
      vertex -5.19615 3 24
    endloop
  endfacet
  facet normal -0.751838 0.659348 0
    outer loop
      vertex -4.76012 3.65257 3
      vertex -4.24264 4.24264 24
      vertex -4.24264 4.24264 3
    endloop
  endfacet
  facet normal -0.751838 0.659348 0
    outer loop
      vertex -4.24264 4.24264 24
      vertex -4.76012 3.65257 3
      vertex -4.76012 3.65257 24
    endloop
  endfacet
  facet normal -0.980783 0.195102 0
    outer loop
      vertex -5.84586 1.3 4
      vertex -5.79555 1.55291 3
      vertex -5.84586 1.3 3
    endloop
  endfacet
  facet normal -0.980783 0.195102 0
    outer loop
      vertex -5.79555 1.55291 3
      vertex -5.84586 1.3 4
      vertex -5.79555 1.55291 24
    endloop
  endfacet
  facet normal -0.980784 0.195096 0
    outer loop
      vertex -5.94867 0.783156 24
      vertex -5.84586 1.3 4
      vertex -5.94867 0.783156 4
    endloop
  endfacet
  facet normal -0.980784 0.195098 4.74329e-08
    outer loop
      vertex -5.84586 1.3 4
      vertex -5.94867 0.783156 24
      vertex -5.79555 1.55291 24
    endloop
  endfacet
  facet normal 0 0 1
    outer loop
      vertex 5.94867 0.783156 24
      vertex 1.58631 0.208841 24
      vertex 1.6 0 24
    endloop
  endfacet
  facet normal 0 0 1
    outer loop
      vertex 0.612293 1.47821 24
      vertex 2.2961 5.54328 24
      vertex 1.55291 5.79555 24
    endloop
  endfacet
  facet normal 0 0 1
    outer loop
      vertex 3 5.19615 24
      vertex 1.54548 0.41411 24
      vertex 1.58631 0.208841 24
    endloop
  endfacet
  facet normal 0 0 1
    outer loop
      vertex 3 5.19615 24
      vertex 1.47821 0.612293 24
      vertex 1.54548 0.41411 24
    endloop
  endfacet
  facet normal 0 0 1
    outer loop
      vertex 3 5.19615 24
      vertex 1.38564 0.799999 24
      vertex 1.47821 0.612293 24
    endloop
  endfacet
  facet normal 0 0 1
    outer loop
      vertex 3 5.19615 24
      vertex 1.26937 0.974018 24
      vertex 1.38564 0.799999 24
    endloop
  endfacet
  facet normal 0 0 1
    outer loop
      vertex 3 5.19615 24
      vertex 1.13137 1.13137 24
      vertex 1.26937 0.974018 24
    endloop
  endfacet
  facet normal 0 0 1
    outer loop
      vertex 3 5.19615 24
      vertex 0.974018 1.26937 24
      vertex 1.13137 1.13137 24
    endloop
  endfacet
  facet normal 0 0 1
    outer loop
      vertex 3 5.19615 24
      vertex 0.799999 1.38564 24
      vertex 0.974018 1.26937 24
    endloop
  endfacet
  facet normal 0 0 1
    outer loop
      vertex 0.41411 1.54548 24
      vertex 1.55291 5.79555 24
      vertex 0.783156 5.94867 24
    endloop
  endfacet
  facet normal 0 0 1
    outer loop
      vertex 2.2961 5.54328 24
      vertex 0.612293 1.47821 24
      vertex 0.799999 1.38564 24
    endloop
  endfacet
  facet normal 0 0 1
    outer loop
      vertex 1.55291 5.79555 24
      vertex 0.41411 1.54548 24
      vertex 0.612293 1.47821 24
    endloop
  endfacet
  facet normal 0 0 1
    outer loop
      vertex 0.783156 5.94867 24
      vertex 0.208841 1.58631 24
      vertex 0.41411 1.54548 24
    endloop
  endfacet
  facet normal 0 0 1
    outer loop
      vertex 0 6 24
      vertex 0.208841 1.58631 24
      vertex 0.783156 5.94867 24
    endloop
  endfacet
  facet normal 0 0 1
    outer loop
      vertex 0 6 24
      vertex 0 1.6 24
      vertex 0.208841 1.58631 24
    endloop
  endfacet
  facet normal 0 0 1
    outer loop
      vertex 0 6 24
      vertex -0.208841 1.58631 24
      vertex 0 1.6 24
    endloop
  endfacet
  facet normal -0 0 1
    outer loop
      vertex -0.783156 5.94867 24
      vertex -0.208841 1.58631 24
      vertex 0 6 24
    endloop
  endfacet
  facet normal 0 0 1
    outer loop
      vertex -0.208841 1.58631 24
      vertex -0.783156 5.94867 24
      vertex -0.41411 1.54548 24
    endloop
  endfacet
  facet normal -0 0 1
    outer loop
      vertex -1.55291 5.79555 24
      vertex -0.41411 1.54548 24
      vertex -0.783156 5.94867 24
    endloop
  endfacet
  facet normal 0 0 1
    outer loop
      vertex -0.41411 1.54548 24
      vertex -1.55291 5.79555 24
      vertex -0.612293 1.47821 24
    endloop
  endfacet
  facet normal -0 0 1
    outer loop
      vertex -2.2961 5.54328 24
      vertex -0.612293 1.47821 24
      vertex -1.55291 5.79555 24
    endloop
  endfacet
  facet normal 0 0 1
    outer loop
      vertex -0.612293 1.47821 24
      vertex -2.2961 5.54328 24
      vertex -0.799999 1.38564 24
    endloop
  endfacet
  facet normal -0 0 1
    outer loop
      vertex -3 5.19615 24
      vertex -0.799999 1.38564 24
      vertex -2.2961 5.54328 24
    endloop
  endfacet
  facet normal 0 0 1
    outer loop
      vertex -0.799999 1.38564 24
      vertex -3 5.19615 24
      vertex -0.974018 1.26937 24
    endloop
  endfacet
  facet normal -0 0 1
    outer loop
      vertex -3.65257 4.76012 24
      vertex -0.974018 1.26937 24
      vertex -3 5.19615 24
    endloop
  endfacet
  facet normal 0 0 1
    outer loop
      vertex -0.974018 1.26937 24
      vertex -3.65257 4.76012 24
      vertex -1.13137 1.13137 24
    endloop
  endfacet
  facet normal -0 0 1
    outer loop
      vertex -4.24264 4.24264 24
      vertex -1.13137 1.13137 24
      vertex -3.65257 4.76012 24
    endloop
  endfacet
  facet normal 0 0 1
    outer loop
      vertex -1.13137 1.13137 24
      vertex -4.24264 4.24264 24
      vertex -1.26937 0.974018 24
    endloop
  endfacet
  facet normal -0 0 1
    outer loop
      vertex -4.76012 3.65257 24
      vertex -1.26937 0.974018 24
      vertex -4.24264 4.24264 24
    endloop
  endfacet
  facet normal 0 0 1
    outer loop
      vertex -1.26937 0.974018 24
      vertex -4.76012 3.65257 24
      vertex -1.38564 0.799999 24
    endloop
  endfacet
  facet normal 0 0 1
    outer loop
      vertex 1.6 0 24
      vertex 6 0 24
      vertex 5.94867 0.783156 24
    endloop
  endfacet
  facet normal 0 0 1
    outer loop
      vertex 1.58631 0.208841 24
      vertex 5.94867 0.783156 24
      vertex 5.79555 1.55291 24
    endloop
  endfacet
  facet normal 0 0 1
    outer loop
      vertex 6 0 24
      vertex 1.6 0 24
      vertex 5.94867 -0.783156 24
    endloop
  endfacet
  facet normal -0 0 1
    outer loop
      vertex 1.58631 -0.208841 24
      vertex 5.94867 -0.783156 24
      vertex 1.6 0 24
    endloop
  endfacet
  facet normal 0 0 1
    outer loop
      vertex 1.58631 0.208841 24
      vertex 5.79555 1.55291 24
      vertex 5.54328 2.2961 24
    endloop
  endfacet
  facet normal 0 0 1
    outer loop
      vertex 1.58631 0.208841 24
      vertex 5.54328 2.2961 24
      vertex 5.19615 3 24
    endloop
  endfacet
  facet normal 0 0 1
    outer loop
      vertex 1.58631 0.208841 24
      vertex 5.19615 3 24
      vertex 4.76012 3.65257 24
    endloop
  endfacet
  facet normal 0 0 1
    outer loop
      vertex 1.58631 0.208841 24
      vertex 4.76012 3.65257 24
      vertex 4.24264 4.24264 24
    endloop
  endfacet
  facet normal 0 0 1
    outer loop
      vertex 1.58631 0.208841 24
      vertex 4.24264 4.24264 24
      vertex 3.65257 4.76012 24
    endloop
  endfacet
  facet normal 0 0 1
    outer loop
      vertex 1.58631 0.208841 24
      vertex 3.65257 4.76012 24
      vertex 3 5.19615 24
    endloop
  endfacet
  facet normal 0 0 1
    outer loop
      vertex 0.799999 1.38564 24
      vertex 3 5.19615 24
      vertex 2.2961 5.54328 24
    endloop
  endfacet
  facet normal 0 0 1
    outer loop
      vertex 5.94867 -0.783156 24
      vertex 1.58631 -0.208841 24
      vertex 5.79555 -1.55291 24
    endloop
  endfacet
  facet normal -0 0 1
    outer loop
      vertex 1.54548 -0.41411 24
      vertex 5.79555 -1.55291 24
      vertex 1.58631 -0.208841 24
    endloop
  endfacet
  facet normal 0 0 1
    outer loop
      vertex 5.79555 -1.55291 24
      vertex 1.54548 -0.41411 24
      vertex 5.64379 -2 24
    endloop
  endfacet
  facet normal -0 0 1
    outer loop
      vertex 1.47821 -0.612293 24
      vertex 5.64379 -2 24
      vertex 1.54548 -0.41411 24
    endloop
  endfacet
  facet normal -0 0 1
    outer loop
      vertex 1.38564 -0.799999 24
      vertex 5.64379 -2 24
      vertex 1.47821 -0.612293 24
    endloop
  endfacet
  facet normal -0 0 1
    outer loop
      vertex 1.26937 -0.974018 24
      vertex 5.64379 -2 24
      vertex 1.38564 -0.799999 24
    endloop
  endfacet
  facet normal -0 0 1
    outer loop
      vertex 1.13137 -1.13137 24
      vertex 5.64379 -2 24
      vertex 1.26937 -0.974018 24
    endloop
  endfacet
  facet normal -0 0 1
    outer loop
      vertex 0.974018 -1.26937 24
      vertex 5.64379 -2 24
      vertex 1.13137 -1.13137 24
    endloop
  endfacet
  facet normal -0 0 1
    outer loop
      vertex 0.799999 -1.38564 24
      vertex 5.64379 -2 24
      vertex 0.974018 -1.26937 24
    endloop
  endfacet
  facet normal -0 0 1
    outer loop
      vertex 0.612293 -1.47821 24
      vertex 5.64379 -2 24
      vertex 0.799999 -1.38564 24
    endloop
  endfacet
  facet normal -0 0 1
    outer loop
      vertex 0.41411 -1.54548 24
      vertex 5.64379 -2 24
      vertex 0.612293 -1.47821 24
    endloop
  endfacet
  facet normal -0 0 1
    outer loop
      vertex 0.208841 -1.58631 24
      vertex 5.64379 -2 24
      vertex 0.41411 -1.54548 24
    endloop
  endfacet
  facet normal -0 0 1
    outer loop
      vertex 0 -1.6 24
      vertex 5.64379 -2 24
      vertex 0.208841 -1.58631 24
    endloop
  endfacet
  facet normal 0 0 1
    outer loop
      vertex -5.64379 -2 24
      vertex 0 -1.6 24
      vertex -0.208841 -1.58631 24
    endloop
  endfacet
  facet normal -0 0 1
    outer loop
      vertex -5.19615 3 24
      vertex -1.38564 0.799999 24
      vertex -4.76012 3.65257 24
    endloop
  endfacet
  facet normal 0 0 1
    outer loop
      vertex -1.38564 0.799999 24
      vertex -5.19615 3 24
      vertex -1.47821 0.612293 24
    endloop
  endfacet
  facet normal -0 0 1
    outer loop
      vertex -5.54328 2.2961 24
      vertex -1.47821 0.612293 24
      vertex -5.19615 3 24
    endloop
  endfacet
  facet normal 0 0 1
    outer loop
      vertex -1.47821 0.612293 24
      vertex -5.54328 2.2961 24
      vertex -1.54548 0.41411 24
    endloop
  endfacet
  facet normal -0 0 1
    outer loop
      vertex -5.79555 1.55291 24
      vertex -1.54548 0.41411 24
      vertex -5.54328 2.2961 24
    endloop
  endfacet
  facet normal 0 0 1
    outer loop
      vertex -1.54548 0.41411 24
      vertex -5.79555 1.55291 24
      vertex -1.58631 0.208841 24
    endloop
  endfacet
  facet normal -0 0 1
    outer loop
      vertex -5.94867 0.783156 24
      vertex -1.58631 0.208841 24
      vertex -5.79555 1.55291 24
    endloop
  endfacet
  facet normal 0 0 1
    outer loop
      vertex -1.58631 0.208841 24
      vertex -5.94867 0.783156 24
      vertex -1.6 0 24
    endloop
  endfacet
  facet normal 0 0 1
    outer loop
      vertex -6 0 24
      vertex -1.6 0 24
      vertex -5.94867 0.783156 24
    endloop
  endfacet
  facet normal 0 0 1
    outer loop
      vertex -1.6 0 24
      vertex -6 0 24
      vertex -1.58631 -0.208841 24
    endloop
  endfacet
  facet normal 0 -0 1
    outer loop
      vertex -5.94867 -0.783156 24
      vertex -1.58631 -0.208841 24
      vertex -6 0 24
    endloop
  endfacet
  facet normal 0 0 1
    outer loop
      vertex -1.58631 -0.208841 24
      vertex -5.94867 -0.783156 24
      vertex -1.54548 -0.41411 24
    endloop
  endfacet
  facet normal 0 -0 1
    outer loop
      vertex -5.79555 -1.55291 24
      vertex -1.54548 -0.41411 24
      vertex -5.94867 -0.783156 24
    endloop
  endfacet
  facet normal 0 0 1
    outer loop
      vertex 0 -1.6 24
      vertex -5.64379 -2 24
      vertex 5.64379 -2 24
    endloop
  endfacet
  facet normal 0 0 1
    outer loop
      vertex -0.41411 -1.54548 24
      vertex -5.64379 -2 24
      vertex -0.208841 -1.58631 24
    endloop
  endfacet
  facet normal 0 0 1
    outer loop
      vertex -0.612293 -1.47821 24
      vertex -5.64379 -2 24
      vertex -0.41411 -1.54548 24
    endloop
  endfacet
  facet normal 0 0 1
    outer loop
      vertex -0.799999 -1.38564 24
      vertex -5.64379 -2 24
      vertex -0.612293 -1.47821 24
    endloop
  endfacet
  facet normal 0 0 1
    outer loop
      vertex -0.974018 -1.26937 24
      vertex -5.64379 -2 24
      vertex -0.799999 -1.38564 24
    endloop
  endfacet
  facet normal 0 -0 1
    outer loop
      vertex -5.64379 -2 24
      vertex -1.54548 -0.41411 24
      vertex -5.79555 -1.55291 24
    endloop
  endfacet
  facet normal 0 0 1
    outer loop
      vertex -1.54548 -0.41411 24
      vertex -5.64379 -2 24
      vertex -1.47821 -0.612293 24
    endloop
  endfacet
  facet normal 0 0 1
    outer loop
      vertex -1.47821 -0.612293 24
      vertex -5.64379 -2 24
      vertex -1.38564 -0.799999 24
    endloop
  endfacet
  facet normal 0 0 1
    outer loop
      vertex -1.26937 -0.974018 24
      vertex -5.64379 -2 24
      vertex -1.13137 -1.13137 24
    endloop
  endfacet
  facet normal 0 0 1
    outer loop
      vertex -1.13137 -1.13137 24
      vertex -5.64379 -2 24
      vertex -0.974018 -1.26937 24
    endloop
  endfacet
  facet normal 0 0 1
    outer loop
      vertex -1.38564 -0.799999 24
      vertex -5.64379 -2 24
      vertex -1.26937 -0.974018 24
    endloop
  endfacet
  facet normal -0.555567 0.831472 0
    outer loop
      vertex -3 5.19615 3
      vertex -3.65257 4.76012 24
      vertex -3 5.19615 24
    endloop
  endfacet
  facet normal -0.555567 0.831472 0
    outer loop
      vertex -3.65257 4.76012 24
      vertex -3 5.19615 3
      vertex -3.65257 4.76012 3
    endloop
  endfacet
  facet normal -0.0654022 0.997859 0
    outer loop
      vertex 0 6 3
      vertex -0.783156 5.94867 24
      vertex 0 6 24
    endloop
  endfacet
  facet normal -0.0654022 0.997859 0
    outer loop
      vertex -0.783156 5.94867 24
      vertex 0 6 3
      vertex -0.783156 5.94867 3
    endloop
  endfacet
  facet normal 0.0654022 -0.997859 0
    outer loop
      vertex 0 -6 3
      vertex 0.783156 -5.94867 21
      vertex 0 -6 21
    endloop
  endfacet
  facet normal 0.0654022 -0.997859 0
    outer loop
      vertex 0.783156 -5.94867 21
      vertex 0 -6 3
      vertex 0.783156 -5.94867 3
    endloop
  endfacet
  facet normal 0.321429 -0.946934 0
    outer loop
      vertex 1.55291 -5.79555 3
      vertex 2.2961 -5.54328 10.85
      vertex 1.55291 -5.79555 10.85
    endloop
  endfacet
  facet normal 0.321429 -0.946934 0
    outer loop
      vertex 2.2961 -5.54328 10.85
      vertex 1.55291 -5.79555 3
      vertex 2.2961 -5.54328 3
    endloop
  endfacet
  facet normal 0.555567 -0.831472 0
    outer loop
      vertex 3 -5.19615 3
      vertex 3.65257 -4.76012 10.85
      vertex 3 -5.19615 10.85
    endloop
  endfacet
  facet normal 0.555567 -0.831472 0
    outer loop
      vertex 3.65257 -4.76012 10.85
      vertex 3 -5.19615 3
      vertex 3.65257 -4.76012 3
    endloop
  endfacet
  facet normal 0.751838 -0.659348 0
    outer loop
      vertex 4.24264 -4.24264 10.85
      vertex 4.76012 -3.65257 3
      vertex 4.76012 -3.65257 10.85
    endloop
  endfacet
  facet normal 0.751838 -0.659348 0
    outer loop
      vertex 4.76012 -3.65257 3
      vertex 4.24264 -4.24264 10.85
      vertex 4.24264 -4.24264 3
    endloop
  endfacet
  facet normal 0.89687 -0.442294 0
    outer loop
      vertex 5.19615 -3 10.85
      vertex 5.54328 -2.2961 21
      vertex 5.19615 -3 21
    endloop
  endfacet
  facet normal 0.89687 -0.442294 0
    outer loop
      vertex 5.54328 -2.2961 21
      vertex 5.19615 -3 10.85
      vertex 5.54328 -2.2961 3
    endloop
  endfacet
  facet normal 0.89687 -0.442294 0
    outer loop
      vertex 5.54328 -2.2961 3
      vertex 5.19615 -3 10.85
      vertex 5.19615 -3 3
    endloop
  endfacet
  facet normal -0.659348 -0.751838 0
    outer loop
      vertex -4.24264 -4.24264 3
      vertex -3.65257 -4.76012 21
      vertex -4.24264 -4.24264 21
    endloop
  endfacet
  facet normal -0.659348 -0.751838 -0
    outer loop
      vertex -3.65257 -4.76012 21
      vertex -4.24264 -4.24264 3
      vertex -3.65257 -4.76012 3
    endloop
  endfacet
  facet normal -0.442294 -0.89687 0
    outer loop
      vertex -3 -5.19615 3
      vertex -2.2961 -5.54328 21
      vertex -3 -5.19615 21
    endloop
  endfacet
  facet normal -0.442294 -0.89687 -0
    outer loop
      vertex -2.2961 -5.54328 21
      vertex -3 -5.19615 3
      vertex -2.2961 -5.54328 3
    endloop
  endfacet
  facet normal -0.195098 -0.980784 0
    outer loop
      vertex -1.55291 -5.79555 3
      vertex -0.783156 -5.94867 21
      vertex -1.55291 -5.79555 21
    endloop
  endfacet
  facet normal -0.195098 -0.980784 -0
    outer loop
      vertex -0.783156 -5.94867 21
      vertex -1.55291 -5.79555 3
      vertex -0.783156 -5.94867 3
    endloop
  endfacet
  facet normal -0.831472 -0.555567 0
    outer loop
      vertex -4.76012 -3.65257 3
      vertex -5.19615 -3 21
      vertex -5.19615 -3 3
    endloop
  endfacet
  facet normal -0.831472 -0.555567 0
    outer loop
      vertex -5.19615 -3 21
      vertex -4.76012 -3.65257 3
      vertex -4.76012 -3.65257 21
    endloop
  endfacet
  facet normal -0.946934 -0.321427 0
    outer loop
      vertex -5.79555 -1.55291 3
      vertex -5.64379 -2 21
      vertex -5.79555 -1.55291 24
    endloop
  endfacet
  facet normal -0.946934 -0.321429 -6.22846e-08
    outer loop
      vertex -5.54328 -2.2961 3
      vertex -5.64379 -2 21
      vertex -5.79555 -1.55291 3
    endloop
  endfacet
  facet normal -0.946932 -0.321433 0
    outer loop
      vertex -5.64379 -2 21
      vertex -5.54328 -2.2961 3
      vertex -5.54328 -2.2961 21
    endloop
  endfacet
  facet normal -0.946934 -0.321427 0
    outer loop
      vertex -5.79555 -1.55291 24
      vertex -5.64379 -2 21
      vertex -5.64379 -2 24
    endloop
  endfacet
  facet normal -0.997859 -0.0654022 0
    outer loop
      vertex -5.94867 -0.783156 4
      vertex -6 0 24
      vertex -6 0 4
    endloop
  endfacet
  facet normal -0.997859 -0.0654022 0
    outer loop
      vertex -6 0 24
      vertex -5.94867 -0.783156 4
      vertex -5.94867 -0.783156 24
    endloop
  endfacet
  facet normal 0.195108 -0.980782 0
    outer loop
      vertex 0.783156 -5.94867 21
      vertex 1.1 -5.88564 10.85
      vertex 1.1 -5.88564 21
    endloop
  endfacet
  facet normal 0.195108 -0.980782 0
    outer loop
      vertex 0.783156 -5.94867 3
      vertex 1.1 -5.88564 10.85
      vertex 0.783156 -5.94867 21
    endloop
  endfacet
  facet normal 0.195098 -0.980784 3.9626e-07
    outer loop
      vertex 1.55291 -5.79555 3
      vertex 1.1 -5.88564 10.85
      vertex 0.783156 -5.94867 3
    endloop
  endfacet
  facet normal 0.195092 -0.980785 0
    outer loop
      vertex 1.1 -5.88564 10.85
      vertex 1.55291 -5.79555 3
      vertex 1.55291 -5.79555 10.85
    endloop
  endfacet
  facet normal 0.659348 -0.751838 0
    outer loop
      vertex 3.65257 -4.76012 3
      vertex 4.24264 -4.24264 10.85
      vertex 3.65257 -4.76012 10.85
    endloop
  endfacet
  facet normal 0.659348 -0.751838 0
    outer loop
      vertex 4.24264 -4.24264 10.85
      vertex 3.65257 -4.76012 3
      vertex 4.24264 -4.24264 3
    endloop
  endfacet
  facet normal 0.831472 -0.555567 0
    outer loop
      vertex 4.76012 -3.65257 10.85
      vertex 5.19615 -3 3
      vertex 5.19615 -3 10.85
    endloop
  endfacet
  facet normal 0.831472 -0.555567 0
    outer loop
      vertex 5.19615 -3 3
      vertex 4.76012 -3.65257 10.85
      vertex 4.76012 -3.65257 3
    endloop
  endfacet
  facet normal 0.980784 -0.195096 0
    outer loop
      vertex 5.94867 -0.783156 24
      vertex 5.84586 -1.3 4
      vertex 5.94867 -0.783156 4
    endloop
  endfacet
  facet normal 0.980784 -0.195098 4.74329e-08
    outer loop
      vertex 5.79555 -1.55291 24
      vertex 5.84586 -1.3 4
      vertex 5.94867 -0.783156 24
    endloop
  endfacet
  facet normal 0.980783 -0.195102 0
    outer loop
      vertex 5.79555 -1.55291 3
      vertex 5.84586 -1.3 4
      vertex 5.79555 -1.55291 24
    endloop
  endfacet
  facet normal 0.980783 -0.195102 0
    outer loop
      vertex 5.84586 -1.3 4
      vertex 5.79555 -1.55291 3
      vertex 5.84586 -1.3 3
    endloop
  endfacet
  facet normal 0.997859 -0.0654022 0
    outer loop
      vertex 5.94867 -0.783156 24
      vertex 6 0 4
      vertex 6 0 24
    endloop
  endfacet
  facet normal 0.997859 -0.0654022 0
    outer loop
      vertex 6 0 4
      vertex 5.94867 -0.783156 24
      vertex 5.94867 -0.783156 4
    endloop
  endfacet
  facet normal -0.555567 -0.831472 0
    outer loop
      vertex -3.65257 -4.76012 3
      vertex -3 -5.19615 21
      vertex -3.65257 -4.76012 21
    endloop
  endfacet
  facet normal -0.555567 -0.831472 -0
    outer loop
      vertex -3 -5.19615 21
      vertex -3.65257 -4.76012 3
      vertex -3 -5.19615 3
    endloop
  endfacet
  facet normal -0.980783 -0.195102 0
    outer loop
      vertex -5.84586 -1.3 3
      vertex -5.79555 -1.55291 3
      vertex -5.84586 -1.3 4
    endloop
  endfacet
  facet normal -0.980784 -0.195096 0
    outer loop
      vertex -5.84586 -1.3 4
      vertex -5.94867 -0.783156 24
      vertex -5.94867 -0.783156 4
    endloop
  endfacet
  facet normal -0.980783 -0.195102 -0
    outer loop
      vertex -5.79555 -1.55291 24
      vertex -5.84586 -1.3 4
      vertex -5.79555 -1.55291 3
    endloop
  endfacet
  facet normal -0.980784 -0.195098 4.74329e-08
    outer loop
      vertex -5.84586 -1.3 4
      vertex -5.79555 -1.55291 24
      vertex -5.94867 -0.783156 24
    endloop
  endfacet
  facet normal -1 0 0
    outer loop
      vertex -9 -8 21
      vertex -9 -2 27
      vertex -9 -2 21
    endloop
  endfacet
  facet normal -1 -0 0
    outer loop
      vertex -9 -2 27
      vertex -9 -8 21
      vertex -9 -8 27
    endloop
  endfacet
  facet normal -0 0 1
    outer loop
      vertex 51.3088 -6 27
      vertex 54 -8 27
      vertex 54 -6 27
    endloop
  endfacet
  facet normal 0 0 1
    outer loop
      vertex 54 -8 27
      vertex 51.3088 -6 27
      vertex 51.3088 -8 27
    endloop
  endfacet
  facet normal 0 0 1
    outer loop
      vertex 38.6912 -2 27
      vertex 1.1 -3 27
      vertex 38.6912 -3 27
    endloop
  endfacet
  facet normal 0 0 1
    outer loop
      vertex 1.1 -3 27
      vertex -9 -2 27
      vertex 1.1 -6 27
    endloop
  endfacet
  facet normal -0 0 1
    outer loop
      vertex -9 -2 27
      vertex 1.1 -3 27
      vertex 38.6912 -2 27
    endloop
  endfacet
  facet normal -0 0 1
    outer loop
      vertex 1.1 -6 27
      vertex 38.6912 -8 27
      vertex 38.6912 -6 27
    endloop
  endfacet
  facet normal 0 0 1
    outer loop
      vertex 1.1 -6 27
      vertex -9 -8 27
      vertex 38.6912 -8 27
    endloop
  endfacet
  facet normal 0 0 1
    outer loop
      vertex -9 -8 27
      vertex 1.1 -6 27
      vertex -9 -2 27
    endloop
  endfacet
  facet normal -0 0 1
    outer loop
      vertex 51.3088 -2 27
      vertex 54 -3 27
      vertex 54 -2 27
    endloop
  endfacet
  facet normal 0 0 1
    outer loop
      vertex 54 -3 27
      vertex 51.3088 -2 27
      vertex 51.3088 -3 27
    endloop
  endfacet
  facet normal 1 -0 0
    outer loop
      vertex 54 -8 27
      vertex 54 -6 21
      vertex 54 -6 27
    endloop
  endfacet
  facet normal 1 0 0
    outer loop
      vertex 54 -6 21
      vertex 54 -8 27
      vertex 54 -8 21
    endloop
  endfacet
  facet normal 1 -0 0
    outer loop
      vertex 54 -3 27
      vertex 54 -2 21
      vertex 54 -2 27
    endloop
  endfacet
  facet normal 1 0 0
    outer loop
      vertex 54 -2 21
      vertex 54 -3 27
      vertex 54 -3 21
    endloop
  endfacet
  facet normal 0 1 0
    outer loop
      vertex 54 -2 27
      vertex 51.4672 -2 26.6788
      vertex 51.3088 -2 27
    endloop
  endfacet
  facet normal 0 1 0
    outer loop
      vertex 54 -2 27
      vertex 51.7615 -2 25.8117
      vertex 51.4672 -2 26.6788
    endloop
  endfacet
  facet normal 0 1 0
    outer loop
      vertex 54 -2 27
      vertex 51.9401 -2 24.9137
      vertex 51.7615 -2 25.8117
    endloop
  endfacet
  facet normal 0 1 0
    outer loop
      vertex 54 -2 27
      vertex 52 -2 24
      vertex 51.9401 -2 24.9137
    endloop
  endfacet
  facet normal 0 1 -0
    outer loop
      vertex 54 -2 21
      vertex 52 -2 24
      vertex 54 -2 27
    endloop
  endfacet
  facet normal 0 1 0
    outer loop
      vertex 52 -2 24
      vertex 54 -2 21
      vertex 51.9401 -2 23.0863
    endloop
  endfacet
  facet normal 0 1 0
    outer loop
      vertex 51.9401 -2 23.0863
      vertex 54 -2 21
      vertex 51.7615 -2 22.1883
    endloop
  endfacet
  facet normal 0 1 0
    outer loop
      vertex 51.7615 -2 22.1883
      vertex 54 -2 21
      vertex 51.4672 -2 21.3212
    endloop
  endfacet
  facet normal 0 1 0
    outer loop
      vertex 51.4672 -2 21.3212
      vertex 54 -2 21
      vertex 51.3088 -2 21
    endloop
  endfacet
  facet normal 0 1 0
    outer loop
      vertex 38.0599 -2 23.0863
      vertex 5.64379 -2 24
      vertex 38 -2 24
    endloop
  endfacet
  facet normal 0 1 0
    outer loop
      vertex 5.64379 -2 21
      vertex 38.0599 -2 23.0863
      vertex 38.2385 -2 22.1883
    endloop
  endfacet
  facet normal 0 1 0
    outer loop
      vertex 5.64379 -2 21
      vertex 38.2385 -2 22.1883
      vertex 38.5328 -2 21.3212
    endloop
  endfacet
  facet normal 0 1 0
    outer loop
      vertex 5.64379 -2 21
      vertex 38.5328 -2 21.3212
      vertex 38.6912 -2 21
    endloop
  endfacet
  facet normal 0 1 0
    outer loop
      vertex 38.0599 -2 23.0863
      vertex 5.64379 -2 21
      vertex 5.64379 -2 24
    endloop
  endfacet
  facet normal 0 1 0
    outer loop
      vertex 5.64379 -2 24
      vertex 38.6912 -2 27
      vertex 38.5328 -2 26.6788
    endloop
  endfacet
  facet normal 0 1 0
    outer loop
      vertex 5.64379 -2 24
      vertex 38.5328 -2 26.6788
      vertex 38.2385 -2 25.8117
    endloop
  endfacet
  facet normal 0 1 0
    outer loop
      vertex 5.64379 -2 24
      vertex 38.2385 -2 25.8117
      vertex 38.0599 -2 24.9137
    endloop
  endfacet
  facet normal 0 1 0
    outer loop
      vertex 5.64379 -2 24
      vertex 38.0599 -2 24.9137
      vertex 38 -2 24
    endloop
  endfacet
  facet normal 0 1 0
    outer loop
      vertex 38.6912 -2 27
      vertex 5.64379 -2 24
      vertex -9 -2 27
    endloop
  endfacet
  facet normal 0 1 -0
    outer loop
      vertex -5.64379 -2 24
      vertex -9 -2 27
      vertex 5.64379 -2 24
    endloop
  endfacet
  facet normal 0 1 0
    outer loop
      vertex -9 -2 21
      vertex -5.64379 -2 24
      vertex -5.64379 -2 21
    endloop
  endfacet
  facet normal 0 1 0
    outer loop
      vertex -5.64379 -2 24
      vertex -9 -2 21
      vertex -9 -2 27
    endloop
  endfacet
  facet normal 0 0 -1
    outer loop
      vertex 38.6912 -8 21
      vertex 1.1 -6 21
      vertex 38.6912 -6 21
    endloop
  endfacet
  facet normal 0 0 -1
    outer loop
      vertex 1.1 -6 21
      vertex 0.783156 -5.94867 21
      vertex 1.1 -5.88564 21
    endloop
  endfacet
  facet normal 0 0 -1
    outer loop
      vertex 1.1 -6 21
      vertex 0 -6 21
      vertex 0.783156 -5.94867 21
    endloop
  endfacet
  facet normal 0 0 -1
    outer loop
      vertex -9 -8 21
      vertex 1.1 -6 21
      vertex 38.6912 -8 21
    endloop
  endfacet
  facet normal -0 0 -1
    outer loop
      vertex 1.1 -6 21
      vertex -9 -8 21
      vertex 0 -6 21
    endloop
  endfacet
  facet normal 0 0 -1
    outer loop
      vertex -9 -8 21
      vertex -0.783156 -5.94867 21
      vertex 0 -6 21
    endloop
  endfacet
  facet normal 0 0 -1
    outer loop
      vertex -9 -8 21
      vertex -1.55291 -5.79555 21
      vertex -0.783156 -5.94867 21
    endloop
  endfacet
  facet normal 0 0 -1
    outer loop
      vertex -9 -8 21
      vertex -2.2961 -5.54328 21
      vertex -1.55291 -5.79555 21
    endloop
  endfacet
  facet normal 0 0 -1
    outer loop
      vertex -9 -8 21
      vertex -3 -5.19615 21
      vertex -2.2961 -5.54328 21
    endloop
  endfacet
  facet normal 0 0 -1
    outer loop
      vertex -9 -8 21
      vertex -3.65257 -4.76012 21
      vertex -3 -5.19615 21
    endloop
  endfacet
  facet normal 0 0 -1
    outer loop
      vertex -9 -8 21
      vertex -4.24264 -4.24264 21
      vertex -3.65257 -4.76012 21
    endloop
  endfacet
  facet normal 0 0 -1
    outer loop
      vertex -9 -8 21
      vertex -4.76012 -3.65257 21
      vertex -4.24264 -4.24264 21
    endloop
  endfacet
  facet normal 0 0 -1
    outer loop
      vertex -9 -8 21
      vertex -5.19615 -3 21
      vertex -4.76012 -3.65257 21
    endloop
  endfacet
  facet normal 0 0 -1
    outer loop
      vertex -9 -2 21
      vertex -5.19615 -3 21
      vertex -9 -8 21
    endloop
  endfacet
  facet normal 0 0 -1
    outer loop
      vertex -5.19615 -3 21
      vertex -9 -2 21
      vertex -5.54328 -2.2961 21
    endloop
  endfacet
  facet normal 0 0 -1
    outer loop
      vertex -5.54328 -2.2961 21
      vertex -9 -2 21
      vertex -5.64379 -2 21
    endloop
  endfacet
  facet normal 0 0 -1
    outer loop
      vertex 51.3088 -3 21
      vertex 54 -2 21
      vertex 54 -3 21
    endloop
  endfacet
  facet normal -0 0 -1
    outer loop
      vertex 54 -2 21
      vertex 51.3088 -3 21
      vertex 51.3088 -2 21
    endloop
  endfacet
  facet normal 0 0 -1
    outer loop
      vertex 51.3088 -8 21
      vertex 54 -6 21
      vertex 54 -8 21
    endloop
  endfacet
  facet normal -0 0 -1
    outer loop
      vertex 54 -6 21
      vertex 51.3088 -8 21
      vertex 51.3088 -6 21
    endloop
  endfacet
  facet normal 0 0 -1
    outer loop
      vertex 38.6912 -3 21
      vertex 5.64379 -2 21
      vertex 38.6912 -2 21
    endloop
  endfacet
  facet normal 0 0 -1
    outer loop
      vertex 38.6912 -3 21
      vertex 5.54328 -2.2961 21
      vertex 5.64379 -2 21
    endloop
  endfacet
  facet normal 0 -0 -1
    outer loop
      vertex 5.54328 -2.2961 21
      vertex 38.6912 -3 21
      vertex 5.19615 -3 21
    endloop
  endfacet
  facet normal 0 -1 0
    outer loop
      vertex 51.4672 -8 26.6788
      vertex 54 -8 27
      vertex 51.3088 -8 27
    endloop
  endfacet
  facet normal 0 -1 0
    outer loop
      vertex 51.7615 -8 25.8117
      vertex 54 -8 27
      vertex 51.4672 -8 26.6788
    endloop
  endfacet
  facet normal 0 -1 0
    outer loop
      vertex 51.9401 -8 24.9137
      vertex 54 -8 27
      vertex 51.7615 -8 25.8117
    endloop
  endfacet
  facet normal 0 -1 0
    outer loop
      vertex 52 -8 24
      vertex 54 -8 27
      vertex 51.9401 -8 24.9137
    endloop
  endfacet
  facet normal 0 -1 0
    outer loop
      vertex 54 -8 21
      vertex 52 -8 24
      vertex 51.9401 -8 23.0863
    endloop
  endfacet
  facet normal 0 -1 0
    outer loop
      vertex 54 -8 21
      vertex 51.9401 -8 23.0863
      vertex 51.7615 -8 22.1883
    endloop
  endfacet
  facet normal 0 -1 0
    outer loop
      vertex 54 -8 21
      vertex 51.7615 -8 22.1883
      vertex 51.4672 -8 21.3212
    endloop
  endfacet
  facet normal 0 -1 0
    outer loop
      vertex 52 -8 24
      vertex 54 -8 21
      vertex 54 -8 27
    endloop
  endfacet
  facet normal 0 -1 0
    outer loop
      vertex 54 -8 21
      vertex 51.4672 -8 21.3212
      vertex 51.3088 -8 21
    endloop
  endfacet
  facet normal 0 -1 0
    outer loop
      vertex -9 -8 27
      vertex 38.5328 -8 26.6788
      vertex 38.6912 -8 27
    endloop
  endfacet
  facet normal 0 -1 0
    outer loop
      vertex -9 -8 27
      vertex 38.2385 -8 25.8117
      vertex 38.5328 -8 26.6788
    endloop
  endfacet
  facet normal 0 -1 0
    outer loop
      vertex -9 -8 27
      vertex 38.0599 -8 24.9137
      vertex 38.2385 -8 25.8117
    endloop
  endfacet
  facet normal 0 -1 0
    outer loop
      vertex -9 -8 27
      vertex 38 -8 24
      vertex 38.0599 -8 24.9137
    endloop
  endfacet
  facet normal 0 -1 0
    outer loop
      vertex -9 -8 21
      vertex 38 -8 24
      vertex -9 -8 27
    endloop
  endfacet
  facet normal 0 -1 -0
    outer loop
      vertex 38 -8 24
      vertex -9 -8 21
      vertex 38.0599 -8 23.0863
    endloop
  endfacet
  facet normal 0 -1 -0
    outer loop
      vertex 38.0599 -8 23.0863
      vertex -9 -8 21
      vertex 38.2385 -8 22.1883
    endloop
  endfacet
  facet normal 0 -1 -0
    outer loop
      vertex 38.2385 -8 22.1883
      vertex -9 -8 21
      vertex 38.5328 -8 21.3212
    endloop
  endfacet
  facet normal 0 -1 -0
    outer loop
      vertex 38.5328 -8 21.3212
      vertex -9 -8 21
      vertex 38.6912 -8 21
    endloop
  endfacet
  facet normal 0 0 1
    outer loop
      vertex 60.9 -6 13.85
      vertex 46.45 -8 13.85
      vertex 60.9 -46.6 13.85
    endloop
  endfacet
  facet normal 0 0 1
    outer loop
      vertex 60.9 -6 13.85
      vertex 43.45 -8 13.85
      vertex 46.45 -8 13.85
    endloop
  endfacet
  facet normal 0 0 1
    outer loop
      vertex 43.45 -8 13.85
      vertex 18.55 -8 13.85
      vertex 43.45 -44.6 13.85
    endloop
  endfacet
  facet normal 0 0 1
    outer loop
      vertex 60.9 -6 13.85
      vertex 18.55 -8 13.85
      vertex 43.45 -8 13.85
    endloop
  endfacet
  facet normal -0 0 1
    outer loop
      vertex 1.1 -6 13.85
      vertex 18.55 -8 13.85
      vertex 60.9 -6 13.85
    endloop
  endfacet
  facet normal 0 0 1
    outer loop
      vertex 15.55 -8 13.85
      vertex 1.1 -6 13.85
      vertex 15.55 -44.6 13.85
    endloop
  endfacet
  facet normal 0 0 1
    outer loop
      vertex 18.55 -8 13.85
      vertex 1.1 -6 13.85
      vertex 15.55 -8 13.85
    endloop
  endfacet
  facet normal -0 0 1
    outer loop
      vertex 46.45 -44.6 13.85
      vertex 60.9 -46.6 13.85
      vertex 46.45 -8 13.85
    endloop
  endfacet
  facet normal -0 0 1
    outer loop
      vertex 43.45 -44.6 13.85
      vertex 60.9 -46.6 13.85
      vertex 46.45 -44.6 13.85
    endloop
  endfacet
  facet normal 0 0 1
    outer loop
      vertex 18.55 -44.6 13.85
      vertex 43.45 -44.6 13.85
      vertex 18.55 -8 13.85
    endloop
  endfacet
  facet normal -0 0 1
    outer loop
      vertex 18.55 -44.6 13.85
      vertex 60.9 -46.6 13.85
      vertex 43.45 -44.6 13.85
    endloop
  endfacet
  facet normal 0 0 1
    outer loop
      vertex 1.1 -46.6 13.85
      vertex 18.55 -44.6 13.85
      vertex 15.55 -44.6 13.85
    endloop
  endfacet
  facet normal 0 0 1
    outer loop
      vertex 18.55 -44.6 13.85
      vertex 1.1 -46.6 13.85
      vertex 60.9 -46.6 13.85
    endloop
  endfacet
  facet normal 0 0 1
    outer loop
      vertex 1.1 -46.6 13.85
      vertex 15.55 -44.6 13.85
      vertex 1.1 -6 13.85
    endloop
  endfacet
  facet normal 0.751841 -0.659344 0
    outer loop
      vertex -9.23136 0.791389 3
      vertex -9.11924 0.919238 0
      vertex -9.11924 0.919238 3
    endloop
  endfacet
  facet normal 0.751841 -0.659344 0
    outer loop
      vertex -9.11924 0.919238 0
      vertex -9.23136 0.791389 3
      vertex -9.23136 0.791389 0
    endloop
  endfacet
  facet normal -0.195121 0.980779 0
    outer loop
      vertex -5.46354 -1.2557 0
      vertex -5.63032 -1.28888 4
      vertex -5.46354 -1.2557 4
    endloop
  endfacet
  facet normal -0.195121 0.980779 0
    outer loop
      vertex -5.63032 -1.28888 4
      vertex -5.46354 -1.2557 0
      vertex -5.63032 -1.28888 0
    endloop
  endfacet
  facet normal -0.831478 0.555558 0
    outer loop
      vertex -4.76864 -0.791389 0
      vertex -4.67417 -0.65 4
      vertex -4.67417 -0.65 0
    endloop
  endfacet
  facet normal -0.831478 0.555558 0
    outer loop
      vertex -4.67417 -0.65 4
      vertex -4.76864 -0.791389 0
      vertex -4.76864 -0.791389 4
    endloop
  endfacet
  facet normal 0.980779 -0.19512 0
    outer loop
      vertex -9.48888 0.169683 3
      vertex -9.4557 0.336464 0
      vertex -9.4557 0.336464 3
    endloop
  endfacet
  facet normal 0.980779 -0.19512 0
    outer loop
      vertex -9.4557 0.336464 0
      vertex -9.48888 0.169683 3
      vertex -9.48888 0.169683 0
    endloop
  endfacet
  facet normal -0.659348 -0.751838 0
    outer loop
      vertex -5.00861 1.03136 0
      vertex -4.88076 0.919238 4
      vertex -5.00861 1.03136 4
    endloop
  endfacet
  facet normal -0.659348 -0.751838 -0
    outer loop
      vertex -4.88076 0.919238 4
      vertex -5.00861 1.03136 0
      vertex -4.88076 0.919238 0
    endloop
  endfacet
  facet normal 0.946931 0.321438 0
    outer loop
      vertex -9.40104 -0.497488 3
      vertex -9.4557 -0.336464 0
      vertex -9.4557 -0.336464 3
    endloop
  endfacet
  facet normal 0.946931 0.321438 0
    outer loop
      vertex -9.4557 -0.336464 0
      vertex -9.40104 -0.497488 3
      vertex -9.40104 -0.497488 0
    endloop
  endfacet
  facet normal 0.896874 -0.442286 0
    outer loop
      vertex -9.40104 0.497488 3
      vertex -9.32583 0.65 0
      vertex -9.32583 0.65 3
    endloop
  endfacet
  facet normal 0.896874 -0.442286 0
    outer loop
      vertex -9.32583 0.65 0
      vertex -9.40104 0.497488 3
      vertex -9.40104 0.497488 0
    endloop
  endfacet
  facet normal -0.0653948 -0.997859 0
    outer loop
      vertex -5.8 1.3 0
      vertex -5.63032 1.28888 4
      vertex -5.8 1.3 4
    endloop
  endfacet
  facet normal -0.0653948 -0.997859 -0
    outer loop
      vertex -5.63032 1.28888 4
      vertex -5.8 1.3 0
      vertex -5.63032 1.28888 0
    endloop
  endfacet
  facet normal 0 1 0
    outer loop
      vertex -5.8 -1.3 4
      vertex -5.84586 -1.3 3
      vertex -5.84586 -1.3 4
    endloop
  endfacet
  facet normal 0 1 -0
    outer loop
      vertex -5.8 -1.3 0
      vertex -5.84586 -1.3 3
      vertex -5.8 -1.3 4
    endloop
  endfacet
  facet normal 0 1 0
    outer loop
      vertex -8.2 -1.3 0
      vertex -5.84586 -1.3 3
      vertex -5.8 -1.3 0
    endloop
  endfacet
  facet normal 0 1 0
    outer loop
      vertex -5.84586 -1.3 3
      vertex -8.2 -1.3 0
      vertex -8.2 -1.3 3
    endloop
  endfacet
  facet normal 0.896874 0.442286 0
    outer loop
      vertex -9.32583 -0.65 3
      vertex -9.40104 -0.497488 0
      vertex -9.40104 -0.497488 3
    endloop
  endfacet
  facet normal 0.896874 0.442286 0
    outer loop
      vertex -9.40104 -0.497488 0
      vertex -9.32583 -0.65 3
      vertex -9.32583 -0.65 0
    endloop
  endfacet
  facet normal 0.751841 0.659344 0
    outer loop
      vertex -9.11924 -0.919238 3
      vertex -9.23136 -0.791389 0
      vertex -9.23136 -0.791389 3
    endloop
  endfacet
  facet normal 0.751841 0.659344 0
    outer loop
      vertex -9.23136 -0.791389 0
      vertex -9.11924 -0.919238 3
      vertex -9.11924 -0.919238 0
    endloop
  endfacet
  facet normal 0.555555 0.83148 -0
    outer loop
      vertex -8.85 -1.12583 0
      vertex -8.99139 -1.03136 3
      vertex -8.85 -1.12583 3
    endloop
  endfacet
  facet normal 0.555555 0.83148 0
    outer loop
      vertex -8.99139 -1.03136 3
      vertex -8.85 -1.12583 0
      vertex -8.99139 -1.03136 0
    endloop
  endfacet
  facet normal 0.99786 -0.0653937 0
    outer loop
      vertex -9.5 0 3
      vertex -9.48888 0.169683 0
      vertex -9.48888 0.169683 3
    endloop
  endfacet
  facet normal 0.99786 -0.0653937 0
    outer loop
      vertex -9.48888 0.169683 0
      vertex -9.5 0 3
      vertex -9.5 0 0
    endloop
  endfacet
  facet normal 0.980779 0.19512 0
    outer loop
      vertex -9.4557 -0.336464 3
      vertex -9.48888 -0.169683 0
      vertex -9.48888 -0.169683 3
    endloop
  endfacet
  facet normal 0.980779 0.19512 0
    outer loop
      vertex -9.48888 -0.169683 0
      vertex -9.4557 -0.336464 3
      vertex -9.4557 -0.336464 0
    endloop
  endfacet
  facet normal 0.946931 -0.321438 0
    outer loop
      vertex -9.4557 0.336464 3
      vertex -9.40104 0.497488 0
      vertex -9.40104 0.497488 3
    endloop
  endfacet
  facet normal 0.946931 -0.321438 0
    outer loop
      vertex -9.40104 0.497488 0
      vertex -9.4557 0.336464 3
      vertex -9.4557 0.336464 0
    endloop
  endfacet
  facet normal 0.831478 -0.555558 0
    outer loop
      vertex -9.32583 0.65 3
      vertex -9.23136 0.791389 0
      vertex -9.23136 0.791389 3
    endloop
  endfacet
  facet normal 0.831478 -0.555558 0
    outer loop
      vertex -9.23136 0.791389 0
      vertex -9.32583 0.65 3
      vertex -9.32583 0.65 0
    endloop
  endfacet
  facet normal 0.659348 -0.751838 0
    outer loop
      vertex -9.11924 0.919238 0
      vertex -8.99139 1.03136 3
      vertex -9.11924 0.919238 3
    endloop
  endfacet
  facet normal 0.659348 -0.751838 0
    outer loop
      vertex -8.99139 1.03136 3
      vertex -9.11924 0.919238 0
      vertex -8.99139 1.03136 0
    endloop
  endfacet
  facet normal 0 -1 0
    outer loop
      vertex -8.2 1.3 3
      vertex -8.2 1.3 0
      vertex -5.84586 1.3 3
    endloop
  endfacet
  facet normal 0 -1 0
    outer loop
      vertex -5.84586 1.3 3
      vertex -5.8 1.3 4
      vertex -5.84586 1.3 4
    endloop
  endfacet
  facet normal 0 -1 0
    outer loop
      vertex -5.84586 1.3 3
      vertex -5.8 1.3 0
      vertex -5.8 1.3 4
    endloop
  endfacet
  facet normal 0 -1 0
    outer loop
      vertex -5.8 1.3 0
      vertex -5.84586 1.3 3
      vertex -8.2 1.3 0
    endloop
  endfacet
  facet normal 0.442291 -0.896872 0
    outer loop
      vertex -8.85 1.12583 0
      vertex -8.69749 1.20104 3
      vertex -8.85 1.12583 3
    endloop
  endfacet
  facet normal 0.442291 -0.896872 0
    outer loop
      vertex -8.69749 1.20104 3
      vertex -8.85 1.12583 0
      vertex -8.69749 1.20104 0
    endloop
  endfacet
  facet normal 0.321427 -0.946934 0
    outer loop
      vertex -8.69749 1.20104 0
      vertex -8.53646 1.2557 3
      vertex -8.69749 1.20104 3
    endloop
  endfacet
  facet normal 0.321427 -0.946934 0
    outer loop
      vertex -8.53646 1.2557 3
      vertex -8.69749 1.20104 0
      vertex -8.53646 1.2557 0
    endloop
  endfacet
  facet normal 0.555555 -0.83148 0
    outer loop
      vertex -8.99139 1.03136 0
      vertex -8.85 1.12583 3
      vertex -8.99139 1.03136 3
    endloop
  endfacet
  facet normal 0.555555 -0.83148 0
    outer loop
      vertex -8.85 1.12583 3
      vertex -8.99139 1.03136 0
      vertex -8.85 1.12583 0
    endloop
  endfacet
  facet normal -0.99786 0.0653937 0
    outer loop
      vertex -4.51112 -0.169683 0
      vertex -4.5 0 4
      vertex -4.5 0 0
    endloop
  endfacet
  facet normal -0.99786 0.0653937 0
    outer loop
      vertex -4.5 0 4
      vertex -4.51112 -0.169683 0
      vertex -4.51112 -0.169683 4
    endloop
  endfacet
  facet normal -0.946931 -0.321438 0
    outer loop
      vertex -4.5443 0.336464 0
      vertex -4.59896 0.497488 4
      vertex -4.59896 0.497488 0
    endloop
  endfacet
  facet normal -0.946931 -0.321438 0
    outer loop
      vertex -4.59896 0.497488 4
      vertex -4.5443 0.336464 0
      vertex -4.5443 0.336464 4
    endloop
  endfacet
  facet normal -0.195121 -0.980779 0
    outer loop
      vertex -5.63032 1.28888 0
      vertex -5.46354 1.2557 4
      vertex -5.63032 1.28888 4
    endloop
  endfacet
  facet normal -0.195121 -0.980779 -0
    outer loop
      vertex -5.46354 1.2557 4
      vertex -5.63032 1.28888 0
      vertex -5.46354 1.2557 0
    endloop
  endfacet
  facet normal 0.321427 0.946934 -0
    outer loop
      vertex -8.53646 -1.2557 0
      vertex -8.69749 -1.20104 3
      vertex -8.53646 -1.2557 3
    endloop
  endfacet
  facet normal 0.321427 0.946934 0
    outer loop
      vertex -8.69749 -1.20104 3
      vertex -8.53646 -1.2557 0
      vertex -8.69749 -1.20104 0
    endloop
  endfacet
  facet normal -0.0653948 0.997859 0
    outer loop
      vertex -5.63032 -1.28888 0
      vertex -5.8 -1.3 4
      vertex -5.63032 -1.28888 4
    endloop
  endfacet
  facet normal -0.0653948 0.997859 0
    outer loop
      vertex -5.8 -1.3 4
      vertex -5.63032 -1.28888 0
      vertex -5.8 -1.3 0
    endloop
  endfacet
  facet normal -0.659348 0.751838 0
    outer loop
      vertex -4.88076 -0.919238 0
      vertex -5.00861 -1.03136 4
      vertex -4.88076 -0.919238 4
    endloop
  endfacet
  facet normal -0.659348 0.751838 0
    outer loop
      vertex -5.00861 -1.03136 4
      vertex -4.88076 -0.919238 0
      vertex -5.00861 -1.03136 0
    endloop
  endfacet
  facet normal 0.831478 0.555558 0
    outer loop
      vertex -9.23136 -0.791389 3
      vertex -9.32583 -0.65 0
      vertex -9.32583 -0.65 3
    endloop
  endfacet
  facet normal 0.831478 0.555558 0
    outer loop
      vertex -9.32583 -0.65 0
      vertex -9.23136 -0.791389 3
      vertex -9.23136 -0.791389 0
    endloop
  endfacet
  facet normal 0.659348 0.751838 -0
    outer loop
      vertex -8.99139 -1.03136 0
      vertex -9.11924 -0.919238 3
      vertex -8.99139 -1.03136 3
    endloop
  endfacet
  facet normal 0.659348 0.751838 0
    outer loop
      vertex -9.11924 -0.919238 3
      vertex -8.99139 -1.03136 0
      vertex -9.11924 -0.919238 0
    endloop
  endfacet
  facet normal 0.442291 0.896872 -0
    outer loop
      vertex -8.69749 -1.20104 0
      vertex -8.85 -1.12583 3
      vertex -8.69749 -1.20104 3
    endloop
  endfacet
  facet normal 0.442291 0.896872 0
    outer loop
      vertex -8.85 -1.12583 3
      vertex -8.69749 -1.20104 0
      vertex -8.85 -1.12583 0
    endloop
  endfacet
  facet normal 0.99786 0.0653937 0
    outer loop
      vertex -9.48888 -0.169683 3
      vertex -9.5 0 0
      vertex -9.5 0 3
    endloop
  endfacet
  facet normal 0.99786 0.0653937 0
    outer loop
      vertex -9.5 0 0
      vertex -9.48888 -0.169683 3
      vertex -9.48888 -0.169683 0
    endloop
  endfacet
  facet normal 0 0 -1
    outer loop
      vertex -6 0 4
      vertex -4.5 0 4
      vertex -4.51112 -0.169683 4
    endloop
  endfacet
  facet normal 0 0 -1
    outer loop
      vertex -6 0 4
      vertex -4.51112 -0.169683 4
      vertex -4.5443 -0.336464 4
    endloop
  endfacet
  facet normal 0 0 -1
    outer loop
      vertex -4.5 0 4
      vertex -6 0 4
      vertex -4.51112 0.169683 4
    endloop
  endfacet
  facet normal 0 0 -1
    outer loop
      vertex -6 0 4
      vertex -4.5443 -0.336464 4
      vertex -4.59896 -0.497488 4
    endloop
  endfacet
  facet normal -0 0 -1
    outer loop
      vertex -4.51112 0.169683 4
      vertex -6 0 4
      vertex -4.5443 0.336464 4
    endloop
  endfacet
  facet normal 0 0 -1
    outer loop
      vertex -6 0 4
      vertex -4.59896 -0.497488 4
      vertex -4.67417 -0.65 4
    endloop
  endfacet
  facet normal -0 0 -1
    outer loop
      vertex -4.5443 0.336464 4
      vertex -6 0 4
      vertex -4.59896 0.497488 4
    endloop
  endfacet
  facet normal 0 0 -1
    outer loop
      vertex -6 0 4
      vertex -4.67417 -0.65 4
      vertex -4.76864 -0.791389 4
    endloop
  endfacet
  facet normal -0 0 -1
    outer loop
      vertex -4.59896 0.497488 4
      vertex -6 0 4
      vertex -4.67417 0.65 4
    endloop
  endfacet
  facet normal 0 0 -1
    outer loop
      vertex -5.94867 -0.783156 4
      vertex -4.76864 -0.791389 4
      vertex -4.88076 -0.919238 4
    endloop
  endfacet
  facet normal -0 0 -1
    outer loop
      vertex -4.67417 0.65 4
      vertex -6 0 4
      vertex -4.76864 0.791389 4
    endloop
  endfacet
  facet normal 0 0 -1
    outer loop
      vertex -5.94867 -0.783156 4
      vertex -4.88076 -0.919238 4
      vertex -5.00861 -1.03136 4
    endloop
  endfacet
  facet normal 0 -0 -1
    outer loop
      vertex -5.94867 0.783156 4
      vertex -4.76864 0.791389 4
      vertex -6 0 4
    endloop
  endfacet
  facet normal 0 0 -1
    outer loop
      vertex -5.94867 -0.783156 4
      vertex -5.00861 -1.03136 4
      vertex -5.15 -1.12583 4
    endloop
  endfacet
  facet normal -0 0 -1
    outer loop
      vertex -4.76864 0.791389 4
      vertex -5.94867 0.783156 4
      vertex -4.88076 0.919238 4
    endloop
  endfacet
  facet normal 0 0 -1
    outer loop
      vertex -5.94867 -0.783156 4
      vertex -5.15 -1.12583 4
      vertex -5.30251 -1.20104 4
    endloop
  endfacet
  facet normal -0 0 -1
    outer loop
      vertex -4.88076 0.919238 4
      vertex -5.94867 0.783156 4
      vertex -5.00861 1.03136 4
    endloop
  endfacet
  facet normal 0 0 -1
    outer loop
      vertex -5.94867 -0.783156 4
      vertex -5.30251 -1.20104 4
      vertex -5.46354 -1.2557 4
    endloop
  endfacet
  facet normal -0 0 -1
    outer loop
      vertex -5.00861 1.03136 4
      vertex -5.94867 0.783156 4
      vertex -5.15 1.12583 4
    endloop
  endfacet
  facet normal 0 0 -1
    outer loop
      vertex -5.94867 -0.783156 4
      vertex -5.46354 -1.2557 4
      vertex -5.63032 -1.28888 4
    endloop
  endfacet
  facet normal -0 0 -1
    outer loop
      vertex -5.15 1.12583 4
      vertex -5.94867 0.783156 4
      vertex -5.30251 1.20104 4
    endloop
  endfacet
  facet normal 0 0 -1
    outer loop
      vertex -5.94867 -0.783156 4
      vertex -5.63032 -1.28888 4
      vertex -5.8 -1.3 4
    endloop
  endfacet
  facet normal -0 0 -1
    outer loop
      vertex -5.30251 1.20104 4
      vertex -5.94867 0.783156 4
      vertex -5.46354 1.2557 4
    endloop
  endfacet
  facet normal 0 0 -1
    outer loop
      vertex -5.94867 -0.783156 4
      vertex -5.8 -1.3 4
      vertex -5.84586 -1.3 4
    endloop
  endfacet
  facet normal -0 0 -1
    outer loop
      vertex -5.46354 1.2557 4
      vertex -5.94867 0.783156 4
      vertex -5.63032 1.28888 4
    endloop
  endfacet
  facet normal 0 0 -1
    outer loop
      vertex -4.76864 -0.791389 4
      vertex -5.94867 -0.783156 4
      vertex -6 0 4
    endloop
  endfacet
  facet normal -0 0 -1
    outer loop
      vertex -5.63032 1.28888 4
      vertex -5.94867 0.783156 4
      vertex -5.8 1.3 4
    endloop
  endfacet
  facet normal -0 0 -1
    outer loop
      vertex -5.8 1.3 4
      vertex -5.94867 0.783156 4
      vertex -5.84586 1.3 4
    endloop
  endfacet
  facet normal 0.0653948 -0.997859 0
    outer loop
      vertex -8.36968 1.28888 0
      vertex -8.2 1.3 3
      vertex -8.36968 1.28888 3
    endloop
  endfacet
  facet normal 0.0653948 -0.997859 0
    outer loop
      vertex -8.2 1.3 3
      vertex -8.36968 1.28888 0
      vertex -8.2 1.3 0
    endloop
  endfacet
  facet normal -0.751841 0.659344 0
    outer loop
      vertex -4.88076 -0.919238 0
      vertex -4.76864 -0.791389 4
      vertex -4.76864 -0.791389 0
    endloop
  endfacet
  facet normal -0.751841 0.659344 0
    outer loop
      vertex -4.76864 -0.791389 4
      vertex -4.88076 -0.919238 0
      vertex -4.88076 -0.919238 4
    endloop
  endfacet
  facet normal -0.896874 0.442286 0
    outer loop
      vertex -4.67417 -0.65 0
      vertex -4.59896 -0.497488 4
      vertex -4.59896 -0.497488 0
    endloop
  endfacet
  facet normal -0.896874 0.442286 0
    outer loop
      vertex -4.59896 -0.497488 4
      vertex -4.67417 -0.65 0
      vertex -4.67417 -0.65 4
    endloop
  endfacet
  facet normal -0.321427 -0.946934 0
    outer loop
      vertex -5.46354 1.2557 0
      vertex -5.30251 1.20104 4
      vertex -5.46354 1.2557 4
    endloop
  endfacet
  facet normal -0.321427 -0.946934 -0
    outer loop
      vertex -5.30251 1.20104 4
      vertex -5.46354 1.2557 0
      vertex -5.30251 1.20104 0
    endloop
  endfacet
  facet normal -0.442291 0.896872 0
    outer loop
      vertex -5.15 -1.12583 0
      vertex -5.30251 -1.20104 4
      vertex -5.15 -1.12583 4
    endloop
  endfacet
  facet normal -0.442291 0.896872 0
    outer loop
      vertex -5.30251 -1.20104 4
      vertex -5.15 -1.12583 0
      vertex -5.30251 -1.20104 0
    endloop
  endfacet
  facet normal -0.321427 0.946934 0
    outer loop
      vertex -5.30251 -1.20104 0
      vertex -5.46354 -1.2557 4
      vertex -5.30251 -1.20104 4
    endloop
  endfacet
  facet normal -0.321427 0.946934 0
    outer loop
      vertex -5.46354 -1.2557 4
      vertex -5.30251 -1.20104 0
      vertex -5.46354 -1.2557 0
    endloop
  endfacet
  facet normal 0.195121 -0.980779 0
    outer loop
      vertex -8.53646 1.2557 0
      vertex -8.36968 1.28888 3
      vertex -8.53646 1.2557 3
    endloop
  endfacet
  facet normal 0.195121 -0.980779 0
    outer loop
      vertex -8.36968 1.28888 3
      vertex -8.53646 1.2557 0
      vertex -8.36968 1.28888 0
    endloop
  endfacet
  facet normal -0.946931 0.321438 0
    outer loop
      vertex -4.59896 -0.497488 0
      vertex -4.5443 -0.336464 4
      vertex -4.5443 -0.336464 0
    endloop
  endfacet
  facet normal -0.946931 0.321438 0
    outer loop
      vertex -4.5443 -0.336464 4
      vertex -4.59896 -0.497488 0
      vertex -4.59896 -0.497488 4
    endloop
  endfacet
  facet normal -0.442291 -0.896872 0
    outer loop
      vertex -5.30251 1.20104 0
      vertex -5.15 1.12583 4
      vertex -5.30251 1.20104 4
    endloop
  endfacet
  facet normal -0.442291 -0.896872 -0
    outer loop
      vertex -5.15 1.12583 4
      vertex -5.30251 1.20104 0
      vertex -5.15 1.12583 0
    endloop
  endfacet
  facet normal -0.751841 -0.659344 0
    outer loop
      vertex -4.76864 0.791389 0
      vertex -4.88076 0.919238 4
      vertex -4.88076 0.919238 0
    endloop
  endfacet
  facet normal -0.751841 -0.659344 0
    outer loop
      vertex -4.88076 0.919238 4
      vertex -4.76864 0.791389 0
      vertex -4.76864 0.791389 4
    endloop
  endfacet
  facet normal 0.195121 0.980779 -0
    outer loop
      vertex -8.36968 -1.28888 0
      vertex -8.53646 -1.2557 3
      vertex -8.36968 -1.28888 3
    endloop
  endfacet
  facet normal 0.195121 0.980779 0
    outer loop
      vertex -8.53646 -1.2557 3
      vertex -8.36968 -1.28888 0
      vertex -8.53646 -1.2557 0
    endloop
  endfacet
  facet normal -0.555555 0.83148 0
    outer loop
      vertex -5.00861 -1.03136 0
      vertex -5.15 -1.12583 4
      vertex -5.00861 -1.03136 4
    endloop
  endfacet
  facet normal -0.555555 0.83148 0
    outer loop
      vertex -5.15 -1.12583 4
      vertex -5.00861 -1.03136 0
      vertex -5.15 -1.12583 0
    endloop
  endfacet
  facet normal -0.980779 0.19512 0
    outer loop
      vertex -4.5443 -0.336464 0
      vertex -4.51112 -0.169683 4
      vertex -4.51112 -0.169683 0
    endloop
  endfacet
  facet normal -0.980779 0.19512 0
    outer loop
      vertex -4.51112 -0.169683 4
      vertex -4.5443 -0.336464 0
      vertex -4.5443 -0.336464 4
    endloop
  endfacet
  facet normal -0.980779 -0.19512 0
    outer loop
      vertex -4.51112 0.169683 0
      vertex -4.5443 0.336464 4
      vertex -4.5443 0.336464 0
    endloop
  endfacet
  facet normal -0.980779 -0.19512 0
    outer loop
      vertex -4.5443 0.336464 4
      vertex -4.51112 0.169683 0
      vertex -4.51112 0.169683 4
    endloop
  endfacet
  facet normal -0.99786 -0.0653937 0
    outer loop
      vertex -4.5 0 0
      vertex -4.51112 0.169683 4
      vertex -4.51112 0.169683 0
    endloop
  endfacet
  facet normal -0.99786 -0.0653937 0
    outer loop
      vertex -4.51112 0.169683 4
      vertex -4.5 0 0
      vertex -4.5 0 4
    endloop
  endfacet
  facet normal -0.555555 -0.83148 0
    outer loop
      vertex -5.15 1.12583 0
      vertex -5.00861 1.03136 4
      vertex -5.15 1.12583 4
    endloop
  endfacet
  facet normal -0.555555 -0.83148 -0
    outer loop
      vertex -5.00861 1.03136 4
      vertex -5.15 1.12583 0
      vertex -5.00861 1.03136 0
    endloop
  endfacet
  facet normal -0.831478 -0.555558 0
    outer loop
      vertex -4.67417 0.65 0
      vertex -4.76864 0.791389 4
      vertex -4.76864 0.791389 0
    endloop
  endfacet
  facet normal -0.831478 -0.555558 0
    outer loop
      vertex -4.76864 0.791389 4
      vertex -4.67417 0.65 0
      vertex -4.67417 0.65 4
    endloop
  endfacet
  facet normal -0.896874 -0.442286 0
    outer loop
      vertex -4.59896 0.497488 0
      vertex -4.67417 0.65 4
      vertex -4.67417 0.65 0
    endloop
  endfacet
  facet normal -0.896874 -0.442286 0
    outer loop
      vertex -4.67417 0.65 4
      vertex -4.59896 0.497488 0
      vertex -4.59896 0.497488 4
    endloop
  endfacet
  facet normal 0.0653948 0.997859 -0
    outer loop
      vertex -8.2 -1.3 0
      vertex -8.36968 -1.28888 3
      vertex -8.2 -1.3 3
    endloop
  endfacet
  facet normal 0.0653948 0.997859 0
    outer loop
      vertex -8.36968 -1.28888 3
      vertex -8.2 -1.3 0
      vertex -8.36968 -1.28888 0
    endloop
  endfacet
  facet normal 0.555555 0.83148 -0
    outer loop
      vertex 5.15 -1.12583 0
      vertex 5.00861 -1.03136 4
      vertex 5.15 -1.12583 4
    endloop
  endfacet
  facet normal 0.555555 0.83148 0
    outer loop
      vertex 5.00861 -1.03136 4
      vertex 5.15 -1.12583 0
      vertex 5.00861 -1.03136 0
    endloop
  endfacet
  facet normal 0.980779 0.19512 0
    outer loop
      vertex 4.5443 -0.336464 4
      vertex 4.51112 -0.169683 0
      vertex 4.51112 -0.169683 4
    endloop
  endfacet
  facet normal 0.980779 0.19512 0
    outer loop
      vertex 4.51112 -0.169683 0
      vertex 4.5443 -0.336464 4
      vertex 4.5443 -0.336464 0
    endloop
  endfacet
  facet normal 0.555555 -0.83148 0
    outer loop
      vertex 5.00861 1.03136 0
      vertex 5.15 1.12583 4
      vertex 5.00861 1.03136 4
    endloop
  endfacet
  facet normal 0.555555 -0.83148 0
    outer loop
      vertex 5.15 1.12583 4
      vertex 5.00861 1.03136 0
      vertex 5.15 1.12583 0
    endloop
  endfacet
  facet normal -0.946931 -0.321438 0
    outer loop
      vertex 9.4557 0.336464 0
      vertex 9.40104 0.497488 3
      vertex 9.40104 0.497488 0
    endloop
  endfacet
  facet normal -0.946931 -0.321438 0
    outer loop
      vertex 9.40104 0.497488 3
      vertex 9.4557 0.336464 0
      vertex 9.4557 0.336464 3
    endloop
  endfacet
  facet normal -0.0653948 0.997859 0
    outer loop
      vertex 8.36968 -1.28888 0
      vertex 8.2 -1.3 3
      vertex 8.36968 -1.28888 3
    endloop
  endfacet
  facet normal -0.0653948 0.997859 0
    outer loop
      vertex 8.2 -1.3 3
      vertex 8.36968 -1.28888 0
      vertex 8.2 -1.3 0
    endloop
  endfacet
  facet normal 0.946931 0.321438 0
    outer loop
      vertex 4.59896 -0.497488 4
      vertex 4.5443 -0.336464 0
      vertex 4.5443 -0.336464 4
    endloop
  endfacet
  facet normal 0.946931 0.321438 0
    outer loop
      vertex 4.5443 -0.336464 0
      vertex 4.59896 -0.497488 4
      vertex 4.59896 -0.497488 0
    endloop
  endfacet
  facet normal 0.896874 -0.442286 0
    outer loop
      vertex 4.59896 0.497488 4
      vertex 4.67417 0.65 0
      vertex 4.67417 0.65 4
    endloop
  endfacet
  facet normal 0.896874 -0.442286 0
    outer loop
      vertex 4.67417 0.65 0
      vertex 4.59896 0.497488 4
      vertex 4.59896 0.497488 0
    endloop
  endfacet
  facet normal 0.442291 -0.896872 0
    outer loop
      vertex 5.15 1.12583 0
      vertex 5.30251 1.20104 4
      vertex 5.15 1.12583 4
    endloop
  endfacet
  facet normal 0.442291 -0.896872 0
    outer loop
      vertex 5.30251 1.20104 4
      vertex 5.15 1.12583 0
      vertex 5.30251 1.20104 0
    endloop
  endfacet
  facet normal -0.659348 -0.751838 0
    outer loop
      vertex 8.99139 1.03136 0
      vertex 9.11924 0.919238 3
      vertex 8.99139 1.03136 3
    endloop
  endfacet
  facet normal -0.659348 -0.751838 -0
    outer loop
      vertex 9.11924 0.919238 3
      vertex 8.99139 1.03136 0
      vertex 9.11924 0.919238 0
    endloop
  endfacet
  facet normal -0.195121 -0.980779 0
    outer loop
      vertex 8.36968 1.28888 0
      vertex 8.53646 1.2557 3
      vertex 8.36968 1.28888 3
    endloop
  endfacet
  facet normal -0.195121 -0.980779 -0
    outer loop
      vertex 8.53646 1.2557 3
      vertex 8.36968 1.28888 0
      vertex 8.53646 1.2557 0
    endloop
  endfacet
  facet normal 0 -1 0
    outer loop
      vertex 5.8 1.3 4
      vertex 5.84586 1.3 3
      vertex 5.84586 1.3 4
    endloop
  endfacet
  facet normal 0 -1 0
    outer loop
      vertex 5.8 1.3 0
      vertex 5.84586 1.3 3
      vertex 5.8 1.3 4
    endloop
  endfacet
  facet normal 0 -1 0
    outer loop
      vertex 8.2 1.3 0
      vertex 5.84586 1.3 3
      vertex 5.8 1.3 0
    endloop
  endfacet
  facet normal 0 -1 0
    outer loop
      vertex 5.84586 1.3 3
      vertex 8.2 1.3 0
      vertex 8.2 1.3 3
    endloop
  endfacet
  facet normal 0.442291 0.896872 -0
    outer loop
      vertex 5.30251 -1.20104 0
      vertex 5.15 -1.12583 4
      vertex 5.30251 -1.20104 4
    endloop
  endfacet
  facet normal 0.442291 0.896872 0
    outer loop
      vertex 5.15 -1.12583 4
      vertex 5.30251 -1.20104 0
      vertex 5.15 -1.12583 0
    endloop
  endfacet
  facet normal 0.896874 0.442286 0
    outer loop
      vertex 4.67417 -0.65 4
      vertex 4.59896 -0.497488 0
      vertex 4.59896 -0.497488 4
    endloop
  endfacet
  facet normal 0.896874 0.442286 0
    outer loop
      vertex 4.59896 -0.497488 0
      vertex 4.67417 -0.65 4
      vertex 4.67417 -0.65 0
    endloop
  endfacet
  facet normal 0.751841 0.659344 0
    outer loop
      vertex 4.88076 -0.919238 4
      vertex 4.76864 -0.791389 0
      vertex 4.76864 -0.791389 4
    endloop
  endfacet
  facet normal 0.751841 0.659344 0
    outer loop
      vertex 4.76864 -0.791389 0
      vertex 4.88076 -0.919238 4
      vertex 4.88076 -0.919238 0
    endloop
  endfacet
  facet normal 0.99786 -0.0653937 0
    outer loop
      vertex 4.5 0 4
      vertex 4.51112 0.169683 0
      vertex 4.51112 0.169683 4
    endloop
  endfacet
  facet normal 0.99786 -0.0653937 0
    outer loop
      vertex 4.51112 0.169683 0
      vertex 4.5 0 4
      vertex 4.5 0 0
    endloop
  endfacet
  facet normal 0.946931 -0.321438 0
    outer loop
      vertex 4.5443 0.336464 4
      vertex 4.59896 0.497488 0
      vertex 4.59896 0.497488 4
    endloop
  endfacet
  facet normal 0.946931 -0.321438 0
    outer loop
      vertex 4.59896 0.497488 0
      vertex 4.5443 0.336464 4
      vertex 4.5443 0.336464 0
    endloop
  endfacet
  facet normal 0.831478 -0.555558 0
    outer loop
      vertex 4.67417 0.65 4
      vertex 4.76864 0.791389 0
      vertex 4.76864 0.791389 4
    endloop
  endfacet
  facet normal 0.831478 -0.555558 0
    outer loop
      vertex 4.76864 0.791389 0
      vertex 4.67417 0.65 4
      vertex 4.67417 0.65 0
    endloop
  endfacet
  facet normal 0.980779 -0.19512 0
    outer loop
      vertex 4.51112 0.169683 4
      vertex 4.5443 0.336464 0
      vertex 4.5443 0.336464 4
    endloop
  endfacet
  facet normal 0.980779 -0.19512 0
    outer loop
      vertex 4.5443 0.336464 0
      vertex 4.51112 0.169683 4
      vertex 4.51112 0.169683 0
    endloop
  endfacet
  facet normal 0.751841 -0.659344 0
    outer loop
      vertex 4.76864 0.791389 4
      vertex 4.88076 0.919238 0
      vertex 4.88076 0.919238 4
    endloop
  endfacet
  facet normal 0.751841 -0.659344 0
    outer loop
      vertex 4.88076 0.919238 0
      vertex 4.76864 0.791389 4
      vertex 4.76864 0.791389 0
    endloop
  endfacet
  facet normal 0.659348 -0.751838 0
    outer loop
      vertex 4.88076 0.919238 0
      vertex 5.00861 1.03136 4
      vertex 4.88076 0.919238 4
    endloop
  endfacet
  facet normal 0.659348 -0.751838 0
    outer loop
      vertex 5.00861 1.03136 4
      vertex 4.88076 0.919238 0
      vertex 5.00861 1.03136 0
    endloop
  endfacet
  facet normal 0.321427 -0.946934 0
    outer loop
      vertex 5.30251 1.20104 0
      vertex 5.46354 1.2557 4
      vertex 5.30251 1.20104 4
    endloop
  endfacet
  facet normal 0.321427 -0.946934 0
    outer loop
      vertex 5.46354 1.2557 4
      vertex 5.30251 1.20104 0
      vertex 5.46354 1.2557 0
    endloop
  endfacet
  facet normal -0.831478 0.555558 0
    outer loop
      vertex 9.23136 -0.791389 0
      vertex 9.32583 -0.65 3
      vertex 9.32583 -0.65 0
    endloop
  endfacet
  facet normal -0.831478 0.555558 0
    outer loop
      vertex 9.32583 -0.65 3
      vertex 9.23136 -0.791389 0
      vertex 9.23136 -0.791389 3
    endloop
  endfacet
  facet normal -0.99786 0.0653937 0
    outer loop
      vertex 9.48888 -0.169683 0
      vertex 9.5 0 3
      vertex 9.5 0 0
    endloop
  endfacet
  facet normal -0.99786 0.0653937 0
    outer loop
      vertex 9.5 0 3
      vertex 9.48888 -0.169683 0
      vertex 9.48888 -0.169683 3
    endloop
  endfacet
  facet normal -0.0653948 -0.997859 0
    outer loop
      vertex 8.2 1.3 0
      vertex 8.36968 1.28888 3
      vertex 8.2 1.3 3
    endloop
  endfacet
  facet normal -0.0653948 -0.997859 -0
    outer loop
      vertex 8.36968 1.28888 3
      vertex 8.2 1.3 0
      vertex 8.36968 1.28888 0
    endloop
  endfacet
  facet normal 0.321427 0.946934 -0
    outer loop
      vertex 5.46354 -1.2557 0
      vertex 5.30251 -1.20104 4
      vertex 5.46354 -1.2557 4
    endloop
  endfacet
  facet normal 0.321427 0.946934 0
    outer loop
      vertex 5.30251 -1.20104 4
      vertex 5.46354 -1.2557 0
      vertex 5.30251 -1.20104 0
    endloop
  endfacet
  facet normal -0.659348 0.751838 0
    outer loop
      vertex 9.11924 -0.919238 0
      vertex 8.99139 -1.03136 3
      vertex 9.11924 -0.919238 3
    endloop
  endfacet
  facet normal -0.659348 0.751838 0
    outer loop
      vertex 8.99139 -1.03136 3
      vertex 9.11924 -0.919238 0
      vertex 8.99139 -1.03136 0
    endloop
  endfacet
  facet normal 0.831478 0.555558 0
    outer loop
      vertex 4.76864 -0.791389 4
      vertex 4.67417 -0.65 0
      vertex 4.67417 -0.65 4
    endloop
  endfacet
  facet normal 0.831478 0.555558 0
    outer loop
      vertex 4.67417 -0.65 0
      vertex 4.76864 -0.791389 4
      vertex 4.76864 -0.791389 0
    endloop
  endfacet
  facet normal 0.659348 0.751838 -0
    outer loop
      vertex 5.00861 -1.03136 0
      vertex 4.88076 -0.919238 4
      vertex 5.00861 -1.03136 4
    endloop
  endfacet
  facet normal 0.659348 0.751838 0
    outer loop
      vertex 4.88076 -0.919238 4
      vertex 5.00861 -1.03136 0
      vertex 4.88076 -0.919238 0
    endloop
  endfacet
  facet normal 0.99786 0.0653937 0
    outer loop
      vertex 4.51112 -0.169683 4
      vertex 4.5 0 0
      vertex 4.5 0 4
    endloop
  endfacet
  facet normal 0.99786 0.0653937 0
    outer loop
      vertex 4.5 0 0
      vertex 4.51112 -0.169683 4
      vertex 4.51112 -0.169683 0
    endloop
  endfacet
  facet normal 0 0 -1
    outer loop
      vertex 4.76864 -0.791389 4
      vertex 6 0 4
      vertex 5.94867 -0.783156 4
    endloop
  endfacet
  facet normal 0 0 -1
    outer loop
      vertex 5.8 -1.3 4
      vertex 5.94867 -0.783156 4
      vertex 5.84586 -1.3 4
    endloop
  endfacet
  facet normal 0 0 -1
    outer loop
      vertex 5.63032 -1.28888 4
      vertex 5.94867 -0.783156 4
      vertex 5.8 -1.3 4
    endloop
  endfacet
  facet normal 0 0 -1
    outer loop
      vertex 5.46354 -1.2557 4
      vertex 5.94867 -0.783156 4
      vertex 5.63032 -1.28888 4
    endloop
  endfacet
  facet normal 0 0 -1
    outer loop
      vertex 5.94867 0.783156 4
      vertex 5.8 1.3 4
      vertex 5.84586 1.3 4
    endloop
  endfacet
  facet normal 0 0 -1
    outer loop
      vertex 5.30251 -1.20104 4
      vertex 5.94867 -0.783156 4
      vertex 5.46354 -1.2557 4
    endloop
  endfacet
  facet normal 0 0 -1
    outer loop
      vertex 5.94867 0.783156 4
      vertex 5.63032 1.28888 4
      vertex 5.8 1.3 4
    endloop
  endfacet
  facet normal 0 0 -1
    outer loop
      vertex 5.15 -1.12583 4
      vertex 5.94867 -0.783156 4
      vertex 5.30251 -1.20104 4
    endloop
  endfacet
  facet normal 0 0 -1
    outer loop
      vertex 5.94867 0.783156 4
      vertex 5.46354 1.2557 4
      vertex 5.63032 1.28888 4
    endloop
  endfacet
  facet normal 0 0 -1
    outer loop
      vertex 5.00861 -1.03136 4
      vertex 5.94867 -0.783156 4
      vertex 5.15 -1.12583 4
    endloop
  endfacet
  facet normal 0 0 -1
    outer loop
      vertex 5.94867 0.783156 4
      vertex 5.30251 1.20104 4
      vertex 5.46354 1.2557 4
    endloop
  endfacet
  facet normal 0 0 -1
    outer loop
      vertex 4.88076 -0.919238 4
      vertex 5.94867 -0.783156 4
      vertex 5.00861 -1.03136 4
    endloop
  endfacet
  facet normal 0 0 -1
    outer loop
      vertex 5.94867 0.783156 4
      vertex 5.15 1.12583 4
      vertex 5.30251 1.20104 4
    endloop
  endfacet
  facet normal 0 0 -1
    outer loop
      vertex 4.76864 -0.791389 4
      vertex 5.94867 -0.783156 4
      vertex 4.88076 -0.919238 4
    endloop
  endfacet
  facet normal 0 0 -1
    outer loop
      vertex 5.94867 0.783156 4
      vertex 5.00861 1.03136 4
      vertex 5.15 1.12583 4
    endloop
  endfacet
  facet normal 0 0 -1
    outer loop
      vertex 6 0 4
      vertex 4.76864 -0.791389 4
      vertex 4.67417 -0.65 4
    endloop
  endfacet
  facet normal 0 0 -1
    outer loop
      vertex 5.94867 0.783156 4
      vertex 4.88076 0.919238 4
      vertex 5.00861 1.03136 4
    endloop
  endfacet
  facet normal 0 0 -1
    outer loop
      vertex 6 0 4
      vertex 4.67417 -0.65 4
      vertex 4.59896 -0.497488 4
    endloop
  endfacet
  facet normal 0 0 -1
    outer loop
      vertex 5.94867 0.783156 4
      vertex 4.76864 0.791389 4
      vertex 4.88076 0.919238 4
    endloop
  endfacet
  facet normal 0 0 -1
    outer loop
      vertex 6 0 4
      vertex 4.59896 -0.497488 4
      vertex 4.5443 -0.336464 4
    endloop
  endfacet
  facet normal 0 0 -1
    outer loop
      vertex 6 0 4
      vertex 4.76864 0.791389 4
      vertex 5.94867 0.783156 4
    endloop
  endfacet
  facet normal 0 0 -1
    outer loop
      vertex 6 0 4
      vertex 4.5443 -0.336464 4
      vertex 4.51112 -0.169683 4
    endloop
  endfacet
  facet normal 0 -0 -1
    outer loop
      vertex 4.76864 0.791389 4
      vertex 6 0 4
      vertex 4.67417 0.65 4
    endloop
  endfacet
  facet normal -0 0 -1
    outer loop
      vertex 6 0 4
      vertex 4.51112 -0.169683 4
      vertex 4.5 0 4
    endloop
  endfacet
  facet normal 0 -0 -1
    outer loop
      vertex 4.67417 0.65 4
      vertex 6 0 4
      vertex 4.59896 0.497488 4
    endloop
  endfacet
  facet normal 0 -0 -1
    outer loop
      vertex 4.51112 0.169683 4
      vertex 6 0 4
      vertex 4.5 0 4
    endloop
  endfacet
  facet normal 0 -0 -1
    outer loop
      vertex 4.59896 0.497488 4
      vertex 6 0 4
      vertex 4.5443 0.336464 4
    endloop
  endfacet
  facet normal 0 -0 -1
    outer loop
      vertex 4.5443 0.336464 4
      vertex 6 0 4
      vertex 4.51112 0.169683 4
    endloop
  endfacet
  facet normal 0.0653948 -0.997859 0
    outer loop
      vertex 5.63032 1.28888 0
      vertex 5.8 1.3 4
      vertex 5.63032 1.28888 4
    endloop
  endfacet
  facet normal 0.0653948 -0.997859 0
    outer loop
      vertex 5.8 1.3 4
      vertex 5.63032 1.28888 0
      vertex 5.8 1.3 0
    endloop
  endfacet
  facet normal -0.751841 0.659344 0
    outer loop
      vertex 9.11924 -0.919238 0
      vertex 9.23136 -0.791389 3
      vertex 9.23136 -0.791389 0
    endloop
  endfacet
  facet normal -0.751841 0.659344 0
    outer loop
      vertex 9.23136 -0.791389 3
      vertex 9.11924 -0.919238 0
      vertex 9.11924 -0.919238 3
    endloop
  endfacet
  facet normal -0.321427 -0.946934 0
    outer loop
      vertex 8.53646 1.2557 0
      vertex 8.69749 1.20104 3
      vertex 8.53646 1.2557 3
    endloop
  endfacet
  facet normal -0.321427 -0.946934 -0
    outer loop
      vertex 8.69749 1.20104 3
      vertex 8.53646 1.2557 0
      vertex 8.69749 1.20104 0
    endloop
  endfacet
  facet normal 0 1 0
    outer loop
      vertex 8.2 -1.3 3
      vertex 8.2 -1.3 0
      vertex 5.84586 -1.3 3
    endloop
  endfacet
  facet normal 0 1 -0
    outer loop
      vertex 5.84586 -1.3 3
      vertex 5.8 -1.3 4
      vertex 5.84586 -1.3 4
    endloop
  endfacet
  facet normal 0 1 0
    outer loop
      vertex 5.84586 -1.3 3
      vertex 5.8 -1.3 0
      vertex 5.8 -1.3 4
    endloop
  endfacet
  facet normal 0 1 0
    outer loop
      vertex 5.8 -1.3 0
      vertex 5.84586 -1.3 3
      vertex 8.2 -1.3 0
    endloop
  endfacet
  facet normal -0.195121 0.980779 0
    outer loop
      vertex 8.53646 -1.2557 0
      vertex 8.36968 -1.28888 3
      vertex 8.53646 -1.2557 3
    endloop
  endfacet
  facet normal -0.195121 0.980779 0
    outer loop
      vertex 8.36968 -1.28888 3
      vertex 8.53646 -1.2557 0
      vertex 8.36968 -1.28888 0
    endloop
  endfacet
  facet normal 0.195121 -0.980779 0
    outer loop
      vertex 5.46354 1.2557 0
      vertex 5.63032 1.28888 4
      vertex 5.46354 1.2557 4
    endloop
  endfacet
  facet normal 0.195121 -0.980779 0
    outer loop
      vertex 5.63032 1.28888 4
      vertex 5.46354 1.2557 0
      vertex 5.63032 1.28888 0
    endloop
  endfacet
  facet normal -0.99786 -0.0653937 0
    outer loop
      vertex 9.5 0 0
      vertex 9.48888 0.169683 3
      vertex 9.48888 0.169683 0
    endloop
  endfacet
  facet normal -0.99786 -0.0653937 0
    outer loop
      vertex 9.48888 0.169683 3
      vertex 9.5 0 0
      vertex 9.5 0 3
    endloop
  endfacet
  facet normal -0.896874 0.442286 0
    outer loop
      vertex 9.32583 -0.65 0
      vertex 9.40104 -0.497488 3
      vertex 9.40104 -0.497488 0
    endloop
  endfacet
  facet normal -0.896874 0.442286 0
    outer loop
      vertex 9.40104 -0.497488 3
      vertex 9.32583 -0.65 0
      vertex 9.32583 -0.65 3
    endloop
  endfacet
  facet normal -0.555555 -0.83148 0
    outer loop
      vertex 8.85 1.12583 0
      vertex 8.99139 1.03136 3
      vertex 8.85 1.12583 3
    endloop
  endfacet
  facet normal -0.555555 -0.83148 -0
    outer loop
      vertex 8.99139 1.03136 3
      vertex 8.85 1.12583 0
      vertex 8.99139 1.03136 0
    endloop
  endfacet
  facet normal -0.751841 -0.659344 0
    outer loop
      vertex 9.23136 0.791389 0
      vertex 9.11924 0.919238 3
      vertex 9.11924 0.919238 0
    endloop
  endfacet
  facet normal -0.751841 -0.659344 0
    outer loop
      vertex 9.11924 0.919238 3
      vertex 9.23136 0.791389 0
      vertex 9.23136 0.791389 3
    endloop
  endfacet
  facet normal 0.195121 0.980779 -0
    outer loop
      vertex 5.63032 -1.28888 0
      vertex 5.46354 -1.2557 4
      vertex 5.63032 -1.28888 4
    endloop
  endfacet
  facet normal 0.195121 0.980779 0
    outer loop
      vertex 5.46354 -1.2557 4
      vertex 5.63032 -1.28888 0
      vertex 5.46354 -1.2557 0
    endloop
  endfacet
  facet normal 0.0653948 0.997859 -0
    outer loop
      vertex 5.8 -1.3 0
      vertex 5.63032 -1.28888 4
      vertex 5.8 -1.3 4
    endloop
  endfacet
  facet normal 0.0653948 0.997859 0
    outer loop
      vertex 5.63032 -1.28888 4
      vertex 5.8 -1.3 0
      vertex 5.63032 -1.28888 0
    endloop
  endfacet
  facet normal -0.321427 0.946934 0
    outer loop
      vertex 8.69749 -1.20104 0
      vertex 8.53646 -1.2557 3
      vertex 8.69749 -1.20104 3
    endloop
  endfacet
  facet normal -0.321427 0.946934 0
    outer loop
      vertex 8.53646 -1.2557 3
      vertex 8.69749 -1.20104 0
      vertex 8.53646 -1.2557 0
    endloop
  endfacet
  facet normal -0.555555 0.83148 0
    outer loop
      vertex 8.99139 -1.03136 0
      vertex 8.85 -1.12583 3
      vertex 8.99139 -1.03136 3
    endloop
  endfacet
  facet normal -0.555555 0.83148 0
    outer loop
      vertex 8.85 -1.12583 3
      vertex 8.99139 -1.03136 0
      vertex 8.85 -1.12583 0
    endloop
  endfacet
  facet normal -0.442291 0.896872 0
    outer loop
      vertex 8.85 -1.12583 0
      vertex 8.69749 -1.20104 3
      vertex 8.85 -1.12583 3
    endloop
  endfacet
  facet normal -0.442291 0.896872 0
    outer loop
      vertex 8.69749 -1.20104 3
      vertex 8.85 -1.12583 0
      vertex 8.69749 -1.20104 0
    endloop
  endfacet
  facet normal -0.980779 -0.19512 0
    outer loop
      vertex 9.48888 0.169683 0
      vertex 9.4557 0.336464 3
      vertex 9.4557 0.336464 0
    endloop
  endfacet
  facet normal -0.980779 -0.19512 0
    outer loop
      vertex 9.4557 0.336464 3
      vertex 9.48888 0.169683 0
      vertex 9.48888 0.169683 3
    endloop
  endfacet
  facet normal -0.980779 0.19512 0
    outer loop
      vertex 9.4557 -0.336464 0
      vertex 9.48888 -0.169683 3
      vertex 9.48888 -0.169683 0
    endloop
  endfacet
  facet normal -0.980779 0.19512 0
    outer loop
      vertex 9.48888 -0.169683 3
      vertex 9.4557 -0.336464 0
      vertex 9.4557 -0.336464 3
    endloop
  endfacet
  facet normal -0.946931 0.321438 0
    outer loop
      vertex 9.40104 -0.497488 0
      vertex 9.4557 -0.336464 3
      vertex 9.4557 -0.336464 0
    endloop
  endfacet
  facet normal -0.946931 0.321438 0
    outer loop
      vertex 9.4557 -0.336464 3
      vertex 9.40104 -0.497488 0
      vertex 9.40104 -0.497488 3
    endloop
  endfacet
  facet normal -0.442291 -0.896872 0
    outer loop
      vertex 8.69749 1.20104 0
      vertex 8.85 1.12583 3
      vertex 8.69749 1.20104 3
    endloop
  endfacet
  facet normal -0.442291 -0.896872 -0
    outer loop
      vertex 8.85 1.12583 3
      vertex 8.69749 1.20104 0
      vertex 8.85 1.12583 0
    endloop
  endfacet
  facet normal -0.831478 -0.555558 0
    outer loop
      vertex 9.32583 0.65 0
      vertex 9.23136 0.791389 3
      vertex 9.23136 0.791389 0
    endloop
  endfacet
  facet normal -0.831478 -0.555558 0
    outer loop
      vertex 9.23136 0.791389 3
      vertex 9.32583 0.65 0
      vertex 9.32583 0.65 3
    endloop
  endfacet
  facet normal -0.896874 -0.442286 0
    outer loop
      vertex 9.40104 0.497488 0
      vertex 9.32583 0.65 3
      vertex 9.32583 0.65 0
    endloop
  endfacet
  facet normal -0.896874 -0.442286 0
    outer loop
      vertex 9.32583 0.65 3
      vertex 9.40104 0.497488 0
      vertex 9.40104 0.497488 3
    endloop
  endfacet
  facet normal 1 -0 0
    outer loop
      vertex 15.55 -44.6 13.85
      vertex 15.55 -8 10.85
      vertex 15.55 -8 13.85
    endloop
  endfacet
  facet normal 1 0 0
    outer loop
      vertex 15.55 -8 10.85
      vertex 15.55 -44.6 13.85
      vertex 15.55 -44.6 10.85
    endloop
  endfacet
  facet normal -1 0 0
    outer loop
      vertex 18.55 -44.6 10.85
      vertex 18.55 -8 13.85
      vertex 18.55 -8 10.85
    endloop
  endfacet
  facet normal -1 -0 0
    outer loop
      vertex 18.55 -8 13.85
      vertex 18.55 -44.6 10.85
      vertex 18.55 -44.6 13.85
    endloop
  endfacet
  facet normal 0 1 -0
    outer loop
      vertex 18.55 -44.6 10.85
      vertex 15.55 -44.6 13.85
      vertex 18.55 -44.6 13.85
    endloop
  endfacet
  facet normal 0 1 0
    outer loop
      vertex 15.55 -44.6 13.85
      vertex 18.55 -44.6 10.85
      vertex 15.55 -44.6 10.85
    endloop
  endfacet
  facet normal 0 -1 0
    outer loop
      vertex 15.55 -8 10.85
      vertex 18.55 -8 13.85
      vertex 15.55 -8 13.85
    endloop
  endfacet
  facet normal 0 -1 -0
    outer loop
      vertex 18.55 -8 13.85
      vertex 15.55 -8 10.85
      vertex 18.55 -8 10.85
    endloop
  endfacet
  facet normal 1 -0 0
    outer loop
      vertex 43.45 -44.6 13.85
      vertex 43.45 -8 10.85
      vertex 43.45 -8 13.85
    endloop
  endfacet
  facet normal 1 0 0
    outer loop
      vertex 43.45 -8 10.85
      vertex 43.45 -44.6 13.85
      vertex 43.45 -44.6 10.85
    endloop
  endfacet
  facet normal -1 0 0
    outer loop
      vertex 46.45 -44.6 10.85
      vertex 46.45 -8 13.85
      vertex 46.45 -8 10.85
    endloop
  endfacet
  facet normal -1 -0 0
    outer loop
      vertex 46.45 -8 13.85
      vertex 46.45 -44.6 10.85
      vertex 46.45 -44.6 13.85
    endloop
  endfacet
  facet normal 0 -1 0
    outer loop
      vertex 43.45 -8 10.85
      vertex 46.45 -8 13.85
      vertex 43.45 -8 13.85
    endloop
  endfacet
  facet normal 0 -1 -0
    outer loop
      vertex 46.45 -8 13.85
      vertex 43.45 -8 10.85
      vertex 46.45 -8 10.85
    endloop
  endfacet
  facet normal 0 1 -0
    outer loop
      vertex 46.45 -44.6 10.85
      vertex 43.45 -44.6 13.85
      vertex 46.45 -44.6 13.85
    endloop
  endfacet
  facet normal 0 1 0
    outer loop
      vertex 43.45 -44.6 13.85
      vertex 46.45 -44.6 10.85
      vertex 43.45 -44.6 10.85
    endloop
  endfacet
  facet normal -0.896866 -0.442303 0
    outer loop
      vertex 1.47821 0.612293 0
      vertex 1.38564 0.799999 24
      vertex 1.38564 0.799999 0
    endloop
  endfacet
  facet normal -0.896866 -0.442303 0
    outer loop
      vertex 1.38564 0.799999 24
      vertex 1.47821 0.612293 0
      vertex 1.47821 0.612293 24
    endloop
  endfacet
  facet normal -0.831482 -0.555551 0
    outer loop
      vertex 1.38564 0.799999 0
      vertex 1.26937 0.974018 24
      vertex 1.26937 0.974018 0
    endloop
  endfacet
  facet normal -0.831482 -0.555551 0
    outer loop
      vertex 1.26937 0.974018 24
      vertex 1.38564 0.799999 0
      vertex 1.38564 0.799999 24
    endloop
  endfacet
  facet normal -0.195088 -0.980786 0
    outer loop
      vertex 0.208841 1.58631 0
      vertex 0.41411 1.54548 24
      vertex 0.208841 1.58631 24
    endloop
  endfacet
  facet normal -0.195088 -0.980786 -0
    outer loop
      vertex 0.41411 1.54548 24
      vertex 0.208841 1.58631 0
      vertex 0.41411 1.54548 0
    endloop
  endfacet
  facet normal -0.321422 -0.946936 0
    outer loop
      vertex 0.41411 1.54548 0
      vertex 0.612293 1.47821 24
      vertex 0.41411 1.54548 24
    endloop
  endfacet
  facet normal -0.321422 -0.946936 -0
    outer loop
      vertex 0.612293 1.47821 24
      vertex 0.41411 1.54548 0
      vertex 0.612293 1.47821 0
    endloop
  endfacet
  facet normal 0.442303 -0.896866 0
    outer loop
      vertex -0.799999 1.38564 0
      vertex -0.612293 1.47821 24
      vertex -0.799999 1.38564 24
    endloop
  endfacet
  facet normal 0.442303 -0.896866 0
    outer loop
      vertex -0.612293 1.47821 24
      vertex -0.799999 1.38564 0
      vertex -0.612293 1.47821 0
    endloop
  endfacet
  facet normal 0.946936 -0.321422 0
    outer loop
      vertex -1.54548 0.41411 24
      vertex -1.47821 0.612293 0
      vertex -1.47821 0.612293 24
    endloop
  endfacet
  facet normal 0.946936 -0.321422 0
    outer loop
      vertex -1.47821 0.612293 0
      vertex -1.54548 0.41411 24
      vertex -1.54548 0.41411 0
    endloop
  endfacet
  facet normal -0.980786 0.195088 0
    outer loop
      vertex 1.54548 -0.41411 0
      vertex 1.58631 -0.208841 24
      vertex 1.58631 -0.208841 0
    endloop
  endfacet
  facet normal -0.980786 0.195088 0
    outer loop
      vertex 1.58631 -0.208841 24
      vertex 1.54548 -0.41411 0
      vertex 1.54548 -0.41411 24
    endloop
  endfacet
  facet normal -0.442303 -0.896866 0
    outer loop
      vertex 0.612293 1.47821 0
      vertex 0.799999 1.38564 24
      vertex 0.612293 1.47821 24
    endloop
  endfacet
  facet normal -0.442303 -0.896866 -0
    outer loop
      vertex 0.799999 1.38564 24
      vertex 0.612293 1.47821 0
      vertex 0.799999 1.38564 0
    endloop
  endfacet
  facet normal 0.997858 -0.0654119 0
    outer loop
      vertex -1.6 0 24
      vertex -1.58631 0.208841 0
      vertex -1.58631 0.208841 24
    endloop
  endfacet
  facet normal 0.997858 -0.0654119 0
    outer loop
      vertex -1.58631 0.208841 0
      vertex -1.6 0 24
      vertex -1.6 0 0
    endloop
  endfacet
  facet normal 0.831482 -0.555551 0
    outer loop
      vertex -1.38564 0.799999 24
      vertex -1.26937 0.974018 0
      vertex -1.26937 0.974018 24
    endloop
  endfacet
  facet normal 0.831482 -0.555551 0
    outer loop
      vertex -1.26937 0.974018 0
      vertex -1.38564 0.799999 24
      vertex -1.38564 0.799999 0
    endloop
  endfacet
  facet normal 0.555551 -0.831482 0
    outer loop
      vertex -0.974018 1.26937 0
      vertex -0.799999 1.38564 24
      vertex -0.974018 1.26937 24
    endloop
  endfacet
  facet normal 0.555551 -0.831482 0
    outer loop
      vertex -0.799999 1.38564 24
      vertex -0.974018 1.26937 0
      vertex -0.799999 1.38564 0
    endloop
  endfacet
  facet normal 0.321422 -0.946936 0
    outer loop
      vertex -0.612293 1.47821 0
      vertex -0.41411 1.54548 24
      vertex -0.612293 1.47821 24
    endloop
  endfacet
  facet normal 0.321422 -0.946936 0
    outer loop
      vertex -0.41411 1.54548 24
      vertex -0.612293 1.47821 0
      vertex -0.41411 1.54548 0
    endloop
  endfacet
  facet normal -0.997858 0.0654119 0
    outer loop
      vertex 1.58631 -0.208841 0
      vertex 1.6 0 24
      vertex 1.6 0 0
    endloop
  endfacet
  facet normal -0.997858 0.0654119 0
    outer loop
      vertex 1.6 0 24
      vertex 1.58631 -0.208841 0
      vertex 1.58631 -0.208841 24
    endloop
  endfacet
  facet normal -0.946936 0.321422 0
    outer loop
      vertex 1.47821 -0.612293 0
      vertex 1.54548 -0.41411 24
      vertex 1.54548 -0.41411 0
    endloop
  endfacet
  facet normal -0.946936 0.321422 0
    outer loop
      vertex 1.54548 -0.41411 24
      vertex 1.47821 -0.612293 0
      vertex 1.47821 -0.612293 24
    endloop
  endfacet
  facet normal -0.555551 0.831482 0
    outer loop
      vertex 0.974018 -1.26937 0
      vertex 0.799999 -1.38564 24
      vertex 0.974018 -1.26937 24
    endloop
  endfacet
  facet normal -0.555551 0.831482 0
    outer loop
      vertex 0.799999 -1.38564 24
      vertex 0.974018 -1.26937 0
      vertex 0.799999 -1.38564 0
    endloop
  endfacet
  facet normal -0.946936 -0.321422 0
    outer loop
      vertex 1.54548 0.41411 0
      vertex 1.47821 0.612293 24
      vertex 1.47821 0.612293 0
    endloop
  endfacet
  facet normal -0.946936 -0.321422 0
    outer loop
      vertex 1.47821 0.612293 24
      vertex 1.54548 0.41411 0
      vertex 1.54548 0.41411 24
    endloop
  endfacet
  facet normal -0.659362 -0.751826 0
    outer loop
      vertex 0.974018 1.26937 0
      vertex 1.13137 1.13137 24
      vertex 0.974018 1.26937 24
    endloop
  endfacet
  facet normal -0.659362 -0.751826 -0
    outer loop
      vertex 1.13137 1.13137 24
      vertex 0.974018 1.26937 0
      vertex 1.13137 1.13137 0
    endloop
  endfacet
  facet normal -0.751826 -0.659362 0
    outer loop
      vertex 1.26937 0.974018 0
      vertex 1.13137 1.13137 24
      vertex 1.13137 1.13137 0
    endloop
  endfacet
  facet normal -0.751826 -0.659362 0
    outer loop
      vertex 1.13137 1.13137 24
      vertex 1.26937 0.974018 0
      vertex 1.26937 0.974018 24
    endloop
  endfacet
  facet normal 0.0654119 -0.997858 0
    outer loop
      vertex -0.208841 1.58631 0
      vertex 0 1.6 24
      vertex -0.208841 1.58631 24
    endloop
  endfacet
  facet normal 0.0654119 -0.997858 0
    outer loop
      vertex 0 1.6 24
      vertex -0.208841 1.58631 0
      vertex 0 1.6 0
    endloop
  endfacet
  facet normal -0.555551 -0.831482 0
    outer loop
      vertex 0.799999 1.38564 0
      vertex 0.974018 1.26937 24
      vertex 0.799999 1.38564 24
    endloop
  endfacet
  facet normal -0.555551 -0.831482 -0
    outer loop
      vertex 0.974018 1.26937 24
      vertex 0.799999 1.38564 0
      vertex 0.974018 1.26937 0
    endloop
  endfacet
  facet normal 0.980786 -0.195088 0
    outer loop
      vertex -1.58631 0.208841 24
      vertex -1.54548 0.41411 0
      vertex -1.54548 0.41411 24
    endloop
  endfacet
  facet normal 0.980786 -0.195088 0
    outer loop
      vertex -1.54548 0.41411 0
      vertex -1.58631 0.208841 24
      vertex -1.58631 0.208841 0
    endloop
  endfacet
  facet normal 0.896866 -0.442303 0
    outer loop
      vertex -1.47821 0.612293 24
      vertex -1.38564 0.799999 0
      vertex -1.38564 0.799999 24
    endloop
  endfacet
  facet normal 0.896866 -0.442303 0
    outer loop
      vertex -1.38564 0.799999 0
      vertex -1.47821 0.612293 24
      vertex -1.47821 0.612293 0
    endloop
  endfacet
  facet normal 0.195088 -0.980786 0
    outer loop
      vertex -0.41411 1.54548 0
      vertex -0.208841 1.58631 24
      vertex -0.41411 1.54548 24
    endloop
  endfacet
  facet normal 0.195088 -0.980786 0
    outer loop
      vertex -0.208841 1.58631 24
      vertex -0.41411 1.54548 0
      vertex -0.208841 1.58631 0
    endloop
  endfacet
  facet normal 0.659362 -0.751826 0
    outer loop
      vertex -1.13137 1.13137 0
      vertex -0.974018 1.26937 24
      vertex -1.13137 1.13137 24
    endloop
  endfacet
  facet normal 0.659362 -0.751826 0
    outer loop
      vertex -0.974018 1.26937 24
      vertex -1.13137 1.13137 0
      vertex -0.974018 1.26937 0
    endloop
  endfacet
  facet normal 0.751826 -0.659362 0
    outer loop
      vertex -1.26937 0.974018 24
      vertex -1.13137 1.13137 0
      vertex -1.13137 1.13137 24
    endloop
  endfacet
  facet normal 0.751826 -0.659362 0
    outer loop
      vertex -1.13137 1.13137 0
      vertex -1.26937 0.974018 24
      vertex -1.26937 0.974018 0
    endloop
  endfacet
  facet normal -0.997858 -0.0654119 0
    outer loop
      vertex 1.6 0 0
      vertex 1.58631 0.208841 24
      vertex 1.58631 0.208841 0
    endloop
  endfacet
  facet normal -0.997858 -0.0654119 0
    outer loop
      vertex 1.58631 0.208841 24
      vertex 1.6 0 0
      vertex 1.6 0 24
    endloop
  endfacet
  facet normal -0.831482 0.555551 0
    outer loop
      vertex 1.26937 -0.974018 0
      vertex 1.38564 -0.799999 24
      vertex 1.38564 -0.799999 0
    endloop
  endfacet
  facet normal -0.831482 0.555551 0
    outer loop
      vertex 1.38564 -0.799999 24
      vertex 1.26937 -0.974018 0
      vertex 1.26937 -0.974018 24
    endloop
  endfacet
  facet normal 0.997858 0.0654119 0
    outer loop
      vertex -1.58631 -0.208841 24
      vertex -1.6 0 0
      vertex -1.6 0 24
    endloop
  endfacet
  facet normal 0.997858 0.0654119 0
    outer loop
      vertex -1.6 0 0
      vertex -1.58631 -0.208841 24
      vertex -1.58631 -0.208841 0
    endloop
  endfacet
  facet normal 0.896866 0.442303 0
    outer loop
      vertex -1.38564 -0.799999 24
      vertex -1.47821 -0.612293 0
      vertex -1.47821 -0.612293 24
    endloop
  endfacet
  facet normal 0.896866 0.442303 0
    outer loop
      vertex -1.47821 -0.612293 0
      vertex -1.38564 -0.799999 24
      vertex -1.38564 -0.799999 0
    endloop
  endfacet
  facet normal -0.195088 0.980786 0
    outer loop
      vertex 0.41411 -1.54548 0
      vertex 0.208841 -1.58631 24
      vertex 0.41411 -1.54548 24
    endloop
  endfacet
  facet normal -0.195088 0.980786 0
    outer loop
      vertex 0.208841 -1.58631 24
      vertex 0.41411 -1.54548 0
      vertex 0.208841 -1.58631 0
    endloop
  endfacet
  facet normal -0.659362 0.751826 0
    outer loop
      vertex 1.13137 -1.13137 0
      vertex 0.974018 -1.26937 24
      vertex 1.13137 -1.13137 24
    endloop
  endfacet
  facet normal -0.659362 0.751826 0
    outer loop
      vertex 0.974018 -1.26937 24
      vertex 1.13137 -1.13137 0
      vertex 0.974018 -1.26937 0
    endloop
  endfacet
  facet normal -0.980786 -0.195088 0
    outer loop
      vertex 1.58631 0.208841 0
      vertex 1.54548 0.41411 24
      vertex 1.54548 0.41411 0
    endloop
  endfacet
  facet normal -0.980786 -0.195088 0
    outer loop
      vertex 1.54548 0.41411 24
      vertex 1.58631 0.208841 0
      vertex 1.58631 0.208841 24
    endloop
  endfacet
  facet normal -0.0654119 -0.997858 0
    outer loop
      vertex 0 1.6 0
      vertex 0.208841 1.58631 24
      vertex 0 1.6 24
    endloop
  endfacet
  facet normal -0.0654119 -0.997858 -0
    outer loop
      vertex 0.208841 1.58631 24
      vertex 0 1.6 0
      vertex 0.208841 1.58631 0
    endloop
  endfacet
  facet normal -0.896866 0.442303 0
    outer loop
      vertex 1.38564 -0.799999 0
      vertex 1.47821 -0.612293 24
      vertex 1.47821 -0.612293 0
    endloop
  endfacet
  facet normal -0.896866 0.442303 0
    outer loop
      vertex 1.47821 -0.612293 24
      vertex 1.38564 -0.799999 0
      vertex 1.38564 -0.799999 24
    endloop
  endfacet
  facet normal 0.0654119 0.997858 -0
    outer loop
      vertex 0 -1.6 0
      vertex -0.208841 -1.58631 24
      vertex 0 -1.6 24
    endloop
  endfacet
  facet normal 0.0654119 0.997858 0
    outer loop
      vertex -0.208841 -1.58631 24
      vertex 0 -1.6 0
      vertex -0.208841 -1.58631 0
    endloop
  endfacet
  facet normal 0.946936 0.321422 0
    outer loop
      vertex -1.47821 -0.612293 24
      vertex -1.54548 -0.41411 0
      vertex -1.54548 -0.41411 24
    endloop
  endfacet
  facet normal 0.946936 0.321422 0
    outer loop
      vertex -1.54548 -0.41411 0
      vertex -1.47821 -0.612293 24
      vertex -1.47821 -0.612293 0
    endloop
  endfacet
  facet normal 0.980786 0.195088 0
    outer loop
      vertex -1.54548 -0.41411 24
      vertex -1.58631 -0.208841 0
      vertex -1.58631 -0.208841 24
    endloop
  endfacet
  facet normal 0.980786 0.195088 0
    outer loop
      vertex -1.58631 -0.208841 0
      vertex -1.54548 -0.41411 24
      vertex -1.54548 -0.41411 0
    endloop
  endfacet
  facet normal -0.442303 0.896866 0
    outer loop
      vertex 0.799999 -1.38564 0
      vertex 0.612293 -1.47821 24
      vertex 0.799999 -1.38564 24
    endloop
  endfacet
  facet normal -0.442303 0.896866 0
    outer loop
      vertex 0.612293 -1.47821 24
      vertex 0.799999 -1.38564 0
      vertex 0.612293 -1.47821 0
    endloop
  endfacet
  facet normal -0.321422 0.946936 0
    outer loop
      vertex 0.612293 -1.47821 0
      vertex 0.41411 -1.54548 24
      vertex 0.612293 -1.47821 24
    endloop
  endfacet
  facet normal -0.321422 0.946936 0
    outer loop
      vertex 0.41411 -1.54548 24
      vertex 0.612293 -1.47821 0
      vertex 0.41411 -1.54548 0
    endloop
  endfacet
  facet normal -0.751826 0.659362 0
    outer loop
      vertex 1.13137 -1.13137 0
      vertex 1.26937 -0.974018 24
      vertex 1.26937 -0.974018 0
    endloop
  endfacet
  facet normal -0.751826 0.659362 0
    outer loop
      vertex 1.26937 -0.974018 24
      vertex 1.13137 -1.13137 0
      vertex 1.13137 -1.13137 24
    endloop
  endfacet
  facet normal 0.321422 0.946936 -0
    outer loop
      vertex -0.41411 -1.54548 0
      vertex -0.612293 -1.47821 24
      vertex -0.41411 -1.54548 24
    endloop
  endfacet
  facet normal 0.321422 0.946936 0
    outer loop
      vertex -0.612293 -1.47821 24
      vertex -0.41411 -1.54548 0
      vertex -0.612293 -1.47821 0
    endloop
  endfacet
  facet normal -0.0654119 0.997858 0
    outer loop
      vertex 0.208841 -1.58631 0
      vertex 0 -1.6 24
      vertex 0.208841 -1.58631 24
    endloop
  endfacet
  facet normal -0.0654119 0.997858 0
    outer loop
      vertex 0 -1.6 24
      vertex 0.208841 -1.58631 0
      vertex 0 -1.6 0
    endloop
  endfacet
  facet normal 0.195088 0.980786 -0
    outer loop
      vertex -0.208841 -1.58631 0
      vertex -0.41411 -1.54548 24
      vertex -0.208841 -1.58631 24
    endloop
  endfacet
  facet normal 0.195088 0.980786 0
    outer loop
      vertex -0.41411 -1.54548 24
      vertex -0.208841 -1.58631 0
      vertex -0.41411 -1.54548 0
    endloop
  endfacet
  facet normal 0.751826 0.659362 0
    outer loop
      vertex -1.13137 -1.13137 24
      vertex -1.26937 -0.974018 0
      vertex -1.26937 -0.974018 24
    endloop
  endfacet
  facet normal 0.751826 0.659362 0
    outer loop
      vertex -1.26937 -0.974018 0
      vertex -1.13137 -1.13137 24
      vertex -1.13137 -1.13137 0
    endloop
  endfacet
  facet normal 0.659362 0.751826 -0
    outer loop
      vertex -0.974018 -1.26937 0
      vertex -1.13137 -1.13137 24
      vertex -0.974018 -1.26937 24
    endloop
  endfacet
  facet normal 0.659362 0.751826 0
    outer loop
      vertex -1.13137 -1.13137 24
      vertex -0.974018 -1.26937 0
      vertex -1.13137 -1.13137 0
    endloop
  endfacet
  facet normal 0.555551 0.831482 -0
    outer loop
      vertex -0.799999 -1.38564 0
      vertex -0.974018 -1.26937 24
      vertex -0.799999 -1.38564 24
    endloop
  endfacet
  facet normal 0.555551 0.831482 0
    outer loop
      vertex -0.974018 -1.26937 24
      vertex -0.799999 -1.38564 0
      vertex -0.974018 -1.26937 0
    endloop
  endfacet
  facet normal 0.831482 0.555551 0
    outer loop
      vertex -1.26937 -0.974018 24
      vertex -1.38564 -0.799999 0
      vertex -1.38564 -0.799999 24
    endloop
  endfacet
  facet normal 0.831482 0.555551 0
    outer loop
      vertex -1.38564 -0.799999 0
      vertex -1.26937 -0.974018 24
      vertex -1.26937 -0.974018 0
    endloop
  endfacet
  facet normal 0.442303 0.896866 -0
    outer loop
      vertex -0.612293 -1.47821 0
      vertex -0.799999 -1.38564 24
      vertex -0.612293 -1.47821 24
    endloop
  endfacet
  facet normal 0.442303 0.896866 0
    outer loop
      vertex -0.799999 -1.38564 24
      vertex -0.612293 -1.47821 0
      vertex -0.799999 -1.38564 0
    endloop
  endfacet
  facet normal -0.997858 0 -0.0654172
    outer loop
      vertex 52 -8 24
      vertex 51.9401 -2 24.9137
      vertex 52 -2 24
    endloop
  endfacet
  facet normal -0.997858 -0 -0.0654172
    outer loop
      vertex 51.9401 -2 24.9137
      vertex 52 -8 24
      vertex 51.9401 -8 24.9137
    endloop
  endfacet
  facet normal -0.98079 0 -0.195066
    outer loop
      vertex 51.9401 -8 24.9137
      vertex 51.7615 -2 25.8117
      vertex 51.9401 -2 24.9137
    endloop
  endfacet
  facet normal -0.98079 -0 -0.195066
    outer loop
      vertex 51.7615 -2 25.8117
      vertex 51.9401 -8 24.9137
      vertex 51.7615 -8 25.8117
    endloop
  endfacet
  facet normal 0.0654172 0 -0.997858
    outer loop
      vertex 44.0863 -6 30.9401
      vertex 45 -3 31
      vertex 45 -6 31
    endloop
  endfacet
  facet normal 0.0654172 0 -0.997858
    outer loop
      vertex 45 -3 31
      vertex 44.0863 -6 30.9401
      vertex 44.0863 -3 30.9401
    endloop
  endfacet
  facet normal -0.659401 0 -0.751791
    outer loop
      vertex 49.2613 -6 29.5535
      vertex 49.9497 -3 28.9497
      vertex 49.9497 -6 28.9497
    endloop
  endfacet
  facet normal -0.659401 0 -0.751791
    outer loop
      vertex 49.9497 -3 28.9497
      vertex 49.2613 -6 29.5535
      vertex 49.2613 -3 29.5535
    endloop
  endfacet
  facet normal 0.442314 0 -0.89686
    outer loop
      vertex 41.5 -6 30.0622
      vertex 42.3212 -3 30.4672
      vertex 42.3212 -6 30.4672
    endloop
  endfacet
  facet normal 0.442314 0 -0.89686
    outer loop
      vertex 42.3212 -3 30.4672
      vertex 41.5 -6 30.0622
      vertex 41.5 -3 30.0622
    endloop
  endfacet
  facet normal -0.195066 0 0.98079
    outer loop
      vertex 45.9137 -3 17.0599
      vertex 46.8117 -6 17.2385
      vertex 46.8117 -3 17.2385
    endloop
  endfacet
  facet normal -0.195066 0 0.98079
    outer loop
      vertex 46.8117 -6 17.2385
      vertex 45.9137 -3 17.0599
      vertex 45.9137 -6 17.0599
    endloop
  endfacet
  facet normal -0.896871 0 -0.442292
    outer loop
      vertex 51.4672 -2 26.6788
      vertex 51.3088 -3 27
      vertex 51.3088 -2 27
    endloop
  endfacet
  facet normal -0.896853 -0 -0.442328
    outer loop
      vertex 51.3088 -3 27
      vertex 51.3088 -6 27
      vertex 51.0622 -3 27.5
    endloop
  endfacet
  facet normal -0.896871 0 -0.442292
    outer loop
      vertex 51.4672 -2 26.6788
      vertex 51.3088 -6 27
      vertex 51.3088 -3 27
    endloop
  endfacet
  facet normal -0.896871 0 -0.442292
    outer loop
      vertex 51.4672 -8 26.6788
      vertex 51.3088 -6 27
      vertex 51.4672 -2 26.6788
    endloop
  endfacet
  facet normal -0.896871 -0 -0.442292
    outer loop
      vertex 51.3088 -6 27
      vertex 51.4672 -8 26.6788
      vertex 51.3088 -8 27
    endloop
  endfacet
  facet normal -0.896853 -0 -0.442328
    outer loop
      vertex 51.0622 -3 27.5
      vertex 51.3088 -6 27
      vertex 51.0622 -6 27.5
    endloop
  endfacet
  facet normal -0.555582 0 -0.831462
    outer loop
      vertex 48.5 -6 30.0622
      vertex 49.2613 -3 29.5535
      vertex 49.2613 -6 29.5535
    endloop
  endfacet
  facet normal -0.555582 0 -0.831462
    outer loop
      vertex 49.2613 -3 29.5535
      vertex 48.5 -6 30.0622
      vertex 48.5 -3 30.0622
    endloop
  endfacet
  facet normal 0.831462 0 -0.555582
    outer loop
      vertex 39.4465 -6 28.2613
      vertex 38.9378 -3 27.5
      vertex 39.4465 -3 28.2613
    endloop
  endfacet
  facet normal 0.831462 0 -0.555582
    outer loop
      vertex 38.9378 -3 27.5
      vertex 39.4465 -6 28.2613
      vertex 38.9378 -6 27.5
    endloop
  endfacet
  facet normal 0.3214 0 -0.946944
    outer loop
      vertex 42.3212 -6 30.4672
      vertex 43.1883 -3 30.7615
      vertex 43.1883 -6 30.7615
    endloop
  endfacet
  facet normal 0.3214 0 -0.946944
    outer loop
      vertex 43.1883 -3 30.7615
      vertex 42.3212 -6 30.4672
      vertex 42.3212 -3 30.4672
    endloop
  endfacet
  facet normal -0.831462 0 0.555582
    outer loop
      vertex 50.5535 -6 19.7387
      vertex 51.0622 -3 20.5
      vertex 50.5535 -3 19.7387
    endloop
  endfacet
  facet normal -0.831462 0 0.555582
    outer loop
      vertex 51.0622 -3 20.5
      vertex 50.5535 -6 19.7387
      vertex 51.0622 -6 20.5
    endloop
  endfacet
  facet normal 0.555582 0 0.831462
    outer loop
      vertex 40.7387 -3 18.4465
      vertex 41.5 -6 17.9378
      vertex 41.5 -3 17.9378
    endloop
  endfacet
  facet normal 0.555582 0 0.831462
    outer loop
      vertex 41.5 -6 17.9378
      vertex 40.7387 -3 18.4465
      vertex 40.7387 -6 18.4465
    endloop
  endfacet
  facet normal -0.751791 0 -0.659401
    outer loop
      vertex 50.5535 -6 28.2613
      vertex 49.9497 -3 28.9497
      vertex 50.5535 -3 28.2613
    endloop
  endfacet
  facet normal -0.751791 -0 -0.659401
    outer loop
      vertex 49.9497 -3 28.9497
      vertex 50.5535 -6 28.2613
      vertex 49.9497 -6 28.9497
    endloop
  endfacet
  facet normal -0.831462 0 -0.555582
    outer loop
      vertex 51.0622 -6 27.5
      vertex 50.5535 -3 28.2613
      vertex 51.0622 -3 27.5
    endloop
  endfacet
  facet normal -0.831462 -0 -0.555582
    outer loop
      vertex 50.5535 -3 28.2613
      vertex 51.0622 -6 27.5
      vertex 50.5535 -6 28.2613
    endloop
  endfacet
  facet normal -0.195066 0 -0.98079
    outer loop
      vertex 45.9137 -6 30.9401
      vertex 46.8117 -3 30.7615
      vertex 46.8117 -6 30.7615
    endloop
  endfacet
  facet normal -0.195066 0 -0.98079
    outer loop
      vertex 46.8117 -3 30.7615
      vertex 45.9137 -6 30.9401
      vertex 45.9137 -3 30.9401
    endloop
  endfacet
  facet normal 0.98079 0 -0.195066
    outer loop
      vertex 38.2385 -8 25.8117
      vertex 38.0599 -2 24.9137
      vertex 38.2385 -2 25.8117
    endloop
  endfacet
  facet normal 0.98079 0 -0.195066
    outer loop
      vertex 38.0599 -2 24.9137
      vertex 38.2385 -8 25.8117
      vertex 38.0599 -8 24.9137
    endloop
  endfacet
  facet normal 0.555582 0 -0.831462
    outer loop
      vertex 40.7387 -6 29.5535
      vertex 41.5 -3 30.0622
      vertex 41.5 -6 30.0622
    endloop
  endfacet
  facet normal 0.555582 0 -0.831462
    outer loop
      vertex 41.5 -3 30.0622
      vertex 40.7387 -6 29.5535
      vertex 40.7387 -3 29.5535
    endloop
  endfacet
  facet normal 0.659401 0 -0.751791
    outer loop
      vertex 40.0503 -6 28.9497
      vertex 40.7387 -3 29.5535
      vertex 40.7387 -6 29.5535
    endloop
  endfacet
  facet normal 0.659401 0 -0.751791
    outer loop
      vertex 40.7387 -3 29.5535
      vertex 40.0503 -6 28.9497
      vertex 40.0503 -3 28.9497
    endloop
  endfacet
  facet normal 0.751791 0 -0.659401
    outer loop
      vertex 40.0503 -6 28.9497
      vertex 39.4465 -3 28.2613
      vertex 40.0503 -3 28.9497
    endloop
  endfacet
  facet normal 0.751791 0 -0.659401
    outer loop
      vertex 39.4465 -3 28.2613
      vertex 40.0503 -6 28.9497
      vertex 39.4465 -6 28.2613
    endloop
  endfacet
  facet normal 0.195066 0 -0.98079
    outer loop
      vertex 43.1883 -6 30.7615
      vertex 44.0863 -3 30.9401
      vertex 44.0863 -6 30.9401
    endloop
  endfacet
  facet normal 0.195066 0 -0.98079
    outer loop
      vertex 44.0863 -3 30.9401
      vertex 43.1883 -6 30.7615
      vertex 43.1883 -3 30.7615
    endloop
  endfacet
  facet normal -0.751791 0 0.659401
    outer loop
      vertex 49.9497 -6 19.0503
      vertex 50.5535 -3 19.7387
      vertex 49.9497 -3 19.0503
    endloop
  endfacet
  facet normal -0.751791 0 0.659401
    outer loop
      vertex 50.5535 -3 19.7387
      vertex 49.9497 -6 19.0503
      vertex 50.5535 -6 19.7387
    endloop
  endfacet
  facet normal -0.555582 0 0.831462
    outer loop
      vertex 48.5 -3 17.9378
      vertex 49.2613 -6 18.4465
      vertex 49.2613 -3 18.4465
    endloop
  endfacet
  facet normal -0.555582 0 0.831462
    outer loop
      vertex 49.2613 -6 18.4465
      vertex 48.5 -3 17.9378
      vertex 48.5 -6 17.9378
    endloop
  endfacet
  facet normal -0.98079 0 0.195066
    outer loop
      vertex 51.7615 -8 22.1883
      vertex 51.9401 -2 23.0863
      vertex 51.7615 -2 22.1883
    endloop
  endfacet
  facet normal -0.98079 0 0.195066
    outer loop
      vertex 51.9401 -2 23.0863
      vertex 51.7615 -8 22.1883
      vertex 51.9401 -8 23.0863
    endloop
  endfacet
  facet normal -0.997858 0 0.0654172
    outer loop
      vertex 51.9401 -8 23.0863
      vertex 52 -2 24
      vertex 51.9401 -2 23.0863
    endloop
  endfacet
  facet normal -0.997858 0 0.0654172
    outer loop
      vertex 52 -2 24
      vertex 51.9401 -8 23.0863
      vertex 52 -8 24
    endloop
  endfacet
  facet normal 0.195066 0 0.98079
    outer loop
      vertex 43.1883 -3 17.2385
      vertex 44.0863 -6 17.0599
      vertex 44.0863 -3 17.0599
    endloop
  endfacet
  facet normal 0.195066 0 0.98079
    outer loop
      vertex 44.0863 -6 17.0599
      vertex 43.1883 -3 17.2385
      vertex 43.1883 -6 17.2385
    endloop
  endfacet
  facet normal 0.831462 -0 0.555582
    outer loop
      vertex 38.9378 -6 20.5
      vertex 39.4465 -3 19.7387
      vertex 38.9378 -3 20.5
    endloop
  endfacet
  facet normal 0.831462 0 0.555582
    outer loop
      vertex 39.4465 -3 19.7387
      vertex 38.9378 -6 20.5
      vertex 39.4465 -6 19.7387
    endloop
  endfacet
  facet normal 0.659401 0 0.751791
    outer loop
      vertex 40.0503 -3 19.0503
      vertex 40.7387 -6 18.4465
      vertex 40.7387 -3 18.4465
    endloop
  endfacet
  facet normal 0.659401 0 0.751791
    outer loop
      vertex 40.7387 -6 18.4465
      vertex 40.0503 -3 19.0503
      vertex 40.0503 -6 19.0503
    endloop
  endfacet
  facet normal 0.896871 0 0.442292
    outer loop
      vertex 38.5328 -2 21.3212
      vertex 38.6912 -3 21
      vertex 38.6912 -2 21
    endloop
  endfacet
  facet normal 0.896853 0 0.442328
    outer loop
      vertex 38.6912 -3 21
      vertex 38.6912 -6 21
      vertex 38.9378 -3 20.5
    endloop
  endfacet
  facet normal 0.896871 0 0.442292
    outer loop
      vertex 38.5328 -2 21.3212
      vertex 38.6912 -6 21
      vertex 38.6912 -3 21
    endloop
  endfacet
  facet normal 0.896871 -0 0.442292
    outer loop
      vertex 38.5328 -8 21.3212
      vertex 38.6912 -6 21
      vertex 38.5328 -2 21.3212
    endloop
  endfacet
  facet normal 0.896871 0 0.442292
    outer loop
      vertex 38.6912 -6 21
      vertex 38.5328 -8 21.3212
      vertex 38.6912 -8 21
    endloop
  endfacet
  facet normal 0.896853 0 0.442328
    outer loop
      vertex 38.9378 -3 20.5
      vertex 38.6912 -6 21
      vertex 38.9378 -6 20.5
    endloop
  endfacet
  facet normal 0.98079 -0 0.195066
    outer loop
      vertex 38.0599 -8 23.0863
      vertex 38.2385 -2 22.1883
      vertex 38.0599 -2 23.0863
    endloop
  endfacet
  facet normal 0.98079 0 0.195066
    outer loop
      vertex 38.2385 -2 22.1883
      vertex 38.0599 -8 23.0863
      vertex 38.2385 -8 22.1883
    endloop
  endfacet
  facet normal -0.946944 0 -0.3214
    outer loop
      vertex 51.7615 -8 25.8117
      vertex 51.4672 -2 26.6788
      vertex 51.7615 -2 25.8117
    endloop
  endfacet
  facet normal -0.946944 -0 -0.3214
    outer loop
      vertex 51.4672 -2 26.6788
      vertex 51.7615 -8 25.8117
      vertex 51.4672 -8 26.6788
    endloop
  endfacet
  facet normal -0.0654172 0 -0.997858
    outer loop
      vertex 45 -6 31
      vertex 45.9137 -3 30.9401
      vertex 45.9137 -6 30.9401
    endloop
  endfacet
  facet normal -0.0654172 0 -0.997858
    outer loop
      vertex 45.9137 -3 30.9401
      vertex 45 -6 31
      vertex 45 -3 31
    endloop
  endfacet
  facet normal -0.442314 0 -0.89686
    outer loop
      vertex 47.6788 -6 30.4672
      vertex 48.5 -3 30.0622
      vertex 48.5 -6 30.0622
    endloop
  endfacet
  facet normal -0.442314 0 -0.89686
    outer loop
      vertex 48.5 -3 30.0622
      vertex 47.6788 -6 30.4672
      vertex 47.6788 -3 30.4672
    endloop
  endfacet
  facet normal -0.3214 0 -0.946944
    outer loop
      vertex 46.8117 -6 30.7615
      vertex 47.6788 -3 30.4672
      vertex 47.6788 -6 30.4672
    endloop
  endfacet
  facet normal -0.3214 0 -0.946944
    outer loop
      vertex 47.6788 -3 30.4672
      vertex 46.8117 -6 30.7615
      vertex 46.8117 -3 30.7615
    endloop
  endfacet
  facet normal 0.896853 0 -0.442328
    outer loop
      vertex 38.9378 -3 27.5
      vertex 38.9378 -6 27.5
      vertex 38.6912 -3 27
    endloop
  endfacet
  facet normal 0.896871 0 -0.442292
    outer loop
      vertex 38.6912 -3 27
      vertex 38.5328 -2 26.6788
      vertex 38.6912 -2 27
    endloop
  endfacet
  facet normal 0.896853 0 -0.442328
    outer loop
      vertex 38.6912 -6 27
      vertex 38.6912 -3 27
      vertex 38.9378 -6 27.5
    endloop
  endfacet
  facet normal 0.896871 0 -0.442292
    outer loop
      vertex 38.6912 -3 27
      vertex 38.6912 -6 27
      vertex 38.5328 -2 26.6788
    endloop
  endfacet
  facet normal 0.896871 0 -0.442292
    outer loop
      vertex 38.5328 -8 26.6788
      vertex 38.6912 -6 27
      vertex 38.6912 -8 27
    endloop
  endfacet
  facet normal 0.896871 0 -0.442292
    outer loop
      vertex 38.6912 -6 27
      vertex 38.5328 -8 26.6788
      vertex 38.5328 -2 26.6788
    endloop
  endfacet
  facet normal 0.946944 0 -0.3214
    outer loop
      vertex 38.5328 -8 26.6788
      vertex 38.2385 -2 25.8117
      vertex 38.5328 -2 26.6788
    endloop
  endfacet
  facet normal 0.946944 0 -0.3214
    outer loop
      vertex 38.2385 -2 25.8117
      vertex 38.5328 -8 26.6788
      vertex 38.2385 -8 25.8117
    endloop
  endfacet
  facet normal 0.997858 0 -0.0654172
    outer loop
      vertex 38.0599 -8 24.9137
      vertex 38 -2 24
      vertex 38.0599 -2 24.9137
    endloop
  endfacet
  facet normal 0.997858 0 -0.0654172
    outer loop
      vertex 38 -2 24
      vertex 38.0599 -8 24.9137
      vertex 38 -8 24
    endloop
  endfacet
  facet normal 0.997858 -0 0.0654172
    outer loop
      vertex 38 -8 24
      vertex 38.0599 -2 23.0863
      vertex 38 -2 24
    endloop
  endfacet
  facet normal 0.997858 0 0.0654172
    outer loop
      vertex 38.0599 -2 23.0863
      vertex 38 -8 24
      vertex 38.0599 -8 23.0863
    endloop
  endfacet
  facet normal -0.3214 0 0.946944
    outer loop
      vertex 46.8117 -3 17.2385
      vertex 47.6788 -6 17.5328
      vertex 47.6788 -3 17.5328
    endloop
  endfacet
  facet normal -0.3214 0 0.946944
    outer loop
      vertex 47.6788 -6 17.5328
      vertex 46.8117 -3 17.2385
      vertex 46.8117 -6 17.2385
    endloop
  endfacet
  facet normal -0.442314 0 0.89686
    outer loop
      vertex 47.6788 -3 17.5328
      vertex 48.5 -6 17.9378
      vertex 48.5 -3 17.9378
    endloop
  endfacet
  facet normal -0.442314 0 0.89686
    outer loop
      vertex 48.5 -6 17.9378
      vertex 47.6788 -3 17.5328
      vertex 47.6788 -6 17.5328
    endloop
  endfacet
  facet normal -0.659401 0 0.751791
    outer loop
      vertex 49.2613 -3 18.4465
      vertex 49.9497 -6 19.0503
      vertex 49.9497 -3 19.0503
    endloop
  endfacet
  facet normal -0.659401 0 0.751791
    outer loop
      vertex 49.9497 -6 19.0503
      vertex 49.2613 -3 18.4465
      vertex 49.2613 -6 18.4465
    endloop
  endfacet
  facet normal -0.896853 0 0.442328
    outer loop
      vertex 51.0622 -3 20.5
      vertex 51.0622 -6 20.5
      vertex 51.3088 -3 21
    endloop
  endfacet
  facet normal -0.896871 0 0.442292
    outer loop
      vertex 51.3088 -3 21
      vertex 51.4672 -2 21.3212
      vertex 51.3088 -2 21
    endloop
  endfacet
  facet normal -0.896853 0 0.442328
    outer loop
      vertex 51.3088 -6 21
      vertex 51.3088 -3 21
      vertex 51.0622 -6 20.5
    endloop
  endfacet
  facet normal -0.896871 0 0.442292
    outer loop
      vertex 51.3088 -3 21
      vertex 51.3088 -6 21
      vertex 51.4672 -2 21.3212
    endloop
  endfacet
  facet normal -0.896871 0 0.442292
    outer loop
      vertex 51.4672 -8 21.3212
      vertex 51.3088 -6 21
      vertex 51.3088 -8 21
    endloop
  endfacet
  facet normal -0.896871 0 0.442292
    outer loop
      vertex 51.3088 -6 21
      vertex 51.4672 -8 21.3212
      vertex 51.4672 -2 21.3212
    endloop
  endfacet
  facet normal -0.946944 0 0.3214
    outer loop
      vertex 51.4672 -8 21.3212
      vertex 51.7615 -2 22.1883
      vertex 51.4672 -2 21.3212
    endloop
  endfacet
  facet normal -0.946944 0 0.3214
    outer loop
      vertex 51.7615 -2 22.1883
      vertex 51.4672 -8 21.3212
      vertex 51.7615 -8 22.1883
    endloop
  endfacet
  facet normal 0.442314 0 0.89686
    outer loop
      vertex 41.5 -3 17.9378
      vertex 42.3212 -6 17.5328
      vertex 42.3212 -3 17.5328
    endloop
  endfacet
  facet normal 0.442314 0 0.89686
    outer loop
      vertex 42.3212 -6 17.5328
      vertex 41.5 -3 17.9378
      vertex 41.5 -6 17.9378
    endloop
  endfacet
  facet normal 0.3214 0 0.946944
    outer loop
      vertex 42.3212 -3 17.5328
      vertex 43.1883 -6 17.2385
      vertex 43.1883 -3 17.2385
    endloop
  endfacet
  facet normal 0.3214 0 0.946944
    outer loop
      vertex 43.1883 -6 17.2385
      vertex 42.3212 -3 17.5328
      vertex 42.3212 -6 17.5328
    endloop
  endfacet
  facet normal 0.0654172 0 0.997858
    outer loop
      vertex 44.0863 -3 17.0599
      vertex 45 -6 17
      vertex 45 -3 17
    endloop
  endfacet
  facet normal 0.0654172 0 0.997858
    outer loop
      vertex 45 -6 17
      vertex 44.0863 -3 17.0599
      vertex 44.0863 -6 17.0599
    endloop
  endfacet
  facet normal -0.0654172 0 0.997858
    outer loop
      vertex 45 -3 17
      vertex 45.9137 -6 17.0599
      vertex 45.9137 -3 17.0599
    endloop
  endfacet
  facet normal -0.0654172 0 0.997858
    outer loop
      vertex 45.9137 -6 17.0599
      vertex 45 -3 17
      vertex 45 -6 17
    endloop
  endfacet
  facet normal 0.751791 -0 0.659401
    outer loop
      vertex 39.4465 -6 19.7387
      vertex 40.0503 -3 19.0503
      vertex 39.4465 -3 19.7387
    endloop
  endfacet
  facet normal 0.751791 0 0.659401
    outer loop
      vertex 40.0503 -3 19.0503
      vertex 39.4465 -6 19.7387
      vertex 40.0503 -6 19.0503
    endloop
  endfacet
  facet normal 0.946944 -0 0.3214
    outer loop
      vertex 38.2385 -8 22.1883
      vertex 38.5328 -2 21.3212
      vertex 38.2385 -2 22.1883
    endloop
  endfacet
  facet normal 0.946944 0 0.3214
    outer loop
      vertex 38.5328 -2 21.3212
      vertex 38.2385 -8 22.1883
      vertex 38.5328 -8 21.3212
    endloop
  endfacet
endsolid OpenSCAD_Model
