solid OpenSCAD_Model
  facet normal -0.980768 -0.195175 0
    outer loop
      vertex -44.9607 -48.9868 0
      vertex -44.9926 -48.8265 3
      vertex -44.9926 -48.8265 0
    endloop
  endfacet
  facet normal -0.980768 -0.195175 0
    outer loop
      vertex -44.9926 -48.8265 3
      vertex -44.9607 -48.9868 0
      vertex -44.9607 -48.9868 3
    endloop
  endfacet
  facet normal -0.321541 -0.946896 0
    outer loop
      vertex -45.8765 -47.9426 0
      vertex -45.7216 -47.9952 3
      vertex -45.8765 -47.9426 3
    endloop
  endfacet
  facet normal -0.321541 -0.946896 -0
    outer loop
      vertex -45.7216 -47.9952 3
      vertex -45.8765 -47.9426 0
      vertex -45.7216 -47.9952 0
    endloop
  endfacet
  facet normal -0.75178 -0.659414 0
    outer loop
      vertex -45.2083 -48.389 0
      vertex -45.3161 -48.2661 3
      vertex -45.3161 -48.2661 0
    endloop
  endfacet
  facet normal -0.75178 -0.659414 0
    outer loop
      vertex -45.3161 -48.2661 3
      vertex -45.2083 -48.389 0
      vertex -45.2083 -48.389 3
    endloop
  endfacet
  facet normal -0.946896 -0.321541 0
    outer loop
      vertex -44.9926 -48.8265 0
      vertex -45.0452 -48.6716 3
      vertex -45.0452 -48.6716 0
    endloop
  endfacet
  facet normal -0.946896 -0.321541 0
    outer loop
      vertex -45.0452 -48.6716 3
      vertex -44.9926 -48.8265 0
      vertex -44.9926 -48.8265 3
    endloop
  endfacet
  facet normal -0.896861 -0.442313 0
    outer loop
      vertex -45.0452 -48.6716 0
      vertex -45.1175 -48.525 3
      vertex -45.1175 -48.525 0
    endloop
  endfacet
  facet normal -0.896861 -0.442313 0
    outer loop
      vertex -45.1175 -48.525 3
      vertex -45.0452 -48.6716 0
      vertex -45.0452 -48.6716 3
    endloop
  endfacet
  facet normal -0.555265 -0.831674 0
    outer loop
      vertex -45.575 -48.0675 0
      vertex -45.439 -48.1583 3
      vertex -45.575 -48.0675 3
    endloop
  endfacet
  facet normal -0.555265 -0.831674 -0
    outer loop
      vertex -45.439 -48.1583 3
      vertex -45.575 -48.0675 0
      vertex -45.439 -48.1583 0
    endloop
  endfacet
  facet normal -0.442313 -0.896861 0
    outer loop
      vertex -45.7216 -47.9952 0
      vertex -45.575 -48.0675 3
      vertex -45.7216 -47.9952 3
    endloop
  endfacet
  facet normal -0.442313 -0.896861 -0
    outer loop
      vertex -45.575 -48.0675 3
      vertex -45.7216 -47.9952 0
      vertex -45.575 -48.0675 0
    endloop
  endfacet
  facet normal -0.659414 -0.75178 0
    outer loop
      vertex -45.439 -48.1583 0
      vertex -45.3161 -48.2661 3
      vertex -45.439 -48.1583 3
    endloop
  endfacet
  facet normal -0.659414 -0.75178 -0
    outer loop
      vertex -45.3161 -48.2661 3
      vertex -45.439 -48.1583 0
      vertex -45.3161 -48.2661 0
    endloop
  endfacet
  facet normal 0 -1 0
    outer loop
      vertex -49.7 -47.9 0
      vertex -46.2 -47.9 3
      vertex -49.7 -47.9 3
    endloop
  endfacet
  facet normal 0 -1 -0
    outer loop
      vertex -46.2 -47.9 3
      vertex -49.7 -47.9 0
      vertex -46.2 -47.9 0
    endloop
  endfacet
  facet normal 0.0654233 -0.997858 0
    outer loop
      vertex -49.8632 -47.9107 0
      vertex -49.7 -47.9 3
      vertex -49.8632 -47.9107 3
    endloop
  endfacet
  facet normal 0.0654233 -0.997858 0
    outer loop
      vertex -49.7 -47.9 3
      vertex -49.8632 -47.9107 0
      vertex -49.7 -47.9 0
    endloop
  endfacet
  facet normal 0 1 -0
    outer loop
      vertex -46.2 -50.4 0
      vertex -49.7 -50.4 3
      vertex -46.2 -50.4 3
    endloop
  endfacet
  facet normal 0 1 0
    outer loop
      vertex -49.7 -50.4 3
      vertex -46.2 -50.4 0
      vertex -49.7 -50.4 0
    endloop
  endfacet
  facet normal -0.831674 -0.555265 0
    outer loop
      vertex -45.1175 -48.525 0
      vertex -45.2083 -48.389 3
      vertex -45.2083 -48.389 0
    endloop
  endfacet
  facet normal -0.831674 -0.555265 0
    outer loop
      vertex -45.2083 -48.389 3
      vertex -45.1175 -48.525 0
      vertex -45.1175 -48.525 3
    endloop
  endfacet
  facet normal 0.195175 -0.980768 0
    outer loop
      vertex -50.0235 -47.9426 0
      vertex -49.8632 -47.9107 3
      vertex -50.0235 -47.9426 3
    endloop
  endfacet
  facet normal 0.195175 -0.980768 0
    outer loop
      vertex -49.8632 -47.9107 3
      vertex -50.0235 -47.9426 0
      vertex -49.8632 -47.9107 0
    endloop
  endfacet
  facet normal 0.442313 0.896861 -0
    outer loop
      vertex -50.1784 -50.3048 0
      vertex -50.325 -50.2325 3
      vertex -50.1784 -50.3048 3
    endloop
  endfacet
  facet normal 0.442313 0.896861 0
    outer loop
      vertex -50.325 -50.2325 3
      vertex -50.1784 -50.3048 0
      vertex -50.325 -50.2325 0
    endloop
  endfacet
  facet normal 0.442313 -0.896861 0
    outer loop
      vertex -50.325 -48.0675 0
      vertex -50.1784 -47.9952 3
      vertex -50.325 -48.0675 3
    endloop
  endfacet
  facet normal 0.442313 -0.896861 0
    outer loop
      vertex -50.1784 -47.9952 3
      vertex -50.325 -48.0675 0
      vertex -50.1784 -47.9952 0
    endloop
  endfacet
  facet normal -0.0654233 -0.997858 0
    outer loop
      vertex -46.2 -47.9 0
      vertex -46.0368 -47.9107 3
      vertex -46.2 -47.9 3
    endloop
  endfacet
  facet normal -0.0654233 -0.997858 -0
    outer loop
      vertex -46.0368 -47.9107 3
      vertex -46.2 -47.9 0
      vertex -46.0368 -47.9107 0
    endloop
  endfacet
  facet normal -0.195175 -0.980768 0
    outer loop
      vertex -46.0368 -47.9107 0
      vertex -45.8765 -47.9426 3
      vertex -46.0368 -47.9107 3
    endloop
  endfacet
  facet normal -0.195175 -0.980768 -0
    outer loop
      vertex -45.8765 -47.9426 3
      vertex -46.0368 -47.9107 0
      vertex -45.8765 -47.9426 0
    endloop
  endfacet
  facet normal 0.659414 -0.75178 0
    outer loop
      vertex -50.5839 -48.2661 0
      vertex -50.461 -48.1583 3
      vertex -50.5839 -48.2661 3
    endloop
  endfacet
  facet normal 0.659414 -0.75178 0
    outer loop
      vertex -50.461 -48.1583 3
      vertex -50.5839 -48.2661 0
      vertex -50.461 -48.1583 0
    endloop
  endfacet
  facet normal 0.555265 -0.831674 0
    outer loop
      vertex -50.461 -48.1583 0
      vertex -50.325 -48.0675 3
      vertex -50.461 -48.1583 3
    endloop
  endfacet
  facet normal 0.555265 -0.831674 0
    outer loop
      vertex -50.325 -48.0675 3
      vertex -50.461 -48.1583 0
      vertex -50.325 -48.0675 0
    endloop
  endfacet
  facet normal 0.997858 0.0654233 0
    outer loop
      vertex -50.9393 -49.3132 3
      vertex -50.95 -49.15 0
      vertex -50.95 -49.15 3
    endloop
  endfacet
  facet normal 0.997858 0.0654233 0
    outer loop
      vertex -50.95 -49.15 0
      vertex -50.9393 -49.3132 3
      vertex -50.9393 -49.3132 0
    endloop
  endfacet
  facet normal 0.896618 0.442805 0
    outer loop
      vertex -50.7825 -49.775 3
      vertex -50.8549 -49.6284 0
      vertex -50.8549 -49.6284 3
    endloop
  endfacet
  facet normal 0.896618 0.442805 0
    outer loop
      vertex -50.8549 -49.6284 0
      vertex -50.7825 -49.775 3
      vertex -50.7825 -49.775 0
    endloop
  endfacet
  facet normal -0.0654233 0.997858 0
    outer loop
      vertex -46.0368 -50.3893 0
      vertex -46.2 -50.4 3
      vertex -46.0368 -50.3893 3
    endloop
  endfacet
  facet normal -0.0654233 0.997858 0
    outer loop
      vertex -46.2 -50.4 3
      vertex -46.0368 -50.3893 0
      vertex -46.2 -50.4 0
    endloop
  endfacet
  facet normal -0.195175 0.980768 0
    outer loop
      vertex -45.8765 -50.3574 0
      vertex -46.0368 -50.3893 3
      vertex -45.8765 -50.3574 3
    endloop
  endfacet
  facet normal -0.195175 0.980768 0
    outer loop
      vertex -46.0368 -50.3893 3
      vertex -45.8765 -50.3574 0
      vertex -46.0368 -50.3893 0
    endloop
  endfacet
  facet normal -0.659414 0.75178 0
    outer loop
      vertex -45.3161 -50.0339 0
      vertex -45.439 -50.1417 3
      vertex -45.3161 -50.0339 3
    endloop
  endfacet
  facet normal -0.659414 0.75178 0
    outer loop
      vertex -45.439 -50.1417 3
      vertex -45.3161 -50.0339 0
      vertex -45.439 -50.1417 0
    endloop
  endfacet
  facet normal -0.321541 0.946896 0
    outer loop
      vertex -45.7216 -50.3048 0
      vertex -45.8765 -50.3574 3
      vertex -45.7216 -50.3048 3
    endloop
  endfacet
  facet normal -0.321541 0.946896 0
    outer loop
      vertex -45.8765 -50.3574 3
      vertex -45.7216 -50.3048 0
      vertex -45.8765 -50.3574 0
    endloop
  endfacet
  facet normal -0.997858 -0.0654233 0
    outer loop
      vertex -44.95 -49.15 0
      vertex -44.9607 -48.9868 3
      vertex -44.9607 -48.9868 0
    endloop
  endfacet
  facet normal -0.997858 -0.0654233 0
    outer loop
      vertex -44.9607 -48.9868 3
      vertex -44.95 -49.15 0
      vertex -44.95 -49.15 3
    endloop
  endfacet
  facet normal 0.321541 -0.946896 0
    outer loop
      vertex -50.1784 -47.9952 0
      vertex -50.0235 -47.9426 3
      vertex -50.1784 -47.9952 3
    endloop
  endfacet
  facet normal 0.321541 -0.946896 0
    outer loop
      vertex -50.0235 -47.9426 3
      vertex -50.1784 -47.9952 0
      vertex -50.0235 -47.9426 0
    endloop
  endfacet
  facet normal 0.75178 -0.659414 0
    outer loop
      vertex -50.6917 -48.389 3
      vertex -50.5839 -48.2661 0
      vertex -50.5839 -48.2661 3
    endloop
  endfacet
  facet normal 0.75178 -0.659414 0
    outer loop
      vertex -50.5839 -48.2661 0
      vertex -50.6917 -48.389 3
      vertex -50.6917 -48.389 0
    endloop
  endfacet
  facet normal 0.997858 -0.0654233 0
    outer loop
      vertex -50.95 -49.15 3
      vertex -50.9393 -48.9868 0
      vertex -50.9393 -48.9868 3
    endloop
  endfacet
  facet normal 0.997858 -0.0654233 0
    outer loop
      vertex -50.9393 -48.9868 0
      vertex -50.95 -49.15 3
      vertex -50.95 -49.15 0
    endloop
  endfacet
  facet normal 0.947082 -0.320993 0
    outer loop
      vertex -50.9074 -48.8265 3
      vertex -50.8549 -48.6716 0
      vertex -50.8549 -48.6716 3
    endloop
  endfacet
  facet normal 0.947082 -0.320993 0
    outer loop
      vertex -50.8549 -48.6716 0
      vertex -50.9074 -48.8265 3
      vertex -50.9074 -48.8265 0
    endloop
  endfacet
  facet normal 0.896618 -0.442805 0
    outer loop
      vertex -50.8549 -48.6716 3
      vertex -50.7825 -48.525 0
      vertex -50.7825 -48.525 3
    endloop
  endfacet
  facet normal 0.896618 -0.442805 0
    outer loop
      vertex -50.7825 -48.525 0
      vertex -50.8549 -48.6716 3
      vertex -50.8549 -48.6716 0
    endloop
  endfacet
  facet normal 0.195175 0.980768 -0
    outer loop
      vertex -49.8632 -50.3893 0
      vertex -50.0235 -50.3574 3
      vertex -49.8632 -50.3893 3
    endloop
  endfacet
  facet normal 0.195175 0.980768 0
    outer loop
      vertex -50.0235 -50.3574 3
      vertex -49.8632 -50.3893 0
      vertex -50.0235 -50.3574 0
    endloop
  endfacet
  facet normal 0.321541 0.946896 -0
    outer loop
      vertex -50.0235 -50.3574 0
      vertex -50.1784 -50.3048 3
      vertex -50.0235 -50.3574 3
    endloop
  endfacet
  facet normal 0.321541 0.946896 0
    outer loop
      vertex -50.1784 -50.3048 3
      vertex -50.0235 -50.3574 0
      vertex -50.1784 -50.3048 0
    endloop
  endfacet
  facet normal 0.659414 0.75178 -0
    outer loop
      vertex -50.461 -50.1417 0
      vertex -50.5839 -50.0339 3
      vertex -50.461 -50.1417 3
    endloop
  endfacet
  facet normal 0.659414 0.75178 0
    outer loop
      vertex -50.5839 -50.0339 3
      vertex -50.461 -50.1417 0
      vertex -50.5839 -50.0339 0
    endloop
  endfacet
  facet normal 0.555265 0.831674 -0
    outer loop
      vertex -50.325 -50.2325 0
      vertex -50.461 -50.1417 3
      vertex -50.325 -50.2325 3
    endloop
  endfacet
  facet normal 0.555265 0.831674 0
    outer loop
      vertex -50.461 -50.1417 3
      vertex -50.325 -50.2325 0
      vertex -50.461 -50.1417 0
    endloop
  endfacet
  facet normal 0.831485 0.555547 0
    outer loop
      vertex -50.6917 -49.9109 3
      vertex -50.7825 -49.775 0
      vertex -50.7825 -49.775 3
    endloop
  endfacet
  facet normal 0.831485 0.555547 0
    outer loop
      vertex -50.7825 -49.775 0
      vertex -50.6917 -49.9109 3
      vertex -50.6917 -49.9109 0
    endloop
  endfacet
  facet normal 0.980768 0.195175 0
    outer loop
      vertex -50.9074 -49.4735 3
      vertex -50.9393 -49.3132 0
      vertex -50.9393 -49.3132 3
    endloop
  endfacet
  facet normal 0.980768 0.195175 0
    outer loop
      vertex -50.9393 -49.3132 0
      vertex -50.9074 -49.4735 3
      vertex -50.9074 -49.4735 0
    endloop
  endfacet
  facet normal 0.947082 0.320993 0
    outer loop
      vertex -50.8549 -49.6284 3
      vertex -50.9074 -49.4735 0
      vertex -50.9074 -49.4735 3
    endloop
  endfacet
  facet normal 0.947082 0.320993 0
    outer loop
      vertex -50.9074 -49.4735 0
      vertex -50.8549 -49.6284 3
      vertex -50.8549 -49.6284 0
    endloop
  endfacet
  facet normal -0.752046 0.65911 0
    outer loop
      vertex -45.3161 -50.0339 0
      vertex -45.2083 -49.9109 3
      vertex -45.2083 -49.9109 0
    endloop
  endfacet
  facet normal -0.752046 0.65911 0
    outer loop
      vertex -45.2083 -49.9109 3
      vertex -45.3161 -50.0339 0
      vertex -45.3161 -50.0339 3
    endloop
  endfacet
  facet normal -0.442313 0.896861 0
    outer loop
      vertex -45.575 -50.2325 0
      vertex -45.7216 -50.3048 3
      vertex -45.575 -50.2325 3
    endloop
  endfacet
  facet normal -0.442313 0.896861 0
    outer loop
      vertex -45.7216 -50.3048 3
      vertex -45.575 -50.2325 0
      vertex -45.7216 -50.3048 0
    endloop
  endfacet
  facet normal -0.946896 0.321541 0
    outer loop
      vertex -45.0452 -49.6284 0
      vertex -44.9926 -49.4735 3
      vertex -44.9926 -49.4735 0
    endloop
  endfacet
  facet normal -0.946896 0.321541 0
    outer loop
      vertex -44.9926 -49.4735 3
      vertex -45.0452 -49.6284 0
      vertex -45.0452 -49.6284 3
    endloop
  endfacet
  facet normal -0.831485 0.555547 0
    outer loop
      vertex -45.2083 -49.9109 0
      vertex -45.1175 -49.775 3
      vertex -45.1175 -49.775 0
    endloop
  endfacet
  facet normal -0.831485 0.555547 0
    outer loop
      vertex -45.1175 -49.775 3
      vertex -45.2083 -49.9109 0
      vertex -45.2083 -49.9109 3
    endloop
  endfacet
  facet normal -0.980768 0.195175 0
    outer loop
      vertex -44.9926 -49.4735 0
      vertex -44.9607 -49.3132 3
      vertex -44.9607 -49.3132 0
    endloop
  endfacet
  facet normal -0.980768 0.195175 0
    outer loop
      vertex -44.9607 -49.3132 3
      vertex -44.9926 -49.4735 0
      vertex -44.9926 -49.4735 3
    endloop
  endfacet
  facet normal 0.831674 -0.555265 0
    outer loop
      vertex -50.7825 -48.525 3
      vertex -50.6917 -48.389 0
      vertex -50.6917 -48.389 3
    endloop
  endfacet
  facet normal 0.831674 -0.555265 0
    outer loop
      vertex -50.6917 -48.389 0
      vertex -50.7825 -48.525 3
      vertex -50.7825 -48.525 0
    endloop
  endfacet
  facet normal 0.980768 -0.195175 0
    outer loop
      vertex -50.9393 -48.9868 3
      vertex -50.9074 -48.8265 0
      vertex -50.9074 -48.8265 3
    endloop
  endfacet
  facet normal 0.980768 -0.195175 0
    outer loop
      vertex -50.9074 -48.8265 0
      vertex -50.9393 -48.9868 3
      vertex -50.9393 -48.9868 0
    endloop
  endfacet
  facet normal 0.0654233 0.997858 -0
    outer loop
      vertex -49.7 -50.4 0
      vertex -49.8632 -50.3893 3
      vertex -49.7 -50.4 3
    endloop
  endfacet
  facet normal 0.0654233 0.997858 0
    outer loop
      vertex -49.8632 -50.3893 3
      vertex -49.7 -50.4 0
      vertex -49.8632 -50.3893 0
    endloop
  endfacet
  facet normal -0.555265 0.831674 0
    outer loop
      vertex -45.439 -50.1417 0
      vertex -45.575 -50.2325 3
      vertex -45.439 -50.1417 3
    endloop
  endfacet
  facet normal -0.555265 0.831674 0
    outer loop
      vertex -45.575 -50.2325 3
      vertex -45.439 -50.1417 0
      vertex -45.575 -50.2325 0
    endloop
  endfacet
  facet normal -0.896861 0.442313 0
    outer loop
      vertex -45.1175 -49.775 0
      vertex -45.0452 -49.6284 3
      vertex -45.0452 -49.6284 0
    endloop
  endfacet
  facet normal -0.896861 0.442313 0
    outer loop
      vertex -45.0452 -49.6284 3
      vertex -45.1175 -49.775 0
      vertex -45.1175 -49.775 3
    endloop
  endfacet
  facet normal -0.997858 0.0654233 0
    outer loop
      vertex -44.9607 -49.3132 0
      vertex -44.95 -49.15 3
      vertex -44.95 -49.15 0
    endloop
  endfacet
  facet normal -0.997858 0.0654233 0
    outer loop
      vertex -44.95 -49.15 3
      vertex -44.9607 -49.3132 0
      vertex -44.9607 -49.3132 3
    endloop
  endfacet
  facet normal 0.752046 0.65911 0
    outer loop
      vertex -50.5839 -50.0339 3
      vertex -50.6917 -49.9109 0
      vertex -50.6917 -49.9109 3
    endloop
  endfacet
  facet normal 0.752046 0.65911 0
    outer loop
      vertex -50.6917 -49.9109 0
      vertex -50.5839 -50.0339 3
      vertex -50.5839 -50.0339 0
    endloop
  endfacet
  facet normal -0.980768 -0.195175 0
    outer loop
      vertex -44.9607 -22.6868 0
      vertex -44.9926 -22.5265 3
      vertex -44.9926 -22.5265 0
    endloop
  endfacet
  facet normal -0.980768 -0.195175 0
    outer loop
      vertex -44.9926 -22.5265 3
      vertex -44.9607 -22.6868 0
      vertex -44.9607 -22.6868 3
    endloop
  endfacet
  facet normal -0.321541 -0.946896 0
    outer loop
      vertex -45.8765 -21.6426 0
      vertex -45.7216 -21.6952 3
      vertex -45.8765 -21.6426 3
    endloop
  endfacet
  facet normal -0.321541 -0.946896 -0
    outer loop
      vertex -45.7216 -21.6952 3
      vertex -45.8765 -21.6426 0
      vertex -45.7216 -21.6952 0
    endloop
  endfacet
  facet normal -0.75178 -0.659414 0
    outer loop
      vertex -45.2083 -22.089 0
      vertex -45.3161 -21.9661 3
      vertex -45.3161 -21.9661 0
    endloop
  endfacet
  facet normal -0.75178 -0.659414 0
    outer loop
      vertex -45.3161 -21.9661 3
      vertex -45.2083 -22.089 0
      vertex -45.2083 -22.089 3
    endloop
  endfacet
  facet normal -0.946896 -0.321541 0
    outer loop
      vertex -44.9926 -22.5265 0
      vertex -45.0452 -22.3716 3
      vertex -45.0452 -22.3716 0
    endloop
  endfacet
  facet normal -0.946896 -0.321541 0
    outer loop
      vertex -45.0452 -22.3716 3
      vertex -44.9926 -22.5265 0
      vertex -44.9926 -22.5265 3
    endloop
  endfacet
  facet normal -0.896861 -0.442313 0
    outer loop
      vertex -45.0452 -22.3716 0
      vertex -45.1175 -22.225 3
      vertex -45.1175 -22.225 0
    endloop
  endfacet
  facet normal -0.896861 -0.442313 0
    outer loop
      vertex -45.1175 -22.225 3
      vertex -45.0452 -22.3716 0
      vertex -45.0452 -22.3716 3
    endloop
  endfacet
  facet normal -0.555265 -0.831674 0
    outer loop
      vertex -45.575 -21.7675 0
      vertex -45.439 -21.8583 3
      vertex -45.575 -21.7675 3
    endloop
  endfacet
  facet normal -0.555265 -0.831674 -0
    outer loop
      vertex -45.439 -21.8583 3
      vertex -45.575 -21.7675 0
      vertex -45.439 -21.8583 0
    endloop
  endfacet
  facet normal -0.442313 -0.896861 0
    outer loop
      vertex -45.7216 -21.6952 0
      vertex -45.575 -21.7675 3
      vertex -45.7216 -21.6952 3
    endloop
  endfacet
  facet normal -0.442313 -0.896861 -0
    outer loop
      vertex -45.575 -21.7675 3
      vertex -45.7216 -21.6952 0
      vertex -45.575 -21.7675 0
    endloop
  endfacet
  facet normal -0.659414 -0.75178 0
    outer loop
      vertex -45.439 -21.8583 0
      vertex -45.3161 -21.9661 3
      vertex -45.439 -21.8583 3
    endloop
  endfacet
  facet normal -0.659414 -0.75178 -0
    outer loop
      vertex -45.3161 -21.9661 3
      vertex -45.439 -21.8583 0
      vertex -45.3161 -21.9661 0
    endloop
  endfacet
  facet normal 0 -1 0
    outer loop
      vertex -49.7 -21.6 0
      vertex -46.2 -21.6 3
      vertex -49.7 -21.6 3
    endloop
  endfacet
  facet normal 0 -1 -0
    outer loop
      vertex -46.2 -21.6 3
      vertex -49.7 -21.6 0
      vertex -46.2 -21.6 0
    endloop
  endfacet
  facet normal 0.0654233 -0.997858 0
    outer loop
      vertex -49.8632 -21.6107 0
      vertex -49.7 -21.6 3
      vertex -49.8632 -21.6107 3
    endloop
  endfacet
  facet normal 0.0654233 -0.997858 0
    outer loop
      vertex -49.7 -21.6 3
      vertex -49.8632 -21.6107 0
      vertex -49.7 -21.6 0
    endloop
  endfacet
  facet normal 0.980768 0.195175 0
    outer loop
      vertex -50.9074 -23.1735 3
      vertex -50.9393 -23.0132 0
      vertex -50.9393 -23.0132 3
    endloop
  endfacet
  facet normal 0.980768 0.195175 0
    outer loop
      vertex -50.9393 -23.0132 0
      vertex -50.9074 -23.1735 3
      vertex -50.9074 -23.1735 0
    endloop
  endfacet
  facet normal 0 1 -0
    outer loop
      vertex -46.2 -24.1 0
      vertex -49.7 -24.1 3
      vertex -46.2 -24.1 3
    endloop
  endfacet
  facet normal 0 1 0
    outer loop
      vertex -49.7 -24.1 3
      vertex -46.2 -24.1 0
      vertex -49.7 -24.1 0
    endloop
  endfacet
  facet normal -0.831674 -0.555265 0
    outer loop
      vertex -45.1175 -22.225 0
      vertex -45.2083 -22.089 3
      vertex -45.2083 -22.089 0
    endloop
  endfacet
  facet normal -0.831674 -0.555265 0
    outer loop
      vertex -45.2083 -22.089 3
      vertex -45.1175 -22.225 0
      vertex -45.1175 -22.225 3
    endloop
  endfacet
  facet normal 0.195175 -0.980768 0
    outer loop
      vertex -50.0235 -21.6426 0
      vertex -49.8632 -21.6107 3
      vertex -50.0235 -21.6426 3
    endloop
  endfacet
  facet normal 0.195175 -0.980768 0
    outer loop
      vertex -49.8632 -21.6107 3
      vertex -50.0235 -21.6426 0
      vertex -49.8632 -21.6107 0
    endloop
  endfacet
  facet normal 0.442313 0.896861 -0
    outer loop
      vertex -50.1784 -24.0048 0
      vertex -50.325 -23.9325 3
      vertex -50.1784 -24.0048 3
    endloop
  endfacet
  facet normal 0.442313 0.896861 0
    outer loop
      vertex -50.325 -23.9325 3
      vertex -50.1784 -24.0048 0
      vertex -50.325 -23.9325 0
    endloop
  endfacet
  facet normal -0.831674 0.555265 0
    outer loop
      vertex -45.2083 -23.611 0
      vertex -45.1175 -23.475 3
      vertex -45.1175 -23.475 0
    endloop
  endfacet
  facet normal -0.831674 0.555265 0
    outer loop
      vertex -45.1175 -23.475 3
      vertex -45.2083 -23.611 0
      vertex -45.2083 -23.611 3
    endloop
  endfacet
  facet normal -0.0654233 -0.997858 0
    outer loop
      vertex -46.2 -21.6 0
      vertex -46.0368 -21.6107 3
      vertex -46.2 -21.6 3
    endloop
  endfacet
  facet normal -0.0654233 -0.997858 -0
    outer loop
      vertex -46.0368 -21.6107 3
      vertex -46.2 -21.6 0
      vertex -46.0368 -21.6107 0
    endloop
  endfacet
  facet normal -0.195175 -0.980768 0
    outer loop
      vertex -46.0368 -21.6107 0
      vertex -45.8765 -21.6426 3
      vertex -46.0368 -21.6107 3
    endloop
  endfacet
  facet normal -0.195175 -0.980768 -0
    outer loop
      vertex -45.8765 -21.6426 3
      vertex -46.0368 -21.6107 0
      vertex -45.8765 -21.6426 0
    endloop
  endfacet
  facet normal 0.555265 -0.831674 0
    outer loop
      vertex -50.461 -21.8583 0
      vertex -50.325 -21.7675 3
      vertex -50.461 -21.8583 3
    endloop
  endfacet
  facet normal 0.555265 -0.831674 0
    outer loop
      vertex -50.325 -21.7675 3
      vertex -50.461 -21.8583 0
      vertex -50.325 -21.7675 0
    endloop
  endfacet
  facet normal 0.997858 0.0654233 0
    outer loop
      vertex -50.9393 -23.0132 3
      vertex -50.95 -22.85 0
      vertex -50.95 -22.85 3
    endloop
  endfacet
  facet normal 0.997858 0.0654233 0
    outer loop
      vertex -50.95 -22.85 0
      vertex -50.9393 -23.0132 3
      vertex -50.9393 -23.0132 0
    endloop
  endfacet
  facet normal 0.947082 -0.320993 0
    outer loop
      vertex -50.9074 -22.5265 3
      vertex -50.8549 -22.3716 0
      vertex -50.8549 -22.3716 3
    endloop
  endfacet
  facet normal 0.947082 -0.320993 0
    outer loop
      vertex -50.8549 -22.3716 0
      vertex -50.9074 -22.5265 3
      vertex -50.9074 -22.5265 0
    endloop
  endfacet
  facet normal 0.75178 0.659414 0
    outer loop
      vertex -50.5839 -23.7339 3
      vertex -50.6917 -23.611 0
      vertex -50.6917 -23.611 3
    endloop
  endfacet
  facet normal 0.75178 0.659414 0
    outer loop
      vertex -50.6917 -23.611 0
      vertex -50.5839 -23.7339 3
      vertex -50.5839 -23.7339 0
    endloop
  endfacet
  facet normal -0.659414 0.75178 0
    outer loop
      vertex -45.3161 -23.7339 0
      vertex -45.439 -23.8417 3
      vertex -45.3161 -23.7339 3
    endloop
  endfacet
  facet normal -0.659414 0.75178 0
    outer loop
      vertex -45.439 -23.8417 3
      vertex -45.3161 -23.7339 0
      vertex -45.439 -23.8417 0
    endloop
  endfacet
  facet normal -0.321541 0.946896 0
    outer loop
      vertex -45.7216 -24.0048 0
      vertex -45.8765 -24.0574 3
      vertex -45.7216 -24.0048 3
    endloop
  endfacet
  facet normal -0.321541 0.946896 0
    outer loop
      vertex -45.8765 -24.0574 3
      vertex -45.7216 -24.0048 0
      vertex -45.8765 -24.0574 0
    endloop
  endfacet
  facet normal -0.997858 -0.0654233 0
    outer loop
      vertex -44.95 -22.85 0
      vertex -44.9607 -22.6868 3
      vertex -44.9607 -22.6868 0
    endloop
  endfacet
  facet normal -0.997858 -0.0654233 0
    outer loop
      vertex -44.9607 -22.6868 3
      vertex -44.95 -22.85 0
      vertex -44.95 -22.85 3
    endloop
  endfacet
  facet normal 0.321541 -0.946896 0
    outer loop
      vertex -50.1784 -21.6952 0
      vertex -50.0235 -21.6426 3
      vertex -50.1784 -21.6952 3
    endloop
  endfacet
  facet normal 0.321541 -0.946896 0
    outer loop
      vertex -50.0235 -21.6426 3
      vertex -50.1784 -21.6952 0
      vertex -50.0235 -21.6426 0
    endloop
  endfacet
  facet normal 0.442313 -0.896861 0
    outer loop
      vertex -50.325 -21.7675 0
      vertex -50.1784 -21.6952 3
      vertex -50.325 -21.7675 3
    endloop
  endfacet
  facet normal 0.442313 -0.896861 0
    outer loop
      vertex -50.1784 -21.6952 3
      vertex -50.325 -21.7675 0
      vertex -50.1784 -21.6952 0
    endloop
  endfacet
  facet normal 0.896618 -0.442805 0
    outer loop
      vertex -50.8549 -22.3716 3
      vertex -50.7825 -22.225 0
      vertex -50.7825 -22.225 3
    endloop
  endfacet
  facet normal 0.896618 -0.442805 0
    outer loop
      vertex -50.7825 -22.225 0
      vertex -50.8549 -22.3716 3
      vertex -50.8549 -22.3716 0
    endloop
  endfacet
  facet normal 0.0654233 0.997858 -0
    outer loop
      vertex -49.7 -24.1 0
      vertex -49.8632 -24.0893 3
      vertex -49.7 -24.1 3
    endloop
  endfacet
  facet normal 0.0654233 0.997858 0
    outer loop
      vertex -49.8632 -24.0893 3
      vertex -49.7 -24.1 0
      vertex -49.8632 -24.0893 0
    endloop
  endfacet
  facet normal 0.195175 0.980768 -0
    outer loop
      vertex -49.8632 -24.0893 0
      vertex -50.0235 -24.0574 3
      vertex -49.8632 -24.0893 3
    endloop
  endfacet
  facet normal 0.195175 0.980768 0
    outer loop
      vertex -50.0235 -24.0574 3
      vertex -49.8632 -24.0893 0
      vertex -50.0235 -24.0574 0
    endloop
  endfacet
  facet normal 0.321541 0.946896 -0
    outer loop
      vertex -50.0235 -24.0574 0
      vertex -50.1784 -24.0048 3
      vertex -50.0235 -24.0574 3
    endloop
  endfacet
  facet normal 0.321541 0.946896 0
    outer loop
      vertex -50.1784 -24.0048 3
      vertex -50.0235 -24.0574 0
      vertex -50.1784 -24.0048 0
    endloop
  endfacet
  facet normal 0.659414 0.75178 -0
    outer loop
      vertex -50.461 -23.8417 0
      vertex -50.5839 -23.7339 3
      vertex -50.461 -23.8417 3
    endloop
  endfacet
  facet normal 0.659414 0.75178 0
    outer loop
      vertex -50.5839 -23.7339 3
      vertex -50.461 -23.8417 0
      vertex -50.5839 -23.7339 0
    endloop
  endfacet
  facet normal 0.555265 0.831674 -0
    outer loop
      vertex -50.325 -23.9325 0
      vertex -50.461 -23.8417 3
      vertex -50.325 -23.9325 3
    endloop
  endfacet
  facet normal 0.555265 0.831674 0
    outer loop
      vertex -50.461 -23.8417 3
      vertex -50.325 -23.9325 0
      vertex -50.461 -23.8417 0
    endloop
  endfacet
  facet normal 0.896618 0.442805 0
    outer loop
      vertex -50.7825 -23.475 3
      vertex -50.8549 -23.3284 0
      vertex -50.8549 -23.3284 3
    endloop
  endfacet
  facet normal 0.896618 0.442805 0
    outer loop
      vertex -50.8549 -23.3284 0
      vertex -50.7825 -23.475 3
      vertex -50.7825 -23.475 0
    endloop
  endfacet
  facet normal 0.947082 0.320993 0
    outer loop
      vertex -50.8549 -23.3284 3
      vertex -50.9074 -23.1735 0
      vertex -50.9074 -23.1735 3
    endloop
  endfacet
  facet normal 0.947082 0.320993 0
    outer loop
      vertex -50.9074 -23.1735 0
      vertex -50.8549 -23.3284 3
      vertex -50.8549 -23.3284 0
    endloop
  endfacet
  facet normal -0.195175 0.980768 0
    outer loop
      vertex -45.8765 -24.0574 0
      vertex -46.0368 -24.0893 3
      vertex -45.8765 -24.0574 3
    endloop
  endfacet
  facet normal -0.195175 0.980768 0
    outer loop
      vertex -46.0368 -24.0893 3
      vertex -45.8765 -24.0574 0
      vertex -46.0368 -24.0893 0
    endloop
  endfacet
  facet normal -0.0654233 0.997858 0
    outer loop
      vertex -46.0368 -24.0893 0
      vertex -46.2 -24.1 3
      vertex -46.0368 -24.0893 3
    endloop
  endfacet
  facet normal -0.0654233 0.997858 0
    outer loop
      vertex -46.2 -24.1 3
      vertex -46.0368 -24.0893 0
      vertex -46.2 -24.1 0
    endloop
  endfacet
  facet normal -0.442313 0.896861 0
    outer loop
      vertex -45.575 -23.9325 0
      vertex -45.7216 -24.0048 3
      vertex -45.575 -23.9325 3
    endloop
  endfacet
  facet normal -0.442313 0.896861 0
    outer loop
      vertex -45.7216 -24.0048 3
      vertex -45.575 -23.9325 0
      vertex -45.7216 -24.0048 0
    endloop
  endfacet
  facet normal -0.75178 0.659414 0
    outer loop
      vertex -45.3161 -23.7339 0
      vertex -45.2083 -23.611 3
      vertex -45.2083 -23.611 0
    endloop
  endfacet
  facet normal -0.75178 0.659414 0
    outer loop
      vertex -45.2083 -23.611 3
      vertex -45.3161 -23.7339 0
      vertex -45.3161 -23.7339 3
    endloop
  endfacet
  facet normal -0.946896 0.321541 0
    outer loop
      vertex -45.0452 -23.3284 0
      vertex -44.9926 -23.1735 3
      vertex -44.9926 -23.1735 0
    endloop
  endfacet
  facet normal -0.946896 0.321541 0
    outer loop
      vertex -44.9926 -23.1735 3
      vertex -45.0452 -23.3284 0
      vertex -45.0452 -23.3284 3
    endloop
  endfacet
  facet normal -0.980768 0.195175 0
    outer loop
      vertex -44.9926 -23.1735 0
      vertex -44.9607 -23.0132 3
      vertex -44.9607 -23.0132 0
    endloop
  endfacet
  facet normal -0.980768 0.195175 0
    outer loop
      vertex -44.9607 -23.0132 3
      vertex -44.9926 -23.1735 0
      vertex -44.9926 -23.1735 3
    endloop
  endfacet
  facet normal 0.831674 -0.555265 0
    outer loop
      vertex -50.7825 -22.225 3
      vertex -50.6917 -22.089 0
      vertex -50.6917 -22.089 3
    endloop
  endfacet
  facet normal 0.831674 -0.555265 0
    outer loop
      vertex -50.6917 -22.089 0
      vertex -50.7825 -22.225 3
      vertex -50.7825 -22.225 0
    endloop
  endfacet
  facet normal 0.75178 -0.659414 0
    outer loop
      vertex -50.6917 -22.089 3
      vertex -50.5839 -21.9661 0
      vertex -50.5839 -21.9661 3
    endloop
  endfacet
  facet normal 0.75178 -0.659414 0
    outer loop
      vertex -50.5839 -21.9661 0
      vertex -50.6917 -22.089 3
      vertex -50.6917 -22.089 0
    endloop
  endfacet
  facet normal 0.659414 -0.75178 0
    outer loop
      vertex -50.5839 -21.9661 0
      vertex -50.461 -21.8583 3
      vertex -50.5839 -21.9661 3
    endloop
  endfacet
  facet normal 0.659414 -0.75178 0
    outer loop
      vertex -50.461 -21.8583 3
      vertex -50.5839 -21.9661 0
      vertex -50.461 -21.8583 0
    endloop
  endfacet
  facet normal 0.997858 -0.0654233 0
    outer loop
      vertex -50.95 -22.85 3
      vertex -50.9393 -22.6868 0
      vertex -50.9393 -22.6868 3
    endloop
  endfacet
  facet normal 0.997858 -0.0654233 0
    outer loop
      vertex -50.9393 -22.6868 0
      vertex -50.95 -22.85 3
      vertex -50.95 -22.85 0
    endloop
  endfacet
  facet normal 0.980768 -0.195175 0
    outer loop
      vertex -50.9393 -22.6868 3
      vertex -50.9074 -22.5265 0
      vertex -50.9074 -22.5265 3
    endloop
  endfacet
  facet normal 0.980768 -0.195175 0
    outer loop
      vertex -50.9074 -22.5265 0
      vertex -50.9393 -22.6868 3
      vertex -50.9393 -22.6868 0
    endloop
  endfacet
  facet normal 0.831674 0.555265 0
    outer loop
      vertex -50.6917 -23.611 3
      vertex -50.7825 -23.475 0
      vertex -50.7825 -23.475 3
    endloop
  endfacet
  facet normal 0.831674 0.555265 0
    outer loop
      vertex -50.7825 -23.475 0
      vertex -50.6917 -23.611 3
      vertex -50.6917 -23.611 0
    endloop
  endfacet
  facet normal -0.555265 0.831674 0
    outer loop
      vertex -45.439 -23.8417 0
      vertex -45.575 -23.9325 3
      vertex -45.439 -23.8417 3
    endloop
  endfacet
  facet normal -0.555265 0.831674 0
    outer loop
      vertex -45.575 -23.9325 3
      vertex -45.439 -23.8417 0
      vertex -45.575 -23.9325 0
    endloop
  endfacet
  facet normal -0.896861 0.442313 0
    outer loop
      vertex -45.1175 -23.475 0
      vertex -45.0452 -23.3284 3
      vertex -45.0452 -23.3284 0
    endloop
  endfacet
  facet normal -0.896861 0.442313 0
    outer loop
      vertex -45.0452 -23.3284 3
      vertex -45.1175 -23.475 0
      vertex -45.1175 -23.475 3
    endloop
  endfacet
  facet normal -0.997858 0.0654233 0
    outer loop
      vertex -44.9607 -23.0132 0
      vertex -44.95 -22.85 3
      vertex -44.95 -22.85 0
    endloop
  endfacet
  facet normal -0.997858 0.0654233 0
    outer loop
      vertex -44.95 -22.85 3
      vertex -44.9607 -23.0132 0
      vertex -44.9607 -23.0132 3
    endloop
  endfacet
  facet normal -0.980768 -0.195175 0
    outer loop
      vertex -17.0607 -48.9868 0
      vertex -17.0926 -48.8265 3
      vertex -17.0926 -48.8265 0
    endloop
  endfacet
  facet normal -0.980768 -0.195175 0
    outer loop
      vertex -17.0926 -48.8265 3
      vertex -17.0607 -48.9868 0
      vertex -17.0607 -48.9868 3
    endloop
  endfacet
  facet normal -0.321541 -0.946896 0
    outer loop
      vertex -17.9765 -47.9426 0
      vertex -17.8216 -47.9952 3
      vertex -17.9765 -47.9426 3
    endloop
  endfacet
  facet normal -0.321541 -0.946896 -0
    outer loop
      vertex -17.8216 -47.9952 3
      vertex -17.9765 -47.9426 0
      vertex -17.8216 -47.9952 0
    endloop
  endfacet
  facet normal -0.75178 -0.659414 0
    outer loop
      vertex -17.3083 -48.389 0
      vertex -17.4161 -48.2661 3
      vertex -17.4161 -48.2661 0
    endloop
  endfacet
  facet normal -0.75178 -0.659414 0
    outer loop
      vertex -17.4161 -48.2661 3
      vertex -17.3083 -48.389 0
      vertex -17.3083 -48.389 3
    endloop
  endfacet
  facet normal -0.947082 -0.320993 0
    outer loop
      vertex -17.0926 -48.8265 0
      vertex -17.1451 -48.6716 3
      vertex -17.1451 -48.6716 0
    endloop
  endfacet
  facet normal -0.947082 -0.320993 0
    outer loop
      vertex -17.1451 -48.6716 3
      vertex -17.0926 -48.8265 0
      vertex -17.0926 -48.8265 3
    endloop
  endfacet
  facet normal -0.896618 -0.442805 0
    outer loop
      vertex -17.1451 -48.6716 0
      vertex -17.2175 -48.525 3
      vertex -17.2175 -48.525 0
    endloop
  endfacet
  facet normal -0.896618 -0.442805 0
    outer loop
      vertex -17.2175 -48.525 3
      vertex -17.1451 -48.6716 0
      vertex -17.1451 -48.6716 3
    endloop
  endfacet
  facet normal -0.555265 -0.831674 0
    outer loop
      vertex -17.675 -48.0675 0
      vertex -17.539 -48.1583 3
      vertex -17.675 -48.0675 3
    endloop
  endfacet
  facet normal -0.555265 -0.831674 -0
    outer loop
      vertex -17.539 -48.1583 3
      vertex -17.675 -48.0675 0
      vertex -17.539 -48.1583 0
    endloop
  endfacet
  facet normal -0.442313 -0.896861 0
    outer loop
      vertex -17.8216 -47.9952 0
      vertex -17.675 -48.0675 3
      vertex -17.8216 -47.9952 3
    endloop
  endfacet
  facet normal -0.442313 -0.896861 -0
    outer loop
      vertex -17.675 -48.0675 3
      vertex -17.8216 -47.9952 0
      vertex -17.675 -48.0675 0
    endloop
  endfacet
  facet normal -0.659414 -0.75178 0
    outer loop
      vertex -17.539 -48.1583 0
      vertex -17.4161 -48.2661 3
      vertex -17.539 -48.1583 3
    endloop
  endfacet
  facet normal -0.659414 -0.75178 -0
    outer loop
      vertex -17.4161 -48.2661 3
      vertex -17.539 -48.1583 0
      vertex -17.4161 -48.2661 0
    endloop
  endfacet
  facet normal 0 -1 0
    outer loop
      vertex -21.8 -47.9 0
      vertex -18.3 -47.9 3
      vertex -21.8 -47.9 3
    endloop
  endfacet
  facet normal 0 -1 -0
    outer loop
      vertex -18.3 -47.9 3
      vertex -21.8 -47.9 0
      vertex -18.3 -47.9 0
    endloop
  endfacet
  facet normal 0.0654233 -0.997858 0
    outer loop
      vertex -21.9632 -47.9107 0
      vertex -21.8 -47.9 3
      vertex -21.9632 -47.9107 3
    endloop
  endfacet
  facet normal 0.0654233 -0.997858 0
    outer loop
      vertex -21.8 -47.9 3
      vertex -21.9632 -47.9107 0
      vertex -21.8 -47.9 0
    endloop
  endfacet
  facet normal 0 1 -0
    outer loop
      vertex -18.3 -50.4 0
      vertex -21.8 -50.4 3
      vertex -18.3 -50.4 3
    endloop
  endfacet
  facet normal 0 1 0
    outer loop
      vertex -21.8 -50.4 3
      vertex -18.3 -50.4 0
      vertex -21.8 -50.4 0
    endloop
  endfacet
  facet normal -0.831674 -0.555265 0
    outer loop
      vertex -17.2175 -48.525 0
      vertex -17.3083 -48.389 3
      vertex -17.3083 -48.389 0
    endloop
  endfacet
  facet normal -0.831674 -0.555265 0
    outer loop
      vertex -17.3083 -48.389 3
      vertex -17.2175 -48.525 0
      vertex -17.2175 -48.525 3
    endloop
  endfacet
  facet normal 0.195175 -0.980768 0
    outer loop
      vertex -22.1235 -47.9426 0
      vertex -21.9632 -47.9107 3
      vertex -22.1235 -47.9426 3
    endloop
  endfacet
  facet normal 0.195175 -0.980768 0
    outer loop
      vertex -21.9632 -47.9107 3
      vertex -22.1235 -47.9426 0
      vertex -21.9632 -47.9107 0
    endloop
  endfacet
  facet normal 0.831674 -0.555265 0
    outer loop
      vertex -22.8825 -48.525 3
      vertex -22.7917 -48.389 0
      vertex -22.7917 -48.389 3
    endloop
  endfacet
  facet normal 0.831674 -0.555265 0
    outer loop
      vertex -22.7917 -48.389 0
      vertex -22.8825 -48.525 3
      vertex -22.8825 -48.525 0
    endloop
  endfacet
  facet normal 0.442313 0.896861 -0
    outer loop
      vertex -22.2784 -50.3048 0
      vertex -22.425 -50.2325 3
      vertex -22.2784 -50.3048 3
    endloop
  endfacet
  facet normal 0.442313 0.896861 0
    outer loop
      vertex -22.425 -50.2325 3
      vertex -22.2784 -50.3048 0
      vertex -22.425 -50.2325 0
    endloop
  endfacet
  facet normal -0.555265 0.831674 0
    outer loop
      vertex -17.539 -50.1417 0
      vertex -17.675 -50.2325 3
      vertex -17.539 -50.1417 3
    endloop
  endfacet
  facet normal -0.555265 0.831674 0
    outer loop
      vertex -17.675 -50.2325 3
      vertex -17.539 -50.1417 0
      vertex -17.675 -50.2325 0
    endloop
  endfacet
  facet normal 0.442313 -0.896861 0
    outer loop
      vertex -22.425 -48.0675 0
      vertex -22.2784 -47.9952 3
      vertex -22.425 -48.0675 3
    endloop
  endfacet
  facet normal 0.442313 -0.896861 0
    outer loop
      vertex -22.2784 -47.9952 3
      vertex -22.425 -48.0675 0
      vertex -22.2784 -47.9952 0
    endloop
  endfacet
  facet normal -0.0654233 -0.997858 0
    outer loop
      vertex -18.3 -47.9 0
      vertex -18.1368 -47.9107 3
      vertex -18.3 -47.9 3
    endloop
  endfacet
  facet normal -0.0654233 -0.997858 -0
    outer loop
      vertex -18.1368 -47.9107 3
      vertex -18.3 -47.9 0
      vertex -18.1368 -47.9107 0
    endloop
  endfacet
  facet normal -0.195175 -0.980768 0
    outer loop
      vertex -18.1368 -47.9107 0
      vertex -17.9765 -47.9426 3
      vertex -18.1368 -47.9107 3
    endloop
  endfacet
  facet normal -0.195175 -0.980768 -0
    outer loop
      vertex -17.9765 -47.9426 3
      vertex -18.1368 -47.9107 0
      vertex -17.9765 -47.9426 0
    endloop
  endfacet
  facet normal 0.659414 -0.75178 0
    outer loop
      vertex -22.6839 -48.2661 0
      vertex -22.561 -48.1583 3
      vertex -22.6839 -48.2661 3
    endloop
  endfacet
  facet normal 0.659414 -0.75178 0
    outer loop
      vertex -22.561 -48.1583 3
      vertex -22.6839 -48.2661 0
      vertex -22.561 -48.1583 0
    endloop
  endfacet
  facet normal 0.555265 -0.831674 0
    outer loop
      vertex -22.561 -48.1583 0
      vertex -22.425 -48.0675 3
      vertex -22.561 -48.1583 3
    endloop
  endfacet
  facet normal 0.555265 -0.831674 0
    outer loop
      vertex -22.425 -48.0675 3
      vertex -22.561 -48.1583 0
      vertex -22.425 -48.0675 0
    endloop
  endfacet
  facet normal 0.997858 0.0654233 0
    outer loop
      vertex -23.0393 -49.3132 3
      vertex -23.05 -49.15 0
      vertex -23.05 -49.15 3
    endloop
  endfacet
  facet normal 0.997858 0.0654233 0
    outer loop
      vertex -23.05 -49.15 0
      vertex -23.0393 -49.3132 3
      vertex -23.0393 -49.3132 0
    endloop
  endfacet
  facet normal 0.896861 0.442313 0
    outer loop
      vertex -22.8825 -49.775 3
      vertex -22.9548 -49.6284 0
      vertex -22.9548 -49.6284 3
    endloop
  endfacet
  facet normal 0.896861 0.442313 0
    outer loop
      vertex -22.9548 -49.6284 0
      vertex -22.8825 -49.775 3
      vertex -22.8825 -49.775 0
    endloop
  endfacet
  facet normal -0.0654233 0.997858 0
    outer loop
      vertex -18.1368 -50.3893 0
      vertex -18.3 -50.4 3
      vertex -18.1368 -50.3893 3
    endloop
  endfacet
  facet normal -0.0654233 0.997858 0
    outer loop
      vertex -18.3 -50.4 3
      vertex -18.1368 -50.3893 0
      vertex -18.3 -50.4 0
    endloop
  endfacet
  facet normal -0.195175 0.980768 0
    outer loop
      vertex -17.9765 -50.3574 0
      vertex -18.1368 -50.3893 3
      vertex -17.9765 -50.3574 3
    endloop
  endfacet
  facet normal -0.195175 0.980768 0
    outer loop
      vertex -18.1368 -50.3893 3
      vertex -17.9765 -50.3574 0
      vertex -18.1368 -50.3893 0
    endloop
  endfacet
  facet normal -0.659414 0.75178 0
    outer loop
      vertex -17.4161 -50.0339 0
      vertex -17.539 -50.1417 3
      vertex -17.4161 -50.0339 3
    endloop
  endfacet
  facet normal -0.659414 0.75178 0
    outer loop
      vertex -17.539 -50.1417 3
      vertex -17.4161 -50.0339 0
      vertex -17.539 -50.1417 0
    endloop
  endfacet
  facet normal -0.321541 0.946896 0
    outer loop
      vertex -17.8216 -50.3048 0
      vertex -17.9765 -50.3574 3
      vertex -17.8216 -50.3048 3
    endloop
  endfacet
  facet normal -0.321541 0.946896 0
    outer loop
      vertex -17.9765 -50.3574 3
      vertex -17.8216 -50.3048 0
      vertex -17.9765 -50.3574 0
    endloop
  endfacet
  facet normal -0.997858 -0.0654233 0
    outer loop
      vertex -17.05 -49.15 0
      vertex -17.0607 -48.9868 3
      vertex -17.0607 -48.9868 0
    endloop
  endfacet
  facet normal -0.997858 -0.0654233 0
    outer loop
      vertex -17.0607 -48.9868 3
      vertex -17.05 -49.15 0
      vertex -17.05 -49.15 3
    endloop
  endfacet
  facet normal 0.321541 -0.946896 0
    outer loop
      vertex -22.2784 -47.9952 0
      vertex -22.1235 -47.9426 3
      vertex -22.2784 -47.9952 3
    endloop
  endfacet
  facet normal 0.321541 -0.946896 0
    outer loop
      vertex -22.1235 -47.9426 3
      vertex -22.2784 -47.9952 0
      vertex -22.1235 -47.9426 0
    endloop
  endfacet
  facet normal 0.75178 -0.659414 0
    outer loop
      vertex -22.7917 -48.389 3
      vertex -22.6839 -48.2661 0
      vertex -22.6839 -48.2661 3
    endloop
  endfacet
  facet normal 0.75178 -0.659414 0
    outer loop
      vertex -22.6839 -48.2661 0
      vertex -22.7917 -48.389 3
      vertex -22.7917 -48.389 0
    endloop
  endfacet
  facet normal 0.997858 -0.0654233 0
    outer loop
      vertex -23.05 -49.15 3
      vertex -23.0393 -48.9868 0
      vertex -23.0393 -48.9868 3
    endloop
  endfacet
  facet normal 0.997858 -0.0654233 0
    outer loop
      vertex -23.0393 -48.9868 0
      vertex -23.05 -49.15 3
      vertex -23.05 -49.15 0
    endloop
  endfacet
  facet normal 0.946896 -0.321541 0
    outer loop
      vertex -23.0074 -48.8265 3
      vertex -22.9548 -48.6716 0
      vertex -22.9548 -48.6716 3
    endloop
  endfacet
  facet normal 0.946896 -0.321541 0
    outer loop
      vertex -22.9548 -48.6716 0
      vertex -23.0074 -48.8265 3
      vertex -23.0074 -48.8265 0
    endloop
  endfacet
  facet normal 0.896861 -0.442313 0
    outer loop
      vertex -22.9548 -48.6716 3
      vertex -22.8825 -48.525 0
      vertex -22.8825 -48.525 3
    endloop
  endfacet
  facet normal 0.896861 -0.442313 0
    outer loop
      vertex -22.8825 -48.525 0
      vertex -22.9548 -48.6716 3
      vertex -22.9548 -48.6716 0
    endloop
  endfacet
  facet normal 0.0654233 0.997858 -0
    outer loop
      vertex -21.8 -50.4 0
      vertex -21.9632 -50.3893 3
      vertex -21.8 -50.4 3
    endloop
  endfacet
  facet normal 0.0654233 0.997858 0
    outer loop
      vertex -21.9632 -50.3893 3
      vertex -21.8 -50.4 0
      vertex -21.9632 -50.3893 0
    endloop
  endfacet
  facet normal 0.195175 0.980768 -0
    outer loop
      vertex -21.9632 -50.3893 0
      vertex -22.1235 -50.3574 3
      vertex -21.9632 -50.3893 3
    endloop
  endfacet
  facet normal 0.195175 0.980768 0
    outer loop
      vertex -22.1235 -50.3574 3
      vertex -21.9632 -50.3893 0
      vertex -22.1235 -50.3574 0
    endloop
  endfacet
  facet normal 0.321541 0.946896 -0
    outer loop
      vertex -22.1235 -50.3574 0
      vertex -22.2784 -50.3048 3
      vertex -22.1235 -50.3574 3
    endloop
  endfacet
  facet normal 0.321541 0.946896 0
    outer loop
      vertex -22.2784 -50.3048 3
      vertex -22.1235 -50.3574 0
      vertex -22.2784 -50.3048 0
    endloop
  endfacet
  facet normal 0.659414 0.75178 -0
    outer loop
      vertex -22.561 -50.1417 0
      vertex -22.6839 -50.0339 3
      vertex -22.561 -50.1417 3
    endloop
  endfacet
  facet normal 0.659414 0.75178 0
    outer loop
      vertex -22.6839 -50.0339 3
      vertex -22.561 -50.1417 0
      vertex -22.6839 -50.0339 0
    endloop
  endfacet
  facet normal 0.555265 0.831674 -0
    outer loop
      vertex -22.425 -50.2325 0
      vertex -22.561 -50.1417 3
      vertex -22.425 -50.2325 3
    endloop
  endfacet
  facet normal 0.555265 0.831674 0
    outer loop
      vertex -22.561 -50.1417 3
      vertex -22.425 -50.2325 0
      vertex -22.561 -50.1417 0
    endloop
  endfacet
  facet normal 0.831485 0.555547 0
    outer loop
      vertex -22.7917 -49.9109 3
      vertex -22.8825 -49.775 0
      vertex -22.8825 -49.775 3
    endloop
  endfacet
  facet normal 0.831485 0.555547 0
    outer loop
      vertex -22.8825 -49.775 0
      vertex -22.7917 -49.9109 3
      vertex -22.7917 -49.9109 0
    endloop
  endfacet
  facet normal 0.980768 0.195175 0
    outer loop
      vertex -23.0074 -49.4735 3
      vertex -23.0393 -49.3132 0
      vertex -23.0393 -49.3132 3
    endloop
  endfacet
  facet normal 0.980768 0.195175 0
    outer loop
      vertex -23.0393 -49.3132 0
      vertex -23.0074 -49.4735 3
      vertex -23.0074 -49.4735 0
    endloop
  endfacet
  facet normal 0.946896 0.321541 0
    outer loop
      vertex -22.9548 -49.6284 3
      vertex -23.0074 -49.4735 0
      vertex -23.0074 -49.4735 3
    endloop
  endfacet
  facet normal 0.946896 0.321541 0
    outer loop
      vertex -23.0074 -49.4735 0
      vertex -22.9548 -49.6284 3
      vertex -22.9548 -49.6284 0
    endloop
  endfacet
  facet normal -0.752046 0.65911 0
    outer loop
      vertex -17.4161 -50.0339 0
      vertex -17.3083 -49.9109 3
      vertex -17.3083 -49.9109 0
    endloop
  endfacet
  facet normal -0.752046 0.65911 0
    outer loop
      vertex -17.3083 -49.9109 3
      vertex -17.4161 -50.0339 0
      vertex -17.4161 -50.0339 3
    endloop
  endfacet
  facet normal -0.442313 0.896861 0
    outer loop
      vertex -17.675 -50.2325 0
      vertex -17.8216 -50.3048 3
      vertex -17.675 -50.2325 3
    endloop
  endfacet
  facet normal -0.442313 0.896861 0
    outer loop
      vertex -17.8216 -50.3048 3
      vertex -17.675 -50.2325 0
      vertex -17.8216 -50.3048 0
    endloop
  endfacet
  facet normal -0.947082 0.320993 0
    outer loop
      vertex -17.1451 -49.6284 0
      vertex -17.0926 -49.4735 3
      vertex -17.0926 -49.4735 0
    endloop
  endfacet
  facet normal -0.947082 0.320993 0
    outer loop
      vertex -17.0926 -49.4735 3
      vertex -17.1451 -49.6284 0
      vertex -17.1451 -49.6284 3
    endloop
  endfacet
  facet normal -0.831485 0.555547 0
    outer loop
      vertex -17.3083 -49.9109 0
      vertex -17.2175 -49.775 3
      vertex -17.2175 -49.775 0
    endloop
  endfacet
  facet normal -0.831485 0.555547 0
    outer loop
      vertex -17.2175 -49.775 3
      vertex -17.3083 -49.9109 0
      vertex -17.3083 -49.9109 3
    endloop
  endfacet
  facet normal -0.980768 0.195175 0
    outer loop
      vertex -17.0926 -49.4735 0
      vertex -17.0607 -49.3132 3
      vertex -17.0607 -49.3132 0
    endloop
  endfacet
  facet normal -0.980768 0.195175 0
    outer loop
      vertex -17.0607 -49.3132 3
      vertex -17.0926 -49.4735 0
      vertex -17.0926 -49.4735 3
    endloop
  endfacet
  facet normal 0.980768 -0.195175 0
    outer loop
      vertex -23.0393 -48.9868 3
      vertex -23.0074 -48.8265 0
      vertex -23.0074 -48.8265 3
    endloop
  endfacet
  facet normal 0.980768 -0.195175 0
    outer loop
      vertex -23.0074 -48.8265 0
      vertex -23.0393 -48.9868 3
      vertex -23.0393 -48.9868 0
    endloop
  endfacet
  facet normal -0.896618 0.442805 0
    outer loop
      vertex -17.2175 -49.775 0
      vertex -17.1451 -49.6284 3
      vertex -17.1451 -49.6284 0
    endloop
  endfacet
  facet normal -0.896618 0.442805 0
    outer loop
      vertex -17.1451 -49.6284 3
      vertex -17.2175 -49.775 0
      vertex -17.2175 -49.775 3
    endloop
  endfacet
  facet normal -0.997858 0.0654233 0
    outer loop
      vertex -17.0607 -49.3132 0
      vertex -17.05 -49.15 3
      vertex -17.05 -49.15 0
    endloop
  endfacet
  facet normal -0.997858 0.0654233 0
    outer loop
      vertex -17.05 -49.15 3
      vertex -17.0607 -49.3132 0
      vertex -17.0607 -49.3132 3
    endloop
  endfacet
  facet normal 0.752046 0.65911 0
    outer loop
      vertex -22.6839 -50.0339 3
      vertex -22.7917 -49.9109 0
      vertex -22.7917 -49.9109 3
    endloop
  endfacet
  facet normal 0.752046 0.65911 0
    outer loop
      vertex -22.7917 -49.9109 0
      vertex -22.6839 -50.0339 3
      vertex -22.6839 -50.0339 0
    endloop
  endfacet
  facet normal -0.980768 -0.195175 0
    outer loop
      vertex -17.0607 -22.6868 0
      vertex -17.0926 -22.5265 3
      vertex -17.0926 -22.5265 0
    endloop
  endfacet
  facet normal -0.980768 -0.195175 0
    outer loop
      vertex -17.0926 -22.5265 3
      vertex -17.0607 -22.6868 0
      vertex -17.0607 -22.6868 3
    endloop
  endfacet
  facet normal -0.947082 -0.320993 0
    outer loop
      vertex -17.0926 -22.5265 0
      vertex -17.1451 -22.3716 3
      vertex -17.1451 -22.3716 0
    endloop
  endfacet
  facet normal -0.947082 -0.320993 0
    outer loop
      vertex -17.1451 -22.3716 3
      vertex -17.0926 -22.5265 0
      vertex -17.0926 -22.5265 3
    endloop
  endfacet
  facet normal -0.321541 -0.946896 0
    outer loop
      vertex -17.9765 -21.6426 0
      vertex -17.8216 -21.6952 3
      vertex -17.9765 -21.6426 3
    endloop
  endfacet
  facet normal -0.321541 -0.946896 -0
    outer loop
      vertex -17.8216 -21.6952 3
      vertex -17.9765 -21.6426 0
      vertex -17.8216 -21.6952 0
    endloop
  endfacet
  facet normal -0.896618 -0.442805 0
    outer loop
      vertex -17.1451 -22.3716 0
      vertex -17.2175 -22.225 3
      vertex -17.2175 -22.225 0
    endloop
  endfacet
  facet normal -0.896618 -0.442805 0
    outer loop
      vertex -17.2175 -22.225 3
      vertex -17.1451 -22.3716 0
      vertex -17.1451 -22.3716 3
    endloop
  endfacet
  facet normal -0.659414 -0.75178 0
    outer loop
      vertex -17.539 -21.8583 0
      vertex -17.4161 -21.9661 3
      vertex -17.539 -21.8583 3
    endloop
  endfacet
  facet normal -0.659414 -0.75178 -0
    outer loop
      vertex -17.4161 -21.9661 3
      vertex -17.539 -21.8583 0
      vertex -17.4161 -21.9661 0
    endloop
  endfacet
  facet normal -0.555265 -0.831674 0
    outer loop
      vertex -17.675 -21.7675 0
      vertex -17.539 -21.8583 3
      vertex -17.675 -21.7675 3
    endloop
  endfacet
  facet normal -0.555265 -0.831674 -0
    outer loop
      vertex -17.539 -21.8583 3
      vertex -17.675 -21.7675 0
      vertex -17.539 -21.8583 0
    endloop
  endfacet
  facet normal -0.75178 -0.659414 0
    outer loop
      vertex -17.3083 -22.089 0
      vertex -17.4161 -21.9661 3
      vertex -17.4161 -21.9661 0
    endloop
  endfacet
  facet normal -0.75178 -0.659414 0
    outer loop
      vertex -17.4161 -21.9661 3
      vertex -17.3083 -22.089 0
      vertex -17.3083 -22.089 3
    endloop
  endfacet
  facet normal -0.442313 -0.896861 0
    outer loop
      vertex -17.8216 -21.6952 0
      vertex -17.675 -21.7675 3
      vertex -17.8216 -21.6952 3
    endloop
  endfacet
  facet normal -0.442313 -0.896861 -0
    outer loop
      vertex -17.675 -21.7675 3
      vertex -17.8216 -21.6952 0
      vertex -17.675 -21.7675 0
    endloop
  endfacet
  facet normal -0.195323 -0.980739 0
    outer loop
      vertex -18.0478 -21.6284 0
      vertex -17.9765 -21.6426 3
      vertex -18.0478 -21.6284 3
    endloop
  endfacet
  facet normal -0.195323 -0.980739 -0
    outer loop
      vertex -17.9765 -21.6426 3
      vertex -18.0478 -21.6284 0
      vertex -17.9765 -21.6426 0
    endloop
  endfacet
  facet normal 0 1 -0
    outer loop
      vertex -18.3 -24.1 0
      vertex -21.8 -24.1 3
      vertex -18.3 -24.1 3
    endloop
  endfacet
  facet normal 0 1 0
    outer loop
      vertex -21.8 -24.1 3
      vertex -18.3 -24.1 0
      vertex -21.8 -24.1 0
    endloop
  endfacet
  facet normal -0.195175 0.980768 0
    outer loop
      vertex -17.9765 -24.0574 0
      vertex -18.1368 -24.0893 3
      vertex -17.9765 -24.0574 3
    endloop
  endfacet
  facet normal -0.195175 0.980768 0
    outer loop
      vertex -18.1368 -24.0893 3
      vertex -17.9765 -24.0574 0
      vertex -18.1368 -24.0893 0
    endloop
  endfacet
  facet normal -0.831674 -0.555265 0
    outer loop
      vertex -17.2175 -22.225 0
      vertex -17.3083 -22.089 3
      vertex -17.3083 -22.089 0
    endloop
  endfacet
  facet normal -0.831674 -0.555265 0
    outer loop
      vertex -17.3083 -22.089 3
      vertex -17.2175 -22.225 0
      vertex -17.2175 -22.225 3
    endloop
  endfacet
  facet normal 0.659414 0.75178 -0
    outer loop
      vertex -22.561 -23.8417 0
      vertex -22.6839 -23.7339 3
      vertex -22.561 -23.8417 3
    endloop
  endfacet
  facet normal 0.659414 0.75178 0
    outer loop
      vertex -22.6839 -23.7339 3
      vertex -22.561 -23.8417 0
      vertex -22.6839 -23.7339 0
    endloop
  endfacet
  facet normal 0.442313 0.896861 -0
    outer loop
      vertex -22.2784 -24.0048 0
      vertex -22.425 -23.9325 3
      vertex -22.2784 -24.0048 3
    endloop
  endfacet
  facet normal 0.442313 0.896861 0
    outer loop
      vertex -22.425 -23.9325 3
      vertex -22.2784 -24.0048 0
      vertex -22.425 -23.9325 0
    endloop
  endfacet
  facet normal -0.0654233 0.997858 0
    outer loop
      vertex -18.1368 -24.0893 0
      vertex -18.3 -24.1 3
      vertex -18.1368 -24.0893 3
    endloop
  endfacet
  facet normal -0.0654233 0.997858 0
    outer loop
      vertex -18.3 -24.1 3
      vertex -18.1368 -24.0893 0
      vertex -18.3 -24.1 0
    endloop
  endfacet
  facet normal -0.997858 -0.0654233 0
    outer loop
      vertex -17.05 -22.85 0
      vertex -17.0607 -22.6868 3
      vertex -17.0607 -22.6868 0
    endloop
  endfacet
  facet normal -0.997858 -0.0654233 0
    outer loop
      vertex -17.0607 -22.6868 3
      vertex -17.05 -22.85 0
      vertex -17.05 -22.85 3
    endloop
  endfacet
  facet normal -0.659414 0.75178 0
    outer loop
      vertex -17.4161 -23.7339 0
      vertex -17.539 -23.8417 3
      vertex -17.4161 -23.7339 3
    endloop
  endfacet
  facet normal -0.659414 0.75178 0
    outer loop
      vertex -17.539 -23.8417 3
      vertex -17.4161 -23.7339 0
      vertex -17.539 -23.8417 0
    endloop
  endfacet
  facet normal -0.321541 0.946896 0
    outer loop
      vertex -17.8216 -24.0048 0
      vertex -17.9765 -24.0574 3
      vertex -17.8216 -24.0048 3
    endloop
  endfacet
  facet normal -0.321541 0.946896 0
    outer loop
      vertex -17.9765 -24.0574 3
      vertex -17.8216 -24.0048 0
      vertex -17.9765 -24.0574 0
    endloop
  endfacet
  facet normal 0.831704 0.555219 0
    outer loop
      vertex -22.7917 -23.611 3
      vertex -22.8658 -23.5 0
      vertex -22.8658 -23.5 3
    endloop
  endfacet
  facet normal 0.831704 0.555219 0
    outer loop
      vertex -22.8658 -23.5 0
      vertex -22.7917 -23.611 3
      vertex -22.7917 -23.611 0
    endloop
  endfacet
  facet normal 0.195175 0.980768 -0
    outer loop
      vertex -21.9632 -24.0893 0
      vertex -22.1235 -24.0574 3
      vertex -21.9632 -24.0893 3
    endloop
  endfacet
  facet normal 0.195175 0.980768 0
    outer loop
      vertex -22.1235 -24.0574 3
      vertex -21.9632 -24.0893 0
      vertex -22.1235 -24.0574 0
    endloop
  endfacet
  facet normal 0.0654233 0.997858 -0
    outer loop
      vertex -21.8 -24.1 0
      vertex -21.9632 -24.0893 3
      vertex -21.8 -24.1 3
    endloop
  endfacet
  facet normal 0.0654233 0.997858 0
    outer loop
      vertex -21.9632 -24.0893 3
      vertex -21.8 -24.1 0
      vertex -21.9632 -24.0893 0
    endloop
  endfacet
  facet normal 0.321541 0.946896 -0
    outer loop
      vertex -22.1235 -24.0574 0
      vertex -22.2784 -24.0048 3
      vertex -22.1235 -24.0574 3
    endloop
  endfacet
  facet normal 0.321541 0.946896 0
    outer loop
      vertex -22.2784 -24.0048 3
      vertex -22.1235 -24.0574 0
      vertex -22.2784 -24.0048 0
    endloop
  endfacet
  facet normal -0.831674 0.555265 0
    outer loop
      vertex -17.3083 -23.611 0
      vertex -17.2175 -23.475 3
      vertex -17.2175 -23.475 0
    endloop
  endfacet
  facet normal -0.831674 0.555265 0
    outer loop
      vertex -17.2175 -23.475 3
      vertex -17.3083 -23.611 0
      vertex -17.3083 -23.611 3
    endloop
  endfacet
  facet normal -0.980768 0.195175 0
    outer loop
      vertex -17.0926 -23.1735 0
      vertex -17.0607 -23.0132 3
      vertex -17.0607 -23.0132 0
    endloop
  endfacet
  facet normal -0.980768 0.195175 0
    outer loop
      vertex -17.0607 -23.0132 3
      vertex -17.0926 -23.1735 0
      vertex -17.0926 -23.1735 3
    endloop
  endfacet
  facet normal -0.947082 0.320993 0
    outer loop
      vertex -17.1451 -23.3284 0
      vertex -17.0926 -23.1735 3
      vertex -17.0926 -23.1735 0
    endloop
  endfacet
  facet normal -0.947082 0.320993 0
    outer loop
      vertex -17.0926 -23.1735 3
      vertex -17.1451 -23.3284 0
      vertex -17.1451 -23.3284 3
    endloop
  endfacet
  facet normal -0.75178 0.659414 0
    outer loop
      vertex -17.4161 -23.7339 0
      vertex -17.3083 -23.611 3
      vertex -17.3083 -23.611 0
    endloop
  endfacet
  facet normal -0.75178 0.659414 0
    outer loop
      vertex -17.3083 -23.611 3
      vertex -17.4161 -23.7339 0
      vertex -17.4161 -23.7339 3
    endloop
  endfacet
  facet normal -0.442313 0.896861 0
    outer loop
      vertex -17.675 -23.9325 0
      vertex -17.8216 -24.0048 3
      vertex -17.675 -23.9325 3
    endloop
  endfacet
  facet normal -0.442313 0.896861 0
    outer loop
      vertex -17.8216 -24.0048 3
      vertex -17.675 -23.9325 0
      vertex -17.8216 -24.0048 0
    endloop
  endfacet
  facet normal 0.555265 0.831674 -0
    outer loop
      vertex -22.425 -23.9325 0
      vertex -22.561 -23.8417 3
      vertex -22.425 -23.9325 3
    endloop
  endfacet
  facet normal 0.555265 0.831674 0
    outer loop
      vertex -22.561 -23.8417 3
      vertex -22.425 -23.9325 0
      vertex -22.561 -23.8417 0
    endloop
  endfacet
  facet normal -0.997858 0.0654233 0
    outer loop
      vertex -17.0607 -23.0132 0
      vertex -17.05 -22.85 3
      vertex -17.05 -22.85 0
    endloop
  endfacet
  facet normal -0.997858 0.0654233 0
    outer loop
      vertex -17.05 -22.85 3
      vertex -17.0607 -23.0132 0
      vertex -17.0607 -23.0132 3
    endloop
  endfacet
  facet normal -0.896618 0.442805 0
    outer loop
      vertex -17.2175 -23.475 0
      vertex -17.1451 -23.3284 3
      vertex -17.1451 -23.3284 0
    endloop
  endfacet
  facet normal -0.896618 0.442805 0
    outer loop
      vertex -17.1451 -23.3284 3
      vertex -17.2175 -23.475 0
      vertex -17.2175 -23.475 3
    endloop
  endfacet
  facet normal -0.555265 0.831674 0
    outer loop
      vertex -17.539 -23.8417 0
      vertex -17.675 -23.9325 3
      vertex -17.539 -23.8417 3
    endloop
  endfacet
  facet normal -0.555265 0.831674 0
    outer loop
      vertex -17.675 -23.9325 3
      vertex -17.539 -23.8417 0
      vertex -17.675 -23.9325 0
    endloop
  endfacet
  facet normal 0.75178 0.659414 0
    outer loop
      vertex -22.6839 -23.7339 3
      vertex -22.7917 -23.611 0
      vertex -22.7917 -23.611 3
    endloop
  endfacet
  facet normal 0.75178 0.659414 0
    outer loop
      vertex -22.7917 -23.611 0
      vertex -22.6839 -23.7339 3
      vertex -22.6839 -23.7339 0
    endloop
  endfacet
  facet normal -0.980768 -0.195175 0
    outer loop
      vertex -44.9607 23.0132 0
      vertex -44.9926 23.1735 3
      vertex -44.9926 23.1735 0
    endloop
  endfacet
  facet normal -0.980768 -0.195175 0
    outer loop
      vertex -44.9926 23.1735 3
      vertex -44.9607 23.0132 0
      vertex -44.9607 23.0132 3
    endloop
  endfacet
  facet normal -0.321541 -0.946896 0
    outer loop
      vertex -45.8765 24.0574 0
      vertex -45.7216 24.0048 3
      vertex -45.8765 24.0574 3
    endloop
  endfacet
  facet normal -0.321541 -0.946896 -0
    outer loop
      vertex -45.7216 24.0048 3
      vertex -45.8765 24.0574 0
      vertex -45.7216 24.0048 0
    endloop
  endfacet
  facet normal -0.75178 -0.659414 0
    outer loop
      vertex -45.2083 23.611 0
      vertex -45.3161 23.7339 3
      vertex -45.3161 23.7339 0
    endloop
  endfacet
  facet normal -0.75178 -0.659414 0
    outer loop
      vertex -45.3161 23.7339 3
      vertex -45.2083 23.611 0
      vertex -45.2083 23.611 3
    endloop
  endfacet
  facet normal -0.946896 -0.321541 0
    outer loop
      vertex -44.9926 23.1735 0
      vertex -45.0452 23.3284 3
      vertex -45.0452 23.3284 0
    endloop
  endfacet
  facet normal -0.946896 -0.321541 0
    outer loop
      vertex -45.0452 23.3284 3
      vertex -44.9926 23.1735 0
      vertex -44.9926 23.1735 3
    endloop
  endfacet
  facet normal -0.896861 -0.442313 0
    outer loop
      vertex -45.0452 23.3284 0
      vertex -45.1175 23.475 3
      vertex -45.1175 23.475 0
    endloop
  endfacet
  facet normal -0.896861 -0.442313 0
    outer loop
      vertex -45.1175 23.475 3
      vertex -45.0452 23.3284 0
      vertex -45.0452 23.3284 3
    endloop
  endfacet
  facet normal -0.555265 -0.831674 0
    outer loop
      vertex -45.575 23.9325 0
      vertex -45.439 23.8417 3
      vertex -45.575 23.9325 3
    endloop
  endfacet
  facet normal -0.555265 -0.831674 -0
    outer loop
      vertex -45.439 23.8417 3
      vertex -45.575 23.9325 0
      vertex -45.439 23.8417 0
    endloop
  endfacet
  facet normal -0.442313 -0.896861 0
    outer loop
      vertex -45.7216 24.0048 0
      vertex -45.575 23.9325 3
      vertex -45.7216 24.0048 3
    endloop
  endfacet
  facet normal -0.442313 -0.896861 -0
    outer loop
      vertex -45.575 23.9325 3
      vertex -45.7216 24.0048 0
      vertex -45.575 23.9325 0
    endloop
  endfacet
  facet normal -0.659414 -0.75178 0
    outer loop
      vertex -45.439 23.8417 0
      vertex -45.3161 23.7339 3
      vertex -45.439 23.8417 3
    endloop
  endfacet
  facet normal -0.659414 -0.75178 -0
    outer loop
      vertex -45.3161 23.7339 3
      vertex -45.439 23.8417 0
      vertex -45.3161 23.7339 0
    endloop
  endfacet
  facet normal 0 -1 0
    outer loop
      vertex -49.7 24.1 0
      vertex -46.2 24.1 3
      vertex -49.7 24.1 3
    endloop
  endfacet
  facet normal 0 -1 -0
    outer loop
      vertex -46.2 24.1 3
      vertex -49.7 24.1 0
      vertex -46.2 24.1 0
    endloop
  endfacet
  facet normal 0.0654233 -0.997858 0
    outer loop
      vertex -49.8632 24.0893 0
      vertex -49.7 24.1 3
      vertex -49.8632 24.0893 3
    endloop
  endfacet
  facet normal 0.0654233 -0.997858 0
    outer loop
      vertex -49.7 24.1 3
      vertex -49.8632 24.0893 0
      vertex -49.7 24.1 0
    endloop
  endfacet
  facet normal 0.659414 0.75178 -0
    outer loop
      vertex -50.461 21.8583 0
      vertex -50.5839 21.9661 3
      vertex -50.461 21.8583 3
    endloop
  endfacet
  facet normal 0.659414 0.75178 0
    outer loop
      vertex -50.5839 21.9661 3
      vertex -50.461 21.8583 0
      vertex -50.5839 21.9661 0
    endloop
  endfacet
  facet normal 0.980768 0.195175 0
    outer loop
      vertex -50.9074 22.5265 3
      vertex -50.9393 22.6868 0
      vertex -50.9393 22.6868 3
    endloop
  endfacet
  facet normal 0.980768 0.195175 0
    outer loop
      vertex -50.9393 22.6868 0
      vertex -50.9074 22.5265 3
      vertex -50.9074 22.5265 0
    endloop
  endfacet
  facet normal 0 1 -0
    outer loop
      vertex -46.2 21.6 0
      vertex -49.7 21.6 3
      vertex -46.2 21.6 3
    endloop
  endfacet
  facet normal 0 1 0
    outer loop
      vertex -49.7 21.6 3
      vertex -46.2 21.6 0
      vertex -49.7 21.6 0
    endloop
  endfacet
  facet normal -0.831674 0.555265 0
    outer loop
      vertex -45.2083 22.089 0
      vertex -45.1175 22.225 3
      vertex -45.1175 22.225 0
    endloop
  endfacet
  facet normal -0.831674 0.555265 0
    outer loop
      vertex -45.1175 22.225 3
      vertex -45.2083 22.089 0
      vertex -45.2083 22.089 3
    endloop
  endfacet
  facet normal -0.831674 -0.555265 0
    outer loop
      vertex -45.1175 23.475 0
      vertex -45.2083 23.611 3
      vertex -45.2083 23.611 0
    endloop
  endfacet
  facet normal -0.831674 -0.555265 0
    outer loop
      vertex -45.2083 23.611 3
      vertex -45.1175 23.475 0
      vertex -45.1175 23.475 3
    endloop
  endfacet
  facet normal 0.195175 -0.980768 0
    outer loop
      vertex -50.0235 24.0574 0
      vertex -49.8632 24.0893 3
      vertex -50.0235 24.0574 3
    endloop
  endfacet
  facet normal 0.195175 -0.980768 0
    outer loop
      vertex -49.8632 24.0893 3
      vertex -50.0235 24.0574 0
      vertex -49.8632 24.0893 0
    endloop
  endfacet
  facet normal 0.442313 0.896861 -0
    outer loop
      vertex -50.1784 21.6952 0
      vertex -50.325 21.7675 3
      vertex -50.1784 21.6952 3
    endloop
  endfacet
  facet normal 0.442313 0.896861 0
    outer loop
      vertex -50.325 21.7675 3
      vertex -50.1784 21.6952 0
      vertex -50.325 21.7675 0
    endloop
  endfacet
  facet normal -0.555265 0.831674 0
    outer loop
      vertex -45.439 21.8583 0
      vertex -45.575 21.7675 3
      vertex -45.439 21.8583 3
    endloop
  endfacet
  facet normal -0.555265 0.831674 0
    outer loop
      vertex -45.575 21.7675 3
      vertex -45.439 21.8583 0
      vertex -45.575 21.7675 0
    endloop
  endfacet
  facet normal -0.0654233 -0.997858 0
    outer loop
      vertex -46.2 24.1 0
      vertex -46.0368 24.0893 3
      vertex -46.2 24.1 3
    endloop
  endfacet
  facet normal -0.0654233 -0.997858 -0
    outer loop
      vertex -46.0368 24.0893 3
      vertex -46.2 24.1 0
      vertex -46.0368 24.0893 0
    endloop
  endfacet
  facet normal -0.195175 -0.980768 0
    outer loop
      vertex -46.0368 24.0893 0
      vertex -45.8765 24.0574 3
      vertex -46.0368 24.0893 3
    endloop
  endfacet
  facet normal -0.195175 -0.980768 -0
    outer loop
      vertex -45.8765 24.0574 3
      vertex -46.0368 24.0893 0
      vertex -45.8765 24.0574 0
    endloop
  endfacet
  facet normal 0.555265 -0.831674 0
    outer loop
      vertex -50.461 23.8417 0
      vertex -50.325 23.9325 3
      vertex -50.461 23.8417 3
    endloop
  endfacet
  facet normal 0.555265 -0.831674 0
    outer loop
      vertex -50.325 23.9325 3
      vertex -50.461 23.8417 0
      vertex -50.325 23.9325 0
    endloop
  endfacet
  facet normal 0.997858 0.0654233 0
    outer loop
      vertex -50.9393 22.6868 3
      vertex -50.95 22.85 0
      vertex -50.95 22.85 3
    endloop
  endfacet
  facet normal 0.997858 0.0654233 0
    outer loop
      vertex -50.95 22.85 0
      vertex -50.9393 22.6868 3
      vertex -50.9393 22.6868 0
    endloop
  endfacet
  facet normal 0.947082 -0.320993 0
    outer loop
      vertex -50.9074 23.1735 3
      vertex -50.8549 23.3284 0
      vertex -50.8549 23.3284 3
    endloop
  endfacet
  facet normal 0.947082 -0.320993 0
    outer loop
      vertex -50.8549 23.3284 0
      vertex -50.9074 23.1735 3
      vertex -50.9074 23.1735 0
    endloop
  endfacet
  facet normal 0.195175 0.980768 -0
    outer loop
      vertex -49.8632 21.6107 0
      vertex -50.0235 21.6426 3
      vertex -49.8632 21.6107 3
    endloop
  endfacet
  facet normal 0.195175 0.980768 0
    outer loop
      vertex -50.0235 21.6426 3
      vertex -49.8632 21.6107 0
      vertex -50.0235 21.6426 0
    endloop
  endfacet
  facet normal 0.321541 0.946896 -0
    outer loop
      vertex -50.0235 21.6426 0
      vertex -50.1784 21.6952 3
      vertex -50.0235 21.6426 3
    endloop
  endfacet
  facet normal 0.321541 0.946896 0
    outer loop
      vertex -50.1784 21.6952 3
      vertex -50.0235 21.6426 0
      vertex -50.1784 21.6952 0
    endloop
  endfacet
  facet normal -0.0654233 0.997858 0
    outer loop
      vertex -46.0368 21.6107 0
      vertex -46.2 21.6 3
      vertex -46.0368 21.6107 3
    endloop
  endfacet
  facet normal -0.0654233 0.997858 0
    outer loop
      vertex -46.2 21.6 3
      vertex -46.0368 21.6107 0
      vertex -46.2 21.6 0
    endloop
  endfacet
  facet normal -0.659414 0.75178 0
    outer loop
      vertex -45.3161 21.9661 0
      vertex -45.439 21.8583 3
      vertex -45.3161 21.9661 3
    endloop
  endfacet
  facet normal -0.659414 0.75178 0
    outer loop
      vertex -45.439 21.8583 3
      vertex -45.3161 21.9661 0
      vertex -45.439 21.8583 0
    endloop
  endfacet
  facet normal -0.321541 0.946896 0
    outer loop
      vertex -45.7216 21.6952 0
      vertex -45.8765 21.6426 3
      vertex -45.7216 21.6952 3
    endloop
  endfacet
  facet normal -0.321541 0.946896 0
    outer loop
      vertex -45.8765 21.6426 3
      vertex -45.7216 21.6952 0
      vertex -45.8765 21.6426 0
    endloop
  endfacet
  facet normal -0.997858 -0.0654233 0
    outer loop
      vertex -44.95 22.85 0
      vertex -44.9607 23.0132 3
      vertex -44.9607 23.0132 0
    endloop
  endfacet
  facet normal -0.997858 -0.0654233 0
    outer loop
      vertex -44.9607 23.0132 3
      vertex -44.95 22.85 0
      vertex -44.95 22.85 3
    endloop
  endfacet
  facet normal 0.442313 -0.896861 0
    outer loop
      vertex -50.325 23.9325 0
      vertex -50.1784 24.0048 3
      vertex -50.325 23.9325 3
    endloop
  endfacet
  facet normal 0.442313 -0.896861 0
    outer loop
      vertex -50.1784 24.0048 3
      vertex -50.325 23.9325 0
      vertex -50.1784 24.0048 0
    endloop
  endfacet
  facet normal 0.321541 -0.946896 0
    outer loop
      vertex -50.1784 24.0048 0
      vertex -50.0235 24.0574 3
      vertex -50.1784 24.0048 3
    endloop
  endfacet
  facet normal 0.321541 -0.946896 0
    outer loop
      vertex -50.0235 24.0574 3
      vertex -50.1784 24.0048 0
      vertex -50.0235 24.0574 0
    endloop
  endfacet
  facet normal 0.659414 -0.75178 0
    outer loop
      vertex -50.5839 23.7339 0
      vertex -50.461 23.8417 3
      vertex -50.5839 23.7339 3
    endloop
  endfacet
  facet normal 0.659414 -0.75178 0
    outer loop
      vertex -50.461 23.8417 3
      vertex -50.5839 23.7339 0
      vertex -50.461 23.8417 0
    endloop
  endfacet
  facet normal 0.896618 -0.442805 0
    outer loop
      vertex -50.8549 23.3284 3
      vertex -50.7825 23.475 0
      vertex -50.7825 23.475 3
    endloop
  endfacet
  facet normal 0.896618 -0.442805 0
    outer loop
      vertex -50.7825 23.475 0
      vertex -50.8549 23.3284 3
      vertex -50.8549 23.3284 0
    endloop
  endfacet
  facet normal 0.0654233 0.997858 -0
    outer loop
      vertex -49.7 21.6 0
      vertex -49.8632 21.6107 3
      vertex -49.7 21.6 3
    endloop
  endfacet
  facet normal 0.0654233 0.997858 0
    outer loop
      vertex -49.8632 21.6107 3
      vertex -49.7 21.6 0
      vertex -49.8632 21.6107 0
    endloop
  endfacet
  facet normal 0.896618 0.442805 0
    outer loop
      vertex -50.7825 22.225 3
      vertex -50.8549 22.3716 0
      vertex -50.8549 22.3716 3
    endloop
  endfacet
  facet normal 0.896618 0.442805 0
    outer loop
      vertex -50.8549 22.3716 0
      vertex -50.7825 22.225 3
      vertex -50.7825 22.225 0
    endloop
  endfacet
  facet normal 0.947082 0.320993 0
    outer loop
      vertex -50.8549 22.3716 3
      vertex -50.9074 22.5265 0
      vertex -50.9074 22.5265 3
    endloop
  endfacet
  facet normal 0.947082 0.320993 0
    outer loop
      vertex -50.9074 22.5265 0
      vertex -50.8549 22.3716 3
      vertex -50.8549 22.3716 0
    endloop
  endfacet
  facet normal -0.195175 0.980768 0
    outer loop
      vertex -45.8765 21.6426 0
      vertex -46.0368 21.6107 3
      vertex -45.8765 21.6426 3
    endloop
  endfacet
  facet normal -0.195175 0.980768 0
    outer loop
      vertex -46.0368 21.6107 3
      vertex -45.8765 21.6426 0
      vertex -46.0368 21.6107 0
    endloop
  endfacet
  facet normal -0.442313 0.896861 0
    outer loop
      vertex -45.575 21.7675 0
      vertex -45.7216 21.6952 3
      vertex -45.575 21.7675 3
    endloop
  endfacet
  facet normal -0.442313 0.896861 0
    outer loop
      vertex -45.7216 21.6952 3
      vertex -45.575 21.7675 0
      vertex -45.7216 21.6952 0
    endloop
  endfacet
  facet normal -0.75178 0.659414 0
    outer loop
      vertex -45.3161 21.9661 0
      vertex -45.2083 22.089 3
      vertex -45.2083 22.089 0
    endloop
  endfacet
  facet normal -0.75178 0.659414 0
    outer loop
      vertex -45.2083 22.089 3
      vertex -45.3161 21.9661 0
      vertex -45.3161 21.9661 3
    endloop
  endfacet
  facet normal -0.946896 0.321541 0
    outer loop
      vertex -45.0452 22.3716 0
      vertex -44.9926 22.5265 3
      vertex -44.9926 22.5265 0
    endloop
  endfacet
  facet normal -0.946896 0.321541 0
    outer loop
      vertex -44.9926 22.5265 3
      vertex -45.0452 22.3716 0
      vertex -45.0452 22.3716 3
    endloop
  endfacet
  facet normal -0.980768 0.195175 0
    outer loop
      vertex -44.9926 22.5265 0
      vertex -44.9607 22.6868 3
      vertex -44.9607 22.6868 0
    endloop
  endfacet
  facet normal -0.980768 0.195175 0
    outer loop
      vertex -44.9607 22.6868 3
      vertex -44.9926 22.5265 0
      vertex -44.9926 22.5265 3
    endloop
  endfacet
  facet normal 0.831674 -0.555265 0
    outer loop
      vertex -50.7825 23.475 3
      vertex -50.6917 23.611 0
      vertex -50.6917 23.611 3
    endloop
  endfacet
  facet normal 0.831674 -0.555265 0
    outer loop
      vertex -50.6917 23.611 0
      vertex -50.7825 23.475 3
      vertex -50.7825 23.475 0
    endloop
  endfacet
  facet normal 0.75178 -0.659414 0
    outer loop
      vertex -50.6917 23.611 3
      vertex -50.5839 23.7339 0
      vertex -50.5839 23.7339 3
    endloop
  endfacet
  facet normal 0.75178 -0.659414 0
    outer loop
      vertex -50.5839 23.7339 0
      vertex -50.6917 23.611 3
      vertex -50.6917 23.611 0
    endloop
  endfacet
  facet normal 0.997858 -0.0654233 0
    outer loop
      vertex -50.95 22.85 3
      vertex -50.9393 23.0132 0
      vertex -50.9393 23.0132 3
    endloop
  endfacet
  facet normal 0.997858 -0.0654233 0
    outer loop
      vertex -50.9393 23.0132 0
      vertex -50.95 22.85 3
      vertex -50.95 22.85 0
    endloop
  endfacet
  facet normal 0.980768 -0.195175 0
    outer loop
      vertex -50.9393 23.0132 3
      vertex -50.9074 23.1735 0
      vertex -50.9074 23.1735 3
    endloop
  endfacet
  facet normal 0.980768 -0.195175 0
    outer loop
      vertex -50.9074 23.1735 0
      vertex -50.9393 23.0132 3
      vertex -50.9393 23.0132 0
    endloop
  endfacet
  facet normal 0.555265 0.831674 -0
    outer loop
      vertex -50.325 21.7675 0
      vertex -50.461 21.8583 3
      vertex -50.325 21.7675 3
    endloop
  endfacet
  facet normal 0.555265 0.831674 0
    outer loop
      vertex -50.461 21.8583 3
      vertex -50.325 21.7675 0
      vertex -50.461 21.8583 0
    endloop
  endfacet
  facet normal 0.831674 0.555265 0
    outer loop
      vertex -50.6917 22.089 3
      vertex -50.7825 22.225 0
      vertex -50.7825 22.225 3
    endloop
  endfacet
  facet normal 0.831674 0.555265 0
    outer loop
      vertex -50.7825 22.225 0
      vertex -50.6917 22.089 3
      vertex -50.6917 22.089 0
    endloop
  endfacet
  facet normal 0.75178 0.659414 0
    outer loop
      vertex -50.5839 21.9661 3
      vertex -50.6917 22.089 0
      vertex -50.6917 22.089 3
    endloop
  endfacet
  facet normal 0.75178 0.659414 0
    outer loop
      vertex -50.6917 22.089 0
      vertex -50.5839 21.9661 3
      vertex -50.5839 21.9661 0
    endloop
  endfacet
  facet normal -0.896861 0.442313 0
    outer loop
      vertex -45.1175 22.225 0
      vertex -45.0452 22.3716 3
      vertex -45.0452 22.3716 0
    endloop
  endfacet
  facet normal -0.896861 0.442313 0
    outer loop
      vertex -45.0452 22.3716 3
      vertex -45.1175 22.225 0
      vertex -45.1175 22.225 3
    endloop
  endfacet
  facet normal -0.997858 0.0654233 0
    outer loop
      vertex -44.9607 22.6868 0
      vertex -44.95 22.85 3
      vertex -44.95 22.85 0
    endloop
  endfacet
  facet normal -0.997858 0.0654233 0
    outer loop
      vertex -44.95 22.85 3
      vertex -44.9607 22.6868 0
      vertex -44.9607 22.6868 3
    endloop
  endfacet
  facet normal -0.946896 -0.321541 0
    outer loop
      vertex -44.9926 49.4735 0
      vertex -45.0452 49.6284 3
      vertex -45.0452 49.6284 0
    endloop
  endfacet
  facet normal -0.946896 -0.321541 0
    outer loop
      vertex -45.0452 49.6284 3
      vertex -44.9926 49.4735 0
      vertex -44.9926 49.4735 3
    endloop
  endfacet
  facet normal -0.321541 -0.946896 0
    outer loop
      vertex -45.8765 50.3574 0
      vertex -45.7216 50.3048 3
      vertex -45.8765 50.3574 3
    endloop
  endfacet
  facet normal -0.321541 -0.946896 -0
    outer loop
      vertex -45.7216 50.3048 3
      vertex -45.8765 50.3574 0
      vertex -45.7216 50.3048 0
    endloop
  endfacet
  facet normal -0.896861 -0.442313 0
    outer loop
      vertex -45.0452 49.6284 0
      vertex -45.1175 49.775 3
      vertex -45.1175 49.775 0
    endloop
  endfacet
  facet normal -0.896861 -0.442313 0
    outer loop
      vertex -45.1175 49.775 3
      vertex -45.0452 49.6284 0
      vertex -45.0452 49.6284 3
    endloop
  endfacet
  facet normal -0.659414 -0.75178 0
    outer loop
      vertex -45.439 50.1417 0
      vertex -45.3161 50.0339 3
      vertex -45.439 50.1417 3
    endloop
  endfacet
  facet normal -0.659414 -0.75178 -0
    outer loop
      vertex -45.3161 50.0339 3
      vertex -45.439 50.1417 0
      vertex -45.3161 50.0339 0
    endloop
  endfacet
  facet normal -0.555265 -0.831674 0
    outer loop
      vertex -45.575 50.2325 0
      vertex -45.439 50.1417 3
      vertex -45.575 50.2325 3
    endloop
  endfacet
  facet normal -0.555265 -0.831674 -0
    outer loop
      vertex -45.439 50.1417 3
      vertex -45.575 50.2325 0
      vertex -45.439 50.1417 0
    endloop
  endfacet
  facet normal 0.555265 -0.831674 0
    outer loop
      vertex -50.461 50.1417 0
      vertex -50.325 50.2325 3
      vertex -50.461 50.1417 3
    endloop
  endfacet
  facet normal 0.555265 -0.831674 0
    outer loop
      vertex -50.325 50.2325 3
      vertex -50.461 50.1417 0
      vertex -50.325 50.2325 0
    endloop
  endfacet
  facet normal 0.0654233 0.997858 -0
    outer loop
      vertex -49.7 47.9 0
      vertex -49.8632 47.9107 3
      vertex -49.7 47.9 3
    endloop
  endfacet
  facet normal 0.0654233 0.997858 0
    outer loop
      vertex -49.8632 47.9107 3
      vertex -49.7 47.9 0
      vertex -49.8632 47.9107 0
    endloop
  endfacet
  facet normal -0.980768 -0.195175 0
    outer loop
      vertex -44.9607 49.3132 0
      vertex -44.9926 49.4735 3
      vertex -44.9926 49.4735 0
    endloop
  endfacet
  facet normal -0.980768 -0.195175 0
    outer loop
      vertex -44.9926 49.4735 3
      vertex -44.9607 49.3132 0
      vertex -44.9607 49.3132 3
    endloop
  endfacet
  facet normal -0.752046 -0.65911 0
    outer loop
      vertex -45.2083 49.9109 0
      vertex -45.3161 50.0339 3
      vertex -45.3161 50.0339 0
    endloop
  endfacet
  facet normal -0.752046 -0.65911 0
    outer loop
      vertex -45.3161 50.0339 3
      vertex -45.2083 49.9109 0
      vertex -45.2083 49.9109 3
    endloop
  endfacet
  facet normal -0.831485 -0.555547 0
    outer loop
      vertex -45.1175 49.775 0
      vertex -45.2083 49.9109 3
      vertex -45.2083 49.9109 0
    endloop
  endfacet
  facet normal -0.831485 -0.555547 0
    outer loop
      vertex -45.2083 49.9109 3
      vertex -45.1175 49.775 0
      vertex -45.1175 49.775 3
    endloop
  endfacet
  facet normal -0.442313 -0.896861 0
    outer loop
      vertex -45.7216 50.3048 0
      vertex -45.575 50.2325 3
      vertex -45.7216 50.3048 3
    endloop
  endfacet
  facet normal -0.442313 -0.896861 -0
    outer loop
      vertex -45.575 50.2325 3
      vertex -45.7216 50.3048 0
      vertex -45.575 50.2325 0
    endloop
  endfacet
  facet normal -0.195175 -0.980768 0
    outer loop
      vertex -46.0368 50.3893 0
      vertex -45.8765 50.3574 3
      vertex -46.0368 50.3893 3
    endloop
  endfacet
  facet normal -0.195175 -0.980768 -0
    outer loop
      vertex -45.8765 50.3574 3
      vertex -46.0368 50.3893 0
      vertex -45.8765 50.3574 0
    endloop
  endfacet
  facet normal 0 -1 0
    outer loop
      vertex -49.7 50.4 0
      vertex -46.2 50.4 3
      vertex -49.7 50.4 3
    endloop
  endfacet
  facet normal 0 -1 -0
    outer loop
      vertex -46.2 50.4 3
      vertex -49.7 50.4 0
      vertex -46.2 50.4 0
    endloop
  endfacet
  facet normal 0.831485 -0.555547 0
    outer loop
      vertex -50.7825 49.775 3
      vertex -50.6917 49.9109 0
      vertex -50.6917 49.9109 3
    endloop
  endfacet
  facet normal 0.831485 -0.555547 0
    outer loop
      vertex -50.6917 49.9109 0
      vertex -50.7825 49.775 3
      vertex -50.7825 49.775 0
    endloop
  endfacet
  facet normal 0 1 -0
    outer loop
      vertex -46.2 47.9 0
      vertex -49.7 47.9 3
      vertex -46.2 47.9 3
    endloop
  endfacet
  facet normal 0 1 0
    outer loop
      vertex -49.7 47.9 3
      vertex -46.2 47.9 0
      vertex -49.7 47.9 0
    endloop
  endfacet
  facet normal -0.195175 0.980768 0
    outer loop
      vertex -45.8765 47.9426 0
      vertex -46.0368 47.9107 3
      vertex -45.8765 47.9426 3
    endloop
  endfacet
  facet normal -0.195175 0.980768 0
    outer loop
      vertex -46.0368 47.9107 3
      vertex -45.8765 47.9426 0
      vertex -46.0368 47.9107 0
    endloop
  endfacet
  facet normal -0.555265 0.831674 0
    outer loop
      vertex -45.439 48.1583 0
      vertex -45.575 48.0675 3
      vertex -45.439 48.1583 3
    endloop
  endfacet
  facet normal -0.555265 0.831674 0
    outer loop
      vertex -45.575 48.0675 3
      vertex -45.439 48.1583 0
      vertex -45.575 48.0675 0
    endloop
  endfacet
  facet normal -0.0654233 -0.997858 0
    outer loop
      vertex -46.2 50.4 0
      vertex -46.0368 50.3893 3
      vertex -46.2 50.4 3
    endloop
  endfacet
  facet normal -0.0654233 -0.997858 -0
    outer loop
      vertex -46.0368 50.3893 3
      vertex -46.2 50.4 0
      vertex -46.0368 50.3893 0
    endloop
  endfacet
  facet normal 0.321541 -0.946896 0
    outer loop
      vertex -50.1784 50.3048 0
      vertex -50.0235 50.3574 3
      vertex -50.1784 50.3048 3
    endloop
  endfacet
  facet normal 0.321541 -0.946896 0
    outer loop
      vertex -50.0235 50.3574 3
      vertex -50.1784 50.3048 0
      vertex -50.0235 50.3574 0
    endloop
  endfacet
  facet normal 0.195175 -0.980768 0
    outer loop
      vertex -50.0235 50.3574 0
      vertex -49.8632 50.3893 3
      vertex -50.0235 50.3574 3
    endloop
  endfacet
  facet normal 0.195175 -0.980768 0
    outer loop
      vertex -49.8632 50.3893 3
      vertex -50.0235 50.3574 0
      vertex -49.8632 50.3893 0
    endloop
  endfacet
  facet normal 0.0654233 -0.997858 0
    outer loop
      vertex -49.8632 50.3893 0
      vertex -49.7 50.4 3
      vertex -49.8632 50.3893 3
    endloop
  endfacet
  facet normal 0.0654233 -0.997858 0
    outer loop
      vertex -49.7 50.4 3
      vertex -49.8632 50.3893 0
      vertex -49.7 50.4 0
    endloop
  endfacet
  facet normal 0.997858 0.0654233 0
    outer loop
      vertex -50.9393 48.9868 3
      vertex -50.95 49.15 0
      vertex -50.95 49.15 3
    endloop
  endfacet
  facet normal 0.997858 0.0654233 0
    outer loop
      vertex -50.95 49.15 0
      vertex -50.9393 48.9868 3
      vertex -50.9393 48.9868 0
    endloop
  endfacet
  facet normal 0.659414 0.75178 -0
    outer loop
      vertex -50.461 48.1583 0
      vertex -50.5839 48.2661 3
      vertex -50.461 48.1583 3
    endloop
  endfacet
  facet normal 0.659414 0.75178 0
    outer loop
      vertex -50.5839 48.2661 3
      vertex -50.461 48.1583 0
      vertex -50.5839 48.2661 0
    endloop
  endfacet
  facet normal 0.896618 0.442805 0
    outer loop
      vertex -50.7825 48.525 3
      vertex -50.8549 48.6716 0
      vertex -50.8549 48.6716 3
    endloop
  endfacet
  facet normal 0.896618 0.442805 0
    outer loop
      vertex -50.8549 48.6716 0
      vertex -50.7825 48.525 3
      vertex -50.7825 48.525 0
    endloop
  endfacet
  facet normal 0.442313 0.896861 -0
    outer loop
      vertex -50.1784 47.9952 0
      vertex -50.325 48.0675 3
      vertex -50.1784 47.9952 3
    endloop
  endfacet
  facet normal 0.442313 0.896861 0
    outer loop
      vertex -50.325 48.0675 3
      vertex -50.1784 47.9952 0
      vertex -50.325 48.0675 0
    endloop
  endfacet
  facet normal -0.0654233 0.997858 0
    outer loop
      vertex -46.0368 47.9107 0
      vertex -46.2 47.9 3
      vertex -46.0368 47.9107 3
    endloop
  endfacet
  facet normal -0.0654233 0.997858 0
    outer loop
      vertex -46.2 47.9 3
      vertex -46.0368 47.9107 0
      vertex -46.2 47.9 0
    endloop
  endfacet
  facet normal -0.997858 -0.0654233 0
    outer loop
      vertex -44.95 49.15 0
      vertex -44.9607 49.3132 3
      vertex -44.9607 49.3132 0
    endloop
  endfacet
  facet normal -0.997858 -0.0654233 0
    outer loop
      vertex -44.9607 49.3132 3
      vertex -44.95 49.15 0
      vertex -44.95 49.15 3
    endloop
  endfacet
  facet normal -0.659414 0.75178 0
    outer loop
      vertex -45.3161 48.2661 0
      vertex -45.439 48.1583 3
      vertex -45.3161 48.2661 3
    endloop
  endfacet
  facet normal -0.659414 0.75178 0
    outer loop
      vertex -45.439 48.1583 3
      vertex -45.3161 48.2661 0
      vertex -45.439 48.1583 0
    endloop
  endfacet
  facet normal -0.321541 0.946896 0
    outer loop
      vertex -45.7216 47.9952 0
      vertex -45.8765 47.9426 3
      vertex -45.7216 47.9952 3
    endloop
  endfacet
  facet normal -0.321541 0.946896 0
    outer loop
      vertex -45.8765 47.9426 3
      vertex -45.7216 47.9952 0
      vertex -45.8765 47.9426 0
    endloop
  endfacet
  facet normal 0.442313 -0.896861 0
    outer loop
      vertex -50.325 50.2325 0
      vertex -50.1784 50.3048 3
      vertex -50.325 50.2325 3
    endloop
  endfacet
  facet normal 0.442313 -0.896861 0
    outer loop
      vertex -50.1784 50.3048 3
      vertex -50.325 50.2325 0
      vertex -50.1784 50.3048 0
    endloop
  endfacet
  facet normal 0.659414 -0.75178 0
    outer loop
      vertex -50.5839 50.0339 0
      vertex -50.461 50.1417 3
      vertex -50.5839 50.0339 3
    endloop
  endfacet
  facet normal 0.659414 -0.75178 0
    outer loop
      vertex -50.461 50.1417 3
      vertex -50.5839 50.0339 0
      vertex -50.461 50.1417 0
    endloop
  endfacet
  facet normal 0.997858 -0.0654233 0
    outer loop
      vertex -50.95 49.15 3
      vertex -50.9393 49.3132 0
      vertex -50.9393 49.3132 3
    endloop
  endfacet
  facet normal 0.997858 -0.0654233 0
    outer loop
      vertex -50.9393 49.3132 0
      vertex -50.95 49.15 3
      vertex -50.95 49.15 0
    endloop
  endfacet
  facet normal 0.947082 -0.320993 0
    outer loop
      vertex -50.9074 49.4735 3
      vertex -50.8549 49.6284 0
      vertex -50.8549 49.6284 3
    endloop
  endfacet
  facet normal 0.947082 -0.320993 0
    outer loop
      vertex -50.8549 49.6284 0
      vertex -50.9074 49.4735 3
      vertex -50.9074 49.4735 0
    endloop
  endfacet
  facet normal 0.896618 -0.442805 0
    outer loop
      vertex -50.8549 49.6284 3
      vertex -50.7825 49.775 0
      vertex -50.7825 49.775 3
    endloop
  endfacet
  facet normal 0.896618 -0.442805 0
    outer loop
      vertex -50.7825 49.775 0
      vertex -50.8549 49.6284 3
      vertex -50.8549 49.6284 0
    endloop
  endfacet
  facet normal 0.980768 0.195175 0
    outer loop
      vertex -50.9074 48.8265 3
      vertex -50.9393 48.9868 0
      vertex -50.9393 48.9868 3
    endloop
  endfacet
  facet normal 0.980768 0.195175 0
    outer loop
      vertex -50.9393 48.9868 0
      vertex -50.9074 48.8265 3
      vertex -50.9074 48.8265 0
    endloop
  endfacet
  facet normal 0.947082 0.320993 0
    outer loop
      vertex -50.8549 48.6716 3
      vertex -50.9074 48.8265 0
      vertex -50.9074 48.8265 3
    endloop
  endfacet
  facet normal 0.947082 0.320993 0
    outer loop
      vertex -50.9074 48.8265 0
      vertex -50.8549 48.6716 3
      vertex -50.8549 48.6716 0
    endloop
  endfacet
  facet normal 0.195175 0.980768 -0
    outer loop
      vertex -49.8632 47.9107 0
      vertex -50.0235 47.9426 3
      vertex -49.8632 47.9107 3
    endloop
  endfacet
  facet normal 0.195175 0.980768 0
    outer loop
      vertex -50.0235 47.9426 3
      vertex -49.8632 47.9107 0
      vertex -50.0235 47.9426 0
    endloop
  endfacet
  facet normal 0.321541 0.946896 -0
    outer loop
      vertex -50.0235 47.9426 0
      vertex -50.1784 47.9952 3
      vertex -50.0235 47.9426 3
    endloop
  endfacet
  facet normal 0.321541 0.946896 0
    outer loop
      vertex -50.1784 47.9952 3
      vertex -50.0235 47.9426 0
      vertex -50.1784 47.9952 0
    endloop
  endfacet
  facet normal -0.831674 0.555265 0
    outer loop
      vertex -45.2083 48.389 0
      vertex -45.1175 48.525 3
      vertex -45.1175 48.525 0
    endloop
  endfacet
  facet normal -0.831674 0.555265 0
    outer loop
      vertex -45.1175 48.525 3
      vertex -45.2083 48.389 0
      vertex -45.2083 48.389 3
    endloop
  endfacet
  facet normal -0.946896 0.321541 0
    outer loop
      vertex -45.0452 48.6716 0
      vertex -44.9926 48.8265 3
      vertex -44.9926 48.8265 0
    endloop
  endfacet
  facet normal -0.946896 0.321541 0
    outer loop
      vertex -44.9926 48.8265 3
      vertex -45.0452 48.6716 0
      vertex -45.0452 48.6716 3
    endloop
  endfacet
  facet normal -0.980768 0.195175 0
    outer loop
      vertex -44.9926 48.8265 0
      vertex -44.9607 48.9868 3
      vertex -44.9607 48.9868 0
    endloop
  endfacet
  facet normal -0.980768 0.195175 0
    outer loop
      vertex -44.9607 48.9868 3
      vertex -44.9926 48.8265 0
      vertex -44.9926 48.8265 3
    endloop
  endfacet
  facet normal -0.75178 0.659414 0
    outer loop
      vertex -45.3161 48.2661 0
      vertex -45.2083 48.389 3
      vertex -45.2083 48.389 0
    endloop
  endfacet
  facet normal -0.75178 0.659414 0
    outer loop
      vertex -45.2083 48.389 3
      vertex -45.3161 48.2661 0
      vertex -45.3161 48.2661 3
    endloop
  endfacet
  facet normal -0.442313 0.896861 0
    outer loop
      vertex -45.575 48.0675 0
      vertex -45.7216 47.9952 3
      vertex -45.575 48.0675 3
    endloop
  endfacet
  facet normal -0.442313 0.896861 0
    outer loop
      vertex -45.7216 47.9952 3
      vertex -45.575 48.0675 0
      vertex -45.7216 47.9952 0
    endloop
  endfacet
  facet normal 0.752046 -0.65911 0
    outer loop
      vertex -50.6917 49.9109 3
      vertex -50.5839 50.0339 0
      vertex -50.5839 50.0339 3
    endloop
  endfacet
  facet normal 0.752046 -0.65911 0
    outer loop
      vertex -50.5839 50.0339 0
      vertex -50.6917 49.9109 3
      vertex -50.6917 49.9109 0
    endloop
  endfacet
  facet normal 0.980768 -0.195175 0
    outer loop
      vertex -50.9393 49.3132 3
      vertex -50.9074 49.4735 0
      vertex -50.9074 49.4735 3
    endloop
  endfacet
  facet normal 0.980768 -0.195175 0
    outer loop
      vertex -50.9074 49.4735 0
      vertex -50.9393 49.3132 3
      vertex -50.9393 49.3132 0
    endloop
  endfacet
  facet normal 0.831674 0.555265 0
    outer loop
      vertex -50.6917 48.389 3
      vertex -50.7825 48.525 0
      vertex -50.7825 48.525 3
    endloop
  endfacet
  facet normal 0.831674 0.555265 0
    outer loop
      vertex -50.7825 48.525 0
      vertex -50.6917 48.389 3
      vertex -50.6917 48.389 0
    endloop
  endfacet
  facet normal 0.75178 0.659414 0
    outer loop
      vertex -50.5839 48.2661 3
      vertex -50.6917 48.389 0
      vertex -50.6917 48.389 3
    endloop
  endfacet
  facet normal 0.75178 0.659414 0
    outer loop
      vertex -50.6917 48.389 0
      vertex -50.5839 48.2661 3
      vertex -50.5839 48.2661 0
    endloop
  endfacet
  facet normal 0.555265 0.831674 -0
    outer loop
      vertex -50.325 48.0675 0
      vertex -50.461 48.1583 3
      vertex -50.325 48.0675 3
    endloop
  endfacet
  facet normal 0.555265 0.831674 0
    outer loop
      vertex -50.461 48.1583 3
      vertex -50.325 48.0675 0
      vertex -50.461 48.1583 0
    endloop
  endfacet
  facet normal -0.896861 0.442313 0
    outer loop
      vertex -45.1175 48.525 0
      vertex -45.0452 48.6716 3
      vertex -45.0452 48.6716 0
    endloop
  endfacet
  facet normal -0.896861 0.442313 0
    outer loop
      vertex -45.0452 48.6716 3
      vertex -45.1175 48.525 0
      vertex -45.1175 48.525 3
    endloop
  endfacet
  facet normal -0.997858 0.0654233 0
    outer loop
      vertex -44.9607 48.9868 0
      vertex -44.95 49.15 3
      vertex -44.95 49.15 0
    endloop
  endfacet
  facet normal -0.997858 0.0654233 0
    outer loop
      vertex -44.95 49.15 3
      vertex -44.9607 48.9868 0
      vertex -44.9607 48.9868 3
    endloop
  endfacet
  facet normal -0.980768 -0.195175 0
    outer loop
      vertex -17.0607 23.0132 0
      vertex -17.0926 23.1735 3
      vertex -17.0926 23.1735 0
    endloop
  endfacet
  facet normal -0.980768 -0.195175 0
    outer loop
      vertex -17.0926 23.1735 3
      vertex -17.0607 23.0132 0
      vertex -17.0607 23.0132 3
    endloop
  endfacet
  facet normal -0.947082 -0.320993 0
    outer loop
      vertex -17.0926 23.1735 0
      vertex -17.1451 23.3284 3
      vertex -17.1451 23.3284 0
    endloop
  endfacet
  facet normal -0.947082 -0.320993 0
    outer loop
      vertex -17.1451 23.3284 3
      vertex -17.0926 23.1735 0
      vertex -17.0926 23.1735 3
    endloop
  endfacet
  facet normal -0.321541 -0.946896 0
    outer loop
      vertex -17.9765 24.0574 0
      vertex -17.8216 24.0048 3
      vertex -17.9765 24.0574 3
    endloop
  endfacet
  facet normal -0.321541 -0.946896 -0
    outer loop
      vertex -17.8216 24.0048 3
      vertex -17.9765 24.0574 0
      vertex -17.8216 24.0048 0
    endloop
  endfacet
  facet normal -0.896618 -0.442805 0
    outer loop
      vertex -17.1451 23.3284 0
      vertex -17.2175 23.475 3
      vertex -17.2175 23.475 0
    endloop
  endfacet
  facet normal -0.896618 -0.442805 0
    outer loop
      vertex -17.2175 23.475 3
      vertex -17.1451 23.3284 0
      vertex -17.1451 23.3284 3
    endloop
  endfacet
  facet normal -0.0654233 -0.997858 0
    outer loop
      vertex -18.3 24.1 0
      vertex -18.1368 24.0893 3
      vertex -18.3 24.1 3
    endloop
  endfacet
  facet normal -0.0654233 -0.997858 -0
    outer loop
      vertex -18.1368 24.0893 3
      vertex -18.3 24.1 0
      vertex -18.1368 24.0893 0
    endloop
  endfacet
  facet normal -0.659414 -0.75178 0
    outer loop
      vertex -17.539 23.8417 0
      vertex -17.4161 23.7339 3
      vertex -17.539 23.8417 3
    endloop
  endfacet
  facet normal -0.659414 -0.75178 -0
    outer loop
      vertex -17.4161 23.7339 3
      vertex -17.539 23.8417 0
      vertex -17.4161 23.7339 0
    endloop
  endfacet
  facet normal -0.555265 -0.831674 0
    outer loop
      vertex -17.675 23.9325 0
      vertex -17.539 23.8417 3
      vertex -17.675 23.9325 3
    endloop
  endfacet
  facet normal -0.555265 -0.831674 -0
    outer loop
      vertex -17.539 23.8417 3
      vertex -17.675 23.9325 0
      vertex -17.539 23.8417 0
    endloop
  endfacet
  facet normal 0.555265 -0.831674 0
    outer loop
      vertex -22.561 23.8417 0
      vertex -22.425 23.9325 3
      vertex -22.561 23.8417 3
    endloop
  endfacet
  facet normal 0.555265 -0.831674 0
    outer loop
      vertex -22.425 23.9325 3
      vertex -22.561 23.8417 0
      vertex -22.425 23.9325 0
    endloop
  endfacet
  facet normal -0.75178 -0.659414 0
    outer loop
      vertex -17.3083 23.611 0
      vertex -17.4161 23.7339 3
      vertex -17.4161 23.7339 0
    endloop
  endfacet
  facet normal -0.75178 -0.659414 0
    outer loop
      vertex -17.4161 23.7339 3
      vertex -17.3083 23.611 0
      vertex -17.3083 23.611 3
    endloop
  endfacet
  facet normal -0.442313 -0.896861 0
    outer loop
      vertex -17.8216 24.0048 0
      vertex -17.675 23.9325 3
      vertex -17.8216 24.0048 3
    endloop
  endfacet
  facet normal -0.442313 -0.896861 -0
    outer loop
      vertex -17.675 23.9325 3
      vertex -17.8216 24.0048 0
      vertex -17.675 23.9325 0
    endloop
  endfacet
  facet normal -0.195175 -0.980768 0
    outer loop
      vertex -18.1368 24.0893 0
      vertex -17.9765 24.0574 3
      vertex -18.1368 24.0893 3
    endloop
  endfacet
  facet normal -0.195175 -0.980768 -0
    outer loop
      vertex -17.9765 24.0574 3
      vertex -18.1368 24.0893 0
      vertex -17.9765 24.0574 0
    endloop
  endfacet
  facet normal 0 -1 0
    outer loop
      vertex -21.8 24.1 0
      vertex -18.3 24.1 3
      vertex -21.8 24.1 3
    endloop
  endfacet
  facet normal 0 -1 -0
    outer loop
      vertex -18.3 24.1 3
      vertex -21.8 24.1 0
      vertex -18.3 24.1 0
    endloop
  endfacet
  facet normal -0.195323 0.980739 0
    outer loop
      vertex -17.9765 21.6426 0
      vertex -18.0478 21.6284 3
      vertex -17.9765 21.6426 3
    endloop
  endfacet
  facet normal -0.195323 0.980739 0
    outer loop
      vertex -18.0478 21.6284 3
      vertex -17.9765 21.6426 0
      vertex -18.0478 21.6284 0
    endloop
  endfacet
  facet normal -0.555265 0.831674 0
    outer loop
      vertex -17.539 21.8583 0
      vertex -17.675 21.7675 3
      vertex -17.539 21.8583 3
    endloop
  endfacet
  facet normal -0.555265 0.831674 0
    outer loop
      vertex -17.675 21.7675 3
      vertex -17.539 21.8583 0
      vertex -17.675 21.7675 0
    endloop
  endfacet
  facet normal -0.831674 -0.555265 0
    outer loop
      vertex -17.2175 23.475 0
      vertex -17.3083 23.611 3
      vertex -17.3083 23.611 0
    endloop
  endfacet
  facet normal -0.831674 -0.555265 0
    outer loop
      vertex -17.3083 23.611 3
      vertex -17.2175 23.475 0
      vertex -17.2175 23.475 3
    endloop
  endfacet
  facet normal 0.321541 -0.946896 0
    outer loop
      vertex -22.2784 24.0048 0
      vertex -22.1235 24.0574 3
      vertex -22.2784 24.0048 3
    endloop
  endfacet
  facet normal 0.321541 -0.946896 0
    outer loop
      vertex -22.1235 24.0574 3
      vertex -22.2784 24.0048 0
      vertex -22.1235 24.0574 0
    endloop
  endfacet
  facet normal 0.195175 -0.980768 0
    outer loop
      vertex -22.1235 24.0574 0
      vertex -21.9632 24.0893 3
      vertex -22.1235 24.0574 3
    endloop
  endfacet
  facet normal 0.195175 -0.980768 0
    outer loop
      vertex -21.9632 24.0893 3
      vertex -22.1235 24.0574 0
      vertex -21.9632 24.0893 0
    endloop
  endfacet
  facet normal 0.0654233 -0.997858 0
    outer loop
      vertex -21.9632 24.0893 0
      vertex -21.8 24.1 3
      vertex -21.9632 24.0893 3
    endloop
  endfacet
  facet normal 0.0654233 -0.997858 0
    outer loop
      vertex -21.8 24.1 3
      vertex -21.9632 24.0893 0
      vertex -21.8 24.1 0
    endloop
  endfacet
  facet normal -0.997858 -0.0654233 0
    outer loop
      vertex -17.05 22.85 0
      vertex -17.0607 23.0132 3
      vertex -17.0607 23.0132 0
    endloop
  endfacet
  facet normal -0.997858 -0.0654233 0
    outer loop
      vertex -17.0607 23.0132 3
      vertex -17.05 22.85 0
      vertex -17.05 22.85 3
    endloop
  endfacet
  facet normal -0.659414 0.75178 0
    outer loop
      vertex -17.4161 21.9661 0
      vertex -17.539 21.8583 3
      vertex -17.4161 21.9661 3
    endloop
  endfacet
  facet normal -0.659414 0.75178 0
    outer loop
      vertex -17.539 21.8583 3
      vertex -17.4161 21.9661 0
      vertex -17.539 21.8583 0
    endloop
  endfacet
  facet normal -0.321541 0.946896 0
    outer loop
      vertex -17.8216 21.6952 0
      vertex -17.9765 21.6426 3
      vertex -17.8216 21.6952 3
    endloop
  endfacet
  facet normal -0.321541 0.946896 0
    outer loop
      vertex -17.9765 21.6426 3
      vertex -17.8216 21.6952 0
      vertex -17.9765 21.6426 0
    endloop
  endfacet
  facet normal 0.442313 -0.896861 0
    outer loop
      vertex -22.425 23.9325 0
      vertex -22.2784 24.0048 3
      vertex -22.425 23.9325 3
    endloop
  endfacet
  facet normal 0.442313 -0.896861 0
    outer loop
      vertex -22.2784 24.0048 3
      vertex -22.425 23.9325 0
      vertex -22.2784 24.0048 0
    endloop
  endfacet
  facet normal 0.659414 -0.75178 0
    outer loop
      vertex -22.6839 23.7339 0
      vertex -22.561 23.8417 3
      vertex -22.6839 23.7339 3
    endloop
  endfacet
  facet normal 0.659414 -0.75178 0
    outer loop
      vertex -22.561 23.8417 3
      vertex -22.6839 23.7339 0
      vertex -22.561 23.8417 0
    endloop
  endfacet
  facet normal -0.831674 0.555265 0
    outer loop
      vertex -17.3083 22.089 0
      vertex -17.2175 22.225 3
      vertex -17.2175 22.225 0
    endloop
  endfacet
  facet normal -0.831674 0.555265 0
    outer loop
      vertex -17.2175 22.225 3
      vertex -17.3083 22.089 0
      vertex -17.3083 22.089 3
    endloop
  endfacet
  facet normal -0.947082 0.320993 0
    outer loop
      vertex -17.1451 22.3716 0
      vertex -17.0926 22.5265 3
      vertex -17.0926 22.5265 0
    endloop
  endfacet
  facet normal -0.947082 0.320993 0
    outer loop
      vertex -17.0926 22.5265 3
      vertex -17.1451 22.3716 0
      vertex -17.1451 22.3716 3
    endloop
  endfacet
  facet normal -0.980768 0.195175 0
    outer loop
      vertex -17.0926 22.5265 0
      vertex -17.0607 22.6868 3
      vertex -17.0607 22.6868 0
    endloop
  endfacet
  facet normal -0.980768 0.195175 0
    outer loop
      vertex -17.0607 22.6868 3
      vertex -17.0926 22.5265 0
      vertex -17.0926 22.5265 3
    endloop
  endfacet
  facet normal -0.75178 0.659414 0
    outer loop
      vertex -17.4161 21.9661 0
      vertex -17.3083 22.089 3
      vertex -17.3083 22.089 0
    endloop
  endfacet
  facet normal -0.75178 0.659414 0
    outer loop
      vertex -17.3083 22.089 3
      vertex -17.4161 21.9661 0
      vertex -17.4161 21.9661 3
    endloop
  endfacet
  facet normal -0.442313 0.896861 0
    outer loop
      vertex -17.675 21.7675 0
      vertex -17.8216 21.6952 3
      vertex -17.675 21.7675 3
    endloop
  endfacet
  facet normal -0.442313 0.896861 0
    outer loop
      vertex -17.8216 21.6952 3
      vertex -17.675 21.7675 0
      vertex -17.8216 21.6952 0
    endloop
  endfacet
  facet normal 0.75178 -0.659414 0
    outer loop
      vertex -22.7917 23.611 3
      vertex -22.6839 23.7339 0
      vertex -22.6839 23.7339 3
    endloop
  endfacet
  facet normal 0.75178 -0.659414 0
    outer loop
      vertex -22.6839 23.7339 0
      vertex -22.7917 23.611 3
      vertex -22.7917 23.611 0
    endloop
  endfacet
  facet normal -0.896618 0.442805 0
    outer loop
      vertex -17.2175 22.225 0
      vertex -17.1451 22.3716 3
      vertex -17.1451 22.3716 0
    endloop
  endfacet
  facet normal -0.896618 0.442805 0
    outer loop
      vertex -17.1451 22.3716 3
      vertex -17.2175 22.225 0
      vertex -17.2175 22.225 3
    endloop
  endfacet
  facet normal -0.997858 0.0654233 0
    outer loop
      vertex -17.0607 22.6868 0
      vertex -17.05 22.85 3
      vertex -17.05 22.85 0
    endloop
  endfacet
  facet normal -0.997858 0.0654233 0
    outer loop
      vertex -17.05 22.85 3
      vertex -17.0607 22.6868 0
      vertex -17.0607 22.6868 3
    endloop
  endfacet
  facet normal 0.831704 -0.555219 0
    outer loop
      vertex -22.8658 23.5 3
      vertex -22.7917 23.611 0
      vertex -22.7917 23.611 3
    endloop
  endfacet
  facet normal 0.831704 -0.555219 0
    outer loop
      vertex -22.7917 23.611 0
      vertex -22.8658 23.5 3
      vertex -22.8658 23.5 0
    endloop
  endfacet
  facet normal -0.980768 -0.195175 0
    outer loop
      vertex -17.0607 49.3132 0
      vertex -17.0926 49.4735 3
      vertex -17.0926 49.4735 0
    endloop
  endfacet
  facet normal -0.980768 -0.195175 0
    outer loop
      vertex -17.0926 49.4735 3
      vertex -17.0607 49.3132 0
      vertex -17.0607 49.3132 3
    endloop
  endfacet
  facet normal -0.321541 -0.946896 0
    outer loop
      vertex -17.9765 50.3574 0
      vertex -17.8216 50.3048 3
      vertex -17.9765 50.3574 3
    endloop
  endfacet
  facet normal -0.321541 -0.946896 -0
    outer loop
      vertex -17.8216 50.3048 3
      vertex -17.9765 50.3574 0
      vertex -17.8216 50.3048 0
    endloop
  endfacet
  facet normal -0.752046 -0.65911 0
    outer loop
      vertex -17.3083 49.9109 0
      vertex -17.4161 50.0339 3
      vertex -17.4161 50.0339 0
    endloop
  endfacet
  facet normal -0.752046 -0.65911 0
    outer loop
      vertex -17.4161 50.0339 3
      vertex -17.3083 49.9109 0
      vertex -17.3083 49.9109 3
    endloop
  endfacet
  facet normal -0.947082 -0.320993 0
    outer loop
      vertex -17.0926 49.4735 0
      vertex -17.1451 49.6284 3
      vertex -17.1451 49.6284 0
    endloop
  endfacet
  facet normal -0.947082 -0.320993 0
    outer loop
      vertex -17.1451 49.6284 3
      vertex -17.0926 49.4735 0
      vertex -17.0926 49.4735 3
    endloop
  endfacet
  facet normal -0.896618 -0.442805 0
    outer loop
      vertex -17.1451 49.6284 0
      vertex -17.2175 49.775 3
      vertex -17.2175 49.775 0
    endloop
  endfacet
  facet normal -0.896618 -0.442805 0
    outer loop
      vertex -17.2175 49.775 3
      vertex -17.1451 49.6284 0
      vertex -17.1451 49.6284 3
    endloop
  endfacet
  facet normal -0.555265 -0.831674 0
    outer loop
      vertex -17.675 50.2325 0
      vertex -17.539 50.1417 3
      vertex -17.675 50.2325 3
    endloop
  endfacet
  facet normal -0.555265 -0.831674 -0
    outer loop
      vertex -17.539 50.1417 3
      vertex -17.675 50.2325 0
      vertex -17.539 50.1417 0
    endloop
  endfacet
  facet normal -0.442313 -0.896861 0
    outer loop
      vertex -17.8216 50.3048 0
      vertex -17.675 50.2325 3
      vertex -17.8216 50.3048 3
    endloop
  endfacet
  facet normal -0.442313 -0.896861 -0
    outer loop
      vertex -17.675 50.2325 3
      vertex -17.8216 50.3048 0
      vertex -17.675 50.2325 0
    endloop
  endfacet
  facet normal -0.659414 -0.75178 0
    outer loop
      vertex -17.539 50.1417 0
      vertex -17.4161 50.0339 3
      vertex -17.539 50.1417 3
    endloop
  endfacet
  facet normal -0.659414 -0.75178 -0
    outer loop
      vertex -17.4161 50.0339 3
      vertex -17.539 50.1417 0
      vertex -17.4161 50.0339 0
    endloop
  endfacet
  facet normal 0 -1 0
    outer loop
      vertex -21.8 50.4 0
      vertex -18.3 50.4 3
      vertex -21.8 50.4 3
    endloop
  endfacet
  facet normal 0 -1 -0
    outer loop
      vertex -18.3 50.4 3
      vertex -21.8 50.4 0
      vertex -18.3 50.4 0
    endloop
  endfacet
  facet normal 0.0654233 -0.997858 0
    outer loop
      vertex -21.9632 50.3893 0
      vertex -21.8 50.4 3
      vertex -21.9632 50.3893 3
    endloop
  endfacet
  facet normal 0.0654233 -0.997858 0
    outer loop
      vertex -21.8 50.4 3
      vertex -21.9632 50.3893 0
      vertex -21.8 50.4 0
    endloop
  endfacet
  facet normal 0.659414 0.75178 -0
    outer loop
      vertex -22.561 48.1583 0
      vertex -22.6839 48.2661 3
      vertex -22.561 48.1583 3
    endloop
  endfacet
  facet normal 0.659414 0.75178 0
    outer loop
      vertex -22.6839 48.2661 3
      vertex -22.561 48.1583 0
      vertex -22.6839 48.2661 0
    endloop
  endfacet
  facet normal 0.980768 0.195175 0
    outer loop
      vertex -23.0074 48.8265 3
      vertex -23.0393 48.9868 0
      vertex -23.0393 48.9868 3
    endloop
  endfacet
  facet normal 0.980768 0.195175 0
    outer loop
      vertex -23.0393 48.9868 0
      vertex -23.0074 48.8265 3
      vertex -23.0074 48.8265 0
    endloop
  endfacet
  facet normal 0 1 -0
    outer loop
      vertex -18.3 47.9 0
      vertex -21.8 47.9 3
      vertex -18.3 47.9 3
    endloop
  endfacet
  facet normal 0 1 0
    outer loop
      vertex -21.8 47.9 3
      vertex -18.3 47.9 0
      vertex -21.8 47.9 0
    endloop
  endfacet
  facet normal -0.831674 0.555265 0
    outer loop
      vertex -17.3083 48.389 0
      vertex -17.2175 48.525 3
      vertex -17.2175 48.525 0
    endloop
  endfacet
  facet normal -0.831674 0.555265 0
    outer loop
      vertex -17.2175 48.525 3
      vertex -17.3083 48.389 0
      vertex -17.3083 48.389 3
    endloop
  endfacet
  facet normal -0.831485 -0.555547 0
    outer loop
      vertex -17.2175 49.775 0
      vertex -17.3083 49.9109 3
      vertex -17.3083 49.9109 0
    endloop
  endfacet
  facet normal -0.831485 -0.555547 0
    outer loop
      vertex -17.3083 49.9109 3
      vertex -17.2175 49.775 0
      vertex -17.2175 49.775 3
    endloop
  endfacet
  facet normal 0.195175 -0.980768 0
    outer loop
      vertex -22.1235 50.3574 0
      vertex -21.9632 50.3893 3
      vertex -22.1235 50.3574 3
    endloop
  endfacet
  facet normal 0.195175 -0.980768 0
    outer loop
      vertex -21.9632 50.3893 3
      vertex -22.1235 50.3574 0
      vertex -21.9632 50.3893 0
    endloop
  endfacet
  facet normal 0.442313 0.896861 -0
    outer loop
      vertex -22.2784 47.9952 0
      vertex -22.425 48.0675 3
      vertex -22.2784 47.9952 3
    endloop
  endfacet
  facet normal 0.442313 0.896861 0
    outer loop
      vertex -22.425 48.0675 3
      vertex -22.2784 47.9952 0
      vertex -22.425 48.0675 0
    endloop
  endfacet
  facet normal -0.555265 0.831674 0
    outer loop
      vertex -17.539 48.1583 0
      vertex -17.675 48.0675 3
      vertex -17.539 48.1583 3
    endloop
  endfacet
  facet normal -0.555265 0.831674 0
    outer loop
      vertex -17.675 48.0675 3
      vertex -17.539 48.1583 0
      vertex -17.675 48.0675 0
    endloop
  endfacet
  facet normal -0.0654233 -0.997858 0
    outer loop
      vertex -18.3 50.4 0
      vertex -18.1368 50.3893 3
      vertex -18.3 50.4 3
    endloop
  endfacet
  facet normal -0.0654233 -0.997858 -0
    outer loop
      vertex -18.1368 50.3893 3
      vertex -18.3 50.4 0
      vertex -18.1368 50.3893 0
    endloop
  endfacet
  facet normal -0.195175 -0.980768 0
    outer loop
      vertex -18.1368 50.3893 0
      vertex -17.9765 50.3574 3
      vertex -18.1368 50.3893 3
    endloop
  endfacet
  facet normal -0.195175 -0.980768 -0
    outer loop
      vertex -17.9765 50.3574 3
      vertex -18.1368 50.3893 0
      vertex -17.9765 50.3574 0
    endloop
  endfacet
  facet normal 0.555265 -0.831674 0
    outer loop
      vertex -22.561 50.1417 0
      vertex -22.425 50.2325 3
      vertex -22.561 50.1417 3
    endloop
  endfacet
  facet normal 0.555265 -0.831674 0
    outer loop
      vertex -22.425 50.2325 3
      vertex -22.561 50.1417 0
      vertex -22.425 50.2325 0
    endloop
  endfacet
  facet normal 0.997858 0.0654233 0
    outer loop
      vertex -23.0393 48.9868 3
      vertex -23.05 49.15 0
      vertex -23.05 49.15 3
    endloop
  endfacet
  facet normal 0.997858 0.0654233 0
    outer loop
      vertex -23.05 49.15 0
      vertex -23.0393 48.9868 3
      vertex -23.0393 48.9868 0
    endloop
  endfacet
  facet normal 0.946896 -0.321541 0
    outer loop
      vertex -23.0074 49.4735 3
      vertex -22.9548 49.6284 0
      vertex -22.9548 49.6284 3
    endloop
  endfacet
  facet normal 0.946896 -0.321541 0
    outer loop
      vertex -22.9548 49.6284 0
      vertex -23.0074 49.4735 3
      vertex -23.0074 49.4735 0
    endloop
  endfacet
  facet normal 0.195175 0.980768 -0
    outer loop
      vertex -21.9632 47.9107 0
      vertex -22.1235 47.9426 3
      vertex -21.9632 47.9107 3
    endloop
  endfacet
  facet normal 0.195175 0.980768 0
    outer loop
      vertex -22.1235 47.9426 3
      vertex -21.9632 47.9107 0
      vertex -22.1235 47.9426 0
    endloop
  endfacet
  facet normal 0.321541 0.946896 -0
    outer loop
      vertex -22.1235 47.9426 0
      vertex -22.2784 47.9952 3
      vertex -22.1235 47.9426 3
    endloop
  endfacet
  facet normal 0.321541 0.946896 0
    outer loop
      vertex -22.2784 47.9952 3
      vertex -22.1235 47.9426 0
      vertex -22.2784 47.9952 0
    endloop
  endfacet
  facet normal 0.75178 0.659414 0
    outer loop
      vertex -22.6839 48.2661 3
      vertex -22.7917 48.389 0
      vertex -22.7917 48.389 3
    endloop
  endfacet
  facet normal 0.75178 0.659414 0
    outer loop
      vertex -22.7917 48.389 0
      vertex -22.6839 48.2661 3
      vertex -22.6839 48.2661 0
    endloop
  endfacet
  facet normal -0.0654233 0.997858 0
    outer loop
      vertex -18.1368 47.9107 0
      vertex -18.3 47.9 3
      vertex -18.1368 47.9107 3
    endloop
  endfacet
  facet normal -0.0654233 0.997858 0
    outer loop
      vertex -18.3 47.9 3
      vertex -18.1368 47.9107 0
      vertex -18.3 47.9 0
    endloop
  endfacet
  facet normal -0.659414 0.75178 0
    outer loop
      vertex -17.4161 48.2661 0
      vertex -17.539 48.1583 3
      vertex -17.4161 48.2661 3
    endloop
  endfacet
  facet normal -0.659414 0.75178 0
    outer loop
      vertex -17.539 48.1583 3
      vertex -17.4161 48.2661 0
      vertex -17.539 48.1583 0
    endloop
  endfacet
  facet normal -0.321541 0.946896 0
    outer loop
      vertex -17.8216 47.9952 0
      vertex -17.9765 47.9426 3
      vertex -17.8216 47.9952 3
    endloop
  endfacet
  facet normal -0.321541 0.946896 0
    outer loop
      vertex -17.9765 47.9426 3
      vertex -17.8216 47.9952 0
      vertex -17.9765 47.9426 0
    endloop
  endfacet
  facet normal -0.997858 -0.0654233 0
    outer loop
      vertex -17.05 49.15 0
      vertex -17.0607 49.3132 3
      vertex -17.0607 49.3132 0
    endloop
  endfacet
  facet normal -0.997858 -0.0654233 0
    outer loop
      vertex -17.0607 49.3132 3
      vertex -17.05 49.15 0
      vertex -17.05 49.15 3
    endloop
  endfacet
  facet normal 0.442313 -0.896861 0
    outer loop
      vertex -22.425 50.2325 0
      vertex -22.2784 50.3048 3
      vertex -22.425 50.2325 3
    endloop
  endfacet
  facet normal 0.442313 -0.896861 0
    outer loop
      vertex -22.2784 50.3048 3
      vertex -22.425 50.2325 0
      vertex -22.2784 50.3048 0
    endloop
  endfacet
  facet normal 0.321541 -0.946896 0
    outer loop
      vertex -22.2784 50.3048 0
      vertex -22.1235 50.3574 3
      vertex -22.2784 50.3048 3
    endloop
  endfacet
  facet normal 0.321541 -0.946896 0
    outer loop
      vertex -22.1235 50.3574 3
      vertex -22.2784 50.3048 0
      vertex -22.1235 50.3574 0
    endloop
  endfacet
  facet normal 0.896861 -0.442313 0
    outer loop
      vertex -22.9548 49.6284 3
      vertex -22.8825 49.775 0
      vertex -22.8825 49.775 3
    endloop
  endfacet
  facet normal 0.896861 -0.442313 0
    outer loop
      vertex -22.8825 49.775 0
      vertex -22.9548 49.6284 3
      vertex -22.9548 49.6284 0
    endloop
  endfacet
  facet normal 0.0654233 0.997858 -0
    outer loop
      vertex -21.8 47.9 0
      vertex -21.9632 47.9107 3
      vertex -21.8 47.9 3
    endloop
  endfacet
  facet normal 0.0654233 0.997858 0
    outer loop
      vertex -21.9632 47.9107 3
      vertex -21.8 47.9 0
      vertex -21.9632 47.9107 0
    endloop
  endfacet
  facet normal 0.896861 0.442313 0
    outer loop
      vertex -22.8825 48.525 3
      vertex -22.9548 48.6716 0
      vertex -22.9548 48.6716 3
    endloop
  endfacet
  facet normal 0.896861 0.442313 0
    outer loop
      vertex -22.9548 48.6716 0
      vertex -22.8825 48.525 3
      vertex -22.8825 48.525 0
    endloop
  endfacet
  facet normal 0.946896 0.321541 0
    outer loop
      vertex -22.9548 48.6716 3
      vertex -23.0074 48.8265 0
      vertex -23.0074 48.8265 3
    endloop
  endfacet
  facet normal 0.946896 0.321541 0
    outer loop
      vertex -23.0074 48.8265 0
      vertex -22.9548 48.6716 3
      vertex -22.9548 48.6716 0
    endloop
  endfacet
  facet normal -0.195175 0.980768 0
    outer loop
      vertex -17.9765 47.9426 0
      vertex -18.1368 47.9107 3
      vertex -17.9765 47.9426 3
    endloop
  endfacet
  facet normal -0.195175 0.980768 0
    outer loop
      vertex -18.1368 47.9107 3
      vertex -17.9765 47.9426 0
      vertex -18.1368 47.9107 0
    endloop
  endfacet
  facet normal -0.442313 0.896861 0
    outer loop
      vertex -17.675 48.0675 0
      vertex -17.8216 47.9952 3
      vertex -17.675 48.0675 3
    endloop
  endfacet
  facet normal -0.442313 0.896861 0
    outer loop
      vertex -17.8216 47.9952 3
      vertex -17.675 48.0675 0
      vertex -17.8216 47.9952 0
    endloop
  endfacet
  facet normal -0.75178 0.659414 0
    outer loop
      vertex -17.4161 48.2661 0
      vertex -17.3083 48.389 3
      vertex -17.3083 48.389 0
    endloop
  endfacet
  facet normal -0.75178 0.659414 0
    outer loop
      vertex -17.3083 48.389 3
      vertex -17.4161 48.2661 0
      vertex -17.4161 48.2661 3
    endloop
  endfacet
  facet normal -0.947082 0.320993 0
    outer loop
      vertex -17.1451 48.6716 0
      vertex -17.0926 48.8265 3
      vertex -17.0926 48.8265 0
    endloop
  endfacet
  facet normal -0.947082 0.320993 0
    outer loop
      vertex -17.0926 48.8265 3
      vertex -17.1451 48.6716 0
      vertex -17.1451 48.6716 3
    endloop
  endfacet
  facet normal -0.980768 0.195175 0
    outer loop
      vertex -17.0926 48.8265 0
      vertex -17.0607 48.9868 3
      vertex -17.0607 48.9868 0
    endloop
  endfacet
  facet normal -0.980768 0.195175 0
    outer loop
      vertex -17.0607 48.9868 3
      vertex -17.0926 48.8265 0
      vertex -17.0926 48.8265 3
    endloop
  endfacet
  facet normal 0.831485 -0.555547 0
    outer loop
      vertex -22.8825 49.775 3
      vertex -22.7917 49.9109 0
      vertex -22.7917 49.9109 3
    endloop
  endfacet
  facet normal 0.831485 -0.555547 0
    outer loop
      vertex -22.7917 49.9109 0
      vertex -22.8825 49.775 3
      vertex -22.8825 49.775 0
    endloop
  endfacet
  facet normal 0.752046 -0.65911 0
    outer loop
      vertex -22.7917 49.9109 3
      vertex -22.6839 50.0339 0
      vertex -22.6839 50.0339 3
    endloop
  endfacet
  facet normal 0.752046 -0.65911 0
    outer loop
      vertex -22.6839 50.0339 0
      vertex -22.7917 49.9109 3
      vertex -22.7917 49.9109 0
    endloop
  endfacet
  facet normal 0.659414 -0.75178 0
    outer loop
      vertex -22.6839 50.0339 0
      vertex -22.561 50.1417 3
      vertex -22.6839 50.0339 3
    endloop
  endfacet
  facet normal 0.659414 -0.75178 0
    outer loop
      vertex -22.561 50.1417 3
      vertex -22.6839 50.0339 0
      vertex -22.561 50.1417 0
    endloop
  endfacet
  facet normal 0.997858 -0.0654233 0
    outer loop
      vertex -23.05 49.15 3
      vertex -23.0393 49.3132 0
      vertex -23.0393 49.3132 3
    endloop
  endfacet
  facet normal 0.997858 -0.0654233 0
    outer loop
      vertex -23.0393 49.3132 0
      vertex -23.05 49.15 3
      vertex -23.05 49.15 0
    endloop
  endfacet
  facet normal 0.980768 -0.195175 0
    outer loop
      vertex -23.0393 49.3132 3
      vertex -23.0074 49.4735 0
      vertex -23.0074 49.4735 3
    endloop
  endfacet
  facet normal 0.980768 -0.195175 0
    outer loop
      vertex -23.0074 49.4735 0
      vertex -23.0393 49.3132 3
      vertex -23.0393 49.3132 0
    endloop
  endfacet
  facet normal 0.555265 0.831674 -0
    outer loop
      vertex -22.425 48.0675 0
      vertex -22.561 48.1583 3
      vertex -22.425 48.0675 3
    endloop
  endfacet
  facet normal 0.555265 0.831674 0
    outer loop
      vertex -22.561 48.1583 3
      vertex -22.425 48.0675 0
      vertex -22.561 48.1583 0
    endloop
  endfacet
  facet normal 0.831674 0.555265 0
    outer loop
      vertex -22.7917 48.389 3
      vertex -22.8825 48.525 0
      vertex -22.8825 48.525 3
    endloop
  endfacet
  facet normal 0.831674 0.555265 0
    outer loop
      vertex -22.8825 48.525 0
      vertex -22.7917 48.389 3
      vertex -22.7917 48.389 0
    endloop
  endfacet
  facet normal -0.896618 0.442805 0
    outer loop
      vertex -17.2175 48.525 0
      vertex -17.1451 48.6716 3
      vertex -17.1451 48.6716 0
    endloop
  endfacet
  facet normal -0.896618 0.442805 0
    outer loop
      vertex -17.1451 48.6716 3
      vertex -17.2175 48.525 0
      vertex -17.2175 48.525 3
    endloop
  endfacet
  facet normal -0.997858 0.0654233 0
    outer loop
      vertex -17.0607 48.9868 0
      vertex -17.05 49.15 3
      vertex -17.05 49.15 0
    endloop
  endfacet
  facet normal -0.997858 0.0654233 0
    outer loop
      vertex -17.05 49.15 3
      vertex -17.0607 48.9868 0
      vertex -17.0607 48.9868 3
    endloop
  endfacet
  facet normal -0.980768 -0.195175 0
    outer loop
      vertex 23.0393 -48.9868 0
      vertex 23.0074 -48.8265 3
      vertex 23.0074 -48.8265 0
    endloop
  endfacet
  facet normal -0.980768 -0.195175 0
    outer loop
      vertex 23.0074 -48.8265 3
      vertex 23.0393 -48.9868 0
      vertex 23.0393 -48.9868 3
    endloop
  endfacet
  facet normal -0.321541 -0.946896 0
    outer loop
      vertex 22.1235 -47.9426 0
      vertex 22.2784 -47.9952 3
      vertex 22.1235 -47.9426 3
    endloop
  endfacet
  facet normal -0.321541 -0.946896 -0
    outer loop
      vertex 22.2784 -47.9952 3
      vertex 22.1235 -47.9426 0
      vertex 22.2784 -47.9952 0
    endloop
  endfacet
  facet normal -0.75178 -0.659414 0
    outer loop
      vertex 22.7917 -48.389 0
      vertex 22.6839 -48.2661 3
      vertex 22.6839 -48.2661 0
    endloop
  endfacet
  facet normal -0.75178 -0.659414 0
    outer loop
      vertex 22.6839 -48.2661 3
      vertex 22.7917 -48.389 0
      vertex 22.7917 -48.389 3
    endloop
  endfacet
  facet normal -0.946896 -0.321541 0
    outer loop
      vertex 23.0074 -48.8265 0
      vertex 22.9548 -48.6716 3
      vertex 22.9548 -48.6716 0
    endloop
  endfacet
  facet normal -0.946896 -0.321541 0
    outer loop
      vertex 22.9548 -48.6716 3
      vertex 23.0074 -48.8265 0
      vertex 23.0074 -48.8265 3
    endloop
  endfacet
  facet normal -0.896861 -0.442313 0
    outer loop
      vertex 22.9548 -48.6716 0
      vertex 22.8825 -48.525 3
      vertex 22.8825 -48.525 0
    endloop
  endfacet
  facet normal -0.896861 -0.442313 0
    outer loop
      vertex 22.8825 -48.525 3
      vertex 22.9548 -48.6716 0
      vertex 22.9548 -48.6716 3
    endloop
  endfacet
  facet normal -0.555265 -0.831674 0
    outer loop
      vertex 22.425 -48.0675 0
      vertex 22.561 -48.1583 3
      vertex 22.425 -48.0675 3
    endloop
  endfacet
  facet normal -0.555265 -0.831674 -0
    outer loop
      vertex 22.561 -48.1583 3
      vertex 22.425 -48.0675 0
      vertex 22.561 -48.1583 0
    endloop
  endfacet
  facet normal -0.442313 -0.896861 0
    outer loop
      vertex 22.2784 -47.9952 0
      vertex 22.425 -48.0675 3
      vertex 22.2784 -47.9952 3
    endloop
  endfacet
  facet normal -0.442313 -0.896861 -0
    outer loop
      vertex 22.425 -48.0675 3
      vertex 22.2784 -47.9952 0
      vertex 22.425 -48.0675 0
    endloop
  endfacet
  facet normal -0.659414 -0.75178 0
    outer loop
      vertex 22.561 -48.1583 0
      vertex 22.6839 -48.2661 3
      vertex 22.561 -48.1583 3
    endloop
  endfacet
  facet normal -0.659414 -0.75178 -0
    outer loop
      vertex 22.6839 -48.2661 3
      vertex 22.561 -48.1583 0
      vertex 22.6839 -48.2661 0
    endloop
  endfacet
  facet normal 0 -1 0
    outer loop
      vertex 18.3 -47.9 0
      vertex 21.8 -47.9 3
      vertex 18.3 -47.9 3
    endloop
  endfacet
  facet normal 0 -1 -0
    outer loop
      vertex 21.8 -47.9 3
      vertex 18.3 -47.9 0
      vertex 21.8 -47.9 0
    endloop
  endfacet
  facet normal 0.0654233 -0.997858 0
    outer loop
      vertex 18.1368 -47.9107 0
      vertex 18.3 -47.9 3
      vertex 18.1368 -47.9107 3
    endloop
  endfacet
  facet normal 0.0654233 -0.997858 0
    outer loop
      vertex 18.3 -47.9 3
      vertex 18.1368 -47.9107 0
      vertex 18.3 -47.9 0
    endloop
  endfacet
  facet normal 0.980768 0.195175 0
    outer loop
      vertex 17.0926 -49.4735 3
      vertex 17.0607 -49.3132 0
      vertex 17.0607 -49.3132 3
    endloop
  endfacet
  facet normal 0.980768 0.195175 0
    outer loop
      vertex 17.0607 -49.3132 0
      vertex 17.0926 -49.4735 3
      vertex 17.0926 -49.4735 0
    endloop
  endfacet
  facet normal 0 1 -0
    outer loop
      vertex 21.8 -50.4 0
      vertex 18.3 -50.4 3
      vertex 21.8 -50.4 3
    endloop
  endfacet
  facet normal 0 1 0
    outer loop
      vertex 18.3 -50.4 3
      vertex 21.8 -50.4 0
      vertex 18.3 -50.4 0
    endloop
  endfacet
  facet normal -0.831674 -0.555265 0
    outer loop
      vertex 22.8825 -48.525 0
      vertex 22.7917 -48.389 3
      vertex 22.7917 -48.389 0
    endloop
  endfacet
  facet normal -0.831674 -0.555265 0
    outer loop
      vertex 22.7917 -48.389 3
      vertex 22.8825 -48.525 0
      vertex 22.8825 -48.525 3
    endloop
  endfacet
  facet normal 0.195175 -0.980768 0
    outer loop
      vertex 17.9765 -47.9426 0
      vertex 18.1368 -47.9107 3
      vertex 17.9765 -47.9426 3
    endloop
  endfacet
  facet normal 0.195175 -0.980768 0
    outer loop
      vertex 18.1368 -47.9107 3
      vertex 17.9765 -47.9426 0
      vertex 18.1368 -47.9107 0
    endloop
  endfacet
  facet normal 0.442313 0.896861 -0
    outer loop
      vertex 17.8216 -50.3048 0
      vertex 17.675 -50.2325 3
      vertex 17.8216 -50.3048 3
    endloop
  endfacet
  facet normal 0.442313 0.896861 0
    outer loop
      vertex 17.675 -50.2325 3
      vertex 17.8216 -50.3048 0
      vertex 17.675 -50.2325 0
    endloop
  endfacet
  facet normal -0.555265 0.831674 0
    outer loop
      vertex 22.561 -50.1417 0
      vertex 22.425 -50.2325 3
      vertex 22.561 -50.1417 3
    endloop
  endfacet
  facet normal -0.555265 0.831674 0
    outer loop
      vertex 22.425 -50.2325 3
      vertex 22.561 -50.1417 0
      vertex 22.425 -50.2325 0
    endloop
  endfacet
  facet normal -0.831485 0.555547 0
    outer loop
      vertex 22.7917 -49.9109 0
      vertex 22.8825 -49.775 3
      vertex 22.8825 -49.775 0
    endloop
  endfacet
  facet normal -0.831485 0.555547 0
    outer loop
      vertex 22.8825 -49.775 3
      vertex 22.7917 -49.9109 0
      vertex 22.7917 -49.9109 3
    endloop
  endfacet
  facet normal 0.442313 -0.896861 0
    outer loop
      vertex 17.675 -48.0675 0
      vertex 17.8216 -47.9952 3
      vertex 17.675 -48.0675 3
    endloop
  endfacet
  facet normal 0.442313 -0.896861 0
    outer loop
      vertex 17.8216 -47.9952 3
      vertex 17.675 -48.0675 0
      vertex 17.8216 -47.9952 0
    endloop
  endfacet
  facet normal -0.0654233 -0.997858 0
    outer loop
      vertex 21.8 -47.9 0
      vertex 21.9632 -47.9107 3
      vertex 21.8 -47.9 3
    endloop
  endfacet
  facet normal -0.0654233 -0.997858 -0
    outer loop
      vertex 21.9632 -47.9107 3
      vertex 21.8 -47.9 0
      vertex 21.9632 -47.9107 0
    endloop
  endfacet
  facet normal -0.195175 -0.980768 0
    outer loop
      vertex 21.9632 -47.9107 0
      vertex 22.1235 -47.9426 3
      vertex 21.9632 -47.9107 3
    endloop
  endfacet
  facet normal -0.195175 -0.980768 -0
    outer loop
      vertex 22.1235 -47.9426 3
      vertex 21.9632 -47.9107 0
      vertex 22.1235 -47.9426 0
    endloop
  endfacet
  facet normal 0.555265 -0.831674 0
    outer loop
      vertex 17.539 -48.1583 0
      vertex 17.675 -48.0675 3
      vertex 17.539 -48.1583 3
    endloop
  endfacet
  facet normal 0.555265 -0.831674 0
    outer loop
      vertex 17.675 -48.0675 3
      vertex 17.539 -48.1583 0
      vertex 17.675 -48.0675 0
    endloop
  endfacet
  facet normal 0.997858 0.0654233 0
    outer loop
      vertex 17.0607 -49.3132 3
      vertex 17.05 -49.15 0
      vertex 17.05 -49.15 3
    endloop
  endfacet
  facet normal 0.997858 0.0654233 0
    outer loop
      vertex 17.05 -49.15 0
      vertex 17.0607 -49.3132 3
      vertex 17.0607 -49.3132 0
    endloop
  endfacet
  facet normal 0.947082 -0.320993 0
    outer loop
      vertex 17.0926 -48.8265 3
      vertex 17.1451 -48.6716 0
      vertex 17.1451 -48.6716 3
    endloop
  endfacet
  facet normal 0.947082 -0.320993 0
    outer loop
      vertex 17.1451 -48.6716 0
      vertex 17.0926 -48.8265 3
      vertex 17.0926 -48.8265 0
    endloop
  endfacet
  facet normal 0.752046 0.65911 0
    outer loop
      vertex 17.4161 -50.0339 3
      vertex 17.3083 -49.9109 0
      vertex 17.3083 -49.9109 3
    endloop
  endfacet
  facet normal 0.752046 0.65911 0
    outer loop
      vertex 17.3083 -49.9109 0
      vertex 17.4161 -50.0339 3
      vertex 17.4161 -50.0339 0
    endloop
  endfacet
  facet normal -0.0654233 0.997858 0
    outer loop
      vertex 21.9632 -50.3893 0
      vertex 21.8 -50.4 3
      vertex 21.9632 -50.3893 3
    endloop
  endfacet
  facet normal -0.0654233 0.997858 0
    outer loop
      vertex 21.8 -50.4 3
      vertex 21.9632 -50.3893 0
      vertex 21.8 -50.4 0
    endloop
  endfacet
  facet normal -0.659414 0.75178 0
    outer loop
      vertex 22.6839 -50.0339 0
      vertex 22.561 -50.1417 3
      vertex 22.6839 -50.0339 3
    endloop
  endfacet
  facet normal -0.659414 0.75178 0
    outer loop
      vertex 22.561 -50.1417 3
      vertex 22.6839 -50.0339 0
      vertex 22.561 -50.1417 0
    endloop
  endfacet
  facet normal -0.321541 0.946896 0
    outer loop
      vertex 22.2784 -50.3048 0
      vertex 22.1235 -50.3574 3
      vertex 22.2784 -50.3048 3
    endloop
  endfacet
  facet normal -0.321541 0.946896 0
    outer loop
      vertex 22.1235 -50.3574 3
      vertex 22.2784 -50.3048 0
      vertex 22.1235 -50.3574 0
    endloop
  endfacet
  facet normal -0.997858 -0.0654233 0
    outer loop
      vertex 23.05 -49.15 0
      vertex 23.0393 -48.9868 3
      vertex 23.0393 -48.9868 0
    endloop
  endfacet
  facet normal -0.997858 -0.0654233 0
    outer loop
      vertex 23.0393 -48.9868 3
      vertex 23.05 -49.15 0
      vertex 23.05 -49.15 3
    endloop
  endfacet
  facet normal 0.321541 -0.946896 0
    outer loop
      vertex 17.8216 -47.9952 0
      vertex 17.9765 -47.9426 3
      vertex 17.8216 -47.9952 3
    endloop
  endfacet
  facet normal 0.321541 -0.946896 0
    outer loop
      vertex 17.9765 -47.9426 3
      vertex 17.8216 -47.9952 0
      vertex 17.9765 -47.9426 0
    endloop
  endfacet
  facet normal 0.659414 -0.75178 0
    outer loop
      vertex 17.4161 -48.2661 0
      vertex 17.539 -48.1583 3
      vertex 17.4161 -48.2661 3
    endloop
  endfacet
  facet normal 0.659414 -0.75178 0
    outer loop
      vertex 17.539 -48.1583 3
      vertex 17.4161 -48.2661 0
      vertex 17.539 -48.1583 0
    endloop
  endfacet
  facet normal 0.896618 -0.442805 0
    outer loop
      vertex 17.1451 -48.6716 3
      vertex 17.2175 -48.525 0
      vertex 17.2175 -48.525 3
    endloop
  endfacet
  facet normal 0.896618 -0.442805 0
    outer loop
      vertex 17.2175 -48.525 0
      vertex 17.1451 -48.6716 3
      vertex 17.1451 -48.6716 0
    endloop
  endfacet
  facet normal 0.195175 0.980768 -0
    outer loop
      vertex 18.1368 -50.3893 0
      vertex 17.9765 -50.3574 3
      vertex 18.1368 -50.3893 3
    endloop
  endfacet
  facet normal 0.195175 0.980768 0
    outer loop
      vertex 17.9765 -50.3574 3
      vertex 18.1368 -50.3893 0
      vertex 17.9765 -50.3574 0
    endloop
  endfacet
  facet normal 0.321541 0.946896 -0
    outer loop
      vertex 17.9765 -50.3574 0
      vertex 17.8216 -50.3048 3
      vertex 17.9765 -50.3574 3
    endloop
  endfacet
  facet normal 0.321541 0.946896 0
    outer loop
      vertex 17.8216 -50.3048 3
      vertex 17.9765 -50.3574 0
      vertex 17.8216 -50.3048 0
    endloop
  endfacet
  facet normal 0.659414 0.75178 -0
    outer loop
      vertex 17.539 -50.1417 0
      vertex 17.4161 -50.0339 3
      vertex 17.539 -50.1417 3
    endloop
  endfacet
  facet normal 0.659414 0.75178 0
    outer loop
      vertex 17.4161 -50.0339 3
      vertex 17.539 -50.1417 0
      vertex 17.4161 -50.0339 0
    endloop
  endfacet
  facet normal 0.555265 0.831674 -0
    outer loop
      vertex 17.675 -50.2325 0
      vertex 17.539 -50.1417 3
      vertex 17.675 -50.2325 3
    endloop
  endfacet
  facet normal 0.555265 0.831674 0
    outer loop
      vertex 17.539 -50.1417 3
      vertex 17.675 -50.2325 0
      vertex 17.539 -50.1417 0
    endloop
  endfacet
  facet normal 0.896618 0.442805 0
    outer loop
      vertex 17.2175 -49.775 3
      vertex 17.1451 -49.6284 0
      vertex 17.1451 -49.6284 3
    endloop
  endfacet
  facet normal 0.896618 0.442805 0
    outer loop
      vertex 17.1451 -49.6284 0
      vertex 17.2175 -49.775 3
      vertex 17.2175 -49.775 0
    endloop
  endfacet
  facet normal 0.947082 0.320993 0
    outer loop
      vertex 17.1451 -49.6284 3
      vertex 17.0926 -49.4735 0
      vertex 17.0926 -49.4735 3
    endloop
  endfacet
  facet normal 0.947082 0.320993 0
    outer loop
      vertex 17.0926 -49.4735 0
      vertex 17.1451 -49.6284 3
      vertex 17.1451 -49.6284 0
    endloop
  endfacet
  facet normal -0.195175 0.980768 0
    outer loop
      vertex 22.1235 -50.3574 0
      vertex 21.9632 -50.3893 3
      vertex 22.1235 -50.3574 3
    endloop
  endfacet
  facet normal -0.195175 0.980768 0
    outer loop
      vertex 21.9632 -50.3893 3
      vertex 22.1235 -50.3574 0
      vertex 21.9632 -50.3893 0
    endloop
  endfacet
  facet normal -0.442313 0.896861 0
    outer loop
      vertex 22.425 -50.2325 0
      vertex 22.2784 -50.3048 3
      vertex 22.425 -50.2325 3
    endloop
  endfacet
  facet normal -0.442313 0.896861 0
    outer loop
      vertex 22.2784 -50.3048 3
      vertex 22.425 -50.2325 0
      vertex 22.2784 -50.3048 0
    endloop
  endfacet
  facet normal -0.752046 0.65911 0
    outer loop
      vertex 22.6839 -50.0339 0
      vertex 22.7917 -49.9109 3
      vertex 22.7917 -49.9109 0
    endloop
  endfacet
  facet normal -0.752046 0.65911 0
    outer loop
      vertex 22.7917 -49.9109 3
      vertex 22.6839 -50.0339 0
      vertex 22.6839 -50.0339 3
    endloop
  endfacet
  facet normal -0.946896 0.321541 0
    outer loop
      vertex 22.9548 -49.6284 0
      vertex 23.0074 -49.4735 3
      vertex 23.0074 -49.4735 0
    endloop
  endfacet
  facet normal -0.946896 0.321541 0
    outer loop
      vertex 23.0074 -49.4735 3
      vertex 22.9548 -49.6284 0
      vertex 22.9548 -49.6284 3
    endloop
  endfacet
  facet normal -0.980768 0.195175 0
    outer loop
      vertex 23.0074 -49.4735 0
      vertex 23.0393 -49.3132 3
      vertex 23.0393 -49.3132 0
    endloop
  endfacet
  facet normal -0.980768 0.195175 0
    outer loop
      vertex 23.0393 -49.3132 3
      vertex 23.0074 -49.4735 0
      vertex 23.0074 -49.4735 3
    endloop
  endfacet
  facet normal 0.831674 -0.555265 0
    outer loop
      vertex 17.2175 -48.525 3
      vertex 17.3083 -48.389 0
      vertex 17.3083 -48.389 3
    endloop
  endfacet
  facet normal 0.831674 -0.555265 0
    outer loop
      vertex 17.3083 -48.389 0
      vertex 17.2175 -48.525 3
      vertex 17.2175 -48.525 0
    endloop
  endfacet
  facet normal 0.75178 -0.659414 0
    outer loop
      vertex 17.3083 -48.389 3
      vertex 17.4161 -48.2661 0
      vertex 17.4161 -48.2661 3
    endloop
  endfacet
  facet normal 0.75178 -0.659414 0
    outer loop
      vertex 17.4161 -48.2661 0
      vertex 17.3083 -48.389 3
      vertex 17.3083 -48.389 0
    endloop
  endfacet
  facet normal 0.997858 -0.0654233 0
    outer loop
      vertex 17.05 -49.15 3
      vertex 17.0607 -48.9868 0
      vertex 17.0607 -48.9868 3
    endloop
  endfacet
  facet normal 0.997858 -0.0654233 0
    outer loop
      vertex 17.0607 -48.9868 0
      vertex 17.05 -49.15 3
      vertex 17.05 -49.15 0
    endloop
  endfacet
  facet normal 0.980768 -0.195175 0
    outer loop
      vertex 17.0607 -48.9868 3
      vertex 17.0926 -48.8265 0
      vertex 17.0926 -48.8265 3
    endloop
  endfacet
  facet normal 0.980768 -0.195175 0
    outer loop
      vertex 17.0926 -48.8265 0
      vertex 17.0607 -48.9868 3
      vertex 17.0607 -48.9868 0
    endloop
  endfacet
  facet normal 0.0654233 0.997858 -0
    outer loop
      vertex 18.3 -50.4 0
      vertex 18.1368 -50.3893 3
      vertex 18.3 -50.4 3
    endloop
  endfacet
  facet normal 0.0654233 0.997858 0
    outer loop
      vertex 18.1368 -50.3893 3
      vertex 18.3 -50.4 0
      vertex 18.1368 -50.3893 0
    endloop
  endfacet
  facet normal 0.831485 0.555547 0
    outer loop
      vertex 17.3083 -49.9109 3
      vertex 17.2175 -49.775 0
      vertex 17.2175 -49.775 3
    endloop
  endfacet
  facet normal 0.831485 0.555547 0
    outer loop
      vertex 17.2175 -49.775 0
      vertex 17.3083 -49.9109 3
      vertex 17.3083 -49.9109 0
    endloop
  endfacet
  facet normal -0.896861 0.442313 0
    outer loop
      vertex 22.8825 -49.775 0
      vertex 22.9548 -49.6284 3
      vertex 22.9548 -49.6284 0
    endloop
  endfacet
  facet normal -0.896861 0.442313 0
    outer loop
      vertex 22.9548 -49.6284 3
      vertex 22.8825 -49.775 0
      vertex 22.8825 -49.775 3
    endloop
  endfacet
  facet normal -0.997858 0.0654233 0
    outer loop
      vertex 23.0393 -49.3132 0
      vertex 23.05 -49.15 3
      vertex 23.05 -49.15 0
    endloop
  endfacet
  facet normal -0.997858 0.0654233 0
    outer loop
      vertex 23.05 -49.15 3
      vertex 23.0393 -49.3132 0
      vertex 23.0393 -49.3132 3
    endloop
  endfacet
  facet normal 0 1 -0
    outer loop
      vertex 21.8 -24.1 0
      vertex 18.3 -24.1 3
      vertex 21.8 -24.1 3
    endloop
  endfacet
  facet normal 0 1 0
    outer loop
      vertex 18.3 -24.1 3
      vertex 21.8 -24.1 0
      vertex 18.3 -24.1 0
    endloop
  endfacet
  facet normal 0.195323 -0.980739 0
    outer loop
      vertex 17.9765 -21.6426 0
      vertex 18.0478 -21.6284 3
      vertex 17.9765 -21.6426 3
    endloop
  endfacet
  facet normal 0.195323 -0.980739 0
    outer loop
      vertex 18.0478 -21.6284 3
      vertex 17.9765 -21.6426 0
      vertex 18.0478 -21.6284 0
    endloop
  endfacet
  facet normal 0.442313 0.896861 -0
    outer loop
      vertex 17.8216 -24.0048 0
      vertex 17.675 -23.9325 3
      vertex 17.8216 -24.0048 3
    endloop
  endfacet
  facet normal 0.442313 0.896861 0
    outer loop
      vertex 17.675 -23.9325 3
      vertex 17.8216 -24.0048 0
      vertex 17.675 -23.9325 0
    endloop
  endfacet
  facet normal -0.555265 0.831674 0
    outer loop
      vertex 22.561 -23.8417 0
      vertex 22.425 -23.9325 3
      vertex 22.561 -23.8417 3
    endloop
  endfacet
  facet normal -0.555265 0.831674 0
    outer loop
      vertex 22.425 -23.9325 3
      vertex 22.561 -23.8417 0
      vertex 22.425 -23.9325 0
    endloop
  endfacet
  facet normal 0.659414 -0.75178 0
    outer loop
      vertex 17.4161 -21.9661 0
      vertex 17.539 -21.8583 3
      vertex 17.4161 -21.9661 3
    endloop
  endfacet
  facet normal 0.659414 -0.75178 0
    outer loop
      vertex 17.539 -21.8583 3
      vertex 17.4161 -21.9661 0
      vertex 17.539 -21.8583 0
    endloop
  endfacet
  facet normal 0.555265 -0.831674 0
    outer loop
      vertex 17.539 -21.8583 0
      vertex 17.675 -21.7675 3
      vertex 17.539 -21.8583 3
    endloop
  endfacet
  facet normal 0.555265 -0.831674 0
    outer loop
      vertex 17.675 -21.7675 3
      vertex 17.539 -21.8583 0
      vertex 17.675 -21.7675 0
    endloop
  endfacet
  facet normal 0.997858 0.0654233 0
    outer loop
      vertex 17.0607 -23.0132 3
      vertex 17.05 -22.85 0
      vertex 17.05 -22.85 3
    endloop
  endfacet
  facet normal 0.997858 0.0654233 0
    outer loop
      vertex 17.05 -22.85 0
      vertex 17.0607 -23.0132 3
      vertex 17.0607 -23.0132 0
    endloop
  endfacet
  facet normal 0.896618 0.442805 0
    outer loop
      vertex 17.2175 -23.475 3
      vertex 17.1451 -23.3284 0
      vertex 17.1451 -23.3284 3
    endloop
  endfacet
  facet normal 0.896618 0.442805 0
    outer loop
      vertex 17.1451 -23.3284 0
      vertex 17.2175 -23.475 3
      vertex 17.2175 -23.475 0
    endloop
  endfacet
  facet normal -0.0654233 0.997858 0
    outer loop
      vertex 21.9632 -24.0893 0
      vertex 21.8 -24.1 3
      vertex 21.9632 -24.0893 3
    endloop
  endfacet
  facet normal -0.0654233 0.997858 0
    outer loop
      vertex 21.8 -24.1 3
      vertex 21.9632 -24.0893 0
      vertex 21.8 -24.1 0
    endloop
  endfacet
  facet normal -0.195175 0.980768 0
    outer loop
      vertex 22.1235 -24.0574 0
      vertex 21.9632 -24.0893 3
      vertex 22.1235 -24.0574 3
    endloop
  endfacet
  facet normal -0.195175 0.980768 0
    outer loop
      vertex 21.9632 -24.0893 3
      vertex 22.1235 -24.0574 0
      vertex 21.9632 -24.0893 0
    endloop
  endfacet
  facet normal -0.659414 0.75178 0
    outer loop
      vertex 22.6839 -23.7339 0
      vertex 22.561 -23.8417 3
      vertex 22.6839 -23.7339 3
    endloop
  endfacet
  facet normal -0.659414 0.75178 0
    outer loop
      vertex 22.561 -23.8417 3
      vertex 22.6839 -23.7339 0
      vertex 22.561 -23.8417 0
    endloop
  endfacet
  facet normal -0.321541 0.946896 0
    outer loop
      vertex 22.2784 -24.0048 0
      vertex 22.1235 -24.0574 3
      vertex 22.2784 -24.0048 3
    endloop
  endfacet
  facet normal -0.321541 0.946896 0
    outer loop
      vertex 22.1235 -24.0574 3
      vertex 22.2784 -24.0048 0
      vertex 22.1235 -24.0574 0
    endloop
  endfacet
  facet normal 0.321541 -0.946896 0
    outer loop
      vertex 17.8216 -21.6952 0
      vertex 17.9765 -21.6426 3
      vertex 17.8216 -21.6952 3
    endloop
  endfacet
  facet normal 0.321541 -0.946896 0
    outer loop
      vertex 17.9765 -21.6426 3
      vertex 17.8216 -21.6952 0
      vertex 17.9765 -21.6426 0
    endloop
  endfacet
  facet normal 0.442313 -0.896861 0
    outer loop
      vertex 17.675 -21.7675 0
      vertex 17.8216 -21.6952 3
      vertex 17.675 -21.7675 3
    endloop
  endfacet
  facet normal 0.442313 -0.896861 0
    outer loop
      vertex 17.8216 -21.6952 3
      vertex 17.675 -21.7675 0
      vertex 17.8216 -21.6952 0
    endloop
  endfacet
  facet normal 0.75178 -0.659414 0
    outer loop
      vertex 17.3083 -22.089 3
      vertex 17.4161 -21.9661 0
      vertex 17.4161 -21.9661 3
    endloop
  endfacet
  facet normal 0.75178 -0.659414 0
    outer loop
      vertex 17.4161 -21.9661 0
      vertex 17.3083 -22.089 3
      vertex 17.3083 -22.089 0
    endloop
  endfacet
  facet normal 0.997858 -0.0654233 0
    outer loop
      vertex 17.05 -22.85 3
      vertex 17.0607 -22.6868 0
      vertex 17.0607 -22.6868 3
    endloop
  endfacet
  facet normal 0.997858 -0.0654233 0
    outer loop
      vertex 17.0607 -22.6868 0
      vertex 17.05 -22.85 3
      vertex 17.05 -22.85 0
    endloop
  endfacet
  facet normal 0.947082 -0.320993 0
    outer loop
      vertex 17.0926 -22.5265 3
      vertex 17.1451 -22.3716 0
      vertex 17.1451 -22.3716 3
    endloop
  endfacet
  facet normal 0.947082 -0.320993 0
    outer loop
      vertex 17.1451 -22.3716 0
      vertex 17.0926 -22.5265 3
      vertex 17.0926 -22.5265 0
    endloop
  endfacet
  facet normal 0.896618 -0.442805 0
    outer loop
      vertex 17.1451 -22.3716 3
      vertex 17.2175 -22.225 0
      vertex 17.2175 -22.225 3
    endloop
  endfacet
  facet normal 0.896618 -0.442805 0
    outer loop
      vertex 17.2175 -22.225 0
      vertex 17.1451 -22.3716 3
      vertex 17.1451 -22.3716 0
    endloop
  endfacet
  facet normal 0.195175 0.980768 -0
    outer loop
      vertex 18.1368 -24.0893 0
      vertex 17.9765 -24.0574 3
      vertex 18.1368 -24.0893 3
    endloop
  endfacet
  facet normal 0.195175 0.980768 0
    outer loop
      vertex 17.9765 -24.0574 3
      vertex 18.1368 -24.0893 0
      vertex 17.9765 -24.0574 0
    endloop
  endfacet
  facet normal 0.321541 0.946896 -0
    outer loop
      vertex 17.9765 -24.0574 0
      vertex 17.8216 -24.0048 3
      vertex 17.9765 -24.0574 3
    endloop
  endfacet
  facet normal 0.321541 0.946896 0
    outer loop
      vertex 17.8216 -24.0048 3
      vertex 17.9765 -24.0574 0
      vertex 17.8216 -24.0048 0
    endloop
  endfacet
  facet normal 0.659414 0.75178 -0
    outer loop
      vertex 17.539 -23.8417 0
      vertex 17.4161 -23.7339 3
      vertex 17.539 -23.8417 3
    endloop
  endfacet
  facet normal 0.659414 0.75178 0
    outer loop
      vertex 17.4161 -23.7339 3
      vertex 17.539 -23.8417 0
      vertex 17.4161 -23.7339 0
    endloop
  endfacet
  facet normal 0.555265 0.831674 -0
    outer loop
      vertex 17.675 -23.9325 0
      vertex 17.539 -23.8417 3
      vertex 17.675 -23.9325 3
    endloop
  endfacet
  facet normal 0.555265 0.831674 0
    outer loop
      vertex 17.539 -23.8417 3
      vertex 17.675 -23.9325 0
      vertex 17.539 -23.8417 0
    endloop
  endfacet
  facet normal 0.831674 0.555265 0
    outer loop
      vertex 17.3083 -23.611 3
      vertex 17.2175 -23.475 0
      vertex 17.2175 -23.475 3
    endloop
  endfacet
  facet normal 0.831674 0.555265 0
    outer loop
      vertex 17.2175 -23.475 0
      vertex 17.3083 -23.611 3
      vertex 17.3083 -23.611 0
    endloop
  endfacet
  facet normal 0.980768 0.195175 0
    outer loop
      vertex 17.0926 -23.1735 3
      vertex 17.0607 -23.0132 0
      vertex 17.0607 -23.0132 3
    endloop
  endfacet
  facet normal 0.980768 0.195175 0
    outer loop
      vertex 17.0607 -23.0132 0
      vertex 17.0926 -23.1735 3
      vertex 17.0926 -23.1735 0
    endloop
  endfacet
  facet normal 0.947082 0.320993 0
    outer loop
      vertex 17.1451 -23.3284 3
      vertex 17.0926 -23.1735 0
      vertex 17.0926 -23.1735 3
    endloop
  endfacet
  facet normal 0.947082 0.320993 0
    outer loop
      vertex 17.0926 -23.1735 0
      vertex 17.1451 -23.3284 3
      vertex 17.1451 -23.3284 0
    endloop
  endfacet
  facet normal -0.75178 0.659414 0
    outer loop
      vertex 22.6839 -23.7339 0
      vertex 22.7917 -23.611 3
      vertex 22.7917 -23.611 0
    endloop
  endfacet
  facet normal -0.75178 0.659414 0
    outer loop
      vertex 22.7917 -23.611 3
      vertex 22.6839 -23.7339 0
      vertex 22.6839 -23.7339 3
    endloop
  endfacet
  facet normal -0.442313 0.896861 0
    outer loop
      vertex 22.425 -23.9325 0
      vertex 22.2784 -24.0048 3
      vertex 22.425 -23.9325 3
    endloop
  endfacet
  facet normal -0.442313 0.896861 0
    outer loop
      vertex 22.2784 -24.0048 3
      vertex 22.425 -23.9325 0
      vertex 22.2784 -24.0048 0
    endloop
  endfacet
  facet normal -0.831704 0.555219 0
    outer loop
      vertex 22.7917 -23.611 0
      vertex 22.8658 -23.5 3
      vertex 22.8658 -23.5 0
    endloop
  endfacet
  facet normal -0.831704 0.555219 0
    outer loop
      vertex 22.8658 -23.5 3
      vertex 22.7917 -23.611 0
      vertex 22.7917 -23.611 3
    endloop
  endfacet
  facet normal 0.831674 -0.555265 0
    outer loop
      vertex 17.2175 -22.225 3
      vertex 17.3083 -22.089 0
      vertex 17.3083 -22.089 3
    endloop
  endfacet
  facet normal 0.831674 -0.555265 0
    outer loop
      vertex 17.3083 -22.089 0
      vertex 17.2175 -22.225 3
      vertex 17.2175 -22.225 0
    endloop
  endfacet
  facet normal 0.980768 -0.195175 0
    outer loop
      vertex 17.0607 -22.6868 3
      vertex 17.0926 -22.5265 0
      vertex 17.0926 -22.5265 3
    endloop
  endfacet
  facet normal 0.980768 -0.195175 0
    outer loop
      vertex 17.0926 -22.5265 0
      vertex 17.0607 -22.6868 3
      vertex 17.0607 -22.6868 0
    endloop
  endfacet
  facet normal 0.0654233 0.997858 -0
    outer loop
      vertex 18.3 -24.1 0
      vertex 18.1368 -24.0893 3
      vertex 18.3 -24.1 3
    endloop
  endfacet
  facet normal 0.0654233 0.997858 0
    outer loop
      vertex 18.1368 -24.0893 3
      vertex 18.3 -24.1 0
      vertex 18.1368 -24.0893 0
    endloop
  endfacet
  facet normal 0.75178 0.659414 0
    outer loop
      vertex 17.4161 -23.7339 3
      vertex 17.3083 -23.611 0
      vertex 17.3083 -23.611 3
    endloop
  endfacet
  facet normal 0.75178 0.659414 0
    outer loop
      vertex 17.3083 -23.611 0
      vertex 17.4161 -23.7339 3
      vertex 17.4161 -23.7339 0
    endloop
  endfacet
  facet normal -0.980768 -0.195175 0
    outer loop
      vertex 50.9393 -48.9868 0
      vertex 50.9074 -48.8265 3
      vertex 50.9074 -48.8265 0
    endloop
  endfacet
  facet normal -0.980768 -0.195175 0
    outer loop
      vertex 50.9074 -48.8265 3
      vertex 50.9393 -48.9868 0
      vertex 50.9393 -48.9868 3
    endloop
  endfacet
  facet normal -0.321541 -0.946896 0
    outer loop
      vertex 50.0235 -47.9426 0
      vertex 50.1784 -47.9952 3
      vertex 50.0235 -47.9426 3
    endloop
  endfacet
  facet normal -0.321541 -0.946896 -0
    outer loop
      vertex 50.1784 -47.9952 3
      vertex 50.0235 -47.9426 0
      vertex 50.1784 -47.9952 0
    endloop
  endfacet
  facet normal -0.75178 -0.659414 0
    outer loop
      vertex 50.6917 -48.389 0
      vertex 50.5839 -48.2661 3
      vertex 50.5839 -48.2661 0
    endloop
  endfacet
  facet normal -0.75178 -0.659414 0
    outer loop
      vertex 50.5839 -48.2661 3
      vertex 50.6917 -48.389 0
      vertex 50.6917 -48.389 3
    endloop
  endfacet
  facet normal -0.947082 -0.320993 0
    outer loop
      vertex 50.9074 -48.8265 0
      vertex 50.8549 -48.6716 3
      vertex 50.8549 -48.6716 0
    endloop
  endfacet
  facet normal -0.947082 -0.320993 0
    outer loop
      vertex 50.8549 -48.6716 3
      vertex 50.9074 -48.8265 0
      vertex 50.9074 -48.8265 3
    endloop
  endfacet
  facet normal -0.896618 -0.442805 0
    outer loop
      vertex 50.8549 -48.6716 0
      vertex 50.7825 -48.525 3
      vertex 50.7825 -48.525 0
    endloop
  endfacet
  facet normal -0.896618 -0.442805 0
    outer loop
      vertex 50.7825 -48.525 3
      vertex 50.8549 -48.6716 0
      vertex 50.8549 -48.6716 3
    endloop
  endfacet
  facet normal -0.555265 -0.831674 0
    outer loop
      vertex 50.325 -48.0675 0
      vertex 50.461 -48.1583 3
      vertex 50.325 -48.0675 3
    endloop
  endfacet
  facet normal -0.555265 -0.831674 -0
    outer loop
      vertex 50.461 -48.1583 3
      vertex 50.325 -48.0675 0
      vertex 50.461 -48.1583 0
    endloop
  endfacet
  facet normal -0.442313 -0.896861 0
    outer loop
      vertex 50.1784 -47.9952 0
      vertex 50.325 -48.0675 3
      vertex 50.1784 -47.9952 3
    endloop
  endfacet
  facet normal -0.442313 -0.896861 -0
    outer loop
      vertex 50.325 -48.0675 3
      vertex 50.1784 -47.9952 0
      vertex 50.325 -48.0675 0
    endloop
  endfacet
  facet normal -0.659414 -0.75178 0
    outer loop
      vertex 50.461 -48.1583 0
      vertex 50.5839 -48.2661 3
      vertex 50.461 -48.1583 3
    endloop
  endfacet
  facet normal -0.659414 -0.75178 -0
    outer loop
      vertex 50.5839 -48.2661 3
      vertex 50.461 -48.1583 0
      vertex 50.5839 -48.2661 0
    endloop
  endfacet
  facet normal 0 -1 0
    outer loop
      vertex 46.2 -47.9 0
      vertex 49.7 -47.9 3
      vertex 46.2 -47.9 3
    endloop
  endfacet
  facet normal 0 -1 -0
    outer loop
      vertex 49.7 -47.9 3
      vertex 46.2 -47.9 0
      vertex 49.7 -47.9 0
    endloop
  endfacet
  facet normal 0.0654233 -0.997858 0
    outer loop
      vertex 46.0368 -47.9107 0
      vertex 46.2 -47.9 3
      vertex 46.0368 -47.9107 3
    endloop
  endfacet
  facet normal 0.0654233 -0.997858 0
    outer loop
      vertex 46.2 -47.9 3
      vertex 46.0368 -47.9107 0
      vertex 46.2 -47.9 0
    endloop
  endfacet
  facet normal 0 1 -0
    outer loop
      vertex 49.7 -50.4 0
      vertex 46.2 -50.4 3
      vertex 49.7 -50.4 3
    endloop
  endfacet
  facet normal 0 1 0
    outer loop
      vertex 46.2 -50.4 3
      vertex 49.7 -50.4 0
      vertex 46.2 -50.4 0
    endloop
  endfacet
  facet normal -0.831674 -0.555265 0
    outer loop
      vertex 50.7825 -48.525 0
      vertex 50.6917 -48.389 3
      vertex 50.6917 -48.389 0
    endloop
  endfacet
  facet normal -0.831674 -0.555265 0
    outer loop
      vertex 50.6917 -48.389 3
      vertex 50.7825 -48.525 0
      vertex 50.7825 -48.525 3
    endloop
  endfacet
  facet normal 0.195175 -0.980768 0
    outer loop
      vertex 45.8765 -47.9426 0
      vertex 46.0368 -47.9107 3
      vertex 45.8765 -47.9426 3
    endloop
  endfacet
  facet normal 0.195175 -0.980768 0
    outer loop
      vertex 46.0368 -47.9107 3
      vertex 45.8765 -47.9426 0
      vertex 46.0368 -47.9107 0
    endloop
  endfacet
  facet normal 0.831674 -0.555265 0
    outer loop
      vertex 45.1175 -48.525 3
      vertex 45.2083 -48.389 0
      vertex 45.2083 -48.389 3
    endloop
  endfacet
  facet normal 0.831674 -0.555265 0
    outer loop
      vertex 45.2083 -48.389 0
      vertex 45.1175 -48.525 3
      vertex 45.1175 -48.525 0
    endloop
  endfacet
  facet normal 0.442313 0.896861 -0
    outer loop
      vertex 45.7216 -50.3048 0
      vertex 45.575 -50.2325 3
      vertex 45.7216 -50.3048 3
    endloop
  endfacet
  facet normal 0.442313 0.896861 0
    outer loop
      vertex 45.575 -50.2325 3
      vertex 45.7216 -50.3048 0
      vertex 45.575 -50.2325 0
    endloop
  endfacet
  facet normal 0.442313 -0.896861 0
    outer loop
      vertex 45.575 -48.0675 0
      vertex 45.7216 -47.9952 3
      vertex 45.575 -48.0675 3
    endloop
  endfacet
  facet normal 0.442313 -0.896861 0
    outer loop
      vertex 45.7216 -47.9952 3
      vertex 45.575 -48.0675 0
      vertex 45.7216 -47.9952 0
    endloop
  endfacet
  facet normal -0.0654233 -0.997858 0
    outer loop
      vertex 49.7 -47.9 0
      vertex 49.8632 -47.9107 3
      vertex 49.7 -47.9 3
    endloop
  endfacet
  facet normal -0.0654233 -0.997858 -0
    outer loop
      vertex 49.8632 -47.9107 3
      vertex 49.7 -47.9 0
      vertex 49.8632 -47.9107 0
    endloop
  endfacet
  facet normal -0.195175 -0.980768 0
    outer loop
      vertex 49.8632 -47.9107 0
      vertex 50.0235 -47.9426 3
      vertex 49.8632 -47.9107 3
    endloop
  endfacet
  facet normal -0.195175 -0.980768 -0
    outer loop
      vertex 50.0235 -47.9426 3
      vertex 49.8632 -47.9107 0
      vertex 50.0235 -47.9426 0
    endloop
  endfacet
  facet normal 0.659414 -0.75178 0
    outer loop
      vertex 45.3161 -48.2661 0
      vertex 45.439 -48.1583 3
      vertex 45.3161 -48.2661 3
    endloop
  endfacet
  facet normal 0.659414 -0.75178 0
    outer loop
      vertex 45.439 -48.1583 3
      vertex 45.3161 -48.2661 0
      vertex 45.439 -48.1583 0
    endloop
  endfacet
  facet normal 0.555265 -0.831674 0
    outer loop
      vertex 45.439 -48.1583 0
      vertex 45.575 -48.0675 3
      vertex 45.439 -48.1583 3
    endloop
  endfacet
  facet normal 0.555265 -0.831674 0
    outer loop
      vertex 45.575 -48.0675 3
      vertex 45.439 -48.1583 0
      vertex 45.575 -48.0675 0
    endloop
  endfacet
  facet normal 0.997858 0.0654233 0
    outer loop
      vertex 44.9607 -49.3132 3
      vertex 44.95 -49.15 0
      vertex 44.95 -49.15 3
    endloop
  endfacet
  facet normal 0.997858 0.0654233 0
    outer loop
      vertex 44.95 -49.15 0
      vertex 44.9607 -49.3132 3
      vertex 44.9607 -49.3132 0
    endloop
  endfacet
  facet normal 0.896861 0.442313 0
    outer loop
      vertex 45.1175 -49.775 3
      vertex 45.0452 -49.6284 0
      vertex 45.0452 -49.6284 3
    endloop
  endfacet
  facet normal 0.896861 0.442313 0
    outer loop
      vertex 45.0452 -49.6284 0
      vertex 45.1175 -49.775 3
      vertex 45.1175 -49.775 0
    endloop
  endfacet
  facet normal -0.0654233 0.997858 0
    outer loop
      vertex 49.8632 -50.3893 0
      vertex 49.7 -50.4 3
      vertex 49.8632 -50.3893 3
    endloop
  endfacet
  facet normal -0.0654233 0.997858 0
    outer loop
      vertex 49.7 -50.4 3
      vertex 49.8632 -50.3893 0
      vertex 49.7 -50.4 0
    endloop
  endfacet
  facet normal -0.195175 0.980768 0
    outer loop
      vertex 50.0235 -50.3574 0
      vertex 49.8632 -50.3893 3
      vertex 50.0235 -50.3574 3
    endloop
  endfacet
  facet normal -0.195175 0.980768 0
    outer loop
      vertex 49.8632 -50.3893 3
      vertex 50.0235 -50.3574 0
      vertex 49.8632 -50.3893 0
    endloop
  endfacet
  facet normal -0.659414 0.75178 0
    outer loop
      vertex 50.5839 -50.0339 0
      vertex 50.461 -50.1417 3
      vertex 50.5839 -50.0339 3
    endloop
  endfacet
  facet normal -0.659414 0.75178 0
    outer loop
      vertex 50.461 -50.1417 3
      vertex 50.5839 -50.0339 0
      vertex 50.461 -50.1417 0
    endloop
  endfacet
  facet normal -0.321541 0.946896 0
    outer loop
      vertex 50.1784 -50.3048 0
      vertex 50.0235 -50.3574 3
      vertex 50.1784 -50.3048 3
    endloop
  endfacet
  facet normal -0.321541 0.946896 0
    outer loop
      vertex 50.0235 -50.3574 3
      vertex 50.1784 -50.3048 0
      vertex 50.0235 -50.3574 0
    endloop
  endfacet
  facet normal -0.997858 -0.0654233 0
    outer loop
      vertex 50.95 -49.15 0
      vertex 50.9393 -48.9868 3
      vertex 50.9393 -48.9868 0
    endloop
  endfacet
  facet normal -0.997858 -0.0654233 0
    outer loop
      vertex 50.9393 -48.9868 3
      vertex 50.95 -49.15 0
      vertex 50.95 -49.15 3
    endloop
  endfacet
  facet normal 0.321541 -0.946896 0
    outer loop
      vertex 45.7216 -47.9952 0
      vertex 45.8765 -47.9426 3
      vertex 45.7216 -47.9952 3
    endloop
  endfacet
  facet normal 0.321541 -0.946896 0
    outer loop
      vertex 45.8765 -47.9426 3
      vertex 45.7216 -47.9952 0
      vertex 45.8765 -47.9426 0
    endloop
  endfacet
  facet normal 0.75178 -0.659414 0
    outer loop
      vertex 45.2083 -48.389 3
      vertex 45.3161 -48.2661 0
      vertex 45.3161 -48.2661 3
    endloop
  endfacet
  facet normal 0.75178 -0.659414 0
    outer loop
      vertex 45.3161 -48.2661 0
      vertex 45.2083 -48.389 3
      vertex 45.2083 -48.389 0
    endloop
  endfacet
  facet normal 0.997858 -0.0654233 0
    outer loop
      vertex 44.95 -49.15 3
      vertex 44.9607 -48.9868 0
      vertex 44.9607 -48.9868 3
    endloop
  endfacet
  facet normal 0.997858 -0.0654233 0
    outer loop
      vertex 44.9607 -48.9868 0
      vertex 44.95 -49.15 3
      vertex 44.95 -49.15 0
    endloop
  endfacet
  facet normal 0.946896 -0.321541 0
    outer loop
      vertex 44.9926 -48.8265 3
      vertex 45.0452 -48.6716 0
      vertex 45.0452 -48.6716 3
    endloop
  endfacet
  facet normal 0.946896 -0.321541 0
    outer loop
      vertex 45.0452 -48.6716 0
      vertex 44.9926 -48.8265 3
      vertex 44.9926 -48.8265 0
    endloop
  endfacet
  facet normal 0.896861 -0.442313 0
    outer loop
      vertex 45.0452 -48.6716 3
      vertex 45.1175 -48.525 0
      vertex 45.1175 -48.525 3
    endloop
  endfacet
  facet normal 0.896861 -0.442313 0
    outer loop
      vertex 45.1175 -48.525 0
      vertex 45.0452 -48.6716 3
      vertex 45.0452 -48.6716 0
    endloop
  endfacet
  facet normal 0.195175 0.980768 -0
    outer loop
      vertex 46.0368 -50.3893 0
      vertex 45.8765 -50.3574 3
      vertex 46.0368 -50.3893 3
    endloop
  endfacet
  facet normal 0.195175 0.980768 0
    outer loop
      vertex 45.8765 -50.3574 3
      vertex 46.0368 -50.3893 0
      vertex 45.8765 -50.3574 0
    endloop
  endfacet
  facet normal 0.321541 0.946896 -0
    outer loop
      vertex 45.8765 -50.3574 0
      vertex 45.7216 -50.3048 3
      vertex 45.8765 -50.3574 3
    endloop
  endfacet
  facet normal 0.321541 0.946896 0
    outer loop
      vertex 45.7216 -50.3048 3
      vertex 45.8765 -50.3574 0
      vertex 45.7216 -50.3048 0
    endloop
  endfacet
  facet normal 0.659414 0.75178 -0
    outer loop
      vertex 45.439 -50.1417 0
      vertex 45.3161 -50.0339 3
      vertex 45.439 -50.1417 3
    endloop
  endfacet
  facet normal 0.659414 0.75178 0
    outer loop
      vertex 45.3161 -50.0339 3
      vertex 45.439 -50.1417 0
      vertex 45.3161 -50.0339 0
    endloop
  endfacet
  facet normal 0.555265 0.831674 -0
    outer loop
      vertex 45.575 -50.2325 0
      vertex 45.439 -50.1417 3
      vertex 45.575 -50.2325 3
    endloop
  endfacet
  facet normal 0.555265 0.831674 0
    outer loop
      vertex 45.439 -50.1417 3
      vertex 45.575 -50.2325 0
      vertex 45.439 -50.1417 0
    endloop
  endfacet
  facet normal 0.831485 0.555547 0
    outer loop
      vertex 45.2083 -49.9109 3
      vertex 45.1175 -49.775 0
      vertex 45.1175 -49.775 3
    endloop
  endfacet
  facet normal 0.831485 0.555547 0
    outer loop
      vertex 45.1175 -49.775 0
      vertex 45.2083 -49.9109 3
      vertex 45.2083 -49.9109 0
    endloop
  endfacet
  facet normal 0.980768 0.195175 0
    outer loop
      vertex 44.9926 -49.4735 3
      vertex 44.9607 -49.3132 0
      vertex 44.9607 -49.3132 3
    endloop
  endfacet
  facet normal 0.980768 0.195175 0
    outer loop
      vertex 44.9607 -49.3132 0
      vertex 44.9926 -49.4735 3
      vertex 44.9926 -49.4735 0
    endloop
  endfacet
  facet normal 0.946896 0.321541 0
    outer loop
      vertex 45.0452 -49.6284 3
      vertex 44.9926 -49.4735 0
      vertex 44.9926 -49.4735 3
    endloop
  endfacet
  facet normal 0.946896 0.321541 0
    outer loop
      vertex 44.9926 -49.4735 0
      vertex 45.0452 -49.6284 3
      vertex 45.0452 -49.6284 0
    endloop
  endfacet
  facet normal -0.752046 0.65911 0
    outer loop
      vertex 50.5839 -50.0339 0
      vertex 50.6917 -49.9109 3
      vertex 50.6917 -49.9109 0
    endloop
  endfacet
  facet normal -0.752046 0.65911 0
    outer loop
      vertex 50.6917 -49.9109 3
      vertex 50.5839 -50.0339 0
      vertex 50.5839 -50.0339 3
    endloop
  endfacet
  facet normal -0.442313 0.896861 0
    outer loop
      vertex 50.325 -50.2325 0
      vertex 50.1784 -50.3048 3
      vertex 50.325 -50.2325 3
    endloop
  endfacet
  facet normal -0.442313 0.896861 0
    outer loop
      vertex 50.1784 -50.3048 3
      vertex 50.325 -50.2325 0
      vertex 50.1784 -50.3048 0
    endloop
  endfacet
  facet normal -0.947082 0.320993 0
    outer loop
      vertex 50.8549 -49.6284 0
      vertex 50.9074 -49.4735 3
      vertex 50.9074 -49.4735 0
    endloop
  endfacet
  facet normal -0.947082 0.320993 0
    outer loop
      vertex 50.9074 -49.4735 3
      vertex 50.8549 -49.6284 0
      vertex 50.8549 -49.6284 3
    endloop
  endfacet
  facet normal -0.831485 0.555547 0
    outer loop
      vertex 50.6917 -49.9109 0
      vertex 50.7825 -49.775 3
      vertex 50.7825 -49.775 0
    endloop
  endfacet
  facet normal -0.831485 0.555547 0
    outer loop
      vertex 50.7825 -49.775 3
      vertex 50.6917 -49.9109 0
      vertex 50.6917 -49.9109 3
    endloop
  endfacet
  facet normal -0.980768 0.195175 0
    outer loop
      vertex 50.9074 -49.4735 0
      vertex 50.9393 -49.3132 3
      vertex 50.9393 -49.3132 0
    endloop
  endfacet
  facet normal -0.980768 0.195175 0
    outer loop
      vertex 50.9393 -49.3132 3
      vertex 50.9074 -49.4735 0
      vertex 50.9074 -49.4735 3
    endloop
  endfacet
  facet normal 0.980768 -0.195175 0
    outer loop
      vertex 44.9607 -48.9868 3
      vertex 44.9926 -48.8265 0
      vertex 44.9926 -48.8265 3
    endloop
  endfacet
  facet normal 0.980768 -0.195175 0
    outer loop
      vertex 44.9926 -48.8265 0
      vertex 44.9607 -48.9868 3
      vertex 44.9607 -48.9868 0
    endloop
  endfacet
  facet normal 0.0654233 0.997858 -0
    outer loop
      vertex 46.2 -50.4 0
      vertex 46.0368 -50.3893 3
      vertex 46.2 -50.4 3
    endloop
  endfacet
  facet normal 0.0654233 0.997858 0
    outer loop
      vertex 46.0368 -50.3893 3
      vertex 46.2 -50.4 0
      vertex 46.0368 -50.3893 0
    endloop
  endfacet
  facet normal -0.555265 0.831674 0
    outer loop
      vertex 50.461 -50.1417 0
      vertex 50.325 -50.2325 3
      vertex 50.461 -50.1417 3
    endloop
  endfacet
  facet normal -0.555265 0.831674 0
    outer loop
      vertex 50.325 -50.2325 3
      vertex 50.461 -50.1417 0
      vertex 50.325 -50.2325 0
    endloop
  endfacet
  facet normal -0.896618 0.442805 0
    outer loop
      vertex 50.7825 -49.775 0
      vertex 50.8549 -49.6284 3
      vertex 50.8549 -49.6284 0
    endloop
  endfacet
  facet normal -0.896618 0.442805 0
    outer loop
      vertex 50.8549 -49.6284 3
      vertex 50.7825 -49.775 0
      vertex 50.7825 -49.775 3
    endloop
  endfacet
  facet normal -0.997858 0.0654233 0
    outer loop
      vertex 50.9393 -49.3132 0
      vertex 50.95 -49.15 3
      vertex 50.95 -49.15 0
    endloop
  endfacet
  facet normal -0.997858 0.0654233 0
    outer loop
      vertex 50.95 -49.15 3
      vertex 50.9393 -49.3132 0
      vertex 50.9393 -49.3132 3
    endloop
  endfacet
  facet normal 0.752046 0.65911 0
    outer loop
      vertex 45.3161 -50.0339 3
      vertex 45.2083 -49.9109 0
      vertex 45.2083 -49.9109 3
    endloop
  endfacet
  facet normal 0.752046 0.65911 0
    outer loop
      vertex 45.2083 -49.9109 0
      vertex 45.3161 -50.0339 3
      vertex 45.3161 -50.0339 0
    endloop
  endfacet
  facet normal -0.980768 -0.195175 0
    outer loop
      vertex 50.9393 -22.6868 0
      vertex 50.9074 -22.5265 3
      vertex 50.9074 -22.5265 0
    endloop
  endfacet
  facet normal -0.980768 -0.195175 0
    outer loop
      vertex 50.9074 -22.5265 3
      vertex 50.9393 -22.6868 0
      vertex 50.9393 -22.6868 3
    endloop
  endfacet
  facet normal -0.321541 -0.946896 0
    outer loop
      vertex 50.0235 -21.6426 0
      vertex 50.1784 -21.6952 3
      vertex 50.0235 -21.6426 3
    endloop
  endfacet
  facet normal -0.321541 -0.946896 -0
    outer loop
      vertex 50.1784 -21.6952 3
      vertex 50.0235 -21.6426 0
      vertex 50.1784 -21.6952 0
    endloop
  endfacet
  facet normal -0.75178 -0.659414 0
    outer loop
      vertex 50.6917 -22.089 0
      vertex 50.5839 -21.9661 3
      vertex 50.5839 -21.9661 0
    endloop
  endfacet
  facet normal -0.75178 -0.659414 0
    outer loop
      vertex 50.5839 -21.9661 3
      vertex 50.6917 -22.089 0
      vertex 50.6917 -22.089 3
    endloop
  endfacet
  facet normal -0.947082 -0.320993 0
    outer loop
      vertex 50.9074 -22.5265 0
      vertex 50.8549 -22.3716 3
      vertex 50.8549 -22.3716 0
    endloop
  endfacet
  facet normal -0.947082 -0.320993 0
    outer loop
      vertex 50.8549 -22.3716 3
      vertex 50.9074 -22.5265 0
      vertex 50.9074 -22.5265 3
    endloop
  endfacet
  facet normal -0.896618 -0.442805 0
    outer loop
      vertex 50.8549 -22.3716 0
      vertex 50.7825 -22.225 3
      vertex 50.7825 -22.225 0
    endloop
  endfacet
  facet normal -0.896618 -0.442805 0
    outer loop
      vertex 50.7825 -22.225 3
      vertex 50.8549 -22.3716 0
      vertex 50.8549 -22.3716 3
    endloop
  endfacet
  facet normal -0.555265 -0.831674 0
    outer loop
      vertex 50.325 -21.7675 0
      vertex 50.461 -21.8583 3
      vertex 50.325 -21.7675 3
    endloop
  endfacet
  facet normal -0.555265 -0.831674 -0
    outer loop
      vertex 50.461 -21.8583 3
      vertex 50.325 -21.7675 0
      vertex 50.461 -21.8583 0
    endloop
  endfacet
  facet normal -0.442313 -0.896861 0
    outer loop
      vertex 50.1784 -21.6952 0
      vertex 50.325 -21.7675 3
      vertex 50.1784 -21.6952 3
    endloop
  endfacet
  facet normal -0.442313 -0.896861 -0
    outer loop
      vertex 50.325 -21.7675 3
      vertex 50.1784 -21.6952 0
      vertex 50.325 -21.7675 0
    endloop
  endfacet
  facet normal -0.659414 -0.75178 0
    outer loop
      vertex 50.461 -21.8583 0
      vertex 50.5839 -21.9661 3
      vertex 50.461 -21.8583 3
    endloop
  endfacet
  facet normal -0.659414 -0.75178 -0
    outer loop
      vertex 50.5839 -21.9661 3
      vertex 50.461 -21.8583 0
      vertex 50.5839 -21.9661 0
    endloop
  endfacet
  facet normal 0 -1 0
    outer loop
      vertex 46.2 -21.6 0
      vertex 49.7 -21.6 3
      vertex 46.2 -21.6 3
    endloop
  endfacet
  facet normal 0 -1 -0
    outer loop
      vertex 49.7 -21.6 3
      vertex 46.2 -21.6 0
      vertex 49.7 -21.6 0
    endloop
  endfacet
  facet normal 0.0654233 -0.997858 0
    outer loop
      vertex 46.0368 -21.6107 0
      vertex 46.2 -21.6 3
      vertex 46.0368 -21.6107 3
    endloop
  endfacet
  facet normal 0.0654233 -0.997858 0
    outer loop
      vertex 46.2 -21.6 3
      vertex 46.0368 -21.6107 0
      vertex 46.2 -21.6 0
    endloop
  endfacet
  facet normal 0 1 -0
    outer loop
      vertex 49.7 -24.1 0
      vertex 46.2 -24.1 3
      vertex 49.7 -24.1 3
    endloop
  endfacet
  facet normal 0 1 0
    outer loop
      vertex 46.2 -24.1 3
      vertex 49.7 -24.1 0
      vertex 46.2 -24.1 0
    endloop
  endfacet
  facet normal -0.831674 -0.555265 0
    outer loop
      vertex 50.7825 -22.225 0
      vertex 50.6917 -22.089 3
      vertex 50.6917 -22.089 0
    endloop
  endfacet
  facet normal -0.831674 -0.555265 0
    outer loop
      vertex 50.6917 -22.089 3
      vertex 50.7825 -22.225 0
      vertex 50.7825 -22.225 3
    endloop
  endfacet
  facet normal 0.195175 -0.980768 0
    outer loop
      vertex 45.8765 -21.6426 0
      vertex 46.0368 -21.6107 3
      vertex 45.8765 -21.6426 3
    endloop
  endfacet
  facet normal 0.195175 -0.980768 0
    outer loop
      vertex 46.0368 -21.6107 3
      vertex 45.8765 -21.6426 0
      vertex 46.0368 -21.6107 0
    endloop
  endfacet
  facet normal 0.442313 0.896861 -0
    outer loop
      vertex 45.7216 -24.0048 0
      vertex 45.575 -23.9325 3
      vertex 45.7216 -24.0048 3
    endloop
  endfacet
  facet normal 0.442313 0.896861 0
    outer loop
      vertex 45.575 -23.9325 3
      vertex 45.7216 -24.0048 0
      vertex 45.575 -23.9325 0
    endloop
  endfacet
  facet normal -0.0654233 -0.997858 0
    outer loop
      vertex 49.7 -21.6 0
      vertex 49.8632 -21.6107 3
      vertex 49.7 -21.6 3
    endloop
  endfacet
  facet normal -0.0654233 -0.997858 -0
    outer loop
      vertex 49.8632 -21.6107 3
      vertex 49.7 -21.6 0
      vertex 49.8632 -21.6107 0
    endloop
  endfacet
  facet normal -0.195175 -0.980768 0
    outer loop
      vertex 49.8632 -21.6107 0
      vertex 50.0235 -21.6426 3
      vertex 49.8632 -21.6107 3
    endloop
  endfacet
  facet normal -0.195175 -0.980768 -0
    outer loop
      vertex 50.0235 -21.6426 3
      vertex 49.8632 -21.6107 0
      vertex 50.0235 -21.6426 0
    endloop
  endfacet
  facet normal 0.659414 -0.75178 0
    outer loop
      vertex 45.3161 -21.9661 0
      vertex 45.439 -21.8583 3
      vertex 45.3161 -21.9661 3
    endloop
  endfacet
  facet normal 0.659414 -0.75178 0
    outer loop
      vertex 45.439 -21.8583 3
      vertex 45.3161 -21.9661 0
      vertex 45.439 -21.8583 0
    endloop
  endfacet
  facet normal 0.555265 -0.831674 0
    outer loop
      vertex 45.439 -21.8583 0
      vertex 45.575 -21.7675 3
      vertex 45.439 -21.8583 3
    endloop
  endfacet
  facet normal 0.555265 -0.831674 0
    outer loop
      vertex 45.575 -21.7675 3
      vertex 45.439 -21.8583 0
      vertex 45.575 -21.7675 0
    endloop
  endfacet
  facet normal 0.997858 0.0654233 0
    outer loop
      vertex 44.9607 -23.0132 3
      vertex 44.95 -22.85 0
      vertex 44.95 -22.85 3
    endloop
  endfacet
  facet normal 0.997858 0.0654233 0
    outer loop
      vertex 44.95 -22.85 0
      vertex 44.9607 -23.0132 3
      vertex 44.9607 -23.0132 0
    endloop
  endfacet
  facet normal 0.896861 0.442313 0
    outer loop
      vertex 45.1175 -23.475 3
      vertex 45.0452 -23.3284 0
      vertex 45.0452 -23.3284 3
    endloop
  endfacet
  facet normal 0.896861 0.442313 0
    outer loop
      vertex 45.0452 -23.3284 0
      vertex 45.1175 -23.475 3
      vertex 45.1175 -23.475 0
    endloop
  endfacet
  facet normal -0.0654233 0.997858 0
    outer loop
      vertex 49.8632 -24.0893 0
      vertex 49.7 -24.1 3
      vertex 49.8632 -24.0893 3
    endloop
  endfacet
  facet normal -0.0654233 0.997858 0
    outer loop
      vertex 49.7 -24.1 3
      vertex 49.8632 -24.0893 0
      vertex 49.7 -24.1 0
    endloop
  endfacet
  facet normal -0.195175 0.980768 0
    outer loop
      vertex 50.0235 -24.0574 0
      vertex 49.8632 -24.0893 3
      vertex 50.0235 -24.0574 3
    endloop
  endfacet
  facet normal -0.195175 0.980768 0
    outer loop
      vertex 49.8632 -24.0893 3
      vertex 50.0235 -24.0574 0
      vertex 49.8632 -24.0893 0
    endloop
  endfacet
  facet normal -0.659414 0.75178 0
    outer loop
      vertex 50.5839 -23.7339 0
      vertex 50.461 -23.8417 3
      vertex 50.5839 -23.7339 3
    endloop
  endfacet
  facet normal -0.659414 0.75178 0
    outer loop
      vertex 50.461 -23.8417 3
      vertex 50.5839 -23.7339 0
      vertex 50.461 -23.8417 0
    endloop
  endfacet
  facet normal -0.321541 0.946896 0
    outer loop
      vertex 50.1784 -24.0048 0
      vertex 50.0235 -24.0574 3
      vertex 50.1784 -24.0048 3
    endloop
  endfacet
  facet normal -0.321541 0.946896 0
    outer loop
      vertex 50.0235 -24.0574 3
      vertex 50.1784 -24.0048 0
      vertex 50.0235 -24.0574 0
    endloop
  endfacet
  facet normal -0.997858 -0.0654233 0
    outer loop
      vertex 50.95 -22.85 0
      vertex 50.9393 -22.6868 3
      vertex 50.9393 -22.6868 0
    endloop
  endfacet
  facet normal -0.997858 -0.0654233 0
    outer loop
      vertex 50.9393 -22.6868 3
      vertex 50.95 -22.85 0
      vertex 50.95 -22.85 3
    endloop
  endfacet
  facet normal 0.321541 -0.946896 0
    outer loop
      vertex 45.7216 -21.6952 0
      vertex 45.8765 -21.6426 3
      vertex 45.7216 -21.6952 3
    endloop
  endfacet
  facet normal 0.321541 -0.946896 0
    outer loop
      vertex 45.8765 -21.6426 3
      vertex 45.7216 -21.6952 0
      vertex 45.8765 -21.6426 0
    endloop
  endfacet
  facet normal 0.442313 -0.896861 0
    outer loop
      vertex 45.575 -21.7675 0
      vertex 45.7216 -21.6952 3
      vertex 45.575 -21.7675 3
    endloop
  endfacet
  facet normal 0.442313 -0.896861 0
    outer loop
      vertex 45.7216 -21.6952 3
      vertex 45.575 -21.7675 0
      vertex 45.7216 -21.6952 0
    endloop
  endfacet
  facet normal 0.75178 -0.659414 0
    outer loop
      vertex 45.2083 -22.089 3
      vertex 45.3161 -21.9661 0
      vertex 45.3161 -21.9661 3
    endloop
  endfacet
  facet normal 0.75178 -0.659414 0
    outer loop
      vertex 45.3161 -21.9661 0
      vertex 45.2083 -22.089 3
      vertex 45.2083 -22.089 0
    endloop
  endfacet
  facet normal 0.997858 -0.0654233 0
    outer loop
      vertex 44.95 -22.85 3
      vertex 44.9607 -22.6868 0
      vertex 44.9607 -22.6868 3
    endloop
  endfacet
  facet normal 0.997858 -0.0654233 0
    outer loop
      vertex 44.9607 -22.6868 0
      vertex 44.95 -22.85 3
      vertex 44.95 -22.85 0
    endloop
  endfacet
  facet normal 0.946896 -0.321541 0
    outer loop
      vertex 44.9926 -22.5265 3
      vertex 45.0452 -22.3716 0
      vertex 45.0452 -22.3716 3
    endloop
  endfacet
  facet normal 0.946896 -0.321541 0
    outer loop
      vertex 45.0452 -22.3716 0
      vertex 44.9926 -22.5265 3
      vertex 44.9926 -22.5265 0
    endloop
  endfacet
  facet normal 0.896861 -0.442313 0
    outer loop
      vertex 45.0452 -22.3716 3
      vertex 45.1175 -22.225 0
      vertex 45.1175 -22.225 3
    endloop
  endfacet
  facet normal 0.896861 -0.442313 0
    outer loop
      vertex 45.1175 -22.225 0
      vertex 45.0452 -22.3716 3
      vertex 45.0452 -22.3716 0
    endloop
  endfacet
  facet normal 0.0654233 0.997858 -0
    outer loop
      vertex 46.2 -24.1 0
      vertex 46.0368 -24.0893 3
      vertex 46.2 -24.1 3
    endloop
  endfacet
  facet normal 0.0654233 0.997858 0
    outer loop
      vertex 46.0368 -24.0893 3
      vertex 46.2 -24.1 0
      vertex 46.0368 -24.0893 0
    endloop
  endfacet
  facet normal 0.195175 0.980768 -0
    outer loop
      vertex 46.0368 -24.0893 0
      vertex 45.8765 -24.0574 3
      vertex 46.0368 -24.0893 3
    endloop
  endfacet
  facet normal 0.195175 0.980768 0
    outer loop
      vertex 45.8765 -24.0574 3
      vertex 46.0368 -24.0893 0
      vertex 45.8765 -24.0574 0
    endloop
  endfacet
  facet normal 0.321541 0.946896 -0
    outer loop
      vertex 45.8765 -24.0574 0
      vertex 45.7216 -24.0048 3
      vertex 45.8765 -24.0574 3
    endloop
  endfacet
  facet normal 0.321541 0.946896 0
    outer loop
      vertex 45.7216 -24.0048 3
      vertex 45.8765 -24.0574 0
      vertex 45.7216 -24.0048 0
    endloop
  endfacet
  facet normal 0.659414 0.75178 -0
    outer loop
      vertex 45.439 -23.8417 0
      vertex 45.3161 -23.7339 3
      vertex 45.439 -23.8417 3
    endloop
  endfacet
  facet normal 0.659414 0.75178 0
    outer loop
      vertex 45.3161 -23.7339 3
      vertex 45.439 -23.8417 0
      vertex 45.3161 -23.7339 0
    endloop
  endfacet
  facet normal 0.555265 0.831674 -0
    outer loop
      vertex 45.575 -23.9325 0
      vertex 45.439 -23.8417 3
      vertex 45.575 -23.9325 3
    endloop
  endfacet
  facet normal 0.555265 0.831674 0
    outer loop
      vertex 45.439 -23.8417 3
      vertex 45.575 -23.9325 0
      vertex 45.439 -23.8417 0
    endloop
  endfacet
  facet normal 0.831674 0.555265 0
    outer loop
      vertex 45.2083 -23.611 3
      vertex 45.1175 -23.475 0
      vertex 45.1175 -23.475 3
    endloop
  endfacet
  facet normal 0.831674 0.555265 0
    outer loop
      vertex 45.1175 -23.475 0
      vertex 45.2083 -23.611 3
      vertex 45.2083 -23.611 0
    endloop
  endfacet
  facet normal 0.980768 0.195175 0
    outer loop
      vertex 44.9926 -23.1735 3
      vertex 44.9607 -23.0132 0
      vertex 44.9607 -23.0132 3
    endloop
  endfacet
  facet normal 0.980768 0.195175 0
    outer loop
      vertex 44.9607 -23.0132 0
      vertex 44.9926 -23.1735 3
      vertex 44.9926 -23.1735 0
    endloop
  endfacet
  facet normal 0.946896 0.321541 0
    outer loop
      vertex 45.0452 -23.3284 3
      vertex 44.9926 -23.1735 0
      vertex 44.9926 -23.1735 3
    endloop
  endfacet
  facet normal 0.946896 0.321541 0
    outer loop
      vertex 44.9926 -23.1735 0
      vertex 45.0452 -23.3284 3
      vertex 45.0452 -23.3284 0
    endloop
  endfacet
  facet normal -0.75178 0.659414 0
    outer loop
      vertex 50.5839 -23.7339 0
      vertex 50.6917 -23.611 3
      vertex 50.6917 -23.611 0
    endloop
  endfacet
  facet normal -0.75178 0.659414 0
    outer loop
      vertex 50.6917 -23.611 3
      vertex 50.5839 -23.7339 0
      vertex 50.5839 -23.7339 3
    endloop
  endfacet
  facet normal -0.442313 0.896861 0
    outer loop
      vertex 50.325 -23.9325 0
      vertex 50.1784 -24.0048 3
      vertex 50.325 -23.9325 3
    endloop
  endfacet
  facet normal -0.442313 0.896861 0
    outer loop
      vertex 50.1784 -24.0048 3
      vertex 50.325 -23.9325 0
      vertex 50.1784 -24.0048 0
    endloop
  endfacet
  facet normal -0.947082 0.320993 0
    outer loop
      vertex 50.8549 -23.3284 0
      vertex 50.9074 -23.1735 3
      vertex 50.9074 -23.1735 0
    endloop
  endfacet
  facet normal -0.947082 0.320993 0
    outer loop
      vertex 50.9074 -23.1735 3
      vertex 50.8549 -23.3284 0
      vertex 50.8549 -23.3284 3
    endloop
  endfacet
  facet normal -0.831674 0.555265 0
    outer loop
      vertex 50.6917 -23.611 0
      vertex 50.7825 -23.475 3
      vertex 50.7825 -23.475 0
    endloop
  endfacet
  facet normal -0.831674 0.555265 0
    outer loop
      vertex 50.7825 -23.475 3
      vertex 50.6917 -23.611 0
      vertex 50.6917 -23.611 3
    endloop
  endfacet
  facet normal -0.980768 0.195175 0
    outer loop
      vertex 50.9074 -23.1735 0
      vertex 50.9393 -23.0132 3
      vertex 50.9393 -23.0132 0
    endloop
  endfacet
  facet normal -0.980768 0.195175 0
    outer loop
      vertex 50.9393 -23.0132 3
      vertex 50.9074 -23.1735 0
      vertex 50.9074 -23.1735 3
    endloop
  endfacet
  facet normal 0.831674 -0.555265 0
    outer loop
      vertex 45.1175 -22.225 3
      vertex 45.2083 -22.089 0
      vertex 45.2083 -22.089 3
    endloop
  endfacet
  facet normal 0.831674 -0.555265 0
    outer loop
      vertex 45.2083 -22.089 0
      vertex 45.1175 -22.225 3
      vertex 45.1175 -22.225 0
    endloop
  endfacet
  facet normal 0.980768 -0.195175 0
    outer loop
      vertex 44.9607 -22.6868 3
      vertex 44.9926 -22.5265 0
      vertex 44.9926 -22.5265 3
    endloop
  endfacet
  facet normal 0.980768 -0.195175 0
    outer loop
      vertex 44.9926 -22.5265 0
      vertex 44.9607 -22.6868 3
      vertex 44.9607 -22.6868 0
    endloop
  endfacet
  facet normal -0.555265 0.831674 0
    outer loop
      vertex 50.461 -23.8417 0
      vertex 50.325 -23.9325 3
      vertex 50.461 -23.8417 3
    endloop
  endfacet
  facet normal -0.555265 0.831674 0
    outer loop
      vertex 50.325 -23.9325 3
      vertex 50.461 -23.8417 0
      vertex 50.325 -23.9325 0
    endloop
  endfacet
  facet normal -0.896618 0.442805 0
    outer loop
      vertex 50.7825 -23.475 0
      vertex 50.8549 -23.3284 3
      vertex 50.8549 -23.3284 0
    endloop
  endfacet
  facet normal -0.896618 0.442805 0
    outer loop
      vertex 50.8549 -23.3284 3
      vertex 50.7825 -23.475 0
      vertex 50.7825 -23.475 3
    endloop
  endfacet
  facet normal -0.997858 0.0654233 0
    outer loop
      vertex 50.9393 -23.0132 0
      vertex 50.95 -22.85 3
      vertex 50.95 -22.85 0
    endloop
  endfacet
  facet normal -0.997858 0.0654233 0
    outer loop
      vertex 50.95 -22.85 3
      vertex 50.9393 -23.0132 0
      vertex 50.9393 -23.0132 3
    endloop
  endfacet
  facet normal 0.75178 0.659414 0
    outer loop
      vertex 45.3161 -23.7339 3
      vertex 45.2083 -23.611 0
      vertex 45.2083 -23.611 3
    endloop
  endfacet
  facet normal 0.75178 0.659414 0
    outer loop
      vertex 45.2083 -23.611 0
      vertex 45.3161 -23.7339 3
      vertex 45.3161 -23.7339 0
    endloop
  endfacet
  facet normal -0.321541 -0.946896 0
    outer loop
      vertex 22.1235 24.0574 0
      vertex 22.2784 24.0048 3
      vertex 22.1235 24.0574 3
    endloop
  endfacet
  facet normal -0.321541 -0.946896 -0
    outer loop
      vertex 22.2784 24.0048 3
      vertex 22.1235 24.0574 0
      vertex 22.2784 24.0048 0
    endloop
  endfacet
  facet normal -0.75178 -0.659414 0
    outer loop
      vertex 22.7917 23.611 0
      vertex 22.6839 23.7339 3
      vertex 22.6839 23.7339 0
    endloop
  endfacet
  facet normal -0.75178 -0.659414 0
    outer loop
      vertex 22.6839 23.7339 3
      vertex 22.7917 23.611 0
      vertex 22.7917 23.611 3
    endloop
  endfacet
  facet normal -0.555265 -0.831674 0
    outer loop
      vertex 22.425 23.9325 0
      vertex 22.561 23.8417 3
      vertex 22.425 23.9325 3
    endloop
  endfacet
  facet normal -0.555265 -0.831674 -0
    outer loop
      vertex 22.561 23.8417 3
      vertex 22.425 23.9325 0
      vertex 22.561 23.8417 0
    endloop
  endfacet
  facet normal -0.442313 -0.896861 0
    outer loop
      vertex 22.2784 24.0048 0
      vertex 22.425 23.9325 3
      vertex 22.2784 24.0048 3
    endloop
  endfacet
  facet normal -0.442313 -0.896861 -0
    outer loop
      vertex 22.425 23.9325 3
      vertex 22.2784 24.0048 0
      vertex 22.425 23.9325 0
    endloop
  endfacet
  facet normal -0.659414 -0.75178 0
    outer loop
      vertex 22.561 23.8417 0
      vertex 22.6839 23.7339 3
      vertex 22.561 23.8417 3
    endloop
  endfacet
  facet normal -0.659414 -0.75178 -0
    outer loop
      vertex 22.6839 23.7339 3
      vertex 22.561 23.8417 0
      vertex 22.6839 23.7339 0
    endloop
  endfacet
  facet normal 0 -1 0
    outer loop
      vertex 18.3 24.1 0
      vertex 21.8 24.1 3
      vertex 18.3 24.1 3
    endloop
  endfacet
  facet normal 0 -1 -0
    outer loop
      vertex 21.8 24.1 3
      vertex 18.3 24.1 0
      vertex 21.8 24.1 0
    endloop
  endfacet
  facet normal 0.0654233 -0.997858 0
    outer loop
      vertex 18.1368 24.0893 0
      vertex 18.3 24.1 3
      vertex 18.1368 24.0893 3
    endloop
  endfacet
  facet normal 0.0654233 -0.997858 0
    outer loop
      vertex 18.3 24.1 3
      vertex 18.1368 24.0893 0
      vertex 18.3 24.1 0
    endloop
  endfacet
  facet normal 0.980768 0.195175 0
    outer loop
      vertex 17.0926 22.5265 3
      vertex 17.0607 22.6868 0
      vertex 17.0607 22.6868 3
    endloop
  endfacet
  facet normal 0.980768 0.195175 0
    outer loop
      vertex 17.0607 22.6868 0
      vertex 17.0926 22.5265 3
      vertex 17.0926 22.5265 0
    endloop
  endfacet
  facet normal -0.831704 -0.555219 0
    outer loop
      vertex 22.8658 23.5 0
      vertex 22.7917 23.611 3
      vertex 22.7917 23.611 0
    endloop
  endfacet
  facet normal -0.831704 -0.555219 0
    outer loop
      vertex 22.7917 23.611 3
      vertex 22.8658 23.5 0
      vertex 22.8658 23.5 3
    endloop
  endfacet
  facet normal 0.195175 -0.980768 0
    outer loop
      vertex 17.9765 24.0574 0
      vertex 18.1368 24.0893 3
      vertex 17.9765 24.0574 3
    endloop
  endfacet
  facet normal 0.195175 -0.980768 0
    outer loop
      vertex 18.1368 24.0893 3
      vertex 17.9765 24.0574 0
      vertex 18.1368 24.0893 0
    endloop
  endfacet
  facet normal 0.442313 0.896861 -0
    outer loop
      vertex 17.8216 21.6952 0
      vertex 17.675 21.7675 3
      vertex 17.8216 21.6952 3
    endloop
  endfacet
  facet normal 0.442313 0.896861 0
    outer loop
      vertex 17.675 21.7675 3
      vertex 17.8216 21.6952 0
      vertex 17.675 21.7675 0
    endloop
  endfacet
  facet normal -0.0654233 -0.997858 0
    outer loop
      vertex 21.8 24.1 0
      vertex 21.9632 24.0893 3
      vertex 21.8 24.1 3
    endloop
  endfacet
  facet normal -0.0654233 -0.997858 -0
    outer loop
      vertex 21.9632 24.0893 3
      vertex 21.8 24.1 0
      vertex 21.9632 24.0893 0
    endloop
  endfacet
  facet normal -0.195175 -0.980768 0
    outer loop
      vertex 21.9632 24.0893 0
      vertex 22.1235 24.0574 3
      vertex 21.9632 24.0893 3
    endloop
  endfacet
  facet normal -0.195175 -0.980768 -0
    outer loop
      vertex 22.1235 24.0574 3
      vertex 21.9632 24.0893 0
      vertex 22.1235 24.0574 0
    endloop
  endfacet
  facet normal 0.555265 -0.831674 0
    outer loop
      vertex 17.539 23.8417 0
      vertex 17.675 23.9325 3
      vertex 17.539 23.8417 3
    endloop
  endfacet
  facet normal 0.555265 -0.831674 0
    outer loop
      vertex 17.675 23.9325 3
      vertex 17.539 23.8417 0
      vertex 17.675 23.9325 0
    endloop
  endfacet
  facet normal 0.997858 0.0654233 0
    outer loop
      vertex 17.0607 22.6868 3
      vertex 17.05 22.85 0
      vertex 17.05 22.85 3
    endloop
  endfacet
  facet normal 0.997858 0.0654233 0
    outer loop
      vertex 17.05 22.85 0
      vertex 17.0607 22.6868 3
      vertex 17.0607 22.6868 0
    endloop
  endfacet
  facet normal 0.947082 -0.320993 0
    outer loop
      vertex 17.0926 23.1735 3
      vertex 17.1451 23.3284 0
      vertex 17.1451 23.3284 3
    endloop
  endfacet
  facet normal 0.947082 -0.320993 0
    outer loop
      vertex 17.1451 23.3284 0
      vertex 17.0926 23.1735 3
      vertex 17.0926 23.1735 0
    endloop
  endfacet
  facet normal 0.321541 -0.946896 0
    outer loop
      vertex 17.8216 24.0048 0
      vertex 17.9765 24.0574 3
      vertex 17.8216 24.0048 3
    endloop
  endfacet
  facet normal 0.321541 -0.946896 0
    outer loop
      vertex 17.9765 24.0574 3
      vertex 17.8216 24.0048 0
      vertex 17.9765 24.0574 0
    endloop
  endfacet
  facet normal 0.442313 -0.896861 0
    outer loop
      vertex 17.675 23.9325 0
      vertex 17.8216 24.0048 3
      vertex 17.675 23.9325 3
    endloop
  endfacet
  facet normal 0.442313 -0.896861 0
    outer loop
      vertex 17.8216 24.0048 3
      vertex 17.675 23.9325 0
      vertex 17.8216 24.0048 0
    endloop
  endfacet
  facet normal 0.659414 -0.75178 0
    outer loop
      vertex 17.4161 23.7339 0
      vertex 17.539 23.8417 3
      vertex 17.4161 23.7339 3
    endloop
  endfacet
  facet normal 0.659414 -0.75178 0
    outer loop
      vertex 17.539 23.8417 3
      vertex 17.4161 23.7339 0
      vertex 17.539 23.8417 0
    endloop
  endfacet
  facet normal 0.896618 -0.442805 0
    outer loop
      vertex 17.1451 23.3284 3
      vertex 17.2175 23.475 0
      vertex 17.2175 23.475 3
    endloop
  endfacet
  facet normal 0.896618 -0.442805 0
    outer loop
      vertex 17.2175 23.475 0
      vertex 17.1451 23.3284 3
      vertex 17.1451 23.3284 0
    endloop
  endfacet
  facet normal 0.195323 0.980739 -0
    outer loop
      vertex 18.0478 21.6284 0
      vertex 17.9765 21.6426 3
      vertex 18.0478 21.6284 3
    endloop
  endfacet
  facet normal 0.195323 0.980739 0
    outer loop
      vertex 17.9765 21.6426 3
      vertex 18.0478 21.6284 0
      vertex 17.9765 21.6426 0
    endloop
  endfacet
  facet normal 0.321541 0.946896 -0
    outer loop
      vertex 17.9765 21.6426 0
      vertex 17.8216 21.6952 3
      vertex 17.9765 21.6426 3
    endloop
  endfacet
  facet normal 0.321541 0.946896 0
    outer loop
      vertex 17.8216 21.6952 3
      vertex 17.9765 21.6426 0
      vertex 17.8216 21.6952 0
    endloop
  endfacet
  facet normal 0.659414 0.75178 -0
    outer loop
      vertex 17.539 21.8583 0
      vertex 17.4161 21.9661 3
      vertex 17.539 21.8583 3
    endloop
  endfacet
  facet normal 0.659414 0.75178 0
    outer loop
      vertex 17.4161 21.9661 3
      vertex 17.539 21.8583 0
      vertex 17.4161 21.9661 0
    endloop
  endfacet
  facet normal 0.555265 0.831674 -0
    outer loop
      vertex 17.675 21.7675 0
      vertex 17.539 21.8583 3
      vertex 17.675 21.7675 3
    endloop
  endfacet
  facet normal 0.555265 0.831674 0
    outer loop
      vertex 17.539 21.8583 3
      vertex 17.675 21.7675 0
      vertex 17.539 21.8583 0
    endloop
  endfacet
  facet normal 0.896618 0.442805 0
    outer loop
      vertex 17.2175 22.225 3
      vertex 17.1451 22.3716 0
      vertex 17.1451 22.3716 3
    endloop
  endfacet
  facet normal 0.896618 0.442805 0
    outer loop
      vertex 17.1451 22.3716 0
      vertex 17.2175 22.225 3
      vertex 17.2175 22.225 0
    endloop
  endfacet
  facet normal 0.947082 0.320993 0
    outer loop
      vertex 17.1451 22.3716 3
      vertex 17.0926 22.5265 0
      vertex 17.0926 22.5265 3
    endloop
  endfacet
  facet normal 0.947082 0.320993 0
    outer loop
      vertex 17.0926 22.5265 0
      vertex 17.1451 22.3716 3
      vertex 17.1451 22.3716 0
    endloop
  endfacet
  facet normal 0.831674 -0.555265 0
    outer loop
      vertex 17.2175 23.475 3
      vertex 17.3083 23.611 0
      vertex 17.3083 23.611 3
    endloop
  endfacet
  facet normal 0.831674 -0.555265 0
    outer loop
      vertex 17.3083 23.611 0
      vertex 17.2175 23.475 3
      vertex 17.2175 23.475 0
    endloop
  endfacet
  facet normal 0.75178 -0.659414 0
    outer loop
      vertex 17.3083 23.611 3
      vertex 17.4161 23.7339 0
      vertex 17.4161 23.7339 3
    endloop
  endfacet
  facet normal 0.75178 -0.659414 0
    outer loop
      vertex 17.4161 23.7339 0
      vertex 17.3083 23.611 3
      vertex 17.3083 23.611 0
    endloop
  endfacet
  facet normal 0.997858 -0.0654233 0
    outer loop
      vertex 17.05 22.85 3
      vertex 17.0607 23.0132 0
      vertex 17.0607 23.0132 3
    endloop
  endfacet
  facet normal 0.997858 -0.0654233 0
    outer loop
      vertex 17.0607 23.0132 0
      vertex 17.05 22.85 3
      vertex 17.05 22.85 0
    endloop
  endfacet
  facet normal 0.980768 -0.195175 0
    outer loop
      vertex 17.0607 23.0132 3
      vertex 17.0926 23.1735 0
      vertex 17.0926 23.1735 3
    endloop
  endfacet
  facet normal 0.980768 -0.195175 0
    outer loop
      vertex 17.0926 23.1735 0
      vertex 17.0607 23.0132 3
      vertex 17.0607 23.0132 0
    endloop
  endfacet
  facet normal 0.831674 0.555265 0
    outer loop
      vertex 17.3083 22.089 3
      vertex 17.2175 22.225 0
      vertex 17.2175 22.225 3
    endloop
  endfacet
  facet normal 0.831674 0.555265 0
    outer loop
      vertex 17.2175 22.225 0
      vertex 17.3083 22.089 3
      vertex 17.3083 22.089 0
    endloop
  endfacet
  facet normal 0.75178 0.659414 0
    outer loop
      vertex 17.4161 21.9661 3
      vertex 17.3083 22.089 0
      vertex 17.3083 22.089 3
    endloop
  endfacet
  facet normal 0.75178 0.659414 0
    outer loop
      vertex 17.3083 22.089 0
      vertex 17.4161 21.9661 3
      vertex 17.4161 21.9661 0
    endloop
  endfacet
  facet normal -0.980768 -0.195175 0
    outer loop
      vertex 23.0393 49.3132 0
      vertex 23.0074 49.4735 3
      vertex 23.0074 49.4735 0
    endloop
  endfacet
  facet normal -0.980768 -0.195175 0
    outer loop
      vertex 23.0074 49.4735 3
      vertex 23.0393 49.3132 0
      vertex 23.0393 49.3132 3
    endloop
  endfacet
  facet normal -0.321541 -0.946896 0
    outer loop
      vertex 22.1235 50.3574 0
      vertex 22.2784 50.3048 3
      vertex 22.1235 50.3574 3
    endloop
  endfacet
  facet normal -0.321541 -0.946896 -0
    outer loop
      vertex 22.2784 50.3048 3
      vertex 22.1235 50.3574 0
      vertex 22.2784 50.3048 0
    endloop
  endfacet
  facet normal -0.752046 -0.65911 0
    outer loop
      vertex 22.7917 49.9109 0
      vertex 22.6839 50.0339 3
      vertex 22.6839 50.0339 0
    endloop
  endfacet
  facet normal -0.752046 -0.65911 0
    outer loop
      vertex 22.6839 50.0339 3
      vertex 22.7917 49.9109 0
      vertex 22.7917 49.9109 3
    endloop
  endfacet
  facet normal -0.946896 -0.321541 0
    outer loop
      vertex 23.0074 49.4735 0
      vertex 22.9548 49.6284 3
      vertex 22.9548 49.6284 0
    endloop
  endfacet
  facet normal -0.946896 -0.321541 0
    outer loop
      vertex 22.9548 49.6284 3
      vertex 23.0074 49.4735 0
      vertex 23.0074 49.4735 3
    endloop
  endfacet
  facet normal -0.896861 -0.442313 0
    outer loop
      vertex 22.9548 49.6284 0
      vertex 22.8825 49.775 3
      vertex 22.8825 49.775 0
    endloop
  endfacet
  facet normal -0.896861 -0.442313 0
    outer loop
      vertex 22.8825 49.775 3
      vertex 22.9548 49.6284 0
      vertex 22.9548 49.6284 3
    endloop
  endfacet
  facet normal -0.555265 -0.831674 0
    outer loop
      vertex 22.425 50.2325 0
      vertex 22.561 50.1417 3
      vertex 22.425 50.2325 3
    endloop
  endfacet
  facet normal -0.555265 -0.831674 -0
    outer loop
      vertex 22.561 50.1417 3
      vertex 22.425 50.2325 0
      vertex 22.561 50.1417 0
    endloop
  endfacet
  facet normal -0.442313 -0.896861 0
    outer loop
      vertex 22.2784 50.3048 0
      vertex 22.425 50.2325 3
      vertex 22.2784 50.3048 3
    endloop
  endfacet
  facet normal -0.442313 -0.896861 -0
    outer loop
      vertex 22.425 50.2325 3
      vertex 22.2784 50.3048 0
      vertex 22.425 50.2325 0
    endloop
  endfacet
  facet normal -0.659414 -0.75178 0
    outer loop
      vertex 22.561 50.1417 0
      vertex 22.6839 50.0339 3
      vertex 22.561 50.1417 3
    endloop
  endfacet
  facet normal -0.659414 -0.75178 -0
    outer loop
      vertex 22.6839 50.0339 3
      vertex 22.561 50.1417 0
      vertex 22.6839 50.0339 0
    endloop
  endfacet
  facet normal 0 -1 0
    outer loop
      vertex 18.3 50.4 0
      vertex 21.8 50.4 3
      vertex 18.3 50.4 3
    endloop
  endfacet
  facet normal 0 -1 -0
    outer loop
      vertex 21.8 50.4 3
      vertex 18.3 50.4 0
      vertex 21.8 50.4 0
    endloop
  endfacet
  facet normal 0.0654233 -0.997858 0
    outer loop
      vertex 18.1368 50.3893 0
      vertex 18.3 50.4 3
      vertex 18.1368 50.3893 3
    endloop
  endfacet
  facet normal 0.0654233 -0.997858 0
    outer loop
      vertex 18.3 50.4 3
      vertex 18.1368 50.3893 0
      vertex 18.3 50.4 0
    endloop
  endfacet
  facet normal 0 1 -0
    outer loop
      vertex 21.8 47.9 0
      vertex 18.3 47.9 3
      vertex 21.8 47.9 3
    endloop
  endfacet
  facet normal 0 1 0
    outer loop
      vertex 18.3 47.9 3
      vertex 21.8 47.9 0
      vertex 18.3 47.9 0
    endloop
  endfacet
  facet normal -0.831485 -0.555547 0
    outer loop
      vertex 22.8825 49.775 0
      vertex 22.7917 49.9109 3
      vertex 22.7917 49.9109 0
    endloop
  endfacet
  facet normal -0.831485 -0.555547 0
    outer loop
      vertex 22.7917 49.9109 3
      vertex 22.8825 49.775 0
      vertex 22.8825 49.775 3
    endloop
  endfacet
  facet normal 0.195175 -0.980768 0
    outer loop
      vertex 17.9765 50.3574 0
      vertex 18.1368 50.3893 3
      vertex 17.9765 50.3574 3
    endloop
  endfacet
  facet normal 0.195175 -0.980768 0
    outer loop
      vertex 18.1368 50.3893 3
      vertex 17.9765 50.3574 0
      vertex 18.1368 50.3893 0
    endloop
  endfacet
  facet normal 0.831485 -0.555547 0
    outer loop
      vertex 17.2175 49.775 3
      vertex 17.3083 49.9109 0
      vertex 17.3083 49.9109 3
    endloop
  endfacet
  facet normal 0.831485 -0.555547 0
    outer loop
      vertex 17.3083 49.9109 0
      vertex 17.2175 49.775 3
      vertex 17.2175 49.775 0
    endloop
  endfacet
  facet normal 0.442313 0.896861 -0
    outer loop
      vertex 17.8216 47.9952 0
      vertex 17.675 48.0675 3
      vertex 17.8216 47.9952 3
    endloop
  endfacet
  facet normal 0.442313 0.896861 0
    outer loop
      vertex 17.675 48.0675 3
      vertex 17.8216 47.9952 0
      vertex 17.675 48.0675 0
    endloop
  endfacet
  facet normal 0.442313 -0.896861 0
    outer loop
      vertex 17.675 50.2325 0
      vertex 17.8216 50.3048 3
      vertex 17.675 50.2325 3
    endloop
  endfacet
  facet normal 0.442313 -0.896861 0
    outer loop
      vertex 17.8216 50.3048 3
      vertex 17.675 50.2325 0
      vertex 17.8216 50.3048 0
    endloop
  endfacet
  facet normal -0.0654233 -0.997858 0
    outer loop
      vertex 21.8 50.4 0
      vertex 21.9632 50.3893 3
      vertex 21.8 50.4 3
    endloop
  endfacet
  facet normal -0.0654233 -0.997858 -0
    outer loop
      vertex 21.9632 50.3893 3
      vertex 21.8 50.4 0
      vertex 21.9632 50.3893 0
    endloop
  endfacet
  facet normal -0.195175 -0.980768 0
    outer loop
      vertex 21.9632 50.3893 0
      vertex 22.1235 50.3574 3
      vertex 21.9632 50.3893 3
    endloop
  endfacet
  facet normal -0.195175 -0.980768 -0
    outer loop
      vertex 22.1235 50.3574 3
      vertex 21.9632 50.3893 0
      vertex 22.1235 50.3574 0
    endloop
  endfacet
  facet normal 0.659414 -0.75178 0
    outer loop
      vertex 17.4161 50.0339 0
      vertex 17.539 50.1417 3
      vertex 17.4161 50.0339 3
    endloop
  endfacet
  facet normal 0.659414 -0.75178 0
    outer loop
      vertex 17.539 50.1417 3
      vertex 17.4161 50.0339 0
      vertex 17.539 50.1417 0
    endloop
  endfacet
  facet normal 0.555265 -0.831674 0
    outer loop
      vertex 17.539 50.1417 0
      vertex 17.675 50.2325 3
      vertex 17.539 50.1417 3
    endloop
  endfacet
  facet normal 0.555265 -0.831674 0
    outer loop
      vertex 17.675 50.2325 3
      vertex 17.539 50.1417 0
      vertex 17.675 50.2325 0
    endloop
  endfacet
  facet normal 0.997858 0.0654233 0
    outer loop
      vertex 17.0607 48.9868 3
      vertex 17.05 49.15 0
      vertex 17.05 49.15 3
    endloop
  endfacet
  facet normal 0.997858 0.0654233 0
    outer loop
      vertex 17.05 49.15 0
      vertex 17.0607 48.9868 3
      vertex 17.0607 48.9868 0
    endloop
  endfacet
  facet normal 0.896618 0.442805 0
    outer loop
      vertex 17.2175 48.525 3
      vertex 17.1451 48.6716 0
      vertex 17.1451 48.6716 3
    endloop
  endfacet
  facet normal 0.896618 0.442805 0
    outer loop
      vertex 17.1451 48.6716 0
      vertex 17.2175 48.525 3
      vertex 17.2175 48.525 0
    endloop
  endfacet
  facet normal -0.0654233 0.997858 0
    outer loop
      vertex 21.9632 47.9107 0
      vertex 21.8 47.9 3
      vertex 21.9632 47.9107 3
    endloop
  endfacet
  facet normal -0.0654233 0.997858 0
    outer loop
      vertex 21.8 47.9 3
      vertex 21.9632 47.9107 0
      vertex 21.8 47.9 0
    endloop
  endfacet
  facet normal -0.195175 0.980768 0
    outer loop
      vertex 22.1235 47.9426 0
      vertex 21.9632 47.9107 3
      vertex 22.1235 47.9426 3
    endloop
  endfacet
  facet normal -0.195175 0.980768 0
    outer loop
      vertex 21.9632 47.9107 3
      vertex 22.1235 47.9426 0
      vertex 21.9632 47.9107 0
    endloop
  endfacet
  facet normal -0.659414 0.75178 0
    outer loop
      vertex 22.6839 48.2661 0
      vertex 22.561 48.1583 3
      vertex 22.6839 48.2661 3
    endloop
  endfacet
  facet normal -0.659414 0.75178 0
    outer loop
      vertex 22.561 48.1583 3
      vertex 22.6839 48.2661 0
      vertex 22.561 48.1583 0
    endloop
  endfacet
  facet normal -0.321541 0.946896 0
    outer loop
      vertex 22.2784 47.9952 0
      vertex 22.1235 47.9426 3
      vertex 22.2784 47.9952 3
    endloop
  endfacet
  facet normal -0.321541 0.946896 0
    outer loop
      vertex 22.1235 47.9426 3
      vertex 22.2784 47.9952 0
      vertex 22.1235 47.9426 0
    endloop
  endfacet
  facet normal -0.997858 -0.0654233 0
    outer loop
      vertex 23.05 49.15 0
      vertex 23.0393 49.3132 3
      vertex 23.0393 49.3132 0
    endloop
  endfacet
  facet normal -0.997858 -0.0654233 0
    outer loop
      vertex 23.0393 49.3132 3
      vertex 23.05 49.15 0
      vertex 23.05 49.15 3
    endloop
  endfacet
  facet normal 0.321541 -0.946896 0
    outer loop
      vertex 17.8216 50.3048 0
      vertex 17.9765 50.3574 3
      vertex 17.8216 50.3048 3
    endloop
  endfacet
  facet normal 0.321541 -0.946896 0
    outer loop
      vertex 17.9765 50.3574 3
      vertex 17.8216 50.3048 0
      vertex 17.9765 50.3574 0
    endloop
  endfacet
  facet normal 0.752046 -0.65911 0
    outer loop
      vertex 17.3083 49.9109 3
      vertex 17.4161 50.0339 0
      vertex 17.4161 50.0339 3
    endloop
  endfacet
  facet normal 0.752046 -0.65911 0
    outer loop
      vertex 17.4161 50.0339 0
      vertex 17.3083 49.9109 3
      vertex 17.3083 49.9109 0
    endloop
  endfacet
  facet normal 0.997858 -0.0654233 0
    outer loop
      vertex 17.05 49.15 3
      vertex 17.0607 49.3132 0
      vertex 17.0607 49.3132 3
    endloop
  endfacet
  facet normal 0.997858 -0.0654233 0
    outer loop
      vertex 17.0607 49.3132 0
      vertex 17.05 49.15 3
      vertex 17.05 49.15 0
    endloop
  endfacet
  facet normal 0.947082 -0.320993 0
    outer loop
      vertex 17.0926 49.4735 3
      vertex 17.1451 49.6284 0
      vertex 17.1451 49.6284 3
    endloop
  endfacet
  facet normal 0.947082 -0.320993 0
    outer loop
      vertex 17.1451 49.6284 0
      vertex 17.0926 49.4735 3
      vertex 17.0926 49.4735 0
    endloop
  endfacet
  facet normal 0.896618 -0.442805 0
    outer loop
      vertex 17.1451 49.6284 3
      vertex 17.2175 49.775 0
      vertex 17.2175 49.775 3
    endloop
  endfacet
  facet normal 0.896618 -0.442805 0
    outer loop
      vertex 17.2175 49.775 0
      vertex 17.1451 49.6284 3
      vertex 17.1451 49.6284 0
    endloop
  endfacet
  facet normal 0.195175 0.980768 -0
    outer loop
      vertex 18.1368 47.9107 0
      vertex 17.9765 47.9426 3
      vertex 18.1368 47.9107 3
    endloop
  endfacet
  facet normal 0.195175 0.980768 0
    outer loop
      vertex 17.9765 47.9426 3
      vertex 18.1368 47.9107 0
      vertex 17.9765 47.9426 0
    endloop
  endfacet
  facet normal 0.321541 0.946896 -0
    outer loop
      vertex 17.9765 47.9426 0
      vertex 17.8216 47.9952 3
      vertex 17.9765 47.9426 3
    endloop
  endfacet
  facet normal 0.321541 0.946896 0
    outer loop
      vertex 17.8216 47.9952 3
      vertex 17.9765 47.9426 0
      vertex 17.8216 47.9952 0
    endloop
  endfacet
  facet normal 0.659414 0.75178 -0
    outer loop
      vertex 17.539 48.1583 0
      vertex 17.4161 48.2661 3
      vertex 17.539 48.1583 3
    endloop
  endfacet
  facet normal 0.659414 0.75178 0
    outer loop
      vertex 17.4161 48.2661 3
      vertex 17.539 48.1583 0
      vertex 17.4161 48.2661 0
    endloop
  endfacet
  facet normal 0.555265 0.831674 -0
    outer loop
      vertex 17.675 48.0675 0
      vertex 17.539 48.1583 3
      vertex 17.675 48.0675 3
    endloop
  endfacet
  facet normal 0.555265 0.831674 0
    outer loop
      vertex 17.539 48.1583 3
      vertex 17.675 48.0675 0
      vertex 17.539 48.1583 0
    endloop
  endfacet
  facet normal 0.980768 0.195175 0
    outer loop
      vertex 17.0926 48.8265 3
      vertex 17.0607 48.9868 0
      vertex 17.0607 48.9868 3
    endloop
  endfacet
  facet normal 0.980768 0.195175 0
    outer loop
      vertex 17.0607 48.9868 0
      vertex 17.0926 48.8265 3
      vertex 17.0926 48.8265 0
    endloop
  endfacet
  facet normal 0.947082 0.320993 0
    outer loop
      vertex 17.1451 48.6716 3
      vertex 17.0926 48.8265 0
      vertex 17.0926 48.8265 3
    endloop
  endfacet
  facet normal 0.947082 0.320993 0
    outer loop
      vertex 17.0926 48.8265 0
      vertex 17.1451 48.6716 3
      vertex 17.1451 48.6716 0
    endloop
  endfacet
  facet normal -0.75178 0.659414 0
    outer loop
      vertex 22.6839 48.2661 0
      vertex 22.7917 48.389 3
      vertex 22.7917 48.389 0
    endloop
  endfacet
  facet normal -0.75178 0.659414 0
    outer loop
      vertex 22.7917 48.389 3
      vertex 22.6839 48.2661 0
      vertex 22.6839 48.2661 3
    endloop
  endfacet
  facet normal -0.442313 0.896861 0
    outer loop
      vertex 22.425 48.0675 0
      vertex 22.2784 47.9952 3
      vertex 22.425 48.0675 3
    endloop
  endfacet
  facet normal -0.442313 0.896861 0
    outer loop
      vertex 22.2784 47.9952 3
      vertex 22.425 48.0675 0
      vertex 22.2784 47.9952 0
    endloop
  endfacet
  facet normal -0.946896 0.321541 0
    outer loop
      vertex 22.9548 48.6716 0
      vertex 23.0074 48.8265 3
      vertex 23.0074 48.8265 0
    endloop
  endfacet
  facet normal -0.946896 0.321541 0
    outer loop
      vertex 23.0074 48.8265 3
      vertex 22.9548 48.6716 0
      vertex 22.9548 48.6716 3
    endloop
  endfacet
  facet normal -0.831674 0.555265 0
    outer loop
      vertex 22.7917 48.389 0
      vertex 22.8825 48.525 3
      vertex 22.8825 48.525 0
    endloop
  endfacet
  facet normal -0.831674 0.555265 0
    outer loop
      vertex 22.8825 48.525 3
      vertex 22.7917 48.389 0
      vertex 22.7917 48.389 3
    endloop
  endfacet
  facet normal -0.980768 0.195175 0
    outer loop
      vertex 23.0074 48.8265 0
      vertex 23.0393 48.9868 3
      vertex 23.0393 48.9868 0
    endloop
  endfacet
  facet normal -0.980768 0.195175 0
    outer loop
      vertex 23.0393 48.9868 3
      vertex 23.0074 48.8265 0
      vertex 23.0074 48.8265 3
    endloop
  endfacet
  facet normal 0.980768 -0.195175 0
    outer loop
      vertex 17.0607 49.3132 3
      vertex 17.0926 49.4735 0
      vertex 17.0926 49.4735 3
    endloop
  endfacet
  facet normal 0.980768 -0.195175 0
    outer loop
      vertex 17.0926 49.4735 0
      vertex 17.0607 49.3132 3
      vertex 17.0607 49.3132 0
    endloop
  endfacet
  facet normal 0.0654233 0.997858 -0
    outer loop
      vertex 18.3 47.9 0
      vertex 18.1368 47.9107 3
      vertex 18.3 47.9 3
    endloop
  endfacet
  facet normal 0.0654233 0.997858 0
    outer loop
      vertex 18.1368 47.9107 3
      vertex 18.3 47.9 0
      vertex 18.1368 47.9107 0
    endloop
  endfacet
  facet normal 0.831674 0.555265 0
    outer loop
      vertex 17.3083 48.389 3
      vertex 17.2175 48.525 0
      vertex 17.2175 48.525 3
    endloop
  endfacet
  facet normal 0.831674 0.555265 0
    outer loop
      vertex 17.2175 48.525 0
      vertex 17.3083 48.389 3
      vertex 17.3083 48.389 0
    endloop
  endfacet
  facet normal -0.555265 0.831674 0
    outer loop
      vertex 22.561 48.1583 0
      vertex 22.425 48.0675 3
      vertex 22.561 48.1583 3
    endloop
  endfacet
  facet normal -0.555265 0.831674 0
    outer loop
      vertex 22.425 48.0675 3
      vertex 22.561 48.1583 0
      vertex 22.425 48.0675 0
    endloop
  endfacet
  facet normal -0.896861 0.442313 0
    outer loop
      vertex 22.8825 48.525 0
      vertex 22.9548 48.6716 3
      vertex 22.9548 48.6716 0
    endloop
  endfacet
  facet normal -0.896861 0.442313 0
    outer loop
      vertex 22.9548 48.6716 3
      vertex 22.8825 48.525 0
      vertex 22.8825 48.525 3
    endloop
  endfacet
  facet normal -0.997858 0.0654233 0
    outer loop
      vertex 23.0393 48.9868 0
      vertex 23.05 49.15 3
      vertex 23.05 49.15 0
    endloop
  endfacet
  facet normal -0.997858 0.0654233 0
    outer loop
      vertex 23.05 49.15 3
      vertex 23.0393 48.9868 0
      vertex 23.0393 48.9868 3
    endloop
  endfacet
  facet normal 0.75178 0.659414 0
    outer loop
      vertex 17.4161 48.2661 3
      vertex 17.3083 48.389 0
      vertex 17.3083 48.389 3
    endloop
  endfacet
  facet normal 0.75178 0.659414 0
    outer loop
      vertex 17.3083 48.389 0
      vertex 17.4161 48.2661 3
      vertex 17.4161 48.2661 0
    endloop
  endfacet
  facet normal -0.980768 -0.195175 0
    outer loop
      vertex 50.9393 23.0132 0
      vertex 50.9074 23.1735 3
      vertex 50.9074 23.1735 0
    endloop
  endfacet
  facet normal -0.980768 -0.195175 0
    outer loop
      vertex 50.9074 23.1735 3
      vertex 50.9393 23.0132 0
      vertex 50.9393 23.0132 3
    endloop
  endfacet
  facet normal -0.947082 -0.320993 0
    outer loop
      vertex 50.9074 23.1735 0
      vertex 50.8549 23.3284 3
      vertex 50.8549 23.3284 0
    endloop
  endfacet
  facet normal -0.947082 -0.320993 0
    outer loop
      vertex 50.8549 23.3284 3
      vertex 50.9074 23.1735 0
      vertex 50.9074 23.1735 3
    endloop
  endfacet
  facet normal -0.321541 -0.946896 0
    outer loop
      vertex 50.0235 24.0574 0
      vertex 50.1784 24.0048 3
      vertex 50.0235 24.0574 3
    endloop
  endfacet
  facet normal -0.321541 -0.946896 -0
    outer loop
      vertex 50.1784 24.0048 3
      vertex 50.0235 24.0574 0
      vertex 50.1784 24.0048 0
    endloop
  endfacet
  facet normal -0.896618 -0.442805 0
    outer loop
      vertex 50.8549 23.3284 0
      vertex 50.7825 23.475 3
      vertex 50.7825 23.475 0
    endloop
  endfacet
  facet normal -0.896618 -0.442805 0
    outer loop
      vertex 50.7825 23.475 3
      vertex 50.8549 23.3284 0
      vertex 50.8549 23.3284 3
    endloop
  endfacet
  facet normal -0.0654233 -0.997858 0
    outer loop
      vertex 49.7 24.1 0
      vertex 49.8632 24.0893 3
      vertex 49.7 24.1 3
    endloop
  endfacet
  facet normal -0.0654233 -0.997858 -0
    outer loop
      vertex 49.8632 24.0893 3
      vertex 49.7 24.1 0
      vertex 49.8632 24.0893 0
    endloop
  endfacet
  facet normal -0.659414 -0.75178 0
    outer loop
      vertex 50.461 23.8417 0
      vertex 50.5839 23.7339 3
      vertex 50.461 23.8417 3
    endloop
  endfacet
  facet normal -0.659414 -0.75178 -0
    outer loop
      vertex 50.5839 23.7339 3
      vertex 50.461 23.8417 0
      vertex 50.5839 23.7339 0
    endloop
  endfacet
  facet normal -0.555265 -0.831674 0
    outer loop
      vertex 50.325 23.9325 0
      vertex 50.461 23.8417 3
      vertex 50.325 23.9325 3
    endloop
  endfacet
  facet normal -0.555265 -0.831674 -0
    outer loop
      vertex 50.461 23.8417 3
      vertex 50.325 23.9325 0
      vertex 50.461 23.8417 0
    endloop
  endfacet
  facet normal 0.555265 -0.831674 0
    outer loop
      vertex 45.439 23.8417 0
      vertex 45.575 23.9325 3
      vertex 45.439 23.8417 3
    endloop
  endfacet
  facet normal 0.555265 -0.831674 0
    outer loop
      vertex 45.575 23.9325 3
      vertex 45.439 23.8417 0
      vertex 45.575 23.9325 0
    endloop
  endfacet
  facet normal 0.0654233 0.997858 -0
    outer loop
      vertex 46.2 21.6 0
      vertex 46.0368 21.6107 3
      vertex 46.2 21.6 3
    endloop
  endfacet
  facet normal 0.0654233 0.997858 0
    outer loop
      vertex 46.0368 21.6107 3
      vertex 46.2 21.6 0
      vertex 46.0368 21.6107 0
    endloop
  endfacet
  facet normal -0.75178 -0.659414 0
    outer loop
      vertex 50.6917 23.611 0
      vertex 50.5839 23.7339 3
      vertex 50.5839 23.7339 0
    endloop
  endfacet
  facet normal -0.75178 -0.659414 0
    outer loop
      vertex 50.5839 23.7339 3
      vertex 50.6917 23.611 0
      vertex 50.6917 23.611 3
    endloop
  endfacet
  facet normal -0.442313 -0.896861 0
    outer loop
      vertex 50.1784 24.0048 0
      vertex 50.325 23.9325 3
      vertex 50.1784 24.0048 3
    endloop
  endfacet
  facet normal -0.442313 -0.896861 -0
    outer loop
      vertex 50.325 23.9325 3
      vertex 50.1784 24.0048 0
      vertex 50.325 23.9325 0
    endloop
  endfacet
  facet normal -0.195175 -0.980768 0
    outer loop
      vertex 49.8632 24.0893 0
      vertex 50.0235 24.0574 3
      vertex 49.8632 24.0893 3
    endloop
  endfacet
  facet normal -0.195175 -0.980768 -0
    outer loop
      vertex 50.0235 24.0574 3
      vertex 49.8632 24.0893 0
      vertex 50.0235 24.0574 0
    endloop
  endfacet
  facet normal 0 -1 0
    outer loop
      vertex 46.2 24.1 0
      vertex 49.7 24.1 3
      vertex 46.2 24.1 3
    endloop
  endfacet
  facet normal 0 -1 -0
    outer loop
      vertex 49.7 24.1 3
      vertex 46.2 24.1 0
      vertex 49.7 24.1 0
    endloop
  endfacet
  facet normal 0.831674 -0.555265 0
    outer loop
      vertex 45.1175 23.475 3
      vertex 45.2083 23.611 0
      vertex 45.2083 23.611 3
    endloop
  endfacet
  facet normal 0.831674 -0.555265 0
    outer loop
      vertex 45.2083 23.611 0
      vertex 45.1175 23.475 3
      vertex 45.1175 23.475 0
    endloop
  endfacet
  facet normal 0 1 -0
    outer loop
      vertex 49.7 21.6 0
      vertex 46.2 21.6 3
      vertex 49.7 21.6 3
    endloop
  endfacet
  facet normal 0 1 0
    outer loop
      vertex 46.2 21.6 3
      vertex 49.7 21.6 0
      vertex 46.2 21.6 0
    endloop
  endfacet
  facet normal -0.195175 0.980768 0
    outer loop
      vertex 50.0235 21.6426 0
      vertex 49.8632 21.6107 3
      vertex 50.0235 21.6426 3
    endloop
  endfacet
  facet normal -0.195175 0.980768 0
    outer loop
      vertex 49.8632 21.6107 3
      vertex 50.0235 21.6426 0
      vertex 49.8632 21.6107 0
    endloop
  endfacet
  facet normal -0.555265 0.831674 0
    outer loop
      vertex 50.461 21.8583 0
      vertex 50.325 21.7675 3
      vertex 50.461 21.8583 3
    endloop
  endfacet
  facet normal -0.555265 0.831674 0
    outer loop
      vertex 50.325 21.7675 3
      vertex 50.461 21.8583 0
      vertex 50.325 21.7675 0
    endloop
  endfacet
  facet normal -0.831674 -0.555265 0
    outer loop
      vertex 50.7825 23.475 0
      vertex 50.6917 23.611 3
      vertex 50.6917 23.611 0
    endloop
  endfacet
  facet normal -0.831674 -0.555265 0
    outer loop
      vertex 50.6917 23.611 3
      vertex 50.7825 23.475 0
      vertex 50.7825 23.475 3
    endloop
  endfacet
  facet normal 0.321541 -0.946896 0
    outer loop
      vertex 45.7216 24.0048 0
      vertex 45.8765 24.0574 3
      vertex 45.7216 24.0048 3
    endloop
  endfacet
  facet normal 0.321541 -0.946896 0
    outer loop
      vertex 45.8765 24.0574 3
      vertex 45.7216 24.0048 0
      vertex 45.8765 24.0574 0
    endloop
  endfacet
  facet normal 0.195175 -0.980768 0
    outer loop
      vertex 45.8765 24.0574 0
      vertex 46.0368 24.0893 3
      vertex 45.8765 24.0574 3
    endloop
  endfacet
  facet normal 0.195175 -0.980768 0
    outer loop
      vertex 46.0368 24.0893 3
      vertex 45.8765 24.0574 0
      vertex 46.0368 24.0893 0
    endloop
  endfacet
  facet normal 0.0654233 -0.997858 0
    outer loop
      vertex 46.0368 24.0893 0
      vertex 46.2 24.1 3
      vertex 46.0368 24.0893 3
    endloop
  endfacet
  facet normal 0.0654233 -0.997858 0
    outer loop
      vertex 46.2 24.1 3
      vertex 46.0368 24.0893 0
      vertex 46.2 24.1 0
    endloop
  endfacet
  facet normal 0.997858 0.0654233 0
    outer loop
      vertex 44.9607 22.6868 3
      vertex 44.95 22.85 0
      vertex 44.95 22.85 3
    endloop
  endfacet
  facet normal 0.997858 0.0654233 0
    outer loop
      vertex 44.95 22.85 0
      vertex 44.9607 22.6868 3
      vertex 44.9607 22.6868 0
    endloop
  endfacet
  facet normal 0.659414 0.75178 -0
    outer loop
      vertex 45.439 21.8583 0
      vertex 45.3161 21.9661 3
      vertex 45.439 21.8583 3
    endloop
  endfacet
  facet normal 0.659414 0.75178 0
    outer loop
      vertex 45.3161 21.9661 3
      vertex 45.439 21.8583 0
      vertex 45.3161 21.9661 0
    endloop
  endfacet
  facet normal 0.896861 0.442313 0
    outer loop
      vertex 45.1175 22.225 3
      vertex 45.0452 22.3716 0
      vertex 45.0452 22.3716 3
    endloop
  endfacet
  facet normal 0.896861 0.442313 0
    outer loop
      vertex 45.0452 22.3716 0
      vertex 45.1175 22.225 3
      vertex 45.1175 22.225 0
    endloop
  endfacet
  facet normal 0.442313 0.896861 -0
    outer loop
      vertex 45.7216 21.6952 0
      vertex 45.575 21.7675 3
      vertex 45.7216 21.6952 3
    endloop
  endfacet
  facet normal 0.442313 0.896861 0
    outer loop
      vertex 45.575 21.7675 3
      vertex 45.7216 21.6952 0
      vertex 45.575 21.7675 0
    endloop
  endfacet
  facet normal -0.0654233 0.997858 0
    outer loop
      vertex 49.8632 21.6107 0
      vertex 49.7 21.6 3
      vertex 49.8632 21.6107 3
    endloop
  endfacet
  facet normal -0.0654233 0.997858 0
    outer loop
      vertex 49.7 21.6 3
      vertex 49.8632 21.6107 0
      vertex 49.7 21.6 0
    endloop
  endfacet
  facet normal -0.997858 -0.0654233 0
    outer loop
      vertex 50.95 22.85 0
      vertex 50.9393 23.0132 3
      vertex 50.9393 23.0132 0
    endloop
  endfacet
  facet normal -0.997858 -0.0654233 0
    outer loop
      vertex 50.9393 23.0132 3
      vertex 50.95 22.85 0
      vertex 50.95 22.85 3
    endloop
  endfacet
  facet normal -0.659414 0.75178 0
    outer loop
      vertex 50.5839 21.9661 0
      vertex 50.461 21.8583 3
      vertex 50.5839 21.9661 3
    endloop
  endfacet
  facet normal -0.659414 0.75178 0
    outer loop
      vertex 50.461 21.8583 3
      vertex 50.5839 21.9661 0
      vertex 50.461 21.8583 0
    endloop
  endfacet
  facet normal -0.321541 0.946896 0
    outer loop
      vertex 50.1784 21.6952 0
      vertex 50.0235 21.6426 3
      vertex 50.1784 21.6952 3
    endloop
  endfacet
  facet normal -0.321541 0.946896 0
    outer loop
      vertex 50.0235 21.6426 3
      vertex 50.1784 21.6952 0
      vertex 50.0235 21.6426 0
    endloop
  endfacet
  facet normal 0.442313 -0.896861 0
    outer loop
      vertex 45.575 23.9325 0
      vertex 45.7216 24.0048 3
      vertex 45.575 23.9325 3
    endloop
  endfacet
  facet normal 0.442313 -0.896861 0
    outer loop
      vertex 45.7216 24.0048 3
      vertex 45.575 23.9325 0
      vertex 45.7216 24.0048 0
    endloop
  endfacet
  facet normal 0.659414 -0.75178 0
    outer loop
      vertex 45.3161 23.7339 0
      vertex 45.439 23.8417 3
      vertex 45.3161 23.7339 3
    endloop
  endfacet
  facet normal 0.659414 -0.75178 0
    outer loop
      vertex 45.439 23.8417 3
      vertex 45.3161 23.7339 0
      vertex 45.439 23.8417 0
    endloop
  endfacet
  facet normal 0.997858 -0.0654233 0
    outer loop
      vertex 44.95 22.85 3
      vertex 44.9607 23.0132 0
      vertex 44.9607 23.0132 3
    endloop
  endfacet
  facet normal 0.997858 -0.0654233 0
    outer loop
      vertex 44.9607 23.0132 0
      vertex 44.95 22.85 3
      vertex 44.95 22.85 0
    endloop
  endfacet
  facet normal 0.946896 -0.321541 0
    outer loop
      vertex 44.9926 23.1735 3
      vertex 45.0452 23.3284 0
      vertex 45.0452 23.3284 3
    endloop
  endfacet
  facet normal 0.946896 -0.321541 0
    outer loop
      vertex 45.0452 23.3284 0
      vertex 44.9926 23.1735 3
      vertex 44.9926 23.1735 0
    endloop
  endfacet
  facet normal 0.896861 -0.442313 0
    outer loop
      vertex 45.0452 23.3284 3
      vertex 45.1175 23.475 0
      vertex 45.1175 23.475 3
    endloop
  endfacet
  facet normal 0.896861 -0.442313 0
    outer loop
      vertex 45.1175 23.475 0
      vertex 45.0452 23.3284 3
      vertex 45.0452 23.3284 0
    endloop
  endfacet
  facet normal 0.980768 0.195175 0
    outer loop
      vertex 44.9926 22.5265 3
      vertex 44.9607 22.6868 0
      vertex 44.9607 22.6868 3
    endloop
  endfacet
  facet normal 0.980768 0.195175 0
    outer loop
      vertex 44.9607 22.6868 0
      vertex 44.9926 22.5265 3
      vertex 44.9926 22.5265 0
    endloop
  endfacet
  facet normal 0.946896 0.321541 0
    outer loop
      vertex 45.0452 22.3716 3
      vertex 44.9926 22.5265 0
      vertex 44.9926 22.5265 3
    endloop
  endfacet
  facet normal 0.946896 0.321541 0
    outer loop
      vertex 44.9926 22.5265 0
      vertex 45.0452 22.3716 3
      vertex 45.0452 22.3716 0
    endloop
  endfacet
  facet normal 0.195175 0.980768 -0
    outer loop
      vertex 46.0368 21.6107 0
      vertex 45.8765 21.6426 3
      vertex 46.0368 21.6107 3
    endloop
  endfacet
  facet normal 0.195175 0.980768 0
    outer loop
      vertex 45.8765 21.6426 3
      vertex 46.0368 21.6107 0
      vertex 45.8765 21.6426 0
    endloop
  endfacet
  facet normal 0.321541 0.946896 -0
    outer loop
      vertex 45.8765 21.6426 0
      vertex 45.7216 21.6952 3
      vertex 45.8765 21.6426 3
    endloop
  endfacet
  facet normal 0.321541 0.946896 0
    outer loop
      vertex 45.7216 21.6952 3
      vertex 45.8765 21.6426 0
      vertex 45.7216 21.6952 0
    endloop
  endfacet
  facet normal -0.831674 0.555265 0
    outer loop
      vertex 50.6917 22.089 0
      vertex 50.7825 22.225 3
      vertex 50.7825 22.225 0
    endloop
  endfacet
  facet normal -0.831674 0.555265 0
    outer loop
      vertex 50.7825 22.225 3
      vertex 50.6917 22.089 0
      vertex 50.6917 22.089 3
    endloop
  endfacet
  facet normal -0.947082 0.320993 0
    outer loop
      vertex 50.8549 22.3716 0
      vertex 50.9074 22.5265 3
      vertex 50.9074 22.5265 0
    endloop
  endfacet
  facet normal -0.947082 0.320993 0
    outer loop
      vertex 50.9074 22.5265 3
      vertex 50.8549 22.3716 0
      vertex 50.8549 22.3716 3
    endloop
  endfacet
  facet normal -0.980768 0.195175 0
    outer loop
      vertex 50.9074 22.5265 0
      vertex 50.9393 22.6868 3
      vertex 50.9393 22.6868 0
    endloop
  endfacet
  facet normal -0.980768 0.195175 0
    outer loop
      vertex 50.9393 22.6868 3
      vertex 50.9074 22.5265 0
      vertex 50.9074 22.5265 3
    endloop
  endfacet
  facet normal -0.75178 0.659414 0
    outer loop
      vertex 50.5839 21.9661 0
      vertex 50.6917 22.089 3
      vertex 50.6917 22.089 0
    endloop
  endfacet
  facet normal -0.75178 0.659414 0
    outer loop
      vertex 50.6917 22.089 3
      vertex 50.5839 21.9661 0
      vertex 50.5839 21.9661 3
    endloop
  endfacet
  facet normal -0.442313 0.896861 0
    outer loop
      vertex 50.325 21.7675 0
      vertex 50.1784 21.6952 3
      vertex 50.325 21.7675 3
    endloop
  endfacet
  facet normal -0.442313 0.896861 0
    outer loop
      vertex 50.1784 21.6952 3
      vertex 50.325 21.7675 0
      vertex 50.1784 21.6952 0
    endloop
  endfacet
  facet normal 0.75178 -0.659414 0
    outer loop
      vertex 45.2083 23.611 3
      vertex 45.3161 23.7339 0
      vertex 45.3161 23.7339 3
    endloop
  endfacet
  facet normal 0.75178 -0.659414 0
    outer loop
      vertex 45.3161 23.7339 0
      vertex 45.2083 23.611 3
      vertex 45.2083 23.611 0
    endloop
  endfacet
  facet normal 0.980768 -0.195175 0
    outer loop
      vertex 44.9607 23.0132 3
      vertex 44.9926 23.1735 0
      vertex 44.9926 23.1735 3
    endloop
  endfacet
  facet normal 0.980768 -0.195175 0
    outer loop
      vertex 44.9926 23.1735 0
      vertex 44.9607 23.0132 3
      vertex 44.9607 23.0132 0
    endloop
  endfacet
  facet normal 0.831674 0.555265 0
    outer loop
      vertex 45.2083 22.089 3
      vertex 45.1175 22.225 0
      vertex 45.1175 22.225 3
    endloop
  endfacet
  facet normal 0.831674 0.555265 0
    outer loop
      vertex 45.1175 22.225 0
      vertex 45.2083 22.089 3
      vertex 45.2083 22.089 0
    endloop
  endfacet
  facet normal 0.75178 0.659414 0
    outer loop
      vertex 45.3161 21.9661 3
      vertex 45.2083 22.089 0
      vertex 45.2083 22.089 3
    endloop
  endfacet
  facet normal 0.75178 0.659414 0
    outer loop
      vertex 45.2083 22.089 0
      vertex 45.3161 21.9661 3
      vertex 45.3161 21.9661 0
    endloop
  endfacet
  facet normal 0.555265 0.831674 -0
    outer loop
      vertex 45.575 21.7675 0
      vertex 45.439 21.8583 3
      vertex 45.575 21.7675 3
    endloop
  endfacet
  facet normal 0.555265 0.831674 0
    outer loop
      vertex 45.439 21.8583 3
      vertex 45.575 21.7675 0
      vertex 45.439 21.8583 0
    endloop
  endfacet
  facet normal -0.896618 0.442805 0
    outer loop
      vertex 50.7825 22.225 0
      vertex 50.8549 22.3716 3
      vertex 50.8549 22.3716 0
    endloop
  endfacet
  facet normal -0.896618 0.442805 0
    outer loop
      vertex 50.8549 22.3716 3
      vertex 50.7825 22.225 0
      vertex 50.7825 22.225 3
    endloop
  endfacet
  facet normal -0.997858 0.0654233 0
    outer loop
      vertex 50.9393 22.6868 0
      vertex 50.95 22.85 3
      vertex 50.95 22.85 0
    endloop
  endfacet
  facet normal -0.997858 0.0654233 0
    outer loop
      vertex 50.95 22.85 3
      vertex 50.9393 22.6868 0
      vertex 50.9393 22.6868 3
    endloop
  endfacet
  facet normal -0.980768 -0.195175 0
    outer loop
      vertex 50.9393 49.3132 0
      vertex 50.9074 49.4735 3
      vertex 50.9074 49.4735 0
    endloop
  endfacet
  facet normal -0.980768 -0.195175 0
    outer loop
      vertex 50.9074 49.4735 3
      vertex 50.9393 49.3132 0
      vertex 50.9393 49.3132 3
    endloop
  endfacet
  facet normal -0.321541 -0.946896 0
    outer loop
      vertex 50.0235 50.3574 0
      vertex 50.1784 50.3048 3
      vertex 50.0235 50.3574 3
    endloop
  endfacet
  facet normal -0.321541 -0.946896 -0
    outer loop
      vertex 50.1784 50.3048 3
      vertex 50.0235 50.3574 0
      vertex 50.1784 50.3048 0
    endloop
  endfacet
  facet normal -0.752046 -0.65911 0
    outer loop
      vertex 50.6917 49.9109 0
      vertex 50.5839 50.0339 3
      vertex 50.5839 50.0339 0
    endloop
  endfacet
  facet normal -0.752046 -0.65911 0
    outer loop
      vertex 50.5839 50.0339 3
      vertex 50.6917 49.9109 0
      vertex 50.6917 49.9109 3
    endloop
  endfacet
  facet normal -0.947082 -0.320993 0
    outer loop
      vertex 50.9074 49.4735 0
      vertex 50.8549 49.6284 3
      vertex 50.8549 49.6284 0
    endloop
  endfacet
  facet normal -0.947082 -0.320993 0
    outer loop
      vertex 50.8549 49.6284 3
      vertex 50.9074 49.4735 0
      vertex 50.9074 49.4735 3
    endloop
  endfacet
  facet normal -0.896618 -0.442805 0
    outer loop
      vertex 50.8549 49.6284 0
      vertex 50.7825 49.775 3
      vertex 50.7825 49.775 0
    endloop
  endfacet
  facet normal -0.896618 -0.442805 0
    outer loop
      vertex 50.7825 49.775 3
      vertex 50.8549 49.6284 0
      vertex 50.8549 49.6284 3
    endloop
  endfacet
  facet normal -0.555265 -0.831674 0
    outer loop
      vertex 50.325 50.2325 0
      vertex 50.461 50.1417 3
      vertex 50.325 50.2325 3
    endloop
  endfacet
  facet normal -0.555265 -0.831674 -0
    outer loop
      vertex 50.461 50.1417 3
      vertex 50.325 50.2325 0
      vertex 50.461 50.1417 0
    endloop
  endfacet
  facet normal -0.442313 -0.896861 0
    outer loop
      vertex 50.1784 50.3048 0
      vertex 50.325 50.2325 3
      vertex 50.1784 50.3048 3
    endloop
  endfacet
  facet normal -0.442313 -0.896861 -0
    outer loop
      vertex 50.325 50.2325 3
      vertex 50.1784 50.3048 0
      vertex 50.325 50.2325 0
    endloop
  endfacet
  facet normal -0.659414 -0.75178 0
    outer loop
      vertex 50.461 50.1417 0
      vertex 50.5839 50.0339 3
      vertex 50.461 50.1417 3
    endloop
  endfacet
  facet normal -0.659414 -0.75178 -0
    outer loop
      vertex 50.5839 50.0339 3
      vertex 50.461 50.1417 0
      vertex 50.5839 50.0339 0
    endloop
  endfacet
  facet normal 0 -1 0
    outer loop
      vertex 46.2 50.4 0
      vertex 49.7 50.4 3
      vertex 46.2 50.4 3
    endloop
  endfacet
  facet normal 0 -1 -0
    outer loop
      vertex 49.7 50.4 3
      vertex 46.2 50.4 0
      vertex 49.7 50.4 0
    endloop
  endfacet
  facet normal 0.0654233 -0.997858 0
    outer loop
      vertex 46.0368 50.3893 0
      vertex 46.2 50.4 3
      vertex 46.0368 50.3893 3
    endloop
  endfacet
  facet normal 0.0654233 -0.997858 0
    outer loop
      vertex 46.2 50.4 3
      vertex 46.0368 50.3893 0
      vertex 46.2 50.4 0
    endloop
  endfacet
  facet normal 0 1 -0
    outer loop
      vertex 49.7 47.9 0
      vertex 46.2 47.9 3
      vertex 49.7 47.9 3
    endloop
  endfacet
  facet normal 0 1 0
    outer loop
      vertex 46.2 47.9 3
      vertex 49.7 47.9 0
      vertex 46.2 47.9 0
    endloop
  endfacet
  facet normal -0.831485 -0.555547 0
    outer loop
      vertex 50.7825 49.775 0
      vertex 50.6917 49.9109 3
      vertex 50.6917 49.9109 0
    endloop
  endfacet
  facet normal -0.831485 -0.555547 0
    outer loop
      vertex 50.6917 49.9109 3
      vertex 50.7825 49.775 0
      vertex 50.7825 49.775 3
    endloop
  endfacet
  facet normal 0.195175 -0.980768 0
    outer loop
      vertex 45.8765 50.3574 0
      vertex 46.0368 50.3893 3
      vertex 45.8765 50.3574 3
    endloop
  endfacet
  facet normal 0.195175 -0.980768 0
    outer loop
      vertex 46.0368 50.3893 3
      vertex 45.8765 50.3574 0
      vertex 46.0368 50.3893 0
    endloop
  endfacet
  facet normal 0.442313 0.896861 -0
    outer loop
      vertex 45.7216 47.9952 0
      vertex 45.575 48.0675 3
      vertex 45.7216 47.9952 3
    endloop
  endfacet
  facet normal 0.442313 0.896861 0
    outer loop
      vertex 45.575 48.0675 3
      vertex 45.7216 47.9952 0
      vertex 45.575 48.0675 0
    endloop
  endfacet
  facet normal 0.442313 -0.896861 0
    outer loop
      vertex 45.575 50.2325 0
      vertex 45.7216 50.3048 3
      vertex 45.575 50.2325 3
    endloop
  endfacet
  facet normal 0.442313 -0.896861 0
    outer loop
      vertex 45.7216 50.3048 3
      vertex 45.575 50.2325 0
      vertex 45.7216 50.3048 0
    endloop
  endfacet
  facet normal -0.0654233 -0.997858 0
    outer loop
      vertex 49.7 50.4 0
      vertex 49.8632 50.3893 3
      vertex 49.7 50.4 3
    endloop
  endfacet
  facet normal -0.0654233 -0.997858 -0
    outer loop
      vertex 49.8632 50.3893 3
      vertex 49.7 50.4 0
      vertex 49.8632 50.3893 0
    endloop
  endfacet
  facet normal -0.195175 -0.980768 0
    outer loop
      vertex 49.8632 50.3893 0
      vertex 50.0235 50.3574 3
      vertex 49.8632 50.3893 3
    endloop
  endfacet
  facet normal -0.195175 -0.980768 -0
    outer loop
      vertex 50.0235 50.3574 3
      vertex 49.8632 50.3893 0
      vertex 50.0235 50.3574 0
    endloop
  endfacet
  facet normal 0.659414 -0.75178 0
    outer loop
      vertex 45.3161 50.0339 0
      vertex 45.439 50.1417 3
      vertex 45.3161 50.0339 3
    endloop
  endfacet
  facet normal 0.659414 -0.75178 0
    outer loop
      vertex 45.439 50.1417 3
      vertex 45.3161 50.0339 0
      vertex 45.439 50.1417 0
    endloop
  endfacet
  facet normal 0.555265 -0.831674 0
    outer loop
      vertex 45.439 50.1417 0
      vertex 45.575 50.2325 3
      vertex 45.439 50.1417 3
    endloop
  endfacet
  facet normal 0.555265 -0.831674 0
    outer loop
      vertex 45.575 50.2325 3
      vertex 45.439 50.1417 0
      vertex 45.575 50.2325 0
    endloop
  endfacet
  facet normal 0.997858 0.0654233 0
    outer loop
      vertex 44.9607 48.9868 3
      vertex 44.95 49.15 0
      vertex 44.95 49.15 3
    endloop
  endfacet
  facet normal 0.997858 0.0654233 0
    outer loop
      vertex 44.95 49.15 0
      vertex 44.9607 48.9868 3
      vertex 44.9607 48.9868 0
    endloop
  endfacet
  facet normal 0.896861 0.442313 0
    outer loop
      vertex 45.1175 48.525 3
      vertex 45.0452 48.6716 0
      vertex 45.0452 48.6716 3
    endloop
  endfacet
  facet normal 0.896861 0.442313 0
    outer loop
      vertex 45.0452 48.6716 0
      vertex 45.1175 48.525 3
      vertex 45.1175 48.525 0
    endloop
  endfacet
  facet normal -0.0654233 0.997858 0
    outer loop
      vertex 49.8632 47.9107 0
      vertex 49.7 47.9 3
      vertex 49.8632 47.9107 3
    endloop
  endfacet
  facet normal -0.0654233 0.997858 0
    outer loop
      vertex 49.7 47.9 3
      vertex 49.8632 47.9107 0
      vertex 49.7 47.9 0
    endloop
  endfacet
  facet normal -0.195175 0.980768 0
    outer loop
      vertex 50.0235 47.9426 0
      vertex 49.8632 47.9107 3
      vertex 50.0235 47.9426 3
    endloop
  endfacet
  facet normal -0.195175 0.980768 0
    outer loop
      vertex 49.8632 47.9107 3
      vertex 50.0235 47.9426 0
      vertex 49.8632 47.9107 0
    endloop
  endfacet
  facet normal -0.659414 0.75178 0
    outer loop
      vertex 50.5839 48.2661 0
      vertex 50.461 48.1583 3
      vertex 50.5839 48.2661 3
    endloop
  endfacet
  facet normal -0.659414 0.75178 0
    outer loop
      vertex 50.461 48.1583 3
      vertex 50.5839 48.2661 0
      vertex 50.461 48.1583 0
    endloop
  endfacet
  facet normal -0.321541 0.946896 0
    outer loop
      vertex 50.1784 47.9952 0
      vertex 50.0235 47.9426 3
      vertex 50.1784 47.9952 3
    endloop
  endfacet
  facet normal -0.321541 0.946896 0
    outer loop
      vertex 50.0235 47.9426 3
      vertex 50.1784 47.9952 0
      vertex 50.0235 47.9426 0
    endloop
  endfacet
  facet normal -0.997858 -0.0654233 0
    outer loop
      vertex 50.95 49.15 0
      vertex 50.9393 49.3132 3
      vertex 50.9393 49.3132 0
    endloop
  endfacet
  facet normal -0.997858 -0.0654233 0
    outer loop
      vertex 50.9393 49.3132 3
      vertex 50.95 49.15 0
      vertex 50.95 49.15 3
    endloop
  endfacet
  facet normal 0.321541 -0.946896 0
    outer loop
      vertex 45.7216 50.3048 0
      vertex 45.8765 50.3574 3
      vertex 45.7216 50.3048 3
    endloop
  endfacet
  facet normal 0.321541 -0.946896 0
    outer loop
      vertex 45.8765 50.3574 3
      vertex 45.7216 50.3048 0
      vertex 45.8765 50.3574 0
    endloop
  endfacet
  facet normal 0.752046 -0.65911 0
    outer loop
      vertex 45.2083 49.9109 3
      vertex 45.3161 50.0339 0
      vertex 45.3161 50.0339 3
    endloop
  endfacet
  facet normal 0.752046 -0.65911 0
    outer loop
      vertex 45.3161 50.0339 0
      vertex 45.2083 49.9109 3
      vertex 45.2083 49.9109 0
    endloop
  endfacet
  facet normal 0.997858 -0.0654233 0
    outer loop
      vertex 44.95 49.15 3
      vertex 44.9607 49.3132 0
      vertex 44.9607 49.3132 3
    endloop
  endfacet
  facet normal 0.997858 -0.0654233 0
    outer loop
      vertex 44.9607 49.3132 0
      vertex 44.95 49.15 3
      vertex 44.95 49.15 0
    endloop
  endfacet
  facet normal 0.946896 -0.321541 0
    outer loop
      vertex 44.9926 49.4735 3
      vertex 45.0452 49.6284 0
      vertex 45.0452 49.6284 3
    endloop
  endfacet
  facet normal 0.946896 -0.321541 0
    outer loop
      vertex 45.0452 49.6284 0
      vertex 44.9926 49.4735 3
      vertex 44.9926 49.4735 0
    endloop
  endfacet
  facet normal 0.896861 -0.442313 0
    outer loop
      vertex 45.0452 49.6284 3
      vertex 45.1175 49.775 0
      vertex 45.1175 49.775 3
    endloop
  endfacet
  facet normal 0.896861 -0.442313 0
    outer loop
      vertex 45.1175 49.775 0
      vertex 45.0452 49.6284 3
      vertex 45.0452 49.6284 0
    endloop
  endfacet
  facet normal 0.195175 0.980768 -0
    outer loop
      vertex 46.0368 47.9107 0
      vertex 45.8765 47.9426 3
      vertex 46.0368 47.9107 3
    endloop
  endfacet
  facet normal 0.195175 0.980768 0
    outer loop
      vertex 45.8765 47.9426 3
      vertex 46.0368 47.9107 0
      vertex 45.8765 47.9426 0
    endloop
  endfacet
  facet normal 0.321541 0.946896 -0
    outer loop
      vertex 45.8765 47.9426 0
      vertex 45.7216 47.9952 3
      vertex 45.8765 47.9426 3
    endloop
  endfacet
  facet normal 0.321541 0.946896 0
    outer loop
      vertex 45.7216 47.9952 3
      vertex 45.8765 47.9426 0
      vertex 45.7216 47.9952 0
    endloop
  endfacet
  facet normal 0.659414 0.75178 -0
    outer loop
      vertex 45.439 48.1583 0
      vertex 45.3161 48.2661 3
      vertex 45.439 48.1583 3
    endloop
  endfacet
  facet normal 0.659414 0.75178 0
    outer loop
      vertex 45.3161 48.2661 3
      vertex 45.439 48.1583 0
      vertex 45.3161 48.2661 0
    endloop
  endfacet
  facet normal 0.555265 0.831674 -0
    outer loop
      vertex 45.575 48.0675 0
      vertex 45.439 48.1583 3
      vertex 45.575 48.0675 3
    endloop
  endfacet
  facet normal 0.555265 0.831674 0
    outer loop
      vertex 45.439 48.1583 3
      vertex 45.575 48.0675 0
      vertex 45.439 48.1583 0
    endloop
  endfacet
  facet normal 0.980768 0.195175 0
    outer loop
      vertex 44.9926 48.8265 3
      vertex 44.9607 48.9868 0
      vertex 44.9607 48.9868 3
    endloop
  endfacet
  facet normal 0.980768 0.195175 0
    outer loop
      vertex 44.9607 48.9868 0
      vertex 44.9926 48.8265 3
      vertex 44.9926 48.8265 0
    endloop
  endfacet
  facet normal 0.946896 0.321541 0
    outer loop
      vertex 45.0452 48.6716 3
      vertex 44.9926 48.8265 0
      vertex 44.9926 48.8265 3
    endloop
  endfacet
  facet normal 0.946896 0.321541 0
    outer loop
      vertex 44.9926 48.8265 0
      vertex 45.0452 48.6716 3
      vertex 45.0452 48.6716 0
    endloop
  endfacet
  facet normal -0.75178 0.659414 0
    outer loop
      vertex 50.5839 48.2661 0
      vertex 50.6917 48.389 3
      vertex 50.6917 48.389 0
    endloop
  endfacet
  facet normal -0.75178 0.659414 0
    outer loop
      vertex 50.6917 48.389 3
      vertex 50.5839 48.2661 0
      vertex 50.5839 48.2661 3
    endloop
  endfacet
  facet normal -0.442313 0.896861 0
    outer loop
      vertex 50.325 48.0675 0
      vertex 50.1784 47.9952 3
      vertex 50.325 48.0675 3
    endloop
  endfacet
  facet normal -0.442313 0.896861 0
    outer loop
      vertex 50.1784 47.9952 3
      vertex 50.325 48.0675 0
      vertex 50.1784 47.9952 0
    endloop
  endfacet
  facet normal -0.947082 0.320993 0
    outer loop
      vertex 50.8549 48.6716 0
      vertex 50.9074 48.8265 3
      vertex 50.9074 48.8265 0
    endloop
  endfacet
  facet normal -0.947082 0.320993 0
    outer loop
      vertex 50.9074 48.8265 3
      vertex 50.8549 48.6716 0
      vertex 50.8549 48.6716 3
    endloop
  endfacet
  facet normal -0.831674 0.555265 0
    outer loop
      vertex 50.6917 48.389 0
      vertex 50.7825 48.525 3
      vertex 50.7825 48.525 0
    endloop
  endfacet
  facet normal -0.831674 0.555265 0
    outer loop
      vertex 50.7825 48.525 3
      vertex 50.6917 48.389 0
      vertex 50.6917 48.389 3
    endloop
  endfacet
  facet normal -0.980768 0.195175 0
    outer loop
      vertex 50.9074 48.8265 0
      vertex 50.9393 48.9868 3
      vertex 50.9393 48.9868 0
    endloop
  endfacet
  facet normal -0.980768 0.195175 0
    outer loop
      vertex 50.9393 48.9868 3
      vertex 50.9074 48.8265 0
      vertex 50.9074 48.8265 3
    endloop
  endfacet
  facet normal 0.831485 -0.555547 0
    outer loop
      vertex 45.1175 49.775 3
      vertex 45.2083 49.9109 0
      vertex 45.2083 49.9109 3
    endloop
  endfacet
  facet normal 0.831485 -0.555547 0
    outer loop
      vertex 45.2083 49.9109 0
      vertex 45.1175 49.775 3
      vertex 45.1175 49.775 0
    endloop
  endfacet
  facet normal 0.980768 -0.195175 0
    outer loop
      vertex 44.9607 49.3132 3
      vertex 44.9926 49.4735 0
      vertex 44.9926 49.4735 3
    endloop
  endfacet
  facet normal 0.980768 -0.195175 0
    outer loop
      vertex 44.9926 49.4735 0
      vertex 44.9607 49.3132 3
      vertex 44.9607 49.3132 0
    endloop
  endfacet
  facet normal 0.0654233 0.997858 -0
    outer loop
      vertex 46.2 47.9 0
      vertex 46.0368 47.9107 3
      vertex 46.2 47.9 3
    endloop
  endfacet
  facet normal 0.0654233 0.997858 0
    outer loop
      vertex 46.0368 47.9107 3
      vertex 46.2 47.9 0
      vertex 46.0368 47.9107 0
    endloop
  endfacet
  facet normal 0.831674 0.555265 0
    outer loop
      vertex 45.2083 48.389 3
      vertex 45.1175 48.525 0
      vertex 45.1175 48.525 3
    endloop
  endfacet
  facet normal 0.831674 0.555265 0
    outer loop
      vertex 45.1175 48.525 0
      vertex 45.2083 48.389 3
      vertex 45.2083 48.389 0
    endloop
  endfacet
  facet normal -0.555265 0.831674 0
    outer loop
      vertex 50.461 48.1583 0
      vertex 50.325 48.0675 3
      vertex 50.461 48.1583 3
    endloop
  endfacet
  facet normal -0.555265 0.831674 0
    outer loop
      vertex 50.325 48.0675 3
      vertex 50.461 48.1583 0
      vertex 50.325 48.0675 0
    endloop
  endfacet
  facet normal -0.896618 0.442805 0
    outer loop
      vertex 50.7825 48.525 0
      vertex 50.8549 48.6716 3
      vertex 50.8549 48.6716 0
    endloop
  endfacet
  facet normal -0.896618 0.442805 0
    outer loop
      vertex 50.8549 48.6716 3
      vertex 50.7825 48.525 0
      vertex 50.7825 48.525 3
    endloop
  endfacet
  facet normal -0.997858 0.0654233 0
    outer loop
      vertex 50.9393 48.9868 0
      vertex 50.95 49.15 3
      vertex 50.95 49.15 0
    endloop
  endfacet
  facet normal -0.997858 0.0654233 0
    outer loop
      vertex 50.95 49.15 3
      vertex 50.9393 48.9868 0
      vertex 50.9393 48.9868 3
    endloop
  endfacet
  facet normal 0.75178 0.659414 0
    outer loop
      vertex 45.3161 48.2661 3
      vertex 45.2083 48.389 0
      vertex 45.2083 48.389 3
    endloop
  endfacet
  facet normal 0.75178 0.659414 0
    outer loop
      vertex 45.2083 48.389 0
      vertex 45.3161 48.2661 3
      vertex 45.3161 48.2661 0
    endloop
  endfacet
  facet normal -0.555523 -0.831501 0
    outer loop
      vertex -43.5 -28.2058 0
      vertex -42.5211 -28.8598 3
      vertex -43.5 -28.2058 3
    endloop
  endfacet
  facet normal -0.555523 -0.831501 -0
    outer loop
      vertex -42.5211 -28.8598 3
      vertex -43.5 -28.2058 0
      vertex -42.5211 -28.8598 0
    endloop
  endfacet
  facet normal -0.980783 0.195103 0
    outer loop
      vertex -39.3067 -38.3294 0
      vertex -39.077 -37.1747 3
      vertex -39.077 -37.1747 0
    endloop
  endfacet
  facet normal -0.980783 0.195103 0
    outer loop
      vertex -39.077 -37.1747 3
      vertex -39.3067 -38.3294 0
      vertex -39.3067 -38.3294 3
    endloop
  endfacet
  facet normal 0.44228 -0.896877 0
    outer loop
      vertex -52.5 -28.2058 0
      vertex -51.4441 -27.6851 3
      vertex -52.5 -28.2058 3
    endloop
  endfacet
  facet normal 0.44228 -0.896877 0
    outer loop
      vertex -51.4441 -27.6851 3
      vertex -52.5 -28.2058 0
      vertex -51.4441 -27.6851 0
    endloop
  endfacet
  facet normal 0.89686 -0.442314 0
    outer loop
      vertex -56.3149 -32.5558 3
      vertex -55.7942 -31.5 0
      vertex -55.7942 -31.5 3
    endloop
  endfacet
  facet normal 0.89686 -0.442314 0
    outer loop
      vertex -55.7942 -31.5 0
      vertex -56.3149 -32.5558 3
      vertex -56.3149 -32.5558 0
    endloop
  endfacet
  facet normal -0.997859 0.0654083 0
    outer loop
      vertex -39.077 -37.1747 0
      vertex -39 -36 3
      vertex -39 -36 0
    endloop
  endfacet
  facet normal -0.997859 0.0654083 0
    outer loop
      vertex -39 -36 3
      vertex -39.077 -37.1747 0
      vertex -39.077 -37.1747 3
    endloop
  endfacet
  facet normal 0.946927 0.321447 0
    outer loop
      vertex -56.3149 -39.4441 3
      vertex -56.6933 -38.3294 0
      vertex -56.6933 -38.3294 3
    endloop
  endfacet
  facet normal 0.946927 0.321447 0
    outer loop
      vertex -56.6933 -38.3294 0
      vertex -56.3149 -39.4441 3
      vertex -56.3149 -39.4441 0
    endloop
  endfacet
  facet normal -0.89686 -0.442314 0
    outer loop
      vertex -39.6851 -32.5558 0
      vertex -40.2058 -31.5 3
      vertex -40.2058 -31.5 0
    endloop
  endfacet
  facet normal -0.89686 -0.442314 0
    outer loop
      vertex -40.2058 -31.5 3
      vertex -39.6851 -32.5558 0
      vertex -39.6851 -32.5558 3
    endloop
  endfacet
  facet normal -0.831501 -0.555523 0
    outer loop
      vertex -40.2058 -31.5 0
      vertex -40.8598 -30.5211 3
      vertex -40.8598 -30.5211 0
    endloop
  endfacet
  facet normal -0.831501 -0.555523 0
    outer loop
      vertex -40.8598 -30.5211 3
      vertex -40.2058 -31.5 0
      vertex -40.2058 -31.5 3
    endloop
  endfacet
  facet normal -0.321421 -0.946936 0
    outer loop
      vertex -45.6706 -27.3067 0
      vertex -44.5558 -27.6851 3
      vertex -45.6706 -27.3067 3
    endloop
  endfacet
  facet normal -0.321421 -0.946936 -0
    outer loop
      vertex -44.5558 -27.6851 3
      vertex -45.6706 -27.3067 0
      vertex -44.5558 -27.6851 0
    endloop
  endfacet
  facet normal -0.195103 -0.980783 0
    outer loop
      vertex -46.8253 -27.077 0
      vertex -45.6706 -27.3067 3
      vertex -46.8253 -27.077 3
    endloop
  endfacet
  facet normal -0.195103 -0.980783 -0
    outer loop
      vertex -45.6706 -27.3067 3
      vertex -46.8253 -27.077 0
      vertex -45.6706 -27.3067 0
    endloop
  endfacet
  facet normal 0.997859 -0.0654083 0
    outer loop
      vertex -57 -36 3
      vertex -56.923 -34.8253 0
      vertex -56.923 -34.8253 3
    endloop
  endfacet
  facet normal 0.997859 -0.0654083 0
    outer loop
      vertex -56.923 -34.8253 0
      vertex -57 -36 3
      vertex -57 -36 0
    endloop
  endfacet
  facet normal 0.831501 -0.555523 0
    outer loop
      vertex -55.7942 -31.5 3
      vertex -55.1402 -30.5211 0
      vertex -55.1402 -30.5211 3
    endloop
  endfacet
  facet normal 0.831501 -0.555523 0
    outer loop
      vertex -55.1402 -30.5211 0
      vertex -55.7942 -31.5 3
      vertex -55.7942 -31.5 0
    endloop
  endfacet
  facet normal 0.555523 -0.831501 0
    outer loop
      vertex -53.4789 -28.8598 0
      vertex -52.5 -28.2058 3
      vertex -53.4789 -28.8598 3
    endloop
  endfacet
  facet normal 0.555523 -0.831501 0
    outer loop
      vertex -52.5 -28.2058 3
      vertex -53.4789 -28.8598 0
      vertex -52.5 -28.2058 0
    endloop
  endfacet
  facet normal 0.321447 -0.946927 0
    outer loop
      vertex -51.4441 -27.6851 0
      vertex -50.3294 -27.3067 3
      vertex -51.4441 -27.6851 3
    endloop
  endfacet
  facet normal 0.321447 -0.946927 0
    outer loop
      vertex -50.3294 -27.3067 3
      vertex -51.4441 -27.6851 0
      vertex -50.3294 -27.3067 0
    endloop
  endfacet
  facet normal -0.946927 0.321447 0
    outer loop
      vertex -39.6851 -39.4441 0
      vertex -39.3067 -38.3294 3
      vertex -39.3067 -38.3294 0
    endloop
  endfacet
  facet normal -0.946927 0.321447 0
    outer loop
      vertex -39.3067 -38.3294 3
      vertex -39.6851 -39.4441 0
      vertex -39.6851 -39.4441 3
    endloop
  endfacet
  facet normal -0.555523 0.831501 0
    outer loop
      vertex -42.5211 -43.1402 0
      vertex -43.5 -43.7942 3
      vertex -42.5211 -43.1402 3
    endloop
  endfacet
  facet normal -0.555523 0.831501 0
    outer loop
      vertex -43.5 -43.7942 3
      vertex -42.5211 -43.1402 0
      vertex -43.5 -43.7942 0
    endloop
  endfacet
  facet normal 0.0654083 0.997859 -0
    outer loop
      vertex -48 -45 0
      vertex -49.1747 -44.923 3
      vertex -48 -45 3
    endloop
  endfacet
  facet normal 0.0654083 0.997859 0
    outer loop
      vertex -49.1747 -44.923 3
      vertex -48 -45 0
      vertex -49.1747 -44.923 0
    endloop
  endfacet
  facet normal 0.65934 0.751845 -0
    outer loop
      vertex -53.4789 -43.1402 0
      vertex -54.364 -42.364 3
      vertex -53.4789 -43.1402 3
    endloop
  endfacet
  facet normal 0.65934 0.751845 0
    outer loop
      vertex -54.364 -42.364 3
      vertex -53.4789 -43.1402 0
      vertex -54.364 -42.364 0
    endloop
  endfacet
  facet normal 0.896877 0.44228 0
    outer loop
      vertex -55.7942 -40.5 3
      vertex -56.3149 -39.4441 0
      vertex -56.3149 -39.4441 3
    endloop
  endfacet
  facet normal 0.896877 0.44228 0
    outer loop
      vertex -56.3149 -39.4441 0
      vertex -55.7942 -40.5 3
      vertex -55.7942 -40.5 0
    endloop
  endfacet
  facet normal 0.997859 0.0654083 0
    outer loop
      vertex -56.923 -37.1747 3
      vertex -57 -36 0
      vertex -57 -36 3
    endloop
  endfacet
  facet normal 0.997859 0.0654083 0
    outer loop
      vertex -57 -36 0
      vertex -56.923 -37.1747 3
      vertex -56.923 -37.1747 0
    endloop
  endfacet
  facet normal -0.946936 -0.321421 0
    outer loop
      vertex -39.3067 -33.6706 0
      vertex -39.6851 -32.5558 3
      vertex -39.6851 -32.5558 0
    endloop
  endfacet
  facet normal -0.946936 -0.321421 0
    outer loop
      vertex -39.6851 -32.5558 3
      vertex -39.3067 -33.6706 0
      vertex -39.3067 -33.6706 3
    endloop
  endfacet
  facet normal -0.751845 -0.65934 0
    outer loop
      vertex -40.8598 -30.5211 0
      vertex -41.636 -29.636 3
      vertex -41.636 -29.636 0
    endloop
  endfacet
  facet normal -0.751845 -0.65934 0
    outer loop
      vertex -41.636 -29.636 3
      vertex -40.8598 -30.5211 0
      vertex -40.8598 -30.5211 3
    endloop
  endfacet
  facet normal -0.65934 -0.751845 0
    outer loop
      vertex -42.5211 -28.8598 0
      vertex -41.636 -29.636 3
      vertex -42.5211 -28.8598 3
    endloop
  endfacet
  facet normal -0.65934 -0.751845 -0
    outer loop
      vertex -41.636 -29.636 3
      vertex -42.5211 -28.8598 0
      vertex -41.636 -29.636 0
    endloop
  endfacet
  facet normal -0.442314 -0.89686 0
    outer loop
      vertex -44.5558 -27.6851 0
      vertex -43.5 -28.2058 3
      vertex -44.5558 -27.6851 3
    endloop
  endfacet
  facet normal -0.442314 -0.89686 -0
    outer loop
      vertex -43.5 -28.2058 3
      vertex -44.5558 -27.6851 0
      vertex -43.5 -28.2058 0
    endloop
  endfacet
  facet normal 0.0654083 -0.997859 0
    outer loop
      vertex -49.1747 -27.077 0
      vertex -48 -27 3
      vertex -49.1747 -27.077 3
    endloop
  endfacet
  facet normal 0.0654083 -0.997859 0
    outer loop
      vertex -48 -27 3
      vertex -49.1747 -27.077 0
      vertex -48 -27 0
    endloop
  endfacet
  facet normal 0.946936 -0.321421 0
    outer loop
      vertex -56.6933 -33.6706 3
      vertex -56.3149 -32.5558 0
      vertex -56.3149 -32.5558 3
    endloop
  endfacet
  facet normal 0.946936 -0.321421 0
    outer loop
      vertex -56.3149 -32.5558 0
      vertex -56.6933 -33.6706 3
      vertex -56.6933 -33.6706 0
    endloop
  endfacet
  facet normal 0.980783 -0.195103 0
    outer loop
      vertex -56.923 -34.8253 3
      vertex -56.6933 -33.6706 0
      vertex -56.6933 -33.6706 3
    endloop
  endfacet
  facet normal 0.980783 -0.195103 0
    outer loop
      vertex -56.6933 -33.6706 0
      vertex -56.923 -34.8253 3
      vertex -56.923 -34.8253 0
    endloop
  endfacet
  facet normal 0.195103 -0.980783 0
    outer loop
      vertex -50.3294 -27.3067 0
      vertex -49.1747 -27.077 3
      vertex -50.3294 -27.3067 3
    endloop
  endfacet
  facet normal 0.195103 -0.980783 0
    outer loop
      vertex -49.1747 -27.077 3
      vertex -50.3294 -27.3067 0
      vertex -49.1747 -27.077 0
    endloop
  endfacet
  facet normal 0.65934 -0.751845 0
    outer loop
      vertex -54.364 -29.636 0
      vertex -53.4789 -28.8598 3
      vertex -54.364 -29.636 3
    endloop
  endfacet
  facet normal 0.65934 -0.751845 0
    outer loop
      vertex -53.4789 -28.8598 3
      vertex -54.364 -29.636 0
      vertex -53.4789 -28.8598 0
    endloop
  endfacet
  facet normal 0.751845 -0.65934 0
    outer loop
      vertex -55.1402 -30.5211 3
      vertex -54.364 -29.636 0
      vertex -54.364 -29.636 3
    endloop
  endfacet
  facet normal 0.751845 -0.65934 0
    outer loop
      vertex -54.364 -29.636 0
      vertex -55.1402 -30.5211 3
      vertex -55.1402 -30.5211 0
    endloop
  endfacet
  facet normal -0.997859 -0.0654083 0
    outer loop
      vertex -39 -36 0
      vertex -39.077 -34.8253 3
      vertex -39.077 -34.8253 0
    endloop
  endfacet
  facet normal -0.997859 -0.0654083 0
    outer loop
      vertex -39.077 -34.8253 3
      vertex -39 -36 0
      vertex -39 -36 3
    endloop
  endfacet
  facet normal -0.0654083 0.997859 0
    outer loop
      vertex -46.8253 -44.923 0
      vertex -48 -45 3
      vertex -46.8253 -44.923 3
    endloop
  endfacet
  facet normal -0.0654083 0.997859 0
    outer loop
      vertex -48 -45 3
      vertex -46.8253 -44.923 0
      vertex -48 -45 0
    endloop
  endfacet
  facet normal -0.831501 0.555523 0
    outer loop
      vertex -40.8598 -41.4789 0
      vertex -40.2058 -40.5 3
      vertex -40.2058 -40.5 0
    endloop
  endfacet
  facet normal -0.831501 0.555523 0
    outer loop
      vertex -40.2058 -40.5 3
      vertex -40.8598 -41.4789 0
      vertex -40.8598 -41.4789 3
    endloop
  endfacet
  facet normal -0.896877 0.44228 0
    outer loop
      vertex -40.2058 -40.5 0
      vertex -39.6851 -39.4441 3
      vertex -39.6851 -39.4441 0
    endloop
  endfacet
  facet normal -0.896877 0.44228 0
    outer loop
      vertex -39.6851 -39.4441 3
      vertex -40.2058 -40.5 0
      vertex -40.2058 -40.5 3
    endloop
  endfacet
  facet normal -0.195103 0.980783 0
    outer loop
      vertex -45.6706 -44.6933 0
      vertex -46.8253 -44.923 3
      vertex -45.6706 -44.6933 3
    endloop
  endfacet
  facet normal -0.195103 0.980783 0
    outer loop
      vertex -46.8253 -44.923 3
      vertex -45.6706 -44.6933 0
      vertex -46.8253 -44.923 0
    endloop
  endfacet
  facet normal -0.321421 0.946936 0
    outer loop
      vertex -44.5558 -44.3149 0
      vertex -45.6706 -44.6933 3
      vertex -44.5558 -44.3149 3
    endloop
  endfacet
  facet normal -0.321421 0.946936 0
    outer loop
      vertex -45.6706 -44.6933 3
      vertex -44.5558 -44.3149 0
      vertex -45.6706 -44.6933 0
    endloop
  endfacet
  facet normal -0.751845 0.65934 0
    outer loop
      vertex -41.636 -42.364 0
      vertex -40.8598 -41.4789 3
      vertex -40.8598 -41.4789 0
    endloop
  endfacet
  facet normal -0.751845 0.65934 0
    outer loop
      vertex -40.8598 -41.4789 3
      vertex -41.636 -42.364 0
      vertex -41.636 -42.364 3
    endloop
  endfacet
  facet normal -0.65934 0.751845 0
    outer loop
      vertex -41.636 -42.364 0
      vertex -42.5211 -43.1402 3
      vertex -41.636 -42.364 3
    endloop
  endfacet
  facet normal -0.65934 0.751845 0
    outer loop
      vertex -42.5211 -43.1402 3
      vertex -41.636 -42.364 0
      vertex -42.5211 -43.1402 0
    endloop
  endfacet
  facet normal 0.321447 0.946927 -0
    outer loop
      vertex -50.3294 -44.6933 0
      vertex -51.4441 -44.3149 3
      vertex -50.3294 -44.6933 3
    endloop
  endfacet
  facet normal 0.321447 0.946927 0
    outer loop
      vertex -51.4441 -44.3149 3
      vertex -50.3294 -44.6933 0
      vertex -51.4441 -44.3149 0
    endloop
  endfacet
  facet normal 0.44228 0.896877 -0
    outer loop
      vertex -51.4441 -44.3149 0
      vertex -52.5 -43.7942 3
      vertex -51.4441 -44.3149 3
    endloop
  endfacet
  facet normal 0.44228 0.896877 0
    outer loop
      vertex -52.5 -43.7942 3
      vertex -51.4441 -44.3149 0
      vertex -52.5 -43.7942 0
    endloop
  endfacet
  facet normal 0.980783 0.195103 0
    outer loop
      vertex -56.6933 -38.3294 3
      vertex -56.923 -37.1747 0
      vertex -56.923 -37.1747 3
    endloop
  endfacet
  facet normal 0.980783 0.195103 0
    outer loop
      vertex -56.923 -37.1747 0
      vertex -56.6933 -38.3294 3
      vertex -56.6933 -38.3294 0
    endloop
  endfacet
  facet normal 0.831501 0.555523 0
    outer loop
      vertex -55.1402 -41.4789 3
      vertex -55.7942 -40.5 0
      vertex -55.7942 -40.5 3
    endloop
  endfacet
  facet normal 0.831501 0.555523 0
    outer loop
      vertex -55.7942 -40.5 0
      vertex -55.1402 -41.4789 3
      vertex -55.1402 -41.4789 0
    endloop
  endfacet
  facet normal -0.980783 -0.195103 0
    outer loop
      vertex -39.077 -34.8253 0
      vertex -39.3067 -33.6706 3
      vertex -39.3067 -33.6706 0
    endloop
  endfacet
  facet normal -0.980783 -0.195103 0
    outer loop
      vertex -39.3067 -33.6706 3
      vertex -39.077 -34.8253 0
      vertex -39.077 -34.8253 3
    endloop
  endfacet
  facet normal -0.0654083 -0.997859 0
    outer loop
      vertex -48 -27 0
      vertex -46.8253 -27.077 3
      vertex -48 -27 3
    endloop
  endfacet
  facet normal -0.0654083 -0.997859 -0
    outer loop
      vertex -46.8253 -27.077 3
      vertex -48 -27 0
      vertex -46.8253 -27.077 0
    endloop
  endfacet
  facet normal -0.442314 0.89686 0
    outer loop
      vertex -43.5 -43.7942 0
      vertex -44.5558 -44.3149 3
      vertex -43.5 -43.7942 3
    endloop
  endfacet
  facet normal -0.442314 0.89686 0
    outer loop
      vertex -44.5558 -44.3149 3
      vertex -43.5 -43.7942 0
      vertex -44.5558 -44.3149 0
    endloop
  endfacet
  facet normal 0.195103 0.980783 -0
    outer loop
      vertex -49.1747 -44.923 0
      vertex -50.3294 -44.6933 3
      vertex -49.1747 -44.923 3
    endloop
  endfacet
  facet normal 0.195103 0.980783 0
    outer loop
      vertex -50.3294 -44.6933 3
      vertex -49.1747 -44.923 0
      vertex -50.3294 -44.6933 0
    endloop
  endfacet
  facet normal 0.555523 0.831501 -0
    outer loop
      vertex -52.5 -43.7942 0
      vertex -53.4789 -43.1402 3
      vertex -52.5 -43.7942 3
    endloop
  endfacet
  facet normal 0.555523 0.831501 0
    outer loop
      vertex -53.4789 -43.1402 3
      vertex -52.5 -43.7942 0
      vertex -53.4789 -43.1402 0
    endloop
  endfacet
  facet normal 0.751845 0.65934 0
    outer loop
      vertex -54.364 -42.364 3
      vertex -55.1402 -41.4789 0
      vertex -55.1402 -41.4789 3
    endloop
  endfacet
  facet normal 0.751845 0.65934 0
    outer loop
      vertex -55.1402 -41.4789 0
      vertex -54.364 -42.364 3
      vertex -54.364 -42.364 0
    endloop
  endfacet
  facet normal -0.896877 -0.44228 0
    outer loop
      vertex -39.6851 39.4441 0
      vertex -40.2058 40.5 3
      vertex -40.2058 40.5 0
    endloop
  endfacet
  facet normal -0.896877 -0.44228 0
    outer loop
      vertex -40.2058 40.5 3
      vertex -39.6851 39.4441 0
      vertex -39.6851 39.4441 3
    endloop
  endfacet
  facet normal -0.831501 -0.555523 0
    outer loop
      vertex -40.2058 40.5 0
      vertex -40.8598 41.4789 3
      vertex -40.8598 41.4789 0
    endloop
  endfacet
  facet normal -0.831501 -0.555523 0
    outer loop
      vertex -40.8598 41.4789 3
      vertex -40.2058 40.5 0
      vertex -40.2058 40.5 3
    endloop
  endfacet
  facet normal -0.442314 -0.89686 0
    outer loop
      vertex -44.5558 44.3149 0
      vertex -43.5 43.7942 3
      vertex -44.5558 44.3149 3
    endloop
  endfacet
  facet normal -0.442314 -0.89686 -0
    outer loop
      vertex -43.5 43.7942 3
      vertex -44.5558 44.3149 0
      vertex -43.5 43.7942 0
    endloop
  endfacet
  facet normal 0.321447 -0.946927 0
    outer loop
      vertex -51.4441 44.3149 0
      vertex -50.3294 44.6933 3
      vertex -51.4441 44.3149 3
    endloop
  endfacet
  facet normal 0.321447 -0.946927 0
    outer loop
      vertex -50.3294 44.6933 3
      vertex -51.4441 44.3149 0
      vertex -50.3294 44.6933 0
    endloop
  endfacet
  facet normal 0.896877 -0.44228 0
    outer loop
      vertex -56.3149 39.4441 3
      vertex -55.7942 40.5 0
      vertex -55.7942 40.5 3
    endloop
  endfacet
  facet normal 0.896877 -0.44228 0
    outer loop
      vertex -55.7942 40.5 0
      vertex -56.3149 39.4441 3
      vertex -56.3149 39.4441 0
    endloop
  endfacet
  facet normal -0.980783 0.195103 0
    outer loop
      vertex -39.3067 33.6706 0
      vertex -39.077 34.8253 3
      vertex -39.077 34.8253 0
    endloop
  endfacet
  facet normal -0.980783 0.195103 0
    outer loop
      vertex -39.077 34.8253 3
      vertex -39.3067 33.6706 0
      vertex -39.3067 33.6706 3
    endloop
  endfacet
  facet normal -0.0654083 -0.997859 0
    outer loop
      vertex -48 45 0
      vertex -46.8253 44.923 3
      vertex -48 45 3
    endloop
  endfacet
  facet normal -0.0654083 -0.997859 -0
    outer loop
      vertex -46.8253 44.923 3
      vertex -48 45 0
      vertex -46.8253 44.923 0
    endloop
  endfacet
  facet normal -0.555523 -0.831501 0
    outer loop
      vertex -43.5 43.7942 0
      vertex -42.5211 43.1402 3
      vertex -43.5 43.7942 3
    endloop
  endfacet
  facet normal -0.555523 -0.831501 -0
    outer loop
      vertex -42.5211 43.1402 3
      vertex -43.5 43.7942 0
      vertex -42.5211 43.1402 0
    endloop
  endfacet
  facet normal 0.997859 -0.0654083 0
    outer loop
      vertex -57 36 3
      vertex -56.923 37.1747 0
      vertex -56.923 37.1747 3
    endloop
  endfacet
  facet normal 0.997859 -0.0654083 0
    outer loop
      vertex -56.923 37.1747 0
      vertex -57 36 3
      vertex -57 36 0
    endloop
  endfacet
  facet normal 0.751845 -0.65934 0
    outer loop
      vertex -55.1402 41.4789 3
      vertex -54.364 42.364 0
      vertex -54.364 42.364 3
    endloop
  endfacet
  facet normal 0.751845 -0.65934 0
    outer loop
      vertex -54.364 42.364 0
      vertex -55.1402 41.4789 3
      vertex -55.1402 41.4789 0
    endloop
  endfacet
  facet normal 0.44228 -0.896877 0
    outer loop
      vertex -52.5 43.7942 0
      vertex -51.4441 44.3149 3
      vertex -52.5 43.7942 3
    endloop
  endfacet
  facet normal 0.44228 -0.896877 0
    outer loop
      vertex -51.4441 44.3149 3
      vertex -52.5 43.7942 0
      vertex -51.4441 44.3149 0
    endloop
  endfacet
  facet normal 0.0654083 -0.997859 0
    outer loop
      vertex -49.1747 44.923 0
      vertex -48 45 3
      vertex -49.1747 44.923 3
    endloop
  endfacet
  facet normal 0.0654083 -0.997859 0
    outer loop
      vertex -48 45 3
      vertex -49.1747 44.923 0
      vertex -48 45 0
    endloop
  endfacet
  facet normal -0.997859 0.0654083 0
    outer loop
      vertex -39.077 34.8253 0
      vertex -39 36 3
      vertex -39 36 0
    endloop
  endfacet
  facet normal -0.997859 0.0654083 0
    outer loop
      vertex -39 36 3
      vertex -39.077 34.8253 0
      vertex -39.077 34.8253 3
    endloop
  endfacet
  facet normal -0.946936 0.321421 0
    outer loop
      vertex -39.6851 32.5558 0
      vertex -39.3067 33.6706 3
      vertex -39.3067 33.6706 0
    endloop
  endfacet
  facet normal -0.946936 0.321421 0
    outer loop
      vertex -39.3067 33.6706 3
      vertex -39.6851 32.5558 0
      vertex -39.6851 32.5558 3
    endloop
  endfacet
  facet normal -0.555523 0.831501 0
    outer loop
      vertex -42.5211 28.8598 0
      vertex -43.5 28.2058 3
      vertex -42.5211 28.8598 3
    endloop
  endfacet
  facet normal -0.555523 0.831501 0
    outer loop
      vertex -43.5 28.2058 3
      vertex -42.5211 28.8598 0
      vertex -43.5 28.2058 0
    endloop
  endfacet
  facet normal -0.946927 -0.321447 0
    outer loop
      vertex -39.3067 38.3294 0
      vertex -39.6851 39.4441 3
      vertex -39.6851 39.4441 0
    endloop
  endfacet
  facet normal -0.946927 -0.321447 0
    outer loop
      vertex -39.6851 39.4441 3
      vertex -39.3067 38.3294 0
      vertex -39.3067 38.3294 3
    endloop
  endfacet
  facet normal -0.65934 -0.751845 0
    outer loop
      vertex -42.5211 43.1402 0
      vertex -41.636 42.364 3
      vertex -42.5211 43.1402 3
    endloop
  endfacet
  facet normal -0.65934 -0.751845 -0
    outer loop
      vertex -41.636 42.364 3
      vertex -42.5211 43.1402 0
      vertex -41.636 42.364 0
    endloop
  endfacet
  facet normal -0.321421 -0.946936 0
    outer loop
      vertex -45.6706 44.6933 0
      vertex -44.5558 44.3149 3
      vertex -45.6706 44.6933 3
    endloop
  endfacet
  facet normal -0.321421 -0.946936 -0
    outer loop
      vertex -44.5558 44.3149 3
      vertex -45.6706 44.6933 0
      vertex -44.5558 44.3149 0
    endloop
  endfacet
  facet normal -0.195103 -0.980783 0
    outer loop
      vertex -46.8253 44.923 0
      vertex -45.6706 44.6933 3
      vertex -46.8253 44.923 3
    endloop
  endfacet
  facet normal -0.195103 -0.980783 -0
    outer loop
      vertex -45.6706 44.6933 3
      vertex -46.8253 44.923 0
      vertex -45.6706 44.6933 0
    endloop
  endfacet
  facet normal 0.946927 -0.321447 0
    outer loop
      vertex -56.6933 38.3294 3
      vertex -56.3149 39.4441 0
      vertex -56.3149 39.4441 3
    endloop
  endfacet
  facet normal 0.946927 -0.321447 0
    outer loop
      vertex -56.3149 39.4441 0
      vertex -56.6933 38.3294 3
      vertex -56.6933 38.3294 0
    endloop
  endfacet
  facet normal 0.980783 -0.195103 0
    outer loop
      vertex -56.923 37.1747 3
      vertex -56.6933 38.3294 0
      vertex -56.6933 38.3294 3
    endloop
  endfacet
  facet normal 0.980783 -0.195103 0
    outer loop
      vertex -56.6933 38.3294 0
      vertex -56.923 37.1747 3
      vertex -56.923 37.1747 0
    endloop
  endfacet
  facet normal 0.831501 -0.555523 0
    outer loop
      vertex -55.7942 40.5 3
      vertex -55.1402 41.4789 0
      vertex -55.1402 41.4789 3
    endloop
  endfacet
  facet normal 0.831501 -0.555523 0
    outer loop
      vertex -55.1402 41.4789 0
      vertex -55.7942 40.5 3
      vertex -55.7942 40.5 0
    endloop
  endfacet
  facet normal 0.195103 -0.980783 0
    outer loop
      vertex -50.3294 44.6933 0
      vertex -49.1747 44.923 3
      vertex -50.3294 44.6933 3
    endloop
  endfacet
  facet normal 0.195103 -0.980783 0
    outer loop
      vertex -49.1747 44.923 3
      vertex -50.3294 44.6933 0
      vertex -49.1747 44.923 0
    endloop
  endfacet
  facet normal 0.555523 -0.831501 0
    outer loop
      vertex -53.4789 43.1402 0
      vertex -52.5 43.7942 3
      vertex -53.4789 43.1402 3
    endloop
  endfacet
  facet normal 0.555523 -0.831501 0
    outer loop
      vertex -52.5 43.7942 3
      vertex -53.4789 43.1402 0
      vertex -52.5 43.7942 0
    endloop
  endfacet
  facet normal 0.65934 -0.751845 0
    outer loop
      vertex -54.364 42.364 0
      vertex -53.4789 43.1402 3
      vertex -54.364 42.364 3
    endloop
  endfacet
  facet normal 0.65934 -0.751845 0
    outer loop
      vertex -53.4789 43.1402 3
      vertex -54.364 42.364 0
      vertex -53.4789 43.1402 0
    endloop
  endfacet
  facet normal -0.997859 -0.0654083 0
    outer loop
      vertex -39 36 0
      vertex -39.077 37.1747 3
      vertex -39.077 37.1747 0
    endloop
  endfacet
  facet normal -0.997859 -0.0654083 0
    outer loop
      vertex -39.077 37.1747 3
      vertex -39 36 0
      vertex -39 36 3
    endloop
  endfacet
  facet normal -0.0654083 0.997859 0
    outer loop
      vertex -46.8253 27.077 0
      vertex -48 27 3
      vertex -46.8253 27.077 3
    endloop
  endfacet
  facet normal -0.0654083 0.997859 0
    outer loop
      vertex -48 27 3
      vertex -46.8253 27.077 0
      vertex -48 27 0
    endloop
  endfacet
  facet normal -0.195103 0.980783 0
    outer loop
      vertex -45.6706 27.3067 0
      vertex -46.8253 27.077 3
      vertex -45.6706 27.3067 3
    endloop
  endfacet
  facet normal -0.195103 0.980783 0
    outer loop
      vertex -46.8253 27.077 3
      vertex -45.6706 27.3067 0
      vertex -46.8253 27.077 0
    endloop
  endfacet
  facet normal -0.751845 0.65934 0
    outer loop
      vertex -41.636 29.636 0
      vertex -40.8598 30.5211 3
      vertex -40.8598 30.5211 0
    endloop
  endfacet
  facet normal -0.751845 0.65934 0
    outer loop
      vertex -40.8598 30.5211 3
      vertex -41.636 29.636 0
      vertex -41.636 29.636 3
    endloop
  endfacet
  facet normal -0.980783 -0.195103 0
    outer loop
      vertex -39.077 37.1747 0
      vertex -39.3067 38.3294 3
      vertex -39.3067 38.3294 0
    endloop
  endfacet
  facet normal -0.980783 -0.195103 0
    outer loop
      vertex -39.3067 38.3294 3
      vertex -39.077 37.1747 0
      vertex -39.077 37.1747 3
    endloop
  endfacet
  facet normal -0.751845 -0.65934 0
    outer loop
      vertex -40.8598 41.4789 0
      vertex -41.636 42.364 3
      vertex -41.636 42.364 0
    endloop
  endfacet
  facet normal -0.751845 -0.65934 0
    outer loop
      vertex -41.636 42.364 3
      vertex -40.8598 41.4789 0
      vertex -40.8598 41.4789 3
    endloop
  endfacet
  facet normal 0.321447 0.946927 -0
    outer loop
      vertex -50.3294 27.3067 0
      vertex -51.4441 27.6851 3
      vertex -50.3294 27.3067 3
    endloop
  endfacet
  facet normal 0.321447 0.946927 0
    outer loop
      vertex -51.4441 27.6851 3
      vertex -50.3294 27.3067 0
      vertex -51.4441 27.6851 0
    endloop
  endfacet
  facet normal 0.751845 0.65934 0
    outer loop
      vertex -54.364 29.636 3
      vertex -55.1402 30.5211 0
      vertex -55.1402 30.5211 3
    endloop
  endfacet
  facet normal 0.751845 0.65934 0
    outer loop
      vertex -55.1402 30.5211 0
      vertex -54.364 29.636 3
      vertex -54.364 29.636 0
    endloop
  endfacet
  facet normal -0.442314 0.89686 0
    outer loop
      vertex -43.5 28.2058 0
      vertex -44.5558 27.6851 3
      vertex -43.5 28.2058 3
    endloop
  endfacet
  facet normal -0.442314 0.89686 0
    outer loop
      vertex -44.5558 27.6851 3
      vertex -43.5 28.2058 0
      vertex -44.5558 27.6851 0
    endloop
  endfacet
  facet normal -0.321421 0.946936 0
    outer loop
      vertex -44.5558 27.6851 0
      vertex -45.6706 27.3067 3
      vertex -44.5558 27.6851 3
    endloop
  endfacet
  facet normal -0.321421 0.946936 0
    outer loop
      vertex -45.6706 27.3067 3
      vertex -44.5558 27.6851 0
      vertex -45.6706 27.3067 0
    endloop
  endfacet
  facet normal -0.65934 0.751845 0
    outer loop
      vertex -41.636 29.636 0
      vertex -42.5211 28.8598 3
      vertex -41.636 29.636 3
    endloop
  endfacet
  facet normal -0.65934 0.751845 0
    outer loop
      vertex -42.5211 28.8598 3
      vertex -41.636 29.636 0
      vertex -42.5211 28.8598 0
    endloop
  endfacet
  facet normal -0.89686 0.442314 0
    outer loop
      vertex -40.2058 31.5 0
      vertex -39.6851 32.5558 3
      vertex -39.6851 32.5558 0
    endloop
  endfacet
  facet normal -0.89686 0.442314 0
    outer loop
      vertex -39.6851 32.5558 3
      vertex -40.2058 31.5 0
      vertex -40.2058 31.5 3
    endloop
  endfacet
  facet normal -0.831501 0.555523 0
    outer loop
      vertex -40.8598 30.5211 0
      vertex -40.2058 31.5 3
      vertex -40.2058 31.5 0
    endloop
  endfacet
  facet normal -0.831501 0.555523 0
    outer loop
      vertex -40.2058 31.5 3
      vertex -40.8598 30.5211 0
      vertex -40.8598 30.5211 3
    endloop
  endfacet
  facet normal 0.555523 0.831501 -0
    outer loop
      vertex -52.5 28.2058 0
      vertex -53.4789 28.8598 3
      vertex -52.5 28.2058 3
    endloop
  endfacet
  facet normal 0.555523 0.831501 0
    outer loop
      vertex -53.4789 28.8598 3
      vertex -52.5 28.2058 0
      vertex -53.4789 28.8598 0
    endloop
  endfacet
  facet normal 0.195103 0.980783 -0
    outer loop
      vertex -49.1747 27.077 0
      vertex -50.3294 27.3067 3
      vertex -49.1747 27.077 3
    endloop
  endfacet
  facet normal 0.195103 0.980783 0
    outer loop
      vertex -50.3294 27.3067 3
      vertex -49.1747 27.077 0
      vertex -50.3294 27.3067 0
    endloop
  endfacet
  facet normal 0.946936 0.321421 0
    outer loop
      vertex -56.3149 32.5558 3
      vertex -56.6933 33.6706 0
      vertex -56.6933 33.6706 3
    endloop
  endfacet
  facet normal 0.946936 0.321421 0
    outer loop
      vertex -56.6933 33.6706 0
      vertex -56.3149 32.5558 3
      vertex -56.3149 32.5558 0
    endloop
  endfacet
  facet normal 0.980783 0.195103 0
    outer loop
      vertex -56.6933 33.6706 3
      vertex -56.923 34.8253 0
      vertex -56.923 34.8253 3
    endloop
  endfacet
  facet normal 0.980783 0.195103 0
    outer loop
      vertex -56.923 34.8253 0
      vertex -56.6933 33.6706 3
      vertex -56.6933 33.6706 0
    endloop
  endfacet
  facet normal 0.997859 0.0654083 0
    outer loop
      vertex -56.923 34.8253 3
      vertex -57 36 0
      vertex -57 36 3
    endloop
  endfacet
  facet normal 0.997859 0.0654083 0
    outer loop
      vertex -57 36 0
      vertex -56.923 34.8253 3
      vertex -56.923 34.8253 0
    endloop
  endfacet
  facet normal 0.89686 0.442314 0
    outer loop
      vertex -55.7942 31.5 3
      vertex -56.3149 32.5558 0
      vertex -56.3149 32.5558 3
    endloop
  endfacet
  facet normal 0.89686 0.442314 0
    outer loop
      vertex -56.3149 32.5558 0
      vertex -55.7942 31.5 3
      vertex -55.7942 31.5 0
    endloop
  endfacet
  facet normal 0.831501 0.555523 0
    outer loop
      vertex -55.1402 30.5211 3
      vertex -55.7942 31.5 0
      vertex -55.7942 31.5 3
    endloop
  endfacet
  facet normal 0.831501 0.555523 0
    outer loop
      vertex -55.7942 31.5 0
      vertex -55.1402 30.5211 3
      vertex -55.1402 30.5211 0
    endloop
  endfacet
  facet normal 0.44228 0.896877 -0
    outer loop
      vertex -51.4441 27.6851 0
      vertex -52.5 28.2058 3
      vertex -51.4441 27.6851 3
    endloop
  endfacet
  facet normal 0.44228 0.896877 0
    outer loop
      vertex -52.5 28.2058 3
      vertex -51.4441 27.6851 0
      vertex -52.5 28.2058 0
    endloop
  endfacet
  facet normal 0.0654083 0.997859 -0
    outer loop
      vertex -48 27 0
      vertex -49.1747 27.077 3
      vertex -48 27 3
    endloop
  endfacet
  facet normal 0.0654083 0.997859 0
    outer loop
      vertex -49.1747 27.077 3
      vertex -48 27 0
      vertex -49.1747 27.077 0
    endloop
  endfacet
  facet normal 0.65934 0.751845 -0
    outer loop
      vertex -53.4789 28.8598 0
      vertex -54.364 29.636 3
      vertex -53.4789 28.8598 3
    endloop
  endfacet
  facet normal 0.65934 0.751845 0
    outer loop
      vertex -54.364 29.636 3
      vertex -53.4789 28.8598 0
      vertex -54.364 29.636 0
    endloop
  endfacet
  facet normal -0.89686 -0.442314 0
    outer loop
      vertex 56.3149 -32.5558 0
      vertex 55.7942 -31.5 3
      vertex 55.7942 -31.5 0
    endloop
  endfacet
  facet normal -0.89686 -0.442314 0
    outer loop
      vertex 55.7942 -31.5 3
      vertex 56.3149 -32.5558 0
      vertex 56.3149 -32.5558 3
    endloop
  endfacet
  facet normal -0.831501 -0.555523 0
    outer loop
      vertex 55.7942 -31.5 0
      vertex 55.1402 -30.5211 3
      vertex 55.1402 -30.5211 0
    endloop
  endfacet
  facet normal -0.831501 -0.555523 0
    outer loop
      vertex 55.1402 -30.5211 3
      vertex 55.7942 -31.5 0
      vertex 55.7942 -31.5 3
    endloop
  endfacet
  facet normal -0.321447 -0.946927 0
    outer loop
      vertex 50.3294 -27.3067 0
      vertex 51.4441 -27.6851 3
      vertex 50.3294 -27.3067 3
    endloop
  endfacet
  facet normal -0.321447 -0.946927 -0
    outer loop
      vertex 51.4441 -27.6851 3
      vertex 50.3294 -27.3067 0
      vertex 51.4441 -27.6851 0
    endloop
  endfacet
  facet normal 0.442314 -0.89686 0
    outer loop
      vertex 43.5 -28.2058 0
      vertex 44.5558 -27.6851 3
      vertex 43.5 -28.2058 3
    endloop
  endfacet
  facet normal 0.442314 -0.89686 0
    outer loop
      vertex 44.5558 -27.6851 3
      vertex 43.5 -28.2058 0
      vertex 44.5558 -27.6851 0
    endloop
  endfacet
  facet normal 0.946936 -0.321421 0
    outer loop
      vertex 39.3067 -33.6706 3
      vertex 39.6851 -32.5558 0
      vertex 39.6851 -32.5558 3
    endloop
  endfacet
  facet normal 0.946936 -0.321421 0
    outer loop
      vertex 39.6851 -32.5558 0
      vertex 39.3067 -33.6706 3
      vertex 39.3067 -33.6706 0
    endloop
  endfacet
  facet normal -0.555523 -0.831501 0
    outer loop
      vertex 52.5 -28.2058 0
      vertex 53.4789 -28.8598 3
      vertex 52.5 -28.2058 3
    endloop
  endfacet
  facet normal -0.555523 -0.831501 -0
    outer loop
      vertex 53.4789 -28.8598 3
      vertex 52.5 -28.2058 0
      vertex 53.4789 -28.8598 0
    endloop
  endfacet
  facet normal 0.997859 -0.0654083 0
    outer loop
      vertex 39 -36 3
      vertex 39.077 -34.8253 0
      vertex 39.077 -34.8253 3
    endloop
  endfacet
  facet normal 0.997859 -0.0654083 0
    outer loop
      vertex 39.077 -34.8253 0
      vertex 39 -36 3
      vertex 39 -36 0
    endloop
  endfacet
  facet normal 0.831501 -0.555523 0
    outer loop
      vertex 40.2058 -31.5 3
      vertex 40.8598 -30.5211 0
      vertex 40.8598 -30.5211 3
    endloop
  endfacet
  facet normal 0.831501 -0.555523 0
    outer loop
      vertex 40.8598 -30.5211 0
      vertex 40.2058 -31.5 3
      vertex 40.2058 -31.5 0
    endloop
  endfacet
  facet normal 0.555523 -0.831501 0
    outer loop
      vertex 42.5211 -28.8598 0
      vertex 43.5 -28.2058 3
      vertex 42.5211 -28.8598 3
    endloop
  endfacet
  facet normal 0.555523 -0.831501 0
    outer loop
      vertex 43.5 -28.2058 3
      vertex 42.5211 -28.8598 0
      vertex 43.5 -28.2058 0
    endloop
  endfacet
  facet normal 0.321421 -0.946936 0
    outer loop
      vertex 44.5558 -27.6851 0
      vertex 45.6706 -27.3067 3
      vertex 44.5558 -27.6851 3
    endloop
  endfacet
  facet normal 0.321421 -0.946936 0
    outer loop
      vertex 45.6706 -27.3067 3
      vertex 44.5558 -27.6851 0
      vertex 45.6706 -27.3067 0
    endloop
  endfacet
  facet normal -0.997859 -0.0654083 0
    outer loop
      vertex 57 -36 0
      vertex 56.923 -34.8253 3
      vertex 56.923 -34.8253 0
    endloop
  endfacet
  facet normal -0.997859 -0.0654083 0
    outer loop
      vertex 56.923 -34.8253 3
      vertex 57 -36 0
      vertex 57 -36 3
    endloop
  endfacet
  facet normal -0.946927 0.321447 0
    outer loop
      vertex 56.3149 -39.4441 0
      vertex 56.6933 -38.3294 3
      vertex 56.6933 -38.3294 0
    endloop
  endfacet
  facet normal -0.946927 0.321447 0
    outer loop
      vertex 56.6933 -38.3294 3
      vertex 56.3149 -39.4441 0
      vertex 56.3149 -39.4441 3
    endloop
  endfacet
  facet normal 0.555523 0.831501 -0
    outer loop
      vertex 43.5 -43.7942 0
      vertex 42.5211 -43.1402 3
      vertex 43.5 -43.7942 3
    endloop
  endfacet
  facet normal 0.555523 0.831501 0
    outer loop
      vertex 42.5211 -43.1402 3
      vertex 43.5 -43.7942 0
      vertex 42.5211 -43.1402 0
    endloop
  endfacet
  facet normal 0.831501 0.555523 0
    outer loop
      vertex 40.8598 -41.4789 3
      vertex 40.2058 -40.5 0
      vertex 40.2058 -40.5 3
    endloop
  endfacet
  facet normal 0.831501 0.555523 0
    outer loop
      vertex 40.2058 -40.5 0
      vertex 40.8598 -41.4789 3
      vertex 40.8598 -41.4789 0
    endloop
  endfacet
  facet normal -0.555523 0.831501 0
    outer loop
      vertex 53.4789 -43.1402 0
      vertex 52.5 -43.7942 3
      vertex 53.4789 -43.1402 3
    endloop
  endfacet
  facet normal -0.555523 0.831501 0
    outer loop
      vertex 52.5 -43.7942 3
      vertex 53.4789 -43.1402 0
      vertex 52.5 -43.7942 0
    endloop
  endfacet
  facet normal -0.946936 -0.321421 0
    outer loop
      vertex 56.6933 -33.6706 0
      vertex 56.3149 -32.5558 3
      vertex 56.3149 -32.5558 0
    endloop
  endfacet
  facet normal -0.946936 -0.321421 0
    outer loop
      vertex 56.3149 -32.5558 3
      vertex 56.6933 -33.6706 0
      vertex 56.6933 -33.6706 3
    endloop
  endfacet
  facet normal -0.65934 -0.751845 0
    outer loop
      vertex 53.4789 -28.8598 0
      vertex 54.364 -29.636 3
      vertex 53.4789 -28.8598 3
    endloop
  endfacet
  facet normal -0.65934 -0.751845 -0
    outer loop
      vertex 54.364 -29.636 3
      vertex 53.4789 -28.8598 0
      vertex 54.364 -29.636 0
    endloop
  endfacet
  facet normal 0.0654083 -0.997859 0
    outer loop
      vertex 46.8253 -27.077 0
      vertex 48 -27 3
      vertex 46.8253 -27.077 3
    endloop
  endfacet
  facet normal 0.0654083 -0.997859 0
    outer loop
      vertex 48 -27 3
      vertex 46.8253 -27.077 0
      vertex 48 -27 0
    endloop
  endfacet
  facet normal -0.195103 -0.980783 0
    outer loop
      vertex 49.1747 -27.077 0
      vertex 50.3294 -27.3067 3
      vertex 49.1747 -27.077 3
    endloop
  endfacet
  facet normal -0.195103 -0.980783 -0
    outer loop
      vertex 50.3294 -27.3067 3
      vertex 49.1747 -27.077 0
      vertex 50.3294 -27.3067 0
    endloop
  endfacet
  facet normal -0.44228 -0.896877 0
    outer loop
      vertex 51.4441 -27.6851 0
      vertex 52.5 -28.2058 3
      vertex 51.4441 -27.6851 3
    endloop
  endfacet
  facet normal -0.44228 -0.896877 -0
    outer loop
      vertex 52.5 -28.2058 3
      vertex 51.4441 -27.6851 0
      vertex 52.5 -28.2058 0
    endloop
  endfacet
  facet normal 0.980783 -0.195103 0
    outer loop
      vertex 39.077 -34.8253 3
      vertex 39.3067 -33.6706 0
      vertex 39.3067 -33.6706 3
    endloop
  endfacet
  facet normal 0.980783 -0.195103 0
    outer loop
      vertex 39.3067 -33.6706 0
      vertex 39.077 -34.8253 3
      vertex 39.077 -34.8253 0
    endloop
  endfacet
  facet normal 0.89686 -0.442314 0
    outer loop
      vertex 39.6851 -32.5558 3
      vertex 40.2058 -31.5 0
      vertex 40.2058 -31.5 3
    endloop
  endfacet
  facet normal 0.89686 -0.442314 0
    outer loop
      vertex 40.2058 -31.5 0
      vertex 39.6851 -32.5558 3
      vertex 39.6851 -32.5558 0
    endloop
  endfacet
  facet normal 0.195103 -0.980783 0
    outer loop
      vertex 45.6706 -27.3067 0
      vertex 46.8253 -27.077 3
      vertex 45.6706 -27.3067 3
    endloop
  endfacet
  facet normal 0.195103 -0.980783 0
    outer loop
      vertex 46.8253 -27.077 3
      vertex 45.6706 -27.3067 0
      vertex 46.8253 -27.077 0
    endloop
  endfacet
  facet normal 0.65934 -0.751845 0
    outer loop
      vertex 41.636 -29.636 0
      vertex 42.5211 -28.8598 3
      vertex 41.636 -29.636 3
    endloop
  endfacet
  facet normal 0.65934 -0.751845 0
    outer loop
      vertex 42.5211 -28.8598 3
      vertex 41.636 -29.636 0
      vertex 42.5211 -28.8598 0
    endloop
  endfacet
  facet normal 0.751845 -0.65934 0
    outer loop
      vertex 40.8598 -30.5211 3
      vertex 41.636 -29.636 0
      vertex 41.636 -29.636 3
    endloop
  endfacet
  facet normal 0.751845 -0.65934 0
    outer loop
      vertex 41.636 -29.636 0
      vertex 40.8598 -30.5211 3
      vertex 40.8598 -30.5211 0
    endloop
  endfacet
  facet normal -0.997859 0.0654083 0
    outer loop
      vertex 56.923 -37.1747 0
      vertex 57 -36 3
      vertex 57 -36 0
    endloop
  endfacet
  facet normal -0.997859 0.0654083 0
    outer loop
      vertex 57 -36 3
      vertex 56.923 -37.1747 0
      vertex 56.923 -37.1747 3
    endloop
  endfacet
  facet normal -0.831501 0.555523 0
    outer loop
      vertex 55.1402 -41.4789 0
      vertex 55.7942 -40.5 3
      vertex 55.7942 -40.5 0
    endloop
  endfacet
  facet normal -0.831501 0.555523 0
    outer loop
      vertex 55.7942 -40.5 3
      vertex 55.1402 -41.4789 0
      vertex 55.1402 -41.4789 3
    endloop
  endfacet
  facet normal -0.0654083 0.997859 0
    outer loop
      vertex 49.1747 -44.923 0
      vertex 48 -45 3
      vertex 49.1747 -44.923 3
    endloop
  endfacet
  facet normal -0.0654083 0.997859 0
    outer loop
      vertex 48 -45 3
      vertex 49.1747 -44.923 0
      vertex 48 -45 0
    endloop
  endfacet
  facet normal 0.896877 0.44228 0
    outer loop
      vertex 40.2058 -40.5 3
      vertex 39.6851 -39.4441 0
      vertex 39.6851 -39.4441 3
    endloop
  endfacet
  facet normal 0.896877 0.44228 0
    outer loop
      vertex 39.6851 -39.4441 0
      vertex 40.2058 -40.5 3
      vertex 40.2058 -40.5 0
    endloop
  endfacet
  facet normal 0.751845 0.65934 0
    outer loop
      vertex 41.636 -42.364 3
      vertex 40.8598 -41.4789 0
      vertex 40.8598 -41.4789 3
    endloop
  endfacet
  facet normal 0.751845 0.65934 0
    outer loop
      vertex 40.8598 -41.4789 0
      vertex 41.636 -42.364 3
      vertex 41.636 -42.364 0
    endloop
  endfacet
  facet normal -0.195103 0.980783 0
    outer loop
      vertex 50.3294 -44.6933 0
      vertex 49.1747 -44.923 3
      vertex 50.3294 -44.6933 3
    endloop
  endfacet
  facet normal -0.195103 0.980783 0
    outer loop
      vertex 49.1747 -44.923 3
      vertex 50.3294 -44.6933 0
      vertex 49.1747 -44.923 0
    endloop
  endfacet
  facet normal -0.751845 0.65934 0
    outer loop
      vertex 54.364 -42.364 0
      vertex 55.1402 -41.4789 3
      vertex 55.1402 -41.4789 0
    endloop
  endfacet
  facet normal -0.751845 0.65934 0
    outer loop
      vertex 55.1402 -41.4789 3
      vertex 54.364 -42.364 0
      vertex 54.364 -42.364 3
    endloop
  endfacet
  facet normal -0.980783 -0.195103 0
    outer loop
      vertex 56.923 -34.8253 0
      vertex 56.6933 -33.6706 3
      vertex 56.6933 -33.6706 0
    endloop
  endfacet
  facet normal -0.980783 -0.195103 0
    outer loop
      vertex 56.6933 -33.6706 3
      vertex 56.923 -34.8253 0
      vertex 56.923 -34.8253 3
    endloop
  endfacet
  facet normal -0.751845 -0.65934 0
    outer loop
      vertex 55.1402 -30.5211 0
      vertex 54.364 -29.636 3
      vertex 54.364 -29.636 0
    endloop
  endfacet
  facet normal -0.751845 -0.65934 0
    outer loop
      vertex 54.364 -29.636 3
      vertex 55.1402 -30.5211 0
      vertex 55.1402 -30.5211 3
    endloop
  endfacet
  facet normal -0.0654083 -0.997859 0
    outer loop
      vertex 48 -27 0
      vertex 49.1747 -27.077 3
      vertex 48 -27 3
    endloop
  endfacet
  facet normal -0.0654083 -0.997859 -0
    outer loop
      vertex 49.1747 -27.077 3
      vertex 48 -27 0
      vertex 49.1747 -27.077 0
    endloop
  endfacet
  facet normal 0.997859 0.0654083 0
    outer loop
      vertex 39.077 -37.1747 3
      vertex 39 -36 0
      vertex 39 -36 3
    endloop
  endfacet
  facet normal 0.997859 0.0654083 0
    outer loop
      vertex 39 -36 0
      vertex 39.077 -37.1747 3
      vertex 39.077 -37.1747 0
    endloop
  endfacet
  facet normal -0.980783 0.195103 0
    outer loop
      vertex 56.6933 -38.3294 0
      vertex 56.923 -37.1747 3
      vertex 56.923 -37.1747 0
    endloop
  endfacet
  facet normal -0.980783 0.195103 0
    outer loop
      vertex 56.923 -37.1747 3
      vertex 56.6933 -38.3294 0
      vertex 56.6933 -38.3294 3
    endloop
  endfacet
  facet normal -0.896877 0.44228 0
    outer loop
      vertex 55.7942 -40.5 0
      vertex 56.3149 -39.4441 3
      vertex 56.3149 -39.4441 0
    endloop
  endfacet
  facet normal -0.896877 0.44228 0
    outer loop
      vertex 56.3149 -39.4441 3
      vertex 55.7942 -40.5 0
      vertex 55.7942 -40.5 3
    endloop
  endfacet
  facet normal 0.980783 0.195103 0
    outer loop
      vertex 39.3067 -38.3294 3
      vertex 39.077 -37.1747 0
      vertex 39.077 -37.1747 3
    endloop
  endfacet
  facet normal 0.980783 0.195103 0
    outer loop
      vertex 39.077 -37.1747 0
      vertex 39.3067 -38.3294 3
      vertex 39.3067 -38.3294 0
    endloop
  endfacet
  facet normal 0.65934 0.751845 -0
    outer loop
      vertex 42.5211 -43.1402 0
      vertex 41.636 -42.364 3
      vertex 42.5211 -43.1402 3
    endloop
  endfacet
  facet normal 0.65934 0.751845 0
    outer loop
      vertex 41.636 -42.364 3
      vertex 42.5211 -43.1402 0
      vertex 41.636 -42.364 0
    endloop
  endfacet
  facet normal -0.44228 0.896877 0
    outer loop
      vertex 52.5 -43.7942 0
      vertex 51.4441 -44.3149 3
      vertex 52.5 -43.7942 3
    endloop
  endfacet
  facet normal -0.44228 0.896877 0
    outer loop
      vertex 51.4441 -44.3149 3
      vertex 52.5 -43.7942 0
      vertex 51.4441 -44.3149 0
    endloop
  endfacet
  facet normal -0.321447 0.946927 0
    outer loop
      vertex 51.4441 -44.3149 0
      vertex 50.3294 -44.6933 3
      vertex 51.4441 -44.3149 3
    endloop
  endfacet
  facet normal -0.321447 0.946927 0
    outer loop
      vertex 50.3294 -44.6933 3
      vertex 51.4441 -44.3149 0
      vertex 50.3294 -44.6933 0
    endloop
  endfacet
  facet normal -0.65934 0.751845 0
    outer loop
      vertex 54.364 -42.364 0
      vertex 53.4789 -43.1402 3
      vertex 54.364 -42.364 3
    endloop
  endfacet
  facet normal -0.65934 0.751845 0
    outer loop
      vertex 53.4789 -43.1402 3
      vertex 54.364 -42.364 0
      vertex 53.4789 -43.1402 0
    endloop
  endfacet
  facet normal 0.321421 0.946936 -0
    outer loop
      vertex 45.6706 -44.6933 0
      vertex 44.5558 -44.3149 3
      vertex 45.6706 -44.6933 3
    endloop
  endfacet
  facet normal 0.321421 0.946936 0
    outer loop
      vertex 44.5558 -44.3149 3
      vertex 45.6706 -44.6933 0
      vertex 44.5558 -44.3149 0
    endloop
  endfacet
  facet normal 0.946927 0.321447 0
    outer loop
      vertex 39.6851 -39.4441 3
      vertex 39.3067 -38.3294 0
      vertex 39.3067 -38.3294 3
    endloop
  endfacet
  facet normal 0.946927 0.321447 0
    outer loop
      vertex 39.3067 -38.3294 0
      vertex 39.6851 -39.4441 3
      vertex 39.6851 -39.4441 0
    endloop
  endfacet
  facet normal 0.442314 0.89686 -0
    outer loop
      vertex 44.5558 -44.3149 0
      vertex 43.5 -43.7942 3
      vertex 44.5558 -44.3149 3
    endloop
  endfacet
  facet normal 0.442314 0.89686 0
    outer loop
      vertex 43.5 -43.7942 3
      vertex 44.5558 -44.3149 0
      vertex 43.5 -43.7942 0
    endloop
  endfacet
  facet normal 0.0654083 0.997859 -0
    outer loop
      vertex 48 -45 0
      vertex 46.8253 -44.923 3
      vertex 48 -45 3
    endloop
  endfacet
  facet normal 0.0654083 0.997859 0
    outer loop
      vertex 46.8253 -44.923 3
      vertex 48 -45 0
      vertex 46.8253 -44.923 0
    endloop
  endfacet
  facet normal 0.195103 0.980783 -0
    outer loop
      vertex 46.8253 -44.923 0
      vertex 45.6706 -44.6933 3
      vertex 46.8253 -44.923 3
    endloop
  endfacet
  facet normal 0.195103 0.980783 0
    outer loop
      vertex 45.6706 -44.6933 3
      vertex 46.8253 -44.923 0
      vertex 45.6706 -44.6933 0
    endloop
  endfacet
  facet normal -0.997859 -0.0654083 0
    outer loop
      vertex 57 36 0
      vertex 56.923 37.1747 3
      vertex 56.923 37.1747 0
    endloop
  endfacet
  facet normal -0.997859 -0.0654083 0
    outer loop
      vertex 56.923 37.1747 3
      vertex 57 36 0
      vertex 57 36 3
    endloop
  endfacet
  facet normal 0.0654083 -0.997859 0
    outer loop
      vertex 46.8253 44.923 0
      vertex 48 45 3
      vertex 46.8253 44.923 3
    endloop
  endfacet
  facet normal 0.0654083 -0.997859 0
    outer loop
      vertex 48 45 3
      vertex 46.8253 44.923 0
      vertex 48 45 0
    endloop
  endfacet
  facet normal -0.0654083 0.997859 0
    outer loop
      vertex 49.1747 27.077 0
      vertex 48 27 3
      vertex 49.1747 27.077 3
    endloop
  endfacet
  facet normal -0.0654083 0.997859 0
    outer loop
      vertex 48 27 3
      vertex 49.1747 27.077 0
      vertex 48 27 0
    endloop
  endfacet
  facet normal 0.65934 0.751845 -0
    outer loop
      vertex 42.5211 28.8598 0
      vertex 41.636 29.636 3
      vertex 42.5211 28.8598 3
    endloop
  endfacet
  facet normal 0.65934 0.751845 0
    outer loop
      vertex 41.636 29.636 3
      vertex 42.5211 28.8598 0
      vertex 41.636 29.636 0
    endloop
  endfacet
  facet normal -0.65934 -0.751845 0
    outer loop
      vertex 53.4789 43.1402 0
      vertex 54.364 42.364 3
      vertex 53.4789 43.1402 3
    endloop
  endfacet
  facet normal -0.65934 -0.751845 -0
    outer loop
      vertex 54.364 42.364 3
      vertex 53.4789 43.1402 0
      vertex 54.364 42.364 0
    endloop
  endfacet
  facet normal 0.751845 -0.65934 0
    outer loop
      vertex 40.8598 41.4789 3
      vertex 41.636 42.364 0
      vertex 41.636 42.364 3
    endloop
  endfacet
  facet normal 0.751845 -0.65934 0
    outer loop
      vertex 41.636 42.364 0
      vertex 40.8598 41.4789 3
      vertex 40.8598 41.4789 0
    endloop
  endfacet
  facet normal 0.442314 -0.89686 0
    outer loop
      vertex 43.5 43.7942 0
      vertex 44.5558 44.3149 3
      vertex 43.5 43.7942 3
    endloop
  endfacet
  facet normal 0.442314 -0.89686 0
    outer loop
      vertex 44.5558 44.3149 3
      vertex 43.5 43.7942 0
      vertex 44.5558 44.3149 0
    endloop
  endfacet
  facet normal -0.896877 -0.44228 0
    outer loop
      vertex 56.3149 39.4441 0
      vertex 55.7942 40.5 3
      vertex 55.7942 40.5 0
    endloop
  endfacet
  facet normal -0.896877 -0.44228 0
    outer loop
      vertex 55.7942 40.5 3
      vertex 56.3149 39.4441 0
      vertex 56.3149 39.4441 3
    endloop
  endfacet
  facet normal -0.831501 -0.555523 0
    outer loop
      vertex 55.7942 40.5 0
      vertex 55.1402 41.4789 3
      vertex 55.1402 41.4789 0
    endloop
  endfacet
  facet normal -0.831501 -0.555523 0
    outer loop
      vertex 55.1402 41.4789 3
      vertex 55.7942 40.5 0
      vertex 55.7942 40.5 3
    endloop
  endfacet
  facet normal -0.321447 -0.946927 0
    outer loop
      vertex 50.3294 44.6933 0
      vertex 51.4441 44.3149 3
      vertex 50.3294 44.6933 3
    endloop
  endfacet
  facet normal -0.321447 -0.946927 -0
    outer loop
      vertex 51.4441 44.3149 3
      vertex 50.3294 44.6933 0
      vertex 51.4441 44.3149 0
    endloop
  endfacet
  facet normal -0.555523 -0.831501 0
    outer loop
      vertex 52.5 43.7942 0
      vertex 53.4789 43.1402 3
      vertex 52.5 43.7942 3
    endloop
  endfacet
  facet normal -0.555523 -0.831501 -0
    outer loop
      vertex 53.4789 43.1402 3
      vertex 52.5 43.7942 0
      vertex 53.4789 43.1402 0
    endloop
  endfacet
  facet normal 0.946927 -0.321447 0
    outer loop
      vertex 39.3067 38.3294 3
      vertex 39.6851 39.4441 0
      vertex 39.6851 39.4441 3
    endloop
  endfacet
  facet normal 0.946927 -0.321447 0
    outer loop
      vertex 39.6851 39.4441 0
      vertex 39.3067 38.3294 3
      vertex 39.3067 38.3294 0
    endloop
  endfacet
  facet normal 0.831501 -0.555523 0
    outer loop
      vertex 40.2058 40.5 3
      vertex 40.8598 41.4789 0
      vertex 40.8598 41.4789 3
    endloop
  endfacet
  facet normal 0.831501 -0.555523 0
    outer loop
      vertex 40.8598 41.4789 0
      vertex 40.2058 40.5 3
      vertex 40.2058 40.5 0
    endloop
  endfacet
  facet normal 0.980783 -0.195103 0
    outer loop
      vertex 39.077 37.1747 3
      vertex 39.3067 38.3294 0
      vertex 39.3067 38.3294 3
    endloop
  endfacet
  facet normal 0.980783 -0.195103 0
    outer loop
      vertex 39.3067 38.3294 0
      vertex 39.077 37.1747 3
      vertex 39.077 37.1747 0
    endloop
  endfacet
  facet normal 0.555523 -0.831501 0
    outer loop
      vertex 42.5211 43.1402 0
      vertex 43.5 43.7942 3
      vertex 42.5211 43.1402 3
    endloop
  endfacet
  facet normal 0.555523 -0.831501 0
    outer loop
      vertex 43.5 43.7942 3
      vertex 42.5211 43.1402 0
      vertex 43.5 43.7942 0
    endloop
  endfacet
  facet normal 0.321421 -0.946936 0
    outer loop
      vertex 44.5558 44.3149 0
      vertex 45.6706 44.6933 3
      vertex 44.5558 44.3149 3
    endloop
  endfacet
  facet normal 0.321421 -0.946936 0
    outer loop
      vertex 45.6706 44.6933 3
      vertex 44.5558 44.3149 0
      vertex 45.6706 44.6933 0
    endloop
  endfacet
  facet normal -0.946936 0.321421 0
    outer loop
      vertex 56.3149 32.5558 0
      vertex 56.6933 33.6706 3
      vertex 56.6933 33.6706 0
    endloop
  endfacet
  facet normal -0.946936 0.321421 0
    outer loop
      vertex 56.6933 33.6706 3
      vertex 56.3149 32.5558 0
      vertex 56.3149 32.5558 3
    endloop
  endfacet
  facet normal -0.555523 0.831501 0
    outer loop
      vertex 53.4789 28.8598 0
      vertex 52.5 28.2058 3
      vertex 53.4789 28.8598 3
    endloop
  endfacet
  facet normal -0.555523 0.831501 0
    outer loop
      vertex 52.5 28.2058 3
      vertex 53.4789 28.8598 0
      vertex 52.5 28.2058 0
    endloop
  endfacet
  facet normal 0.195103 0.980783 -0
    outer loop
      vertex 46.8253 27.077 0
      vertex 45.6706 27.3067 3
      vertex 46.8253 27.077 3
    endloop
  endfacet
  facet normal 0.195103 0.980783 0
    outer loop
      vertex 45.6706 27.3067 3
      vertex 46.8253 27.077 0
      vertex 45.6706 27.3067 0
    endloop
  endfacet
  facet normal 0.831501 0.555523 0
    outer loop
      vertex 40.8598 30.5211 3
      vertex 40.2058 31.5 0
      vertex 40.2058 31.5 3
    endloop
  endfacet
  facet normal 0.831501 0.555523 0
    outer loop
      vertex 40.2058 31.5 0
      vertex 40.8598 30.5211 3
      vertex 40.8598 30.5211 0
    endloop
  endfacet
  facet normal -0.946927 -0.321447 0
    outer loop
      vertex 56.6933 38.3294 0
      vertex 56.3149 39.4441 3
      vertex 56.3149 39.4441 0
    endloop
  endfacet
  facet normal -0.946927 -0.321447 0
    outer loop
      vertex 56.3149 39.4441 3
      vertex 56.6933 38.3294 0
      vertex 56.6933 38.3294 3
    endloop
  endfacet
  facet normal -0.980783 -0.195103 0
    outer loop
      vertex 56.923 37.1747 0
      vertex 56.6933 38.3294 3
      vertex 56.6933 38.3294 0
    endloop
  endfacet
  facet normal -0.980783 -0.195103 0
    outer loop
      vertex 56.6933 38.3294 3
      vertex 56.923 37.1747 0
      vertex 56.923 37.1747 3
    endloop
  endfacet
  facet normal -0.751845 -0.65934 0
    outer loop
      vertex 55.1402 41.4789 0
      vertex 54.364 42.364 3
      vertex 54.364 42.364 0
    endloop
  endfacet
  facet normal -0.751845 -0.65934 0
    outer loop
      vertex 54.364 42.364 3
      vertex 55.1402 41.4789 0
      vertex 55.1402 41.4789 3
    endloop
  endfacet
  facet normal -0.195103 -0.980783 0
    outer loop
      vertex 49.1747 44.923 0
      vertex 50.3294 44.6933 3
      vertex 49.1747 44.923 3
    endloop
  endfacet
  facet normal -0.195103 -0.980783 -0
    outer loop
      vertex 50.3294 44.6933 3
      vertex 49.1747 44.923 0
      vertex 50.3294 44.6933 0
    endloop
  endfacet
  facet normal -0.0654083 -0.997859 0
    outer loop
      vertex 48 45 0
      vertex 49.1747 44.923 3
      vertex 48 45 3
    endloop
  endfacet
  facet normal -0.0654083 -0.997859 -0
    outer loop
      vertex 49.1747 44.923 3
      vertex 48 45 0
      vertex 49.1747 44.923 0
    endloop
  endfacet
  facet normal -0.44228 -0.896877 0
    outer loop
      vertex 51.4441 44.3149 0
      vertex 52.5 43.7942 3
      vertex 51.4441 44.3149 3
    endloop
  endfacet
  facet normal -0.44228 -0.896877 -0
    outer loop
      vertex 52.5 43.7942 3
      vertex 51.4441 44.3149 0
      vertex 52.5 43.7942 0
    endloop
  endfacet
  facet normal 0.896877 -0.44228 0
    outer loop
      vertex 39.6851 39.4441 3
      vertex 40.2058 40.5 0
      vertex 40.2058 40.5 3
    endloop
  endfacet
  facet normal 0.896877 -0.44228 0
    outer loop
      vertex 40.2058 40.5 0
      vertex 39.6851 39.4441 3
      vertex 39.6851 39.4441 0
    endloop
  endfacet
  facet normal 0.997859 -0.0654083 0
    outer loop
      vertex 39 36 3
      vertex 39.077 37.1747 0
      vertex 39.077 37.1747 3
    endloop
  endfacet
  facet normal 0.997859 -0.0654083 0
    outer loop
      vertex 39.077 37.1747 0
      vertex 39 36 3
      vertex 39 36 0
    endloop
  endfacet
  facet normal 0.65934 -0.751845 0
    outer loop
      vertex 41.636 42.364 0
      vertex 42.5211 43.1402 3
      vertex 41.636 42.364 3
    endloop
  endfacet
  facet normal 0.65934 -0.751845 0
    outer loop
      vertex 42.5211 43.1402 3
      vertex 41.636 42.364 0
      vertex 42.5211 43.1402 0
    endloop
  endfacet
  facet normal 0.195103 -0.980783 0
    outer loop
      vertex 45.6706 44.6933 0
      vertex 46.8253 44.923 3
      vertex 45.6706 44.6933 3
    endloop
  endfacet
  facet normal 0.195103 -0.980783 0
    outer loop
      vertex 46.8253 44.923 3
      vertex 45.6706 44.6933 0
      vertex 46.8253 44.923 0
    endloop
  endfacet
  facet normal -0.997859 0.0654083 0
    outer loop
      vertex 56.923 34.8253 0
      vertex 57 36 3
      vertex 57 36 0
    endloop
  endfacet
  facet normal -0.997859 0.0654083 0
    outer loop
      vertex 57 36 3
      vertex 56.923 34.8253 0
      vertex 56.923 34.8253 3
    endloop
  endfacet
  facet normal -0.195103 0.980783 0
    outer loop
      vertex 50.3294 27.3067 0
      vertex 49.1747 27.077 3
      vertex 50.3294 27.3067 3
    endloop
  endfacet
  facet normal -0.195103 0.980783 0
    outer loop
      vertex 49.1747 27.077 3
      vertex 50.3294 27.3067 0
      vertex 49.1747 27.077 0
    endloop
  endfacet
  facet normal -0.44228 0.896877 0
    outer loop
      vertex 52.5 28.2058 0
      vertex 51.4441 27.6851 3
      vertex 52.5 28.2058 3
    endloop
  endfacet
  facet normal -0.44228 0.896877 0
    outer loop
      vertex 51.4441 27.6851 3
      vertex 52.5 28.2058 0
      vertex 51.4441 27.6851 0
    endloop
  endfacet
  facet normal -0.65934 0.751845 0
    outer loop
      vertex 54.364 29.636 0
      vertex 53.4789 28.8598 3
      vertex 54.364 29.636 3
    endloop
  endfacet
  facet normal -0.65934 0.751845 0
    outer loop
      vertex 53.4789 28.8598 3
      vertex 54.364 29.636 0
      vertex 53.4789 28.8598 0
    endloop
  endfacet
  facet normal -0.831501 0.555523 0
    outer loop
      vertex 55.1402 30.5211 0
      vertex 55.7942 31.5 3
      vertex 55.7942 31.5 0
    endloop
  endfacet
  facet normal -0.831501 0.555523 0
    outer loop
      vertex 55.7942 31.5 3
      vertex 55.1402 30.5211 0
      vertex 55.1402 30.5211 3
    endloop
  endfacet
  facet normal 0.555523 0.831501 -0
    outer loop
      vertex 43.5 28.2058 0
      vertex 42.5211 28.8598 3
      vertex 43.5 28.2058 3
    endloop
  endfacet
  facet normal 0.555523 0.831501 0
    outer loop
      vertex 42.5211 28.8598 3
      vertex 43.5 28.2058 0
      vertex 42.5211 28.8598 0
    endloop
  endfacet
  facet normal 0.321421 0.946936 -0
    outer loop
      vertex 45.6706 27.3067 0
      vertex 44.5558 27.6851 3
      vertex 45.6706 27.3067 3
    endloop
  endfacet
  facet normal 0.321421 0.946936 0
    outer loop
      vertex 44.5558 27.6851 3
      vertex 45.6706 27.3067 0
      vertex 44.5558 27.6851 0
    endloop
  endfacet
  facet normal 0.0654083 0.997859 -0
    outer loop
      vertex 48 27 0
      vertex 46.8253 27.077 3
      vertex 48 27 3
    endloop
  endfacet
  facet normal 0.0654083 0.997859 0
    outer loop
      vertex 46.8253 27.077 3
      vertex 48 27 0
      vertex 46.8253 27.077 0
    endloop
  endfacet
  facet normal 0.751845 0.65934 0
    outer loop
      vertex 41.636 29.636 3
      vertex 40.8598 30.5211 0
      vertex 40.8598 30.5211 3
    endloop
  endfacet
  facet normal 0.751845 0.65934 0
    outer loop
      vertex 40.8598 30.5211 0
      vertex 41.636 29.636 3
      vertex 41.636 29.636 0
    endloop
  endfacet
  facet normal 0.89686 0.442314 0
    outer loop
      vertex 40.2058 31.5 3
      vertex 39.6851 32.5558 0
      vertex 39.6851 32.5558 3
    endloop
  endfacet
  facet normal 0.89686 0.442314 0
    outer loop
      vertex 39.6851 32.5558 0
      vertex 40.2058 31.5 3
      vertex 40.2058 31.5 0
    endloop
  endfacet
  facet normal 0.980783 0.195103 0
    outer loop
      vertex 39.3067 33.6706 3
      vertex 39.077 34.8253 0
      vertex 39.077 34.8253 3
    endloop
  endfacet
  facet normal 0.980783 0.195103 0
    outer loop
      vertex 39.077 34.8253 0
      vertex 39.3067 33.6706 3
      vertex 39.3067 33.6706 0
    endloop
  endfacet
  facet normal 0.997859 0.0654083 0
    outer loop
      vertex 39.077 34.8253 3
      vertex 39 36 0
      vertex 39 36 3
    endloop
  endfacet
  facet normal 0.997859 0.0654083 0
    outer loop
      vertex 39 36 0
      vertex 39.077 34.8253 3
      vertex 39.077 34.8253 0
    endloop
  endfacet
  facet normal -0.321447 0.946927 0
    outer loop
      vertex 51.4441 27.6851 0
      vertex 50.3294 27.3067 3
      vertex 51.4441 27.6851 3
    endloop
  endfacet
  facet normal -0.321447 0.946927 0
    outer loop
      vertex 50.3294 27.3067 3
      vertex 51.4441 27.6851 0
      vertex 50.3294 27.3067 0
    endloop
  endfacet
  facet normal -0.751845 0.65934 0
    outer loop
      vertex 54.364 29.636 0
      vertex 55.1402 30.5211 3
      vertex 55.1402 30.5211 0
    endloop
  endfacet
  facet normal -0.751845 0.65934 0
    outer loop
      vertex 55.1402 30.5211 3
      vertex 54.364 29.636 0
      vertex 54.364 29.636 3
    endloop
  endfacet
  facet normal -0.980783 0.195103 0
    outer loop
      vertex 56.6933 33.6706 0
      vertex 56.923 34.8253 3
      vertex 56.923 34.8253 0
    endloop
  endfacet
  facet normal -0.980783 0.195103 0
    outer loop
      vertex 56.923 34.8253 3
      vertex 56.6933 33.6706 0
      vertex 56.6933 33.6706 3
    endloop
  endfacet
  facet normal -0.89686 0.442314 0
    outer loop
      vertex 55.7942 31.5 0
      vertex 56.3149 32.5558 3
      vertex 56.3149 32.5558 0
    endloop
  endfacet
  facet normal -0.89686 0.442314 0
    outer loop
      vertex 56.3149 32.5558 3
      vertex 55.7942 31.5 0
      vertex 55.7942 31.5 3
    endloop
  endfacet
  facet normal 0.442314 0.89686 -0
    outer loop
      vertex 44.5558 27.6851 0
      vertex 43.5 28.2058 3
      vertex 44.5558 27.6851 3
    endloop
  endfacet
  facet normal 0.442314 0.89686 0
    outer loop
      vertex 43.5 28.2058 3
      vertex 44.5558 27.6851 0
      vertex 43.5 28.2058 0
    endloop
  endfacet
  facet normal 0.946936 0.321421 0
    outer loop
      vertex 39.6851 32.5558 3
      vertex 39.3067 33.6706 0
      vertex 39.3067 33.6706 3
    endloop
  endfacet
  facet normal 0.946936 0.321421 0
    outer loop
      vertex 39.3067 33.6706 0
      vertex 39.6851 32.5558 3
      vertex 39.6851 32.5558 0
    endloop
  endfacet
  facet normal 0 1 -0
    outer loop
      vertex -22.8658 -23.5 0
      vertex -28.5 -23.5 3
      vertex -22.8658 -23.5 3
    endloop
  endfacet
  facet normal 0 1 0
    outer loop
      vertex -28.5 -23.5 3
      vertex -22.8658 -23.5 0
      vertex -28.5 -23.5 0
    endloop
  endfacet
  facet normal 0.442315 0.89686 -0
    outer loop
      vertex -29.074 -23.3858 0
      vertex -29.25 -23.299 3
      vertex -29.074 -23.3858 3
    endloop
  endfacet
  facet normal 0.442315 0.89686 0
    outer loop
      vertex -29.25 -23.299 3
      vertex -29.074 -23.3858 0
      vertex -29.25 -23.299 0
    endloop
  endfacet
  facet normal 0.658937 0.752198 -0
    outer loop
      vertex -29.4131 -23.19 0
      vertex -29.5607 -23.0607 3
      vertex -29.4131 -23.19 3
    endloop
  endfacet
  facet normal 0.658937 0.752198 0
    outer loop
      vertex -29.5607 -23.0607 3
      vertex -29.4131 -23.19 0
      vertex -29.5607 -23.0607 0
    endloop
  endfacet
  facet normal 0 -1 0
    outer loop
      vertex -28.5 -20.5 0
      vertex -19.5 -20.5 3
      vertex -28.5 -20.5 3
    endloop
  endfacet
  facet normal 0 -1 -0
    outer loop
      vertex -19.5 -20.5 3
      vertex -28.5 -20.5 0
      vertex -19.5 -20.5 0
    endloop
  endfacet
  facet normal 0.946885 0.321574 0
    outer loop
      vertex -29.8858 -22.574 3
      vertex -29.9489 -22.3882 0
      vertex -29.9489 -22.3882 3
    endloop
  endfacet
  facet normal 0.946885 0.321574 0
    outer loop
      vertex -29.9489 -22.3882 0
      vertex -29.8858 -22.574 3
      vertex -29.8858 -22.574 0
    endloop
  endfacet
  facet normal 0.980757 -0.195234 0
    outer loop
      vertex -29.9872 -21.8042 3
      vertex -29.9489 -21.6118 0
      vertex -29.9489 -21.6118 3
    endloop
  endfacet
  facet normal 0.980757 -0.195234 0
    outer loop
      vertex -29.9489 -21.6118 0
      vertex -29.9872 -21.8042 3
      vertex -29.9872 -21.8042 0
    endloop
  endfacet
  facet normal -0.321574 -0.946885 0
    outer loop
      vertex -19.1118 -20.5511 0
      vertex -18.926 -20.6142 3
      vertex -19.1118 -20.5511 3
    endloop
  endfacet
  facet normal -0.321574 -0.946885 -0
    outer loop
      vertex -18.926 -20.6142 3
      vertex -19.1118 -20.5511 0
      vertex -18.926 -20.6142 0
    endloop
  endfacet
  facet normal 0.0652336 -0.99787 0
    outer loop
      vertex -28.6958 -20.5128 0
      vertex -28.5 -20.5 3
      vertex -28.6958 -20.5128 3
    endloop
  endfacet
  facet normal 0.0652336 -0.99787 0
    outer loop
      vertex -28.5 -20.5 3
      vertex -28.6958 -20.5128 0
      vertex -28.5 -20.5 0
    endloop
  endfacet
  facet normal 0.99787 0.0652336 0
    outer loop
      vertex -29.9872 -22.1958 3
      vertex -30 -22 0
      vertex -30 -22 3
    endloop
  endfacet
  facet normal 0.99787 0.0652336 0
    outer loop
      vertex -30 -22 0
      vertex -29.9872 -22.1958 3
      vertex -29.9872 -22.1958 0
    endloop
  endfacet
  facet normal 0.89686 0.442315 0
    outer loop
      vertex -29.799 -22.75 3
      vertex -29.8858 -22.574 0
      vertex -29.8858 -22.574 3
    endloop
  endfacet
  facet normal 0.89686 0.442315 0
    outer loop
      vertex -29.8858 -22.574 0
      vertex -29.799 -22.75 3
      vertex -29.799 -22.75 0
    endloop
  endfacet
  facet normal 0.752198 0.658937 0
    outer loop
      vertex -29.5607 -23.0607 3
      vertex -29.69 -22.9131 0
      vertex -29.69 -22.9131 3
    endloop
  endfacet
  facet normal 0.752198 0.658937 0
    outer loop
      vertex -29.69 -22.9131 0
      vertex -29.5607 -23.0607 3
      vertex -29.5607 -23.0607 0
    endloop
  endfacet
  facet normal 0.321574 0.946885 -0
    outer loop
      vertex -28.8882 -23.4489 0
      vertex -29.074 -23.3858 3
      vertex -28.8882 -23.4489 3
    endloop
  endfacet
  facet normal 0.321574 0.946885 0
    outer loop
      vertex -29.074 -23.3858 3
      vertex -28.8882 -23.4489 0
      vertex -29.074 -23.3858 0
    endloop
  endfacet
  facet normal -0.89686 -0.442315 0
    outer loop
      vertex -18.1142 -21.426 0
      vertex -18.201 -21.25 3
      vertex -18.201 -21.25 0
    endloop
  endfacet
  facet normal -0.89686 -0.442315 0
    outer loop
      vertex -18.201 -21.25 3
      vertex -18.1142 -21.426 0
      vertex -18.1142 -21.426 3
    endloop
  endfacet
  facet normal 0.195234 -0.980757 0
    outer loop
      vertex -28.8882 -20.5511 0
      vertex -28.6958 -20.5128 3
      vertex -28.8882 -20.5511 3
    endloop
  endfacet
  facet normal 0.195234 -0.980757 0
    outer loop
      vertex -28.6958 -20.5128 3
      vertex -28.8882 -20.5511 0
      vertex -28.6958 -20.5128 0
    endloop
  endfacet
  facet normal 0.89686 -0.442315 0
    outer loop
      vertex -29.8858 -21.426 3
      vertex -29.799 -21.25 0
      vertex -29.799 -21.25 3
    endloop
  endfacet
  facet normal 0.89686 -0.442315 0
    outer loop
      vertex -29.799 -21.25 0
      vertex -29.8858 -21.426 3
      vertex -29.8858 -21.426 0
    endloop
  endfacet
  facet normal -0.0652336 -0.99787 0
    outer loop
      vertex -19.5 -20.5 0
      vertex -19.3042 -20.5128 3
      vertex -19.5 -20.5 3
    endloop
  endfacet
  facet normal -0.0652336 -0.99787 -0
    outer loop
      vertex -19.3042 -20.5128 3
      vertex -19.5 -20.5 0
      vertex -19.3042 -20.5128 0
    endloop
  endfacet
  facet normal -0.195234 -0.980757 0
    outer loop
      vertex -19.3042 -20.5128 0
      vertex -19.1118 -20.5511 3
      vertex -19.3042 -20.5128 3
    endloop
  endfacet
  facet normal -0.195234 -0.980757 -0
    outer loop
      vertex -19.1118 -20.5511 3
      vertex -19.3042 -20.5128 0
      vertex -19.1118 -20.5511 0
    endloop
  endfacet
  facet normal 0.980757 0.195234 0
    outer loop
      vertex -29.9489 -22.3882 3
      vertex -29.9872 -22.1958 0
      vertex -29.9872 -22.1958 3
    endloop
  endfacet
  facet normal 0.980757 0.195234 0
    outer loop
      vertex -29.9872 -22.1958 0
      vertex -29.9489 -22.3882 3
      vertex -29.9489 -22.3882 0
    endloop
  endfacet
  facet normal 0.831422 0.555641 0
    outer loop
      vertex -29.69 -22.9131 3
      vertex -29.799 -22.75 0
      vertex -29.799 -22.75 3
    endloop
  endfacet
  facet normal 0.831422 0.555641 0
    outer loop
      vertex -29.799 -22.75 0
      vertex -29.69 -22.9131 3
      vertex -29.69 -22.9131 0
    endloop
  endfacet
  facet normal 0.195234 0.980757 -0
    outer loop
      vertex -28.6958 -23.4872 0
      vertex -28.8882 -23.4489 3
      vertex -28.6958 -23.4872 3
    endloop
  endfacet
  facet normal 0.195234 0.980757 0
    outer loop
      vertex -28.8882 -23.4489 3
      vertex -28.6958 -23.4872 0
      vertex -28.8882 -23.4489 0
    endloop
  endfacet
  facet normal 0.99787 -0.0652336 0
    outer loop
      vertex -30 -22 3
      vertex -29.9872 -21.8042 0
      vertex -29.9872 -21.8042 3
    endloop
  endfacet
  facet normal 0.99787 -0.0652336 0
    outer loop
      vertex -29.9872 -21.8042 0
      vertex -30 -22 3
      vertex -30 -22 0
    endloop
  endfacet
  facet normal 0.752198 -0.658937 0
    outer loop
      vertex -29.69 -21.0869 3
      vertex -29.5607 -20.9393 0
      vertex -29.5607 -20.9393 3
    endloop
  endfacet
  facet normal 0.752198 -0.658937 0
    outer loop
      vertex -29.5607 -20.9393 0
      vertex -29.69 -21.0869 3
      vertex -29.69 -21.0869 0
    endloop
  endfacet
  facet normal 0.946885 -0.321574 0
    outer loop
      vertex -29.9489 -21.6118 3
      vertex -29.8858 -21.426 0
      vertex -29.8858 -21.426 3
    endloop
  endfacet
  facet normal 0.946885 -0.321574 0
    outer loop
      vertex -29.8858 -21.426 0
      vertex -29.9489 -21.6118 3
      vertex -29.9489 -21.6118 0
    endloop
  endfacet
  facet normal 0.831422 -0.555641 0
    outer loop
      vertex -29.799 -21.25 3
      vertex -29.69 -21.0869 0
      vertex -29.69 -21.0869 3
    endloop
  endfacet
  facet normal 0.831422 -0.555641 0
    outer loop
      vertex -29.69 -21.0869 0
      vertex -29.799 -21.25 3
      vertex -29.799 -21.25 0
    endloop
  endfacet
  facet normal 0.555641 0.831422 -0
    outer loop
      vertex -29.25 -23.299 0
      vertex -29.4131 -23.19 3
      vertex -29.25 -23.299 3
    endloop
  endfacet
  facet normal 0.555641 0.831422 0
    outer loop
      vertex -29.4131 -23.19 3
      vertex -29.25 -23.299 0
      vertex -29.4131 -23.19 0
    endloop
  endfacet
  facet normal 0.0652336 0.99787 -0
    outer loop
      vertex -28.5 -23.5 0
      vertex -28.6958 -23.4872 3
      vertex -28.5 -23.5 3
    endloop
  endfacet
  facet normal 0.0652336 0.99787 0
    outer loop
      vertex -28.6958 -23.4872 3
      vertex -28.5 -23.5 0
      vertex -28.6958 -23.4872 0
    endloop
  endfacet
  facet normal -0.831422 -0.555641 0
    outer loop
      vertex -18.201 -21.25 0
      vertex -18.31 -21.0869 3
      vertex -18.31 -21.0869 0
    endloop
  endfacet
  facet normal -0.831422 -0.555641 0
    outer loop
      vertex -18.31 -21.0869 3
      vertex -18.201 -21.25 0
      vertex -18.201 -21.25 3
    endloop
  endfacet
  facet normal -0.946885 -0.321574 0
    outer loop
      vertex -18.0511 -21.6118 0
      vertex -18.1142 -21.426 3
      vertex -18.1142 -21.426 0
    endloop
  endfacet
  facet normal -0.946885 -0.321574 0
    outer loop
      vertex -18.1142 -21.426 3
      vertex -18.0511 -21.6118 0
      vertex -18.0511 -21.6118 3
    endloop
  endfacet
  facet normal -0.752198 -0.658937 0
    outer loop
      vertex -18.31 -21.0869 0
      vertex -18.4393 -20.9393 3
      vertex -18.4393 -20.9393 0
    endloop
  endfacet
  facet normal -0.752198 -0.658937 0
    outer loop
      vertex -18.4393 -20.9393 3
      vertex -18.31 -21.0869 0
      vertex -18.31 -21.0869 3
    endloop
  endfacet
  facet normal -0.658937 -0.752198 0
    outer loop
      vertex -18.5869 -20.81 0
      vertex -18.4393 -20.9393 3
      vertex -18.5869 -20.81 3
    endloop
  endfacet
  facet normal -0.658937 -0.752198 -0
    outer loop
      vertex -18.4393 -20.9393 3
      vertex -18.5869 -20.81 0
      vertex -18.4393 -20.9393 0
    endloop
  endfacet
  facet normal -0.442315 -0.89686 0
    outer loop
      vertex -18.926 -20.6142 0
      vertex -18.75 -20.701 3
      vertex -18.926 -20.6142 3
    endloop
  endfacet
  facet normal -0.442315 -0.89686 -0
    outer loop
      vertex -18.75 -20.701 3
      vertex -18.926 -20.6142 0
      vertex -18.75 -20.701 0
    endloop
  endfacet
  facet normal 0.442315 -0.89686 0
    outer loop
      vertex -29.25 -20.701 0
      vertex -29.074 -20.6142 3
      vertex -29.25 -20.701 3
    endloop
  endfacet
  facet normal 0.442315 -0.89686 0
    outer loop
      vertex -29.074 -20.6142 3
      vertex -29.25 -20.701 0
      vertex -29.074 -20.6142 0
    endloop
  endfacet
  facet normal 0.658937 -0.752198 0
    outer loop
      vertex -29.5607 -20.9393 0
      vertex -29.4131 -20.81 3
      vertex -29.5607 -20.9393 3
    endloop
  endfacet
  facet normal 0.658937 -0.752198 0
    outer loop
      vertex -29.4131 -20.81 3
      vertex -29.5607 -20.9393 0
      vertex -29.4131 -20.81 0
    endloop
  endfacet
  facet normal 0.555641 -0.831422 0
    outer loop
      vertex -29.4131 -20.81 0
      vertex -29.25 -20.701 3
      vertex -29.4131 -20.81 3
    endloop
  endfacet
  facet normal 0.555641 -0.831422 0
    outer loop
      vertex -29.25 -20.701 3
      vertex -29.4131 -20.81 0
      vertex -29.25 -20.701 0
    endloop
  endfacet
  facet normal -0.980807 -0.19498 0
    outer loop
      vertex -18.0478 -21.6284 0
      vertex -18.0511 -21.6118 3
      vertex -18.0511 -21.6118 0
    endloop
  endfacet
  facet normal -0.980807 -0.19498 0
    outer loop
      vertex -18.0511 -21.6118 3
      vertex -18.0478 -21.6284 0
      vertex -18.0478 -21.6284 3
    endloop
  endfacet
  facet normal -0.555641 -0.831422 0
    outer loop
      vertex -18.75 -20.701 0
      vertex -18.5869 -20.81 3
      vertex -18.75 -20.701 3
    endloop
  endfacet
  facet normal -0.555641 -0.831422 -0
    outer loop
      vertex -18.5869 -20.81 3
      vertex -18.75 -20.701 0
      vertex -18.5869 -20.81 0
    endloop
  endfacet
  facet normal 0.321574 -0.946885 0
    outer loop
      vertex -29.074 -20.6142 0
      vertex -28.8882 -20.5511 3
      vertex -29.074 -20.6142 3
    endloop
  endfacet
  facet normal 0.321574 -0.946885 0
    outer loop
      vertex -28.8882 -20.5511 3
      vertex -29.074 -20.6142 0
      vertex -28.8882 -20.5511 0
    endloop
  endfacet
  facet normal 0 1 -0
    outer loop
      vertex -19.5 20.5 0
      vertex -28.5 20.5 3
      vertex -19.5 20.5 3
    endloop
  endfacet
  facet normal 0 1 0
    outer loop
      vertex -28.5 20.5 3
      vertex -19.5 20.5 0
      vertex -28.5 20.5 0
    endloop
  endfacet
  facet normal 0.442315 0.89686 -0
    outer loop
      vertex -29.074 20.6142 0
      vertex -29.25 20.701 3
      vertex -29.074 20.6142 3
    endloop
  endfacet
  facet normal 0.442315 0.89686 0
    outer loop
      vertex -29.25 20.701 3
      vertex -29.074 20.6142 0
      vertex -29.25 20.701 0
    endloop
  endfacet
  facet normal 0.195234 0.980757 -0
    outer loop
      vertex -28.6958 20.5128 0
      vertex -28.8882 20.5511 3
      vertex -28.6958 20.5128 3
    endloop
  endfacet
  facet normal 0.195234 0.980757 0
    outer loop
      vertex -28.8882 20.5511 3
      vertex -28.6958 20.5128 0
      vertex -28.8882 20.5511 0
    endloop
  endfacet
  facet normal -0.195234 0.980757 0
    outer loop
      vertex -19.1118 20.5511 0
      vertex -19.3042 20.5128 3
      vertex -19.1118 20.5511 3
    endloop
  endfacet
  facet normal -0.195234 0.980757 0
    outer loop
      vertex -19.3042 20.5128 3
      vertex -19.1118 20.5511 0
      vertex -19.3042 20.5128 0
    endloop
  endfacet
  facet normal -0.0652336 0.99787 0
    outer loop
      vertex -19.3042 20.5128 0
      vertex -19.5 20.5 3
      vertex -19.3042 20.5128 3
    endloop
  endfacet
  facet normal -0.0652336 0.99787 0
    outer loop
      vertex -19.5 20.5 3
      vertex -19.3042 20.5128 0
      vertex -19.5 20.5 0
    endloop
  endfacet
  facet normal -0.321574 0.946885 0
    outer loop
      vertex -18.926 20.6142 0
      vertex -19.1118 20.5511 3
      vertex -18.926 20.6142 3
    endloop
  endfacet
  facet normal -0.321574 0.946885 0
    outer loop
      vertex -19.1118 20.5511 3
      vertex -18.926 20.6142 0
      vertex -19.1118 20.5511 0
    endloop
  endfacet
  facet normal 0.321574 -0.946885 0
    outer loop
      vertex -29.074 23.3858 0
      vertex -28.8882 23.4489 3
      vertex -29.074 23.3858 3
    endloop
  endfacet
  facet normal 0.321574 -0.946885 0
    outer loop
      vertex -28.8882 23.4489 3
      vertex -29.074 23.3858 0
      vertex -28.8882 23.4489 0
    endloop
  endfacet
  facet normal 0.0652336 -0.99787 0
    outer loop
      vertex -28.6958 23.4872 0
      vertex -28.5 23.5 3
      vertex -28.6958 23.4872 3
    endloop
  endfacet
  facet normal 0.0652336 -0.99787 0
    outer loop
      vertex -28.5 23.5 3
      vertex -28.6958 23.4872 0
      vertex -28.5 23.5 0
    endloop
  endfacet
  facet normal 0 -1 0
    outer loop
      vertex -28.5 23.5 0
      vertex -22.8658 23.5 3
      vertex -28.5 23.5 3
    endloop
  endfacet
  facet normal 0 -1 -0
    outer loop
      vertex -22.8658 23.5 3
      vertex -28.5 23.5 0
      vertex -22.8658 23.5 0
    endloop
  endfacet
  facet normal 0.99787 0.0652336 0
    outer loop
      vertex -29.9872 21.8042 3
      vertex -30 22 0
      vertex -30 22 3
    endloop
  endfacet
  facet normal 0.99787 0.0652336 0
    outer loop
      vertex -30 22 0
      vertex -29.9872 21.8042 3
      vertex -29.9872 21.8042 0
    endloop
  endfacet
  facet normal 0.946885 0.321574 0
    outer loop
      vertex -29.8858 21.426 3
      vertex -29.9489 21.6118 0
      vertex -29.9489 21.6118 3
    endloop
  endfacet
  facet normal 0.946885 0.321574 0
    outer loop
      vertex -29.9489 21.6118 0
      vertex -29.8858 21.426 3
      vertex -29.8858 21.426 0
    endloop
  endfacet
  facet normal 0.89686 0.442315 0
    outer loop
      vertex -29.799 21.25 3
      vertex -29.8858 21.426 0
      vertex -29.8858 21.426 3
    endloop
  endfacet
  facet normal 0.89686 0.442315 0
    outer loop
      vertex -29.8858 21.426 0
      vertex -29.799 21.25 3
      vertex -29.799 21.25 0
    endloop
  endfacet
  facet normal 0.321574 0.946885 -0
    outer loop
      vertex -28.8882 20.5511 0
      vertex -29.074 20.6142 3
      vertex -28.8882 20.5511 3
    endloop
  endfacet
  facet normal 0.321574 0.946885 0
    outer loop
      vertex -29.074 20.6142 3
      vertex -28.8882 20.5511 0
      vertex -29.074 20.6142 0
    endloop
  endfacet
  facet normal -0.658937 0.752198 0
    outer loop
      vertex -18.4393 20.9393 0
      vertex -18.5869 20.81 3
      vertex -18.4393 20.9393 3
    endloop
  endfacet
  facet normal -0.658937 0.752198 0
    outer loop
      vertex -18.5869 20.81 3
      vertex -18.4393 20.9393 0
      vertex -18.5869 20.81 0
    endloop
  endfacet
  facet normal -0.980807 0.19498 0
    outer loop
      vertex -18.0511 21.6118 0
      vertex -18.0478 21.6284 3
      vertex -18.0478 21.6284 0
    endloop
  endfacet
  facet normal -0.980807 0.19498 0
    outer loop
      vertex -18.0478 21.6284 3
      vertex -18.0511 21.6118 0
      vertex -18.0511 21.6118 3
    endloop
  endfacet
  facet normal 0.89686 -0.442315 0
    outer loop
      vertex -29.8858 22.574 3
      vertex -29.799 22.75 0
      vertex -29.799 22.75 3
    endloop
  endfacet
  facet normal 0.89686 -0.442315 0
    outer loop
      vertex -29.799 22.75 0
      vertex -29.8858 22.574 3
      vertex -29.8858 22.574 0
    endloop
  endfacet
  facet normal 0.195234 -0.980757 0
    outer loop
      vertex -28.8882 23.4489 0
      vertex -28.6958 23.4872 3
      vertex -28.8882 23.4489 3
    endloop
  endfacet
  facet normal 0.195234 -0.980757 0
    outer loop
      vertex -28.6958 23.4872 3
      vertex -28.8882 23.4489 0
      vertex -28.6958 23.4872 0
    endloop
  endfacet
  facet normal 0.980757 0.195234 0
    outer loop
      vertex -29.9489 21.6118 3
      vertex -29.9872 21.8042 0
      vertex -29.9872 21.8042 3
    endloop
  endfacet
  facet normal 0.980757 0.195234 0
    outer loop
      vertex -29.9872 21.8042 0
      vertex -29.9489 21.6118 3
      vertex -29.9489 21.6118 0
    endloop
  endfacet
  facet normal 0.752198 0.658937 0
    outer loop
      vertex -29.5607 20.9393 3
      vertex -29.69 21.0869 0
      vertex -29.69 21.0869 3
    endloop
  endfacet
  facet normal 0.752198 0.658937 0
    outer loop
      vertex -29.69 21.0869 0
      vertex -29.5607 20.9393 3
      vertex -29.5607 20.9393 0
    endloop
  endfacet
  facet normal 0.831422 0.555641 0
    outer loop
      vertex -29.69 21.0869 3
      vertex -29.799 21.25 0
      vertex -29.799 21.25 3
    endloop
  endfacet
  facet normal 0.831422 0.555641 0
    outer loop
      vertex -29.799 21.25 0
      vertex -29.69 21.0869 3
      vertex -29.69 21.0869 0
    endloop
  endfacet
  facet normal 0.658937 0.752198 -0
    outer loop
      vertex -29.4131 20.81 0
      vertex -29.5607 20.9393 3
      vertex -29.4131 20.81 3
    endloop
  endfacet
  facet normal 0.658937 0.752198 0
    outer loop
      vertex -29.5607 20.9393 3
      vertex -29.4131 20.81 0
      vertex -29.5607 20.9393 0
    endloop
  endfacet
  facet normal -0.831422 0.555641 0
    outer loop
      vertex -18.31 21.0869 0
      vertex -18.201 21.25 3
      vertex -18.201 21.25 0
    endloop
  endfacet
  facet normal -0.831422 0.555641 0
    outer loop
      vertex -18.201 21.25 3
      vertex -18.31 21.0869 0
      vertex -18.31 21.0869 3
    endloop
  endfacet
  facet normal -0.752198 0.658937 0
    outer loop
      vertex -18.4393 20.9393 0
      vertex -18.31 21.0869 3
      vertex -18.31 21.0869 0
    endloop
  endfacet
  facet normal -0.752198 0.658937 0
    outer loop
      vertex -18.31 21.0869 3
      vertex -18.4393 20.9393 0
      vertex -18.4393 20.9393 3
    endloop
  endfacet
  facet normal -0.442315 0.89686 0
    outer loop
      vertex -18.75 20.701 0
      vertex -18.926 20.6142 3
      vertex -18.75 20.701 3
    endloop
  endfacet
  facet normal -0.442315 0.89686 0
    outer loop
      vertex -18.926 20.6142 3
      vertex -18.75 20.701 0
      vertex -18.926 20.6142 0
    endloop
  endfacet
  facet normal -0.555641 0.831422 0
    outer loop
      vertex -18.5869 20.81 0
      vertex -18.75 20.701 3
      vertex -18.5869 20.81 3
    endloop
  endfacet
  facet normal -0.555641 0.831422 0
    outer loop
      vertex -18.75 20.701 3
      vertex -18.5869 20.81 0
      vertex -18.75 20.701 0
    endloop
  endfacet
  facet normal -0.89686 0.442315 0
    outer loop
      vertex -18.201 21.25 0
      vertex -18.1142 21.426 3
      vertex -18.1142 21.426 0
    endloop
  endfacet
  facet normal -0.89686 0.442315 0
    outer loop
      vertex -18.1142 21.426 3
      vertex -18.201 21.25 0
      vertex -18.201 21.25 3
    endloop
  endfacet
  facet normal 0.99787 -0.0652336 0
    outer loop
      vertex -30 22 3
      vertex -29.9872 22.1958 0
      vertex -29.9872 22.1958 3
    endloop
  endfacet
  facet normal 0.99787 -0.0652336 0
    outer loop
      vertex -29.9872 22.1958 0
      vertex -30 22 3
      vertex -30 22 0
    endloop
  endfacet
  facet normal 0.946885 -0.321574 0
    outer loop
      vertex -29.9489 22.3882 3
      vertex -29.8858 22.574 0
      vertex -29.8858 22.574 3
    endloop
  endfacet
  facet normal 0.946885 -0.321574 0
    outer loop
      vertex -29.8858 22.574 0
      vertex -29.9489 22.3882 3
      vertex -29.9489 22.3882 0
    endloop
  endfacet
  facet normal 0.831422 -0.555641 0
    outer loop
      vertex -29.799 22.75 3
      vertex -29.69 22.9131 0
      vertex -29.69 22.9131 3
    endloop
  endfacet
  facet normal 0.831422 -0.555641 0
    outer loop
      vertex -29.69 22.9131 0
      vertex -29.799 22.75 3
      vertex -29.799 22.75 0
    endloop
  endfacet
  facet normal 0.0652336 0.99787 -0
    outer loop
      vertex -28.5 20.5 0
      vertex -28.6958 20.5128 3
      vertex -28.5 20.5 3
    endloop
  endfacet
  facet normal 0.0652336 0.99787 0
    outer loop
      vertex -28.6958 20.5128 3
      vertex -28.5 20.5 0
      vertex -28.6958 20.5128 0
    endloop
  endfacet
  facet normal 0.555641 0.831422 -0
    outer loop
      vertex -29.25 20.701 0
      vertex -29.4131 20.81 3
      vertex -29.25 20.701 3
    endloop
  endfacet
  facet normal 0.555641 0.831422 0
    outer loop
      vertex -29.4131 20.81 3
      vertex -29.25 20.701 0
      vertex -29.4131 20.81 0
    endloop
  endfacet
  facet normal -0.946885 0.321574 0
    outer loop
      vertex -18.1142 21.426 0
      vertex -18.0511 21.6118 3
      vertex -18.0511 21.6118 0
    endloop
  endfacet
  facet normal -0.946885 0.321574 0
    outer loop
      vertex -18.0511 21.6118 3
      vertex -18.1142 21.426 0
      vertex -18.1142 21.426 3
    endloop
  endfacet
  facet normal 0.980757 -0.195234 0
    outer loop
      vertex -29.9872 22.1958 3
      vertex -29.9489 22.3882 0
      vertex -29.9489 22.3882 3
    endloop
  endfacet
  facet normal 0.980757 -0.195234 0
    outer loop
      vertex -29.9489 22.3882 0
      vertex -29.9872 22.1958 3
      vertex -29.9872 22.1958 0
    endloop
  endfacet
  facet normal 0.752198 -0.658937 0
    outer loop
      vertex -29.69 22.9131 3
      vertex -29.5607 23.0607 0
      vertex -29.5607 23.0607 3
    endloop
  endfacet
  facet normal 0.752198 -0.658937 0
    outer loop
      vertex -29.5607 23.0607 0
      vertex -29.69 22.9131 3
      vertex -29.69 22.9131 0
    endloop
  endfacet
  facet normal 0.442315 -0.89686 0
    outer loop
      vertex -29.25 23.299 0
      vertex -29.074 23.3858 3
      vertex -29.25 23.299 3
    endloop
  endfacet
  facet normal 0.442315 -0.89686 0
    outer loop
      vertex -29.074 23.3858 3
      vertex -29.25 23.299 0
      vertex -29.074 23.3858 0
    endloop
  endfacet
  facet normal 0.658937 -0.752198 0
    outer loop
      vertex -29.5607 23.0607 0
      vertex -29.4131 23.19 3
      vertex -29.5607 23.0607 3
    endloop
  endfacet
  facet normal 0.658937 -0.752198 0
    outer loop
      vertex -29.4131 23.19 3
      vertex -29.5607 23.0607 0
      vertex -29.4131 23.19 0
    endloop
  endfacet
  facet normal 0.555641 -0.831422 0
    outer loop
      vertex -29.4131 23.19 0
      vertex -29.25 23.299 3
      vertex -29.4131 23.19 3
    endloop
  endfacet
  facet normal 0.555641 -0.831422 0
    outer loop
      vertex -29.25 23.299 3
      vertex -29.4131 23.19 0
      vertex -29.25 23.299 0
    endloop
  endfacet
  facet normal 0 1 -0
    outer loop
      vertex 28.5 -23.5 0
      vertex 22.8658 -23.5 3
      vertex 28.5 -23.5 3
    endloop
  endfacet
  facet normal 0 1 0
    outer loop
      vertex 22.8658 -23.5 3
      vertex 28.5 -23.5 0
      vertex 22.8658 -23.5 0
    endloop
  endfacet
  facet normal -0.195234 0.980757 0
    outer loop
      vertex 28.8882 -23.4489 0
      vertex 28.6958 -23.4872 3
      vertex 28.8882 -23.4489 3
    endloop
  endfacet
  facet normal -0.195234 0.980757 0
    outer loop
      vertex 28.6958 -23.4872 3
      vertex 28.8882 -23.4489 0
      vertex 28.6958 -23.4872 0
    endloop
  endfacet
  facet normal -0.0652336 0.99787 0
    outer loop
      vertex 28.6958 -23.4872 0
      vertex 28.5 -23.5 3
      vertex 28.6958 -23.4872 3
    endloop
  endfacet
  facet normal -0.0652336 0.99787 0
    outer loop
      vertex 28.5 -23.5 3
      vertex 28.6958 -23.4872 0
      vertex 28.5 -23.5 0
    endloop
  endfacet
  facet normal -0.321574 0.946885 0
    outer loop
      vertex 29.074 -23.3858 0
      vertex 28.8882 -23.4489 3
      vertex 29.074 -23.3858 3
    endloop
  endfacet
  facet normal -0.321574 0.946885 0
    outer loop
      vertex 28.8882 -23.4489 3
      vertex 29.074 -23.3858 0
      vertex 28.8882 -23.4489 0
    endloop
  endfacet
  facet normal 0.321574 -0.946885 0
    outer loop
      vertex 18.926 -20.6142 0
      vertex 19.1118 -20.5511 3
      vertex 18.926 -20.6142 3
    endloop
  endfacet
  facet normal 0.321574 -0.946885 0
    outer loop
      vertex 19.1118 -20.5511 3
      vertex 18.926 -20.6142 0
      vertex 19.1118 -20.5511 0
    endloop
  endfacet
  facet normal -0.442315 -0.89686 0
    outer loop
      vertex 29.074 -20.6142 0
      vertex 29.25 -20.701 3
      vertex 29.074 -20.6142 3
    endloop
  endfacet
  facet normal -0.442315 -0.89686 -0
    outer loop
      vertex 29.25 -20.701 3
      vertex 29.074 -20.6142 0
      vertex 29.25 -20.701 0
    endloop
  endfacet
  facet normal 0.0652336 -0.99787 0
    outer loop
      vertex 19.3042 -20.5128 0
      vertex 19.5 -20.5 3
      vertex 19.3042 -20.5128 3
    endloop
  endfacet
  facet normal 0.0652336 -0.99787 0
    outer loop
      vertex 19.5 -20.5 3
      vertex 19.3042 -20.5128 0
      vertex 19.5 -20.5 0
    endloop
  endfacet
  facet normal 0 -1 0
    outer loop
      vertex 19.5 -20.5 0
      vertex 28.5 -20.5 3
      vertex 19.5 -20.5 3
    endloop
  endfacet
  facet normal 0 -1 -0
    outer loop
      vertex 28.5 -20.5 3
      vertex 19.5 -20.5 0
      vertex 28.5 -20.5 0
    endloop
  endfacet
  facet normal -0.658937 0.752198 0
    outer loop
      vertex 29.5607 -23.0607 0
      vertex 29.4131 -23.19 3
      vertex 29.5607 -23.0607 3
    endloop
  endfacet
  facet normal -0.658937 0.752198 0
    outer loop
      vertex 29.4131 -23.19 3
      vertex 29.5607 -23.0607 0
      vertex 29.4131 -23.19 0
    endloop
  endfacet
  facet normal -0.980757 0.195234 0
    outer loop
      vertex 29.9489 -22.3882 0
      vertex 29.9872 -22.1958 3
      vertex 29.9872 -22.1958 0
    endloop
  endfacet
  facet normal -0.980757 0.195234 0
    outer loop
      vertex 29.9872 -22.1958 3
      vertex 29.9489 -22.3882 0
      vertex 29.9489 -22.3882 3
    endloop
  endfacet
  facet normal 0.89686 -0.442315 0
    outer loop
      vertex 18.1142 -21.426 3
      vertex 18.201 -21.25 0
      vertex 18.201 -21.25 3
    endloop
  endfacet
  facet normal 0.89686 -0.442315 0
    outer loop
      vertex 18.201 -21.25 0
      vertex 18.1142 -21.426 3
      vertex 18.1142 -21.426 0
    endloop
  endfacet
  facet normal 0.195234 -0.980757 0
    outer loop
      vertex 19.1118 -20.5511 0
      vertex 19.3042 -20.5128 3
      vertex 19.1118 -20.5511 3
    endloop
  endfacet
  facet normal 0.195234 -0.980757 0
    outer loop
      vertex 19.3042 -20.5128 3
      vertex 19.1118 -20.5511 0
      vertex 19.3042 -20.5128 0
    endloop
  endfacet
  facet normal -0.321574 -0.946885 0
    outer loop
      vertex 28.8882 -20.5511 0
      vertex 29.074 -20.6142 3
      vertex 28.8882 -20.5511 3
    endloop
  endfacet
  facet normal -0.321574 -0.946885 -0
    outer loop
      vertex 29.074 -20.6142 3
      vertex 28.8882 -20.5511 0
      vertex 29.074 -20.6142 0
    endloop
  endfacet
  facet normal -0.195234 -0.980757 0
    outer loop
      vertex 28.6958 -20.5128 0
      vertex 28.8882 -20.5511 3
      vertex 28.6958 -20.5128 3
    endloop
  endfacet
  facet normal -0.195234 -0.980757 -0
    outer loop
      vertex 28.8882 -20.5511 3
      vertex 28.6958 -20.5128 0
      vertex 28.8882 -20.5511 0
    endloop
  endfacet
  facet normal -0.831422 0.555641 0
    outer loop
      vertex 29.69 -22.9131 0
      vertex 29.799 -22.75 3
      vertex 29.799 -22.75 0
    endloop
  endfacet
  facet normal -0.831422 0.555641 0
    outer loop
      vertex 29.799 -22.75 3
      vertex 29.69 -22.9131 0
      vertex 29.69 -22.9131 3
    endloop
  endfacet
  facet normal -0.752198 0.658937 0
    outer loop
      vertex 29.5607 -23.0607 0
      vertex 29.69 -22.9131 3
      vertex 29.69 -22.9131 0
    endloop
  endfacet
  facet normal -0.752198 0.658937 0
    outer loop
      vertex 29.69 -22.9131 3
      vertex 29.5607 -23.0607 0
      vertex 29.5607 -23.0607 3
    endloop
  endfacet
  facet normal -0.442315 0.89686 0
    outer loop
      vertex 29.25 -23.299 0
      vertex 29.074 -23.3858 3
      vertex 29.25 -23.299 3
    endloop
  endfacet
  facet normal -0.442315 0.89686 0
    outer loop
      vertex 29.074 -23.3858 3
      vertex 29.25 -23.299 0
      vertex 29.074 -23.3858 0
    endloop
  endfacet
  facet normal -0.555641 0.831422 0
    outer loop
      vertex 29.4131 -23.19 0
      vertex 29.25 -23.299 3
      vertex 29.4131 -23.19 3
    endloop
  endfacet
  facet normal -0.555641 0.831422 0
    outer loop
      vertex 29.25 -23.299 3
      vertex 29.4131 -23.19 0
      vertex 29.25 -23.299 0
    endloop
  endfacet
  facet normal -0.555641 -0.831422 0
    outer loop
      vertex 29.25 -20.701 0
      vertex 29.4131 -20.81 3
      vertex 29.25 -20.701 3
    endloop
  endfacet
  facet normal -0.555641 -0.831422 -0
    outer loop
      vertex 29.4131 -20.81 3
      vertex 29.25 -20.701 0
      vertex 29.4131 -20.81 0
    endloop
  endfacet
  facet normal -0.89686 0.442315 0
    outer loop
      vertex 29.799 -22.75 0
      vertex 29.8858 -22.574 3
      vertex 29.8858 -22.574 0
    endloop
  endfacet
  facet normal -0.89686 0.442315 0
    outer loop
      vertex 29.8858 -22.574 3
      vertex 29.799 -22.75 0
      vertex 29.799 -22.75 3
    endloop
  endfacet
  facet normal 0.946885 -0.321574 0
    outer loop
      vertex 18.0511 -21.6118 3
      vertex 18.1142 -21.426 0
      vertex 18.1142 -21.426 3
    endloop
  endfacet
  facet normal 0.946885 -0.321574 0
    outer loop
      vertex 18.1142 -21.426 0
      vertex 18.0511 -21.6118 3
      vertex 18.0511 -21.6118 0
    endloop
  endfacet
  facet normal 0.831422 -0.555641 0
    outer loop
      vertex 18.201 -21.25 3
      vertex 18.31 -21.0869 0
      vertex 18.31 -21.0869 3
    endloop
  endfacet
  facet normal 0.831422 -0.555641 0
    outer loop
      vertex 18.31 -21.0869 0
      vertex 18.201 -21.25 3
      vertex 18.201 -21.25 0
    endloop
  endfacet
  facet normal -0.0652336 -0.99787 0
    outer loop
      vertex 28.5 -20.5 0
      vertex 28.6958 -20.5128 3
      vertex 28.5 -20.5 3
    endloop
  endfacet
  facet normal -0.0652336 -0.99787 -0
    outer loop
      vertex 28.6958 -20.5128 3
      vertex 28.5 -20.5 0
      vertex 28.6958 -20.5128 0
    endloop
  endfacet
  facet normal -0.752198 -0.658937 0
    outer loop
      vertex 29.69 -21.0869 0
      vertex 29.5607 -20.9393 3
      vertex 29.5607 -20.9393 0
    endloop
  endfacet
  facet normal -0.752198 -0.658937 0
    outer loop
      vertex 29.5607 -20.9393 3
      vertex 29.69 -21.0869 0
      vertex 29.69 -21.0869 3
    endloop
  endfacet
  facet normal -0.89686 -0.442315 0
    outer loop
      vertex 29.8858 -21.426 0
      vertex 29.799 -21.25 3
      vertex 29.799 -21.25 0
    endloop
  endfacet
  facet normal -0.89686 -0.442315 0
    outer loop
      vertex 29.799 -21.25 3
      vertex 29.8858 -21.426 0
      vertex 29.8858 -21.426 3
    endloop
  endfacet
  facet normal -0.980757 -0.195234 0
    outer loop
      vertex 29.9872 -21.8042 0
      vertex 29.9489 -21.6118 3
      vertex 29.9489 -21.6118 0
    endloop
  endfacet
  facet normal -0.980757 -0.195234 0
    outer loop
      vertex 29.9489 -21.6118 3
      vertex 29.9872 -21.8042 0
      vertex 29.9872 -21.8042 3
    endloop
  endfacet
  facet normal -0.658937 -0.752198 0
    outer loop
      vertex 29.4131 -20.81 0
      vertex 29.5607 -20.9393 3
      vertex 29.4131 -20.81 3
    endloop
  endfacet
  facet normal -0.658937 -0.752198 -0
    outer loop
      vertex 29.5607 -20.9393 3
      vertex 29.4131 -20.81 0
      vertex 29.5607 -20.9393 0
    endloop
  endfacet
  facet normal -0.946885 0.321574 0
    outer loop
      vertex 29.8858 -22.574 0
      vertex 29.9489 -22.3882 3
      vertex 29.9489 -22.3882 0
    endloop
  endfacet
  facet normal -0.946885 0.321574 0
    outer loop
      vertex 29.9489 -22.3882 3
      vertex 29.8858 -22.574 0
      vertex 29.8858 -22.574 3
    endloop
  endfacet
  facet normal 0.980807 -0.19498 0
    outer loop
      vertex 18.0478 -21.6284 3
      vertex 18.0511 -21.6118 0
      vertex 18.0511 -21.6118 3
    endloop
  endfacet
  facet normal 0.980807 -0.19498 0
    outer loop
      vertex 18.0511 -21.6118 0
      vertex 18.0478 -21.6284 3
      vertex 18.0478 -21.6284 0
    endloop
  endfacet
  facet normal 0.752198 -0.658937 0
    outer loop
      vertex 18.31 -21.0869 3
      vertex 18.4393 -20.9393 0
      vertex 18.4393 -20.9393 3
    endloop
  endfacet
  facet normal 0.752198 -0.658937 0
    outer loop
      vertex 18.4393 -20.9393 0
      vertex 18.31 -21.0869 3
      vertex 18.31 -21.0869 0
    endloop
  endfacet
  facet normal 0.442315 -0.89686 0
    outer loop
      vertex 18.75 -20.701 0
      vertex 18.926 -20.6142 3
      vertex 18.75 -20.701 3
    endloop
  endfacet
  facet normal 0.442315 -0.89686 0
    outer loop
      vertex 18.926 -20.6142 3
      vertex 18.75 -20.701 0
      vertex 18.926 -20.6142 0
    endloop
  endfacet
  facet normal -0.831422 -0.555641 0
    outer loop
      vertex 29.799 -21.25 0
      vertex 29.69 -21.0869 3
      vertex 29.69 -21.0869 0
    endloop
  endfacet
  facet normal -0.831422 -0.555641 0
    outer loop
      vertex 29.69 -21.0869 3
      vertex 29.799 -21.25 0
      vertex 29.799 -21.25 3
    endloop
  endfacet
  facet normal -0.946885 -0.321574 0
    outer loop
      vertex 29.9489 -21.6118 0
      vertex 29.8858 -21.426 3
      vertex 29.8858 -21.426 0
    endloop
  endfacet
  facet normal -0.946885 -0.321574 0
    outer loop
      vertex 29.8858 -21.426 3
      vertex 29.9489 -21.6118 0
      vertex 29.9489 -21.6118 3
    endloop
  endfacet
  facet normal -0.99787 0.0652336 0
    outer loop
      vertex 29.9872 -22.1958 0
      vertex 30 -22 3
      vertex 30 -22 0
    endloop
  endfacet
  facet normal -0.99787 0.0652336 0
    outer loop
      vertex 30 -22 3
      vertex 29.9872 -22.1958 0
      vertex 29.9872 -22.1958 3
    endloop
  endfacet
  facet normal -0.99787 -0.0652336 0
    outer loop
      vertex 30 -22 0
      vertex 29.9872 -21.8042 3
      vertex 29.9872 -21.8042 0
    endloop
  endfacet
  facet normal -0.99787 -0.0652336 0
    outer loop
      vertex 29.9872 -21.8042 3
      vertex 30 -22 0
      vertex 30 -22 3
    endloop
  endfacet
  facet normal 0.658937 -0.752198 0
    outer loop
      vertex 18.4393 -20.9393 0
      vertex 18.5869 -20.81 3
      vertex 18.4393 -20.9393 3
    endloop
  endfacet
  facet normal 0.658937 -0.752198 0
    outer loop
      vertex 18.5869 -20.81 3
      vertex 18.4393 -20.9393 0
      vertex 18.5869 -20.81 0
    endloop
  endfacet
  facet normal 0.555641 -0.831422 0
    outer loop
      vertex 18.5869 -20.81 0
      vertex 18.75 -20.701 3
      vertex 18.5869 -20.81 3
    endloop
  endfacet
  facet normal 0.555641 -0.831422 0
    outer loop
      vertex 18.75 -20.701 3
      vertex 18.5869 -20.81 0
      vertex 18.75 -20.701 0
    endloop
  endfacet
  facet normal 0 1 -0
    outer loop
      vertex 28.5 20.5 0
      vertex 19.5 20.5 3
      vertex 28.5 20.5 3
    endloop
  endfacet
  facet normal 0 1 0
    outer loop
      vertex 19.5 20.5 3
      vertex 28.5 20.5 0
      vertex 19.5 20.5 0
    endloop
  endfacet
  facet normal 0.442315 0.89686 -0
    outer loop
      vertex 18.926 20.6142 0
      vertex 18.75 20.701 3
      vertex 18.926 20.6142 3
    endloop
  endfacet
  facet normal 0.442315 0.89686 0
    outer loop
      vertex 18.75 20.701 3
      vertex 18.926 20.6142 0
      vertex 18.75 20.701 0
    endloop
  endfacet
  facet normal 0.195234 0.980757 -0
    outer loop
      vertex 19.3042 20.5128 0
      vertex 19.1118 20.5511 3
      vertex 19.3042 20.5128 3
    endloop
  endfacet
  facet normal 0.195234 0.980757 0
    outer loop
      vertex 19.1118 20.5511 3
      vertex 19.3042 20.5128 0
      vertex 19.1118 20.5511 0
    endloop
  endfacet
  facet normal -0.195234 0.980757 0
    outer loop
      vertex 28.8882 20.5511 0
      vertex 28.6958 20.5128 3
      vertex 28.8882 20.5511 3
    endloop
  endfacet
  facet normal -0.195234 0.980757 0
    outer loop
      vertex 28.6958 20.5128 3
      vertex 28.8882 20.5511 0
      vertex 28.6958 20.5128 0
    endloop
  endfacet
  facet normal -0.0652336 0.99787 0
    outer loop
      vertex 28.6958 20.5128 0
      vertex 28.5 20.5 3
      vertex 28.6958 20.5128 3
    endloop
  endfacet
  facet normal -0.0652336 0.99787 0
    outer loop
      vertex 28.5 20.5 3
      vertex 28.6958 20.5128 0
      vertex 28.5 20.5 0
    endloop
  endfacet
  facet normal -0.321574 0.946885 0
    outer loop
      vertex 29.074 20.6142 0
      vertex 28.8882 20.5511 3
      vertex 29.074 20.6142 3
    endloop
  endfacet
  facet normal -0.321574 0.946885 0
    outer loop
      vertex 28.8882 20.5511 3
      vertex 29.074 20.6142 0
      vertex 28.8882 20.5511 0
    endloop
  endfacet
  facet normal -0.0652336 -0.99787 0
    outer loop
      vertex 28.5 23.5 0
      vertex 28.6958 23.4872 3
      vertex 28.5 23.5 3
    endloop
  endfacet
  facet normal -0.0652336 -0.99787 -0
    outer loop
      vertex 28.6958 23.4872 3
      vertex 28.5 23.5 0
      vertex 28.6958 23.4872 0
    endloop
  endfacet
  facet normal -0.442315 -0.89686 0
    outer loop
      vertex 29.074 23.3858 0
      vertex 29.25 23.299 3
      vertex 29.074 23.3858 3
    endloop
  endfacet
  facet normal -0.442315 -0.89686 -0
    outer loop
      vertex 29.25 23.299 3
      vertex 29.074 23.3858 0
      vertex 29.25 23.299 0
    endloop
  endfacet
  facet normal 0 -1 0
    outer loop
      vertex 22.8658 23.5 0
      vertex 28.5 23.5 3
      vertex 22.8658 23.5 3
    endloop
  endfacet
  facet normal 0 -1 -0
    outer loop
      vertex 28.5 23.5 3
      vertex 22.8658 23.5 0
      vertex 28.5 23.5 0
    endloop
  endfacet
  facet normal 0.946885 0.321574 0
    outer loop
      vertex 18.1142 21.426 3
      vertex 18.0511 21.6118 0
      vertex 18.0511 21.6118 3
    endloop
  endfacet
  facet normal 0.946885 0.321574 0
    outer loop
      vertex 18.0511 21.6118 0
      vertex 18.1142 21.426 3
      vertex 18.1142 21.426 0
    endloop
  endfacet
  facet normal 0.89686 0.442315 0
    outer loop
      vertex 18.201 21.25 3
      vertex 18.1142 21.426 0
      vertex 18.1142 21.426 3
    endloop
  endfacet
  facet normal 0.89686 0.442315 0
    outer loop
      vertex 18.1142 21.426 0
      vertex 18.201 21.25 3
      vertex 18.201 21.25 0
    endloop
  endfacet
  facet normal 0.321574 0.946885 -0
    outer loop
      vertex 19.1118 20.5511 0
      vertex 18.926 20.6142 3
      vertex 19.1118 20.5511 3
    endloop
  endfacet
  facet normal 0.321574 0.946885 0
    outer loop
      vertex 18.926 20.6142 3
      vertex 19.1118 20.5511 0
      vertex 18.926 20.6142 0
    endloop
  endfacet
  facet normal -0.658937 0.752198 0
    outer loop
      vertex 29.5607 20.9393 0
      vertex 29.4131 20.81 3
      vertex 29.5607 20.9393 3
    endloop
  endfacet
  facet normal -0.658937 0.752198 0
    outer loop
      vertex 29.4131 20.81 3
      vertex 29.5607 20.9393 0
      vertex 29.4131 20.81 0
    endloop
  endfacet
  facet normal -0.980757 0.195234 0
    outer loop
      vertex 29.9489 21.6118 0
      vertex 29.9872 21.8042 3
      vertex 29.9872 21.8042 0
    endloop
  endfacet
  facet normal -0.980757 0.195234 0
    outer loop
      vertex 29.9872 21.8042 3
      vertex 29.9489 21.6118 0
      vertex 29.9489 21.6118 3
    endloop
  endfacet
  facet normal -0.321574 -0.946885 0
    outer loop
      vertex 28.8882 23.4489 0
      vertex 29.074 23.3858 3
      vertex 28.8882 23.4489 3
    endloop
  endfacet
  facet normal -0.321574 -0.946885 -0
    outer loop
      vertex 29.074 23.3858 3
      vertex 28.8882 23.4489 0
      vertex 29.074 23.3858 0
    endloop
  endfacet
  facet normal -0.195234 -0.980757 0
    outer loop
      vertex 28.6958 23.4872 0
      vertex 28.8882 23.4489 3
      vertex 28.6958 23.4872 3
    endloop
  endfacet
  facet normal -0.195234 -0.980757 -0
    outer loop
      vertex 28.8882 23.4489 3
      vertex 28.6958 23.4872 0
      vertex 28.8882 23.4489 0
    endloop
  endfacet
  facet normal 0.980807 0.19498 0
    outer loop
      vertex 18.0511 21.6118 3
      vertex 18.0478 21.6284 0
      vertex 18.0478 21.6284 3
    endloop
  endfacet
  facet normal 0.980807 0.19498 0
    outer loop
      vertex 18.0478 21.6284 0
      vertex 18.0511 21.6118 3
      vertex 18.0511 21.6118 0
    endloop
  endfacet
  facet normal 0.752198 0.658937 0
    outer loop
      vertex 18.4393 20.9393 3
      vertex 18.31 21.0869 0
      vertex 18.31 21.0869 3
    endloop
  endfacet
  facet normal 0.752198 0.658937 0
    outer loop
      vertex 18.31 21.0869 0
      vertex 18.4393 20.9393 3
      vertex 18.4393 20.9393 0
    endloop
  endfacet
  facet normal 0.831422 0.555641 0
    outer loop
      vertex 18.31 21.0869 3
      vertex 18.201 21.25 0
      vertex 18.201 21.25 3
    endloop
  endfacet
  facet normal 0.831422 0.555641 0
    outer loop
      vertex 18.201 21.25 0
      vertex 18.31 21.0869 3
      vertex 18.31 21.0869 0
    endloop
  endfacet
  facet normal 0.658937 0.752198 -0
    outer loop
      vertex 18.5869 20.81 0
      vertex 18.4393 20.9393 3
      vertex 18.5869 20.81 3
    endloop
  endfacet
  facet normal 0.658937 0.752198 0
    outer loop
      vertex 18.4393 20.9393 3
      vertex 18.5869 20.81 0
      vertex 18.4393 20.9393 0
    endloop
  endfacet
  facet normal -0.831422 0.555641 0
    outer loop
      vertex 29.69 21.0869 0
      vertex 29.799 21.25 3
      vertex 29.799 21.25 0
    endloop
  endfacet
  facet normal -0.831422 0.555641 0
    outer loop
      vertex 29.799 21.25 3
      vertex 29.69 21.0869 0
      vertex 29.69 21.0869 3
    endloop
  endfacet
  facet normal -0.752198 0.658937 0
    outer loop
      vertex 29.5607 20.9393 0
      vertex 29.69 21.0869 3
      vertex 29.69 21.0869 0
    endloop
  endfacet
  facet normal -0.752198 0.658937 0
    outer loop
      vertex 29.69 21.0869 3
      vertex 29.5607 20.9393 0
      vertex 29.5607 20.9393 3
    endloop
  endfacet
  facet normal -0.442315 0.89686 0
    outer loop
      vertex 29.25 20.701 0
      vertex 29.074 20.6142 3
      vertex 29.25 20.701 3
    endloop
  endfacet
  facet normal -0.442315 0.89686 0
    outer loop
      vertex 29.074 20.6142 3
      vertex 29.25 20.701 0
      vertex 29.074 20.6142 0
    endloop
  endfacet
  facet normal -0.555641 0.831422 0
    outer loop
      vertex 29.4131 20.81 0
      vertex 29.25 20.701 3
      vertex 29.4131 20.81 3
    endloop
  endfacet
  facet normal -0.555641 0.831422 0
    outer loop
      vertex 29.25 20.701 3
      vertex 29.4131 20.81 0
      vertex 29.25 20.701 0
    endloop
  endfacet
  facet normal -0.89686 0.442315 0
    outer loop
      vertex 29.799 21.25 0
      vertex 29.8858 21.426 3
      vertex 29.8858 21.426 0
    endloop
  endfacet
  facet normal -0.89686 0.442315 0
    outer loop
      vertex 29.8858 21.426 3
      vertex 29.799 21.25 0
      vertex 29.799 21.25 3
    endloop
  endfacet
  facet normal 0.0652336 0.99787 -0
    outer loop
      vertex 19.5 20.5 0
      vertex 19.3042 20.5128 3
      vertex 19.5 20.5 3
    endloop
  endfacet
  facet normal 0.0652336 0.99787 0
    outer loop
      vertex 19.3042 20.5128 3
      vertex 19.5 20.5 0
      vertex 19.3042 20.5128 0
    endloop
  endfacet
  facet normal 0.555641 0.831422 -0
    outer loop
      vertex 18.75 20.701 0
      vertex 18.5869 20.81 3
      vertex 18.75 20.701 3
    endloop
  endfacet
  facet normal 0.555641 0.831422 0
    outer loop
      vertex 18.5869 20.81 3
      vertex 18.75 20.701 0
      vertex 18.5869 20.81 0
    endloop
  endfacet
  facet normal -0.752198 -0.658937 0
    outer loop
      vertex 29.69 22.9131 0
      vertex 29.5607 23.0607 3
      vertex 29.5607 23.0607 0
    endloop
  endfacet
  facet normal -0.752198 -0.658937 0
    outer loop
      vertex 29.5607 23.0607 3
      vertex 29.69 22.9131 0
      vertex 29.69 22.9131 3
    endloop
  endfacet
  facet normal -0.89686 -0.442315 0
    outer loop
      vertex 29.8858 22.574 0
      vertex 29.799 22.75 3
      vertex 29.799 22.75 0
    endloop
  endfacet
  facet normal -0.89686 -0.442315 0
    outer loop
      vertex 29.799 22.75 3
      vertex 29.8858 22.574 0
      vertex 29.8858 22.574 3
    endloop
  endfacet
  facet normal -0.980757 -0.195234 0
    outer loop
      vertex 29.9872 22.1958 0
      vertex 29.9489 22.3882 3
      vertex 29.9489 22.3882 0
    endloop
  endfacet
  facet normal -0.980757 -0.195234 0
    outer loop
      vertex 29.9489 22.3882 3
      vertex 29.9872 22.1958 0
      vertex 29.9872 22.1958 3
    endloop
  endfacet
  facet normal -0.658937 -0.752198 0
    outer loop
      vertex 29.4131 23.19 0
      vertex 29.5607 23.0607 3
      vertex 29.4131 23.19 3
    endloop
  endfacet
  facet normal -0.658937 -0.752198 -0
    outer loop
      vertex 29.5607 23.0607 3
      vertex 29.4131 23.19 0
      vertex 29.5607 23.0607 0
    endloop
  endfacet
  facet normal -0.946885 0.321574 0
    outer loop
      vertex 29.8858 21.426 0
      vertex 29.9489 21.6118 3
      vertex 29.9489 21.6118 0
    endloop
  endfacet
  facet normal -0.946885 0.321574 0
    outer loop
      vertex 29.9489 21.6118 3
      vertex 29.8858 21.426 0
      vertex 29.8858 21.426 3
    endloop
  endfacet
  facet normal -0.831422 -0.555641 0
    outer loop
      vertex 29.799 22.75 0
      vertex 29.69 22.9131 3
      vertex 29.69 22.9131 0
    endloop
  endfacet
  facet normal -0.831422 -0.555641 0
    outer loop
      vertex 29.69 22.9131 3
      vertex 29.799 22.75 0
      vertex 29.799 22.75 3
    endloop
  endfacet
  facet normal -0.946885 -0.321574 0
    outer loop
      vertex 29.9489 22.3882 0
      vertex 29.8858 22.574 3
      vertex 29.8858 22.574 0
    endloop
  endfacet
  facet normal -0.946885 -0.321574 0
    outer loop
      vertex 29.8858 22.574 3
      vertex 29.9489 22.3882 0
      vertex 29.9489 22.3882 3
    endloop
  endfacet
  facet normal -0.99787 0.0652336 0
    outer loop
      vertex 29.9872 21.8042 0
      vertex 30 22 3
      vertex 30 22 0
    endloop
  endfacet
  facet normal -0.99787 0.0652336 0
    outer loop
      vertex 30 22 3
      vertex 29.9872 21.8042 0
      vertex 29.9872 21.8042 3
    endloop
  endfacet
  facet normal -0.99787 -0.0652336 0
    outer loop
      vertex 30 22 0
      vertex 29.9872 22.1958 3
      vertex 29.9872 22.1958 0
    endloop
  endfacet
  facet normal -0.99787 -0.0652336 0
    outer loop
      vertex 29.9872 22.1958 3
      vertex 30 22 0
      vertex 30 22 3
    endloop
  endfacet
  facet normal -0.555641 -0.831422 0
    outer loop
      vertex 29.25 23.299 0
      vertex 29.4131 23.19 3
      vertex 29.25 23.299 3
    endloop
  endfacet
  facet normal -0.555641 -0.831422 -0
    outer loop
      vertex 29.4131 23.19 3
      vertex 29.25 23.299 0
      vertex 29.4131 23.19 0
    endloop
  endfacet
  facet normal -0.997856 -0.0654432 0
    outer loop
      vertex -67.9572 -49.6526 0
      vertex -68 -49 3
      vertex -68 -49 0
    endloop
  endfacet
  facet normal -0.997856 -0.0654432 0
    outer loop
      vertex -68 -49 3
      vertex -67.9572 -49.6526 0
      vertex -67.9572 -49.6526 3
    endloop
  endfacet
  facet normal 0 -1 0
    outer loop
      vertex -63 -54 0
      vertex 63 -54 3
      vertex -63 -54 3
    endloop
  endfacet
  facet normal 0 -1 -0
    outer loop
      vertex 63 -54 3
      vertex -63 -54 0
      vertex 63 -54 0
    endloop
  endfacet
  facet normal 0 0 1
    outer loop
      vertex -42.5211 -43.1402 3
      vertex -44.9607 -48.9868 3
      vertex -44.95 -49.15 3
    endloop
  endfacet
  facet normal 0 0 1
    outer loop
      vertex -43.5 -43.7942 3
      vertex -44.9926 -48.8265 3
      vertex -44.9607 -48.9868 3
    endloop
  endfacet
  facet normal 0 0 1
    outer loop
      vertex -43.5 -43.7942 3
      vertex -45.0452 -48.6716 3
      vertex -44.9926 -48.8265 3
    endloop
  endfacet
  facet normal 0 0 1
    outer loop
      vertex -43.5 -43.7942 3
      vertex -45.1175 -48.525 3
      vertex -45.0452 -48.6716 3
    endloop
  endfacet
  facet normal 0 0 1
    outer loop
      vertex -43.5 -43.7942 3
      vertex -45.2083 -48.389 3
      vertex -45.1175 -48.525 3
    endloop
  endfacet
  facet normal 0 0 1
    outer loop
      vertex -44.5558 -44.3149 3
      vertex -45.3161 -48.2661 3
      vertex -45.2083 -48.389 3
    endloop
  endfacet
  facet normal 0 0 1
    outer loop
      vertex -44.5558 -44.3149 3
      vertex -45.439 -48.1583 3
      vertex -45.3161 -48.2661 3
    endloop
  endfacet
  facet normal 0 0 1
    outer loop
      vertex -44.5558 -44.3149 3
      vertex -45.575 -48.0675 3
      vertex -45.439 -48.1583 3
    endloop
  endfacet
  facet normal -0 0 1
    outer loop
      vertex -45.6706 -44.6933 3
      vertex -45.575 -48.0675 3
      vertex -44.5558 -44.3149 3
    endloop
  endfacet
  facet normal 0 0 1
    outer loop
      vertex -45.6706 -44.6933 3
      vertex -45.7216 -47.9952 3
      vertex -45.575 -48.0675 3
    endloop
  endfacet
  facet normal 0 0 1
    outer loop
      vertex -45.6706 -44.6933 3
      vertex -45.8765 -47.9426 3
      vertex -45.7216 -47.9952 3
    endloop
  endfacet
  facet normal 0 0 1
    outer loop
      vertex -45.6706 -44.6933 3
      vertex -46.0368 -47.9107 3
      vertex -45.8765 -47.9426 3
    endloop
  endfacet
  facet normal -0 0 1
    outer loop
      vertex -46.8253 -44.923 3
      vertex -46.0368 -47.9107 3
      vertex -45.6706 -44.6933 3
    endloop
  endfacet
  facet normal 0 0 1
    outer loop
      vertex -46.0368 -47.9107 3
      vertex -46.8253 -44.923 3
      vertex -46.2 -47.9 3
    endloop
  endfacet
  facet normal -0 0 1
    outer loop
      vertex -48 -45 3
      vertex -46.2 -47.9 3
      vertex -46.8253 -44.923 3
    endloop
  endfacet
  facet normal 0 0 1
    outer loop
      vertex -49.7 -47.9 3
      vertex -48 -45 3
      vertex -49.1747 -44.923 3
    endloop
  endfacet
  facet normal 0 0 1
    outer loop
      vertex -48 -45 3
      vertex -49.7 -47.9 3
      vertex -46.2 -47.9 3
    endloop
  endfacet
  facet normal 0 0 1
    outer loop
      vertex -49.1747 -44.923 3
      vertex -49.8632 -47.9107 3
      vertex -49.7 -47.9 3
    endloop
  endfacet
  facet normal 0 0 1
    outer loop
      vertex -50.3294 -44.6933 3
      vertex -49.8632 -47.9107 3
      vertex -49.1747 -44.923 3
    endloop
  endfacet
  facet normal 0 0 1
    outer loop
      vertex -49.8632 -47.9107 3
      vertex -50.3294 -44.6933 3
      vertex -50.0235 -47.9426 3
    endloop
  endfacet
  facet normal 0 0 1
    outer loop
      vertex -50.0235 -47.9426 3
      vertex -50.3294 -44.6933 3
      vertex -50.1784 -47.9952 3
    endloop
  endfacet
  facet normal 0 0 1
    outer loop
      vertex -50.1784 -47.9952 3
      vertex -50.3294 -44.6933 3
      vertex -50.325 -48.0675 3
    endloop
  endfacet
  facet normal 0 0 1
    outer loop
      vertex -51.4441 -44.3149 3
      vertex -50.325 -48.0675 3
      vertex -50.3294 -44.6933 3
    endloop
  endfacet
  facet normal 0 0 1
    outer loop
      vertex -50.325 -48.0675 3
      vertex -51.4441 -44.3149 3
      vertex -50.461 -48.1583 3
    endloop
  endfacet
  facet normal 0 0 1
    outer loop
      vertex -50.461 -48.1583 3
      vertex -51.4441 -44.3149 3
      vertex -50.5839 -48.2661 3
    endloop
  endfacet
  facet normal 0 0 1
    outer loop
      vertex -50.5839 -48.2661 3
      vertex -51.4441 -44.3149 3
      vertex -50.6917 -48.389 3
    endloop
  endfacet
  facet normal 0 0 1
    outer loop
      vertex -50.6917 -48.389 3
      vertex -51.4441 -44.3149 3
      vertex -50.7825 -48.525 3
    endloop
  endfacet
  facet normal 0 0 1
    outer loop
      vertex -52.5 -43.7942 3
      vertex -50.7825 -48.525 3
      vertex -51.4441 -44.3149 3
    endloop
  endfacet
  facet normal 0 0 1
    outer loop
      vertex -50.7825 -48.525 3
      vertex -52.5 -43.7942 3
      vertex -50.8549 -48.6716 3
    endloop
  endfacet
  facet normal 0 0 1
    outer loop
      vertex -53.4789 -43.1402 3
      vertex -50.9074 -48.8265 3
      vertex -52.5 -43.7942 3
    endloop
  endfacet
  facet normal 0 0 1
    outer loop
      vertex -50.8549 -48.6716 3
      vertex -52.5 -43.7942 3
      vertex -50.9074 -48.8265 3
    endloop
  endfacet
  facet normal 0 0 1
    outer loop
      vertex -29.69 -21.0869 3
      vertex -44.95 -22.85 3
      vertex -29.799 -21.25 3
    endloop
  endfacet
  facet normal 0 0 1
    outer loop
      vertex -29.25 -20.701 3
      vertex -44.9607 -22.6868 3
      vertex -44.95 -22.85 3
    endloop
  endfacet
  facet normal 0 0 1
    outer loop
      vertex -29.69 21.0869 3
      vertex -45.3161 21.9661 3
      vertex -29.5607 20.9393 3
    endloop
  endfacet
  facet normal 0 0 1
    outer loop
      vertex -29.25 -20.701 3
      vertex -44.9926 -22.5265 3
      vertex -44.9607 -22.6868 3
    endloop
  endfacet
  facet normal -0 0 1
    outer loop
      vertex -45.439 21.8583 3
      vertex -29.5607 20.9393 3
      vertex -45.3161 21.9661 3
    endloop
  endfacet
  facet normal 0 0 1
    outer loop
      vertex -29.25 -20.701 3
      vertex -45.0452 -22.3716 3
      vertex -44.9926 -22.5265 3
    endloop
  endfacet
  facet normal 0 0 1
    outer loop
      vertex -29.5607 20.9393 3
      vertex -45.439 21.8583 3
      vertex -29.4131 20.81 3
    endloop
  endfacet
  facet normal 0 0 1
    outer loop
      vertex -29.25 -20.701 3
      vertex -45.1175 -22.225 3
      vertex -45.0452 -22.3716 3
    endloop
  endfacet
  facet normal -0 0 1
    outer loop
      vertex -45.575 21.7675 3
      vertex -29.4131 20.81 3
      vertex -45.439 21.8583 3
    endloop
  endfacet
  facet normal 0 0 1
    outer loop
      vertex -29.25 -20.701 3
      vertex -45.2083 -22.089 3
      vertex -45.1175 -22.225 3
    endloop
  endfacet
  facet normal 0 0 1
    outer loop
      vertex -29.4131 20.81 3
      vertex -45.575 21.7675 3
      vertex -29.25 20.701 3
    endloop
  endfacet
  facet normal 0 0 1
    outer loop
      vertex -29.25 -20.701 3
      vertex -45.3161 -21.9661 3
      vertex -45.2083 -22.089 3
    endloop
  endfacet
  facet normal -0 0 1
    outer loop
      vertex -45.7216 21.6952 3
      vertex -29.25 20.701 3
      vertex -45.575 21.7675 3
    endloop
  endfacet
  facet normal 0 0 1
    outer loop
      vertex -29.25 -20.701 3
      vertex -45.439 -21.8583 3
      vertex -45.3161 -21.9661 3
    endloop
  endfacet
  facet normal -0 0 1
    outer loop
      vertex -45.8765 21.6426 3
      vertex -29.25 20.701 3
      vertex -45.7216 21.6952 3
    endloop
  endfacet
  facet normal 0 0 1
    outer loop
      vertex -29.25 -20.701 3
      vertex -45.575 -21.7675 3
      vertex -45.439 -21.8583 3
    endloop
  endfacet
  facet normal 0 0 1
    outer loop
      vertex -29.25 20.701 3
      vertex -45.8765 21.6426 3
      vertex -29.25 -20.701 3
    endloop
  endfacet
  facet normal 0 0 1
    outer loop
      vertex -29.25 -20.701 3
      vertex -45.7216 -21.6952 3
      vertex -45.575 -21.7675 3
    endloop
  endfacet
  facet normal 0 0 1
    outer loop
      vertex -45.8765 -21.6426 3
      vertex -29.25 -20.701 3
      vertex -45.8765 21.6426 3
    endloop
  endfacet
  facet normal 0 0 1
    outer loop
      vertex -29.25 -20.701 3
      vertex -45.8765 -21.6426 3
      vertex -45.7216 -21.6952 3
    endloop
  endfacet
  facet normal -0 0 1
    outer loop
      vertex -46.0368 21.6107 3
      vertex -45.8765 -21.6426 3
      vertex -45.8765 21.6426 3
    endloop
  endfacet
  facet normal 0 0 1
    outer loop
      vertex -46.0368 21.6107 3
      vertex -46.0368 -21.6107 3
      vertex -45.8765 -21.6426 3
    endloop
  endfacet
  facet normal -0 0 1
    outer loop
      vertex -46.2 21.6 3
      vertex -46.0368 -21.6107 3
      vertex -46.0368 21.6107 3
    endloop
  endfacet
  facet normal 0 0 1
    outer loop
      vertex -46.2 21.6 3
      vertex -46.2 -21.6 3
      vertex -46.0368 -21.6107 3
    endloop
  endfacet
  facet normal -0 0 1
    outer loop
      vertex -49.7 21.6 3
      vertex -46.2 -21.6 3
      vertex -46.2 21.6 3
    endloop
  endfacet
  facet normal 0 0 1
    outer loop
      vertex -49.7 21.6 3
      vertex -49.7 -21.6 3
      vertex -46.2 -21.6 3
    endloop
  endfacet
  facet normal 0 0 1
    outer loop
      vertex -49.8632 21.6107 3
      vertex -49.7 -21.6 3
      vertex -49.7 21.6 3
    endloop
  endfacet
  facet normal 0 0 1
    outer loop
      vertex -49.8632 21.6107 3
      vertex -49.8632 -21.6107 3
      vertex -49.7 -21.6 3
    endloop
  endfacet
  facet normal 0 0 1
    outer loop
      vertex -50.0235 21.6426 3
      vertex -49.8632 -21.6107 3
      vertex -49.8632 21.6107 3
    endloop
  endfacet
  facet normal 0 0 1
    outer loop
      vertex -50.0235 21.6426 3
      vertex -50.0235 -21.6426 3
      vertex -49.8632 -21.6107 3
    endloop
  endfacet
  facet normal 0 0 1
    outer loop
      vertex -50.1784 21.6952 3
      vertex -50.0235 -21.6426 3
      vertex -50.0235 21.6426 3
    endloop
  endfacet
  facet normal 0 0 1
    outer loop
      vertex -50.1784 21.6952 3
      vertex -50.1784 -21.6952 3
      vertex -50.0235 -21.6426 3
    endloop
  endfacet
  facet normal 0 0 1
    outer loop
      vertex -50.325 21.7675 3
      vertex -50.1784 -21.6952 3
      vertex -50.1784 21.6952 3
    endloop
  endfacet
  facet normal 0 0 1
    outer loop
      vertex -50.325 21.7675 3
      vertex -50.325 -21.7675 3
      vertex -50.1784 -21.6952 3
    endloop
  endfacet
  facet normal 0 0 1
    outer loop
      vertex -50.461 21.8583 3
      vertex -50.325 -21.7675 3
      vertex -50.325 21.7675 3
    endloop
  endfacet
  facet normal 0 0 1
    outer loop
      vertex -50.461 21.8583 3
      vertex -50.461 -21.8583 3
      vertex -50.325 -21.7675 3
    endloop
  endfacet
  facet normal 0 0 1
    outer loop
      vertex -50.5839 21.9661 3
      vertex -50.461 -21.8583 3
      vertex -50.461 21.8583 3
    endloop
  endfacet
  facet normal 0 0 1
    outer loop
      vertex -50.5839 21.9661 3
      vertex -50.5839 -21.9661 3
      vertex -50.461 -21.8583 3
    endloop
  endfacet
  facet normal 0 0 1
    outer loop
      vertex -50.6917 22.089 3
      vertex -50.5839 -21.9661 3
      vertex -50.5839 21.9661 3
    endloop
  endfacet
  facet normal 0 0 1
    outer loop
      vertex -50.6917 22.089 3
      vertex -50.6917 -22.089 3
      vertex -50.5839 -21.9661 3
    endloop
  endfacet
  facet normal 0 0 1
    outer loop
      vertex -50.7825 22.225 3
      vertex -50.6917 -22.089 3
      vertex -50.6917 22.089 3
    endloop
  endfacet
  facet normal 0 0 1
    outer loop
      vertex -50.7825 22.225 3
      vertex -50.7825 -22.225 3
      vertex -50.6917 -22.089 3
    endloop
  endfacet
  facet normal 0 0 1
    outer loop
      vertex -50.8549 22.3716 3
      vertex -50.7825 -22.225 3
      vertex -50.7825 22.225 3
    endloop
  endfacet
  facet normal 0 0 1
    outer loop
      vertex -50.8549 22.3716 3
      vertex -50.8549 -22.3716 3
      vertex -50.7825 -22.225 3
    endloop
  endfacet
  facet normal 0 0 1
    outer loop
      vertex -55.1402 30.5211 3
      vertex -50.8549 22.3716 3
      vertex -50.9074 22.5265 3
    endloop
  endfacet
  facet normal 0 0 1
    outer loop
      vertex -50.8549 22.3716 3
      vertex -55.7942 31.5 3
      vertex -50.8549 -22.3716 3
    endloop
  endfacet
  facet normal 0 0 1
    outer loop
      vertex -54.364 29.636 3
      vertex -50.9074 22.5265 3
      vertex -50.9393 22.6868 3
    endloop
  endfacet
  facet normal 0 0 1
    outer loop
      vertex -50.8549 22.3716 3
      vertex -55.1402 30.5211 3
      vertex -55.7942 31.5 3
    endloop
  endfacet
  facet normal 0 0 1
    outer loop
      vertex -54.364 29.636 3
      vertex -50.9393 22.6868 3
      vertex -50.95 22.85 3
    endloop
  endfacet
  facet normal 0 0 1
    outer loop
      vertex -55.7942 -31.5 3
      vertex -50.8549 -22.3716 3
      vertex -55.7942 31.5 3
    endloop
  endfacet
  facet normal 0 0 1
    outer loop
      vertex -29.9872 22.1958 3
      vertex -44.95 22.85 3
      vertex -30 22 3
    endloop
  endfacet
  facet normal 0 0 1
    outer loop
      vertex -29.8858 -21.426 3
      vertex -39.077 -34.8253 3
      vertex -39 -36 3
    endloop
  endfacet
  facet normal -0 0 1
    outer loop
      vertex -44.9607 22.6868 3
      vertex -30 22 3
      vertex -44.95 22.85 3
    endloop
  endfacet
  facet normal 0 0 1
    outer loop
      vertex -29.8858 -21.426 3
      vertex -39.3067 -33.6706 3
      vertex -39.077 -34.8253 3
    endloop
  endfacet
  facet normal 0 0 1
    outer loop
      vertex -30 22 3
      vertex -44.9607 22.6868 3
      vertex -29.9872 21.8042 3
    endloop
  endfacet
  facet normal 0 0 1
    outer loop
      vertex -29.8858 -21.426 3
      vertex -39.6851 -32.5558 3
      vertex -39.3067 -33.6706 3
    endloop
  endfacet
  facet normal -0 0 1
    outer loop
      vertex -45.0452 22.3716 3
      vertex -29.9489 21.6118 3
      vertex -44.9926 22.5265 3
    endloop
  endfacet
  facet normal 0 0 1
    outer loop
      vertex -29.8858 -21.426 3
      vertex -40.2058 -31.5 3
      vertex -39.6851 -32.5558 3
    endloop
  endfacet
  facet normal 0 0 1
    outer loop
      vertex -29.5607 -20.9393 3
      vertex -44.95 -22.85 3
      vertex -29.69 -21.0869 3
    endloop
  endfacet
  facet normal 0 0 1
    outer loop
      vertex -29.799 -21.25 3
      vertex -44.95 -22.85 3
      vertex -29.8858 -21.426 3
    endloop
  endfacet
  facet normal -0 0 1
    outer loop
      vertex -44.9926 22.5265 3
      vertex -29.9872 21.8042 3
      vertex -44.9607 22.6868 3
    endloop
  endfacet
  facet normal 0 -0 1
    outer loop
      vertex -42.5211 -28.8598 3
      vertex -29.8858 -21.426 3
      vertex -44.95 -22.85 3
    endloop
  endfacet
  facet normal 0 0 1
    outer loop
      vertex -29.9872 21.8042 3
      vertex -44.9926 22.5265 3
      vertex -29.9489 21.6118 3
    endloop
  endfacet
  facet normal 0 0 1
    outer loop
      vertex -29.8858 -21.426 3
      vertex -40.8598 -30.5211 3
      vertex -40.2058 -31.5 3
    endloop
  endfacet
  facet normal 0 0 1
    outer loop
      vertex -44.9926 23.1735 3
      vertex -42.5211 28.8598 3
      vertex -43.5 28.2058 3
    endloop
  endfacet
  facet normal 0 0 1
    outer loop
      vertex -29.8858 -21.426 3
      vertex -41.636 -29.636 3
      vertex -40.8598 -30.5211 3
    endloop
  endfacet
  facet normal 0 0 1
    outer loop
      vertex -45.2083 23.611 3
      vertex -43.5 28.2058 3
      vertex -44.5558 27.6851 3
    endloop
  endfacet
  facet normal 0 0 1
    outer loop
      vertex -29.8858 -21.426 3
      vertex -42.5211 -28.8598 3
      vertex -41.636 -29.636 3
    endloop
  endfacet
  facet normal -0 0 1
    outer loop
      vertex -44.9607 -23.0132 3
      vertex -42.5211 -28.8598 3
      vertex -44.95 -22.85 3
    endloop
  endfacet
  facet normal 0 0 1
    outer loop
      vertex -42.5211 28.8598 3
      vertex -44.9607 23.0132 3
      vertex -44.95 22.85 3
    endloop
  endfacet
  facet normal 0 0 1
    outer loop
      vertex -42.5211 28.8598 3
      vertex -44.9926 23.1735 3
      vertex -44.9607 23.0132 3
    endloop
  endfacet
  facet normal 0 0 1
    outer loop
      vertex -43.5 28.2058 3
      vertex -45.0452 23.3284 3
      vertex -44.9926 23.1735 3
    endloop
  endfacet
  facet normal 0 0 1
    outer loop
      vertex -43.5 28.2058 3
      vertex -45.1175 23.475 3
      vertex -45.0452 23.3284 3
    endloop
  endfacet
  facet normal 0 0 1
    outer loop
      vertex -43.5 28.2058 3
      vertex -45.2083 23.611 3
      vertex -45.1175 23.475 3
    endloop
  endfacet
  facet normal 0 0 1
    outer loop
      vertex -44.5558 27.6851 3
      vertex -45.3161 23.7339 3
      vertex -45.2083 23.611 3
    endloop
  endfacet
  facet normal 0 0 1
    outer loop
      vertex -44.5558 27.6851 3
      vertex -45.439 23.8417 3
      vertex -45.3161 23.7339 3
    endloop
  endfacet
  facet normal 0 0 1
    outer loop
      vertex -44.5558 27.6851 3
      vertex -45.575 23.9325 3
      vertex -45.439 23.8417 3
    endloop
  endfacet
  facet normal -0 0 1
    outer loop
      vertex -45.6706 27.3067 3
      vertex -45.575 23.9325 3
      vertex -44.5558 27.6851 3
    endloop
  endfacet
  facet normal 0 0 1
    outer loop
      vertex -45.6706 27.3067 3
      vertex -45.7216 24.0048 3
      vertex -45.575 23.9325 3
    endloop
  endfacet
  facet normal 0 0 1
    outer loop
      vertex -45.6706 27.3067 3
      vertex -45.8765 24.0574 3
      vertex -45.7216 24.0048 3
    endloop
  endfacet
  facet normal 0 0 1
    outer loop
      vertex -45.6706 27.3067 3
      vertex -46.0368 24.0893 3
      vertex -45.8765 24.0574 3
    endloop
  endfacet
  facet normal -0 0 1
    outer loop
      vertex -46.8253 27.077 3
      vertex -46.0368 24.0893 3
      vertex -45.6706 27.3067 3
    endloop
  endfacet
  facet normal 0 0 1
    outer loop
      vertex -46.0368 24.0893 3
      vertex -46.8253 27.077 3
      vertex -46.2 24.1 3
    endloop
  endfacet
  facet normal -0 0 1
    outer loop
      vertex -48 27 3
      vertex -46.2 24.1 3
      vertex -46.8253 27.077 3
    endloop
  endfacet
  facet normal 0 0 1
    outer loop
      vertex -49.7 24.1 3
      vertex -48 27 3
      vertex -49.1747 27.077 3
    endloop
  endfacet
  facet normal 0 0 1
    outer loop
      vertex -48 27 3
      vertex -49.7 24.1 3
      vertex -46.2 24.1 3
    endloop
  endfacet
  facet normal 0 0 1
    outer loop
      vertex -49.1747 27.077 3
      vertex -49.8632 24.0893 3
      vertex -49.7 24.1 3
    endloop
  endfacet
  facet normal 0 0 1
    outer loop
      vertex -50.3294 27.3067 3
      vertex -49.8632 24.0893 3
      vertex -49.1747 27.077 3
    endloop
  endfacet
  facet normal 0 0 1
    outer loop
      vertex -49.8632 24.0893 3
      vertex -50.3294 27.3067 3
      vertex -50.0235 24.0574 3
    endloop
  endfacet
  facet normal 0 0 1
    outer loop
      vertex -50.0235 24.0574 3
      vertex -50.3294 27.3067 3
      vertex -50.1784 24.0048 3
    endloop
  endfacet
  facet normal 0 0 1
    outer loop
      vertex -50.1784 24.0048 3
      vertex -50.3294 27.3067 3
      vertex -50.325 23.9325 3
    endloop
  endfacet
  facet normal 0 0 1
    outer loop
      vertex -51.4441 27.6851 3
      vertex -50.325 23.9325 3
      vertex -50.3294 27.3067 3
    endloop
  endfacet
  facet normal 0 0 1
    outer loop
      vertex -50.325 23.9325 3
      vertex -51.4441 27.6851 3
      vertex -50.461 23.8417 3
    endloop
  endfacet
  facet normal 0 0 1
    outer loop
      vertex -50.461 23.8417 3
      vertex -51.4441 27.6851 3
      vertex -50.5839 23.7339 3
    endloop
  endfacet
  facet normal 0 0 1
    outer loop
      vertex -50.5839 23.7339 3
      vertex -51.4441 27.6851 3
      vertex -50.6917 23.611 3
    endloop
  endfacet
  facet normal 0 0 1
    outer loop
      vertex -50.6917 23.611 3
      vertex -51.4441 27.6851 3
      vertex -50.7825 23.475 3
    endloop
  endfacet
  facet normal 0 0 1
    outer loop
      vertex -52.5 28.2058 3
      vertex -50.7825 23.475 3
      vertex -51.4441 27.6851 3
    endloop
  endfacet
  facet normal 0 0 1
    outer loop
      vertex -50.7825 23.475 3
      vertex -52.5 28.2058 3
      vertex -50.8549 23.3284 3
    endloop
  endfacet
  facet normal 0 0 1
    outer loop
      vertex -50.9074 23.1735 3
      vertex -53.4789 28.8598 3
      vertex -50.9393 23.0132 3
    endloop
  endfacet
  facet normal 0 0 1
    outer loop
      vertex -53.4789 28.8598 3
      vertex -50.9074 23.1735 3
      vertex -52.5 28.2058 3
    endloop
  endfacet
  facet normal 0 0 1
    outer loop
      vertex -50.8549 23.3284 3
      vertex -52.5 28.2058 3
      vertex -50.9074 23.1735 3
    endloop
  endfacet
  facet normal 0 0 1
    outer loop
      vertex -42.5211 43.1402 3
      vertex -44.9926 48.8265 3
      vertex -43.5 43.7942 3
    endloop
  endfacet
  facet normal -0 0 1
    outer loop
      vertex -45.0452 48.6716 3
      vertex -43.5 43.7942 3
      vertex -44.9926 48.8265 3
    endloop
  endfacet
  facet normal -0 0 1
    outer loop
      vertex -45.1175 48.525 3
      vertex -43.5 43.7942 3
      vertex -45.0452 48.6716 3
    endloop
  endfacet
  facet normal -0 0 1
    outer loop
      vertex -45.2083 48.389 3
      vertex -43.5 43.7942 3
      vertex -45.1175 48.525 3
    endloop
  endfacet
  facet normal 0 0 1
    outer loop
      vertex -43.5 43.7942 3
      vertex -45.2083 48.389 3
      vertex -44.5558 44.3149 3
    endloop
  endfacet
  facet normal -0 0 1
    outer loop
      vertex -45.3161 48.2661 3
      vertex -44.5558 44.3149 3
      vertex -45.2083 48.389 3
    endloop
  endfacet
  facet normal -0 0 1
    outer loop
      vertex -45.439 48.1583 3
      vertex -44.5558 44.3149 3
      vertex -45.3161 48.2661 3
    endloop
  endfacet
  facet normal -0 0 1
    outer loop
      vertex -45.575 48.0675 3
      vertex -44.5558 44.3149 3
      vertex -45.439 48.1583 3
    endloop
  endfacet
  facet normal 0 0 1
    outer loop
      vertex -45.575 48.0675 3
      vertex -45.6706 44.6933 3
      vertex -44.5558 44.3149 3
    endloop
  endfacet
  facet normal -0 0 1
    outer loop
      vertex -45.7216 47.9952 3
      vertex -45.6706 44.6933 3
      vertex -45.575 48.0675 3
    endloop
  endfacet
  facet normal -0 0 1
    outer loop
      vertex -45.8765 47.9426 3
      vertex -45.6706 44.6933 3
      vertex -45.7216 47.9952 3
    endloop
  endfacet
  facet normal -0 0 1
    outer loop
      vertex -46.0368 47.9107 3
      vertex -45.6706 44.6933 3
      vertex -45.8765 47.9426 3
    endloop
  endfacet
  facet normal 0 0 1
    outer loop
      vertex -46.8253 44.923 3
      vertex -46.0368 47.9107 3
      vertex -46.2 47.9 3
    endloop
  endfacet
  facet normal 0 0 1
    outer loop
      vertex -46.0368 47.9107 3
      vertex -46.8253 44.923 3
      vertex -45.6706 44.6933 3
    endloop
  endfacet
  facet normal 0 0 1
    outer loop
      vertex -46.2 47.9 3
      vertex -48 45 3
      vertex -46.8253 44.923 3
    endloop
  endfacet
  facet normal -0 0 1
    outer loop
      vertex -49.7 47.9 3
      vertex -48 45 3
      vertex -46.2 47.9 3
    endloop
  endfacet
  facet normal 0 0 1
    outer loop
      vertex -48 45 3
      vertex -49.7 47.9 3
      vertex -49.1747 44.923 3
    endloop
  endfacet
  facet normal 0 0 1
    outer loop
      vertex -49.8632 47.9107 3
      vertex -49.1747 44.923 3
      vertex -49.7 47.9 3
    endloop
  endfacet
  facet normal 0 0 1
    outer loop
      vertex -50.3294 44.6933 3
      vertex -49.8632 47.9107 3
      vertex -50.0235 47.9426 3
    endloop
  endfacet
  facet normal 0 0 1
    outer loop
      vertex -50.3294 44.6933 3
      vertex -50.0235 47.9426 3
      vertex -50.1784 47.9952 3
    endloop
  endfacet
  facet normal 0 0 1
    outer loop
      vertex -50.3294 44.6933 3
      vertex -50.1784 47.9952 3
      vertex -50.325 48.0675 3
    endloop
  endfacet
  facet normal 0 0 1
    outer loop
      vertex -49.8632 47.9107 3
      vertex -50.3294 44.6933 3
      vertex -49.1747 44.923 3
    endloop
  endfacet
  facet normal 0 0 1
    outer loop
      vertex -51.4441 44.3149 3
      vertex -50.325 48.0675 3
      vertex -50.461 48.1583 3
    endloop
  endfacet
  facet normal 0 0 1
    outer loop
      vertex -51.4441 44.3149 3
      vertex -50.461 48.1583 3
      vertex -50.5839 48.2661 3
    endloop
  endfacet
  facet normal 0 0 1
    outer loop
      vertex -51.4441 44.3149 3
      vertex -50.5839 48.2661 3
      vertex -50.6917 48.389 3
    endloop
  endfacet
  facet normal 0 0 1
    outer loop
      vertex -51.4441 44.3149 3
      vertex -50.6917 48.389 3
      vertex -50.7825 48.525 3
    endloop
  endfacet
  facet normal 0 0 1
    outer loop
      vertex -52.5 43.7942 3
      vertex -50.7825 48.525 3
      vertex -50.8549 48.6716 3
    endloop
  endfacet
  facet normal 0 0 1
    outer loop
      vertex -52.5 43.7942 3
      vertex -50.8549 48.6716 3
      vertex -50.9074 48.8265 3
    endloop
  endfacet
  facet normal 0 0 1
    outer loop
      vertex -53.4789 43.1402 3
      vertex -50.9074 48.8265 3
      vertex -50.9393 48.9868 3
    endloop
  endfacet
  facet normal 0 0 1
    outer loop
      vertex -50.325 48.0675 3
      vertex -51.4441 44.3149 3
      vertex -50.3294 44.6933 3
    endloop
  endfacet
  facet normal 0 0 1
    outer loop
      vertex -53.4789 43.1402 3
      vertex -50.9393 48.9868 3
      vertex -50.95 49.15 3
    endloop
  endfacet
  facet normal -0 0 1
    outer loop
      vertex -44.9926 -23.1735 3
      vertex -42.5211 -28.8598 3
      vertex -44.9607 -23.0132 3
    endloop
  endfacet
  facet normal 0 0 1
    outer loop
      vertex -42.5211 -28.8598 3
      vertex -44.9926 -23.1735 3
      vertex -43.5 -28.2058 3
    endloop
  endfacet
  facet normal -0 0 1
    outer loop
      vertex -45.0452 -23.3284 3
      vertex -43.5 -28.2058 3
      vertex -44.9926 -23.1735 3
    endloop
  endfacet
  facet normal -0 0 1
    outer loop
      vertex -45.1175 -23.475 3
      vertex -43.5 -28.2058 3
      vertex -45.0452 -23.3284 3
    endloop
  endfacet
  facet normal -0 0 1
    outer loop
      vertex -45.2083 -23.611 3
      vertex -43.5 -28.2058 3
      vertex -45.1175 -23.475 3
    endloop
  endfacet
  facet normal 0 0 1
    outer loop
      vertex -43.5 -28.2058 3
      vertex -45.2083 -23.611 3
      vertex -44.5558 -27.6851 3
    endloop
  endfacet
  facet normal -0 0 1
    outer loop
      vertex -45.3161 -23.7339 3
      vertex -44.5558 -27.6851 3
      vertex -45.2083 -23.611 3
    endloop
  endfacet
  facet normal -0 0 1
    outer loop
      vertex -45.439 -23.8417 3
      vertex -44.5558 -27.6851 3
      vertex -45.3161 -23.7339 3
    endloop
  endfacet
  facet normal -0 0 1
    outer loop
      vertex -45.575 -23.9325 3
      vertex -44.5558 -27.6851 3
      vertex -45.439 -23.8417 3
    endloop
  endfacet
  facet normal 0 0 1
    outer loop
      vertex -45.575 -23.9325 3
      vertex -45.6706 -27.3067 3
      vertex -44.5558 -27.6851 3
    endloop
  endfacet
  facet normal -0 0 1
    outer loop
      vertex -45.7216 -24.0048 3
      vertex -45.6706 -27.3067 3
      vertex -45.575 -23.9325 3
    endloop
  endfacet
  facet normal -0 0 1
    outer loop
      vertex -45.8765 -24.0574 3
      vertex -45.6706 -27.3067 3
      vertex -45.7216 -24.0048 3
    endloop
  endfacet
  facet normal -0 0 1
    outer loop
      vertex -46.0368 -24.0893 3
      vertex -45.6706 -27.3067 3
      vertex -45.8765 -24.0574 3
    endloop
  endfacet
  facet normal 0 0 1
    outer loop
      vertex -46.8253 -27.077 3
      vertex -46.0368 -24.0893 3
      vertex -46.2 -24.1 3
    endloop
  endfacet
  facet normal 0 0 1
    outer loop
      vertex -46.0368 -24.0893 3
      vertex -46.8253 -27.077 3
      vertex -45.6706 -27.3067 3
    endloop
  endfacet
  facet normal 0 0 1
    outer loop
      vertex -46.2 -24.1 3
      vertex -48 -27 3
      vertex -46.8253 -27.077 3
    endloop
  endfacet
  facet normal -0 0 1
    outer loop
      vertex -49.7 -24.1 3
      vertex -48 -27 3
      vertex -46.2 -24.1 3
    endloop
  endfacet
  facet normal 0 0 1
    outer loop
      vertex -48 -27 3
      vertex -49.7 -24.1 3
      vertex -49.1747 -27.077 3
    endloop
  endfacet
  facet normal 0 0 1
    outer loop
      vertex -49.8632 -24.0893 3
      vertex -49.1747 -27.077 3
      vertex -49.7 -24.1 3
    endloop
  endfacet
  facet normal 0 0 1
    outer loop
      vertex -50.3294 -27.3067 3
      vertex -49.8632 -24.0893 3
      vertex -50.0235 -24.0574 3
    endloop
  endfacet
  facet normal 0 0 1
    outer loop
      vertex -50.3294 -27.3067 3
      vertex -50.0235 -24.0574 3
      vertex -50.1784 -24.0048 3
    endloop
  endfacet
  facet normal 0 0 1
    outer loop
      vertex -50.3294 -27.3067 3
      vertex -50.1784 -24.0048 3
      vertex -50.325 -23.9325 3
    endloop
  endfacet
  facet normal 0 0 1
    outer loop
      vertex -49.8632 -24.0893 3
      vertex -50.3294 -27.3067 3
      vertex -49.1747 -27.077 3
    endloop
  endfacet
  facet normal 0 0 1
    outer loop
      vertex -51.4441 -27.6851 3
      vertex -50.325 -23.9325 3
      vertex -50.461 -23.8417 3
    endloop
  endfacet
  facet normal 0 0 1
    outer loop
      vertex -51.4441 -27.6851 3
      vertex -50.461 -23.8417 3
      vertex -50.5839 -23.7339 3
    endloop
  endfacet
  facet normal 0 0 1
    outer loop
      vertex -51.4441 -27.6851 3
      vertex -50.5839 -23.7339 3
      vertex -50.6917 -23.611 3
    endloop
  endfacet
  facet normal 0 0 1
    outer loop
      vertex -51.4441 -27.6851 3
      vertex -50.6917 -23.611 3
      vertex -50.7825 -23.475 3
    endloop
  endfacet
  facet normal 0 0 1
    outer loop
      vertex -52.5 -28.2058 3
      vertex -50.7825 -23.475 3
      vertex -50.8549 -23.3284 3
    endloop
  endfacet
  facet normal 0 0 1
    outer loop
      vertex -52.5 -28.2058 3
      vertex -50.8549 -23.3284 3
      vertex -50.9074 -23.1735 3
    endloop
  endfacet
  facet normal 0 0 1
    outer loop
      vertex -53.4789 -28.8598 3
      vertex -50.9074 -23.1735 3
      vertex -50.9393 -23.0132 3
    endloop
  endfacet
  facet normal 0 0 1
    outer loop
      vertex -50.325 -23.9325 3
      vertex -51.4441 -27.6851 3
      vertex -50.3294 -27.3067 3
    endloop
  endfacet
  facet normal 0 0 1
    outer loop
      vertex -53.4789 -28.8598 3
      vertex -50.9393 -23.0132 3
      vertex -50.95 -22.85 3
    endloop
  endfacet
  facet normal 0 0 1
    outer loop
      vertex -50.9393 23.0132 3
      vertex -53.4789 28.8598 3
      vertex -50.95 22.85 3
    endloop
  endfacet
  facet normal 0 0 1
    outer loop
      vertex -54.364 29.636 3
      vertex -50.95 22.85 3
      vertex -53.4789 28.8598 3
    endloop
  endfacet
  facet normal 0 0 1
    outer loop
      vertex -50.7825 -23.475 3
      vertex -52.5 -28.2058 3
      vertex -51.4441 -27.6851 3
    endloop
  endfacet
  facet normal 0 0 1
    outer loop
      vertex -50.9074 22.5265 3
      vertex -54.364 29.636 3
      vertex -55.1402 30.5211 3
    endloop
  endfacet
  facet normal 0 0 1
    outer loop
      vertex -50.9074 -23.1735 3
      vertex -53.4789 -28.8598 3
      vertex -52.5 -28.2058 3
    endloop
  endfacet
  facet normal 0 -0 1
    outer loop
      vertex -54.364 -29.636 3
      vertex -50.9074 -22.5265 3
      vertex -55.1402 -30.5211 3
    endloop
  endfacet
  facet normal 0 0 1
    outer loop
      vertex -50.95 -22.85 3
      vertex -54.364 -29.636 3
      vertex -53.4789 -28.8598 3
    endloop
  endfacet
  facet normal 0 0 1
    outer loop
      vertex -50.9074 -22.5265 3
      vertex -54.364 -29.636 3
      vertex -50.9393 -22.6868 3
    endloop
  endfacet
  facet normal 0 0 1
    outer loop
      vertex -50.9393 -22.6868 3
      vertex -54.364 -29.636 3
      vertex -50.95 -22.85 3
    endloop
  endfacet
  facet normal 0 -0 1
    outer loop
      vertex -55.1402 -30.5211 3
      vertex -50.8549 -22.3716 3
      vertex -55.7942 -31.5 3
    endloop
  endfacet
  facet normal 0 0 1
    outer loop
      vertex -50.8549 -22.3716 3
      vertex -55.1402 -30.5211 3
      vertex -50.9074 -22.5265 3
    endloop
  endfacet
  facet normal 0 0 1
    outer loop
      vertex -56.3149 32.5558 3
      vertex -55.7942 -31.5 3
      vertex -55.7942 31.5 3
    endloop
  endfacet
  facet normal 0 0 1
    outer loop
      vertex -56.3149 32.5558 3
      vertex -56.3149 -32.5558 3
      vertex -55.7942 -31.5 3
    endloop
  endfacet
  facet normal 0 0 1
    outer loop
      vertex -68 49 3
      vertex -56.3149 32.5558 3
      vertex -56.6933 33.6706 3
    endloop
  endfacet
  facet normal 0 0 1
    outer loop
      vertex -56.3149 32.5558 3
      vertex -68 49 3
      vertex -56.3149 -32.5558 3
    endloop
  endfacet
  facet normal 0 0 1
    outer loop
      vertex -68 49 3
      vertex -56.6933 33.6706 3
      vertex -56.923 34.8253 3
    endloop
  endfacet
  facet normal 0 0 1
    outer loop
      vertex -68 -49 3
      vertex -56.3149 -32.5558 3
      vertex -68 49 3
    endloop
  endfacet
  facet normal 0 0 1
    outer loop
      vertex -68 49 3
      vertex -56.923 34.8253 3
      vertex -57 36 3
    endloop
  endfacet
  facet normal 0 0 1
    outer loop
      vertex -56.3149 -32.5558 3
      vertex -68 -49 3
      vertex -56.6933 -33.6706 3
    endloop
  endfacet
  facet normal 0 0 1
    outer loop
      vertex -17.2175 -23.475 3
      vertex 17.2175 -23.475 3
      vertex -17.1451 -23.3284 3
    endloop
  endfacet
  facet normal 0 0 1
    outer loop
      vertex 17.3083 -48.389 3
      vertex -17.0607 -48.9868 3
      vertex -17.05 -49.15 3
    endloop
  endfacet
  facet normal 0 0 1
    outer loop
      vertex 17.2175 -23.475 3
      vertex -17.2175 -23.475 3
      vertex 17.3083 -23.611 3
    endloop
  endfacet
  facet normal 0 0 1
    outer loop
      vertex 17.3083 -48.389 3
      vertex -17.0926 -48.8265 3
      vertex -17.0607 -48.9868 3
    endloop
  endfacet
  facet normal 0 0 1
    outer loop
      vertex -17.3083 -23.611 3
      vertex 17.3083 -23.611 3
      vertex -17.2175 -23.475 3
    endloop
  endfacet
  facet normal 0 0 1
    outer loop
      vertex 17.3083 -48.389 3
      vertex -17.1451 -48.6716 3
      vertex -17.0926 -48.8265 3
    endloop
  endfacet
  facet normal 0 0 1
    outer loop
      vertex 17.3083 -23.611 3
      vertex -17.3083 -23.611 3
      vertex 17.3083 -48.389 3
    endloop
  endfacet
  facet normal 0 0 1
    outer loop
      vertex 17.3083 -48.389 3
      vertex -17.2175 -48.525 3
      vertex -17.1451 -48.6716 3
    endloop
  endfacet
  facet normal 0 0 1
    outer loop
      vertex -17.3083 -48.389 3
      vertex 17.3083 -48.389 3
      vertex -17.3083 -23.611 3
    endloop
  endfacet
  facet normal 0 0 1
    outer loop
      vertex 17.3083 -48.389 3
      vertex -17.3083 -48.389 3
      vertex -17.2175 -48.525 3
    endloop
  endfacet
  facet normal -0 0 1
    outer loop
      vertex -17.4161 -23.7339 3
      vertex -17.3083 -48.389 3
      vertex -17.3083 -23.611 3
    endloop
  endfacet
  facet normal 0 0 1
    outer loop
      vertex -17.4161 -23.7339 3
      vertex -17.4161 -48.2661 3
      vertex -17.3083 -48.389 3
    endloop
  endfacet
  facet normal -0 0 1
    outer loop
      vertex -17.539 -23.8417 3
      vertex -17.4161 -48.2661 3
      vertex -17.4161 -23.7339 3
    endloop
  endfacet
  facet normal 0 0 1
    outer loop
      vertex -17.539 -23.8417 3
      vertex -17.539 -48.1583 3
      vertex -17.4161 -48.2661 3
    endloop
  endfacet
  facet normal -0 0 1
    outer loop
      vertex -17.675 -23.9325 3
      vertex -17.539 -48.1583 3
      vertex -17.539 -23.8417 3
    endloop
  endfacet
  facet normal 0 0 1
    outer loop
      vertex -17.675 -23.9325 3
      vertex -17.675 -48.0675 3
      vertex -17.539 -48.1583 3
    endloop
  endfacet
  facet normal -0 0 1
    outer loop
      vertex -17.8216 -24.0048 3
      vertex -17.675 -48.0675 3
      vertex -17.675 -23.9325 3
    endloop
  endfacet
  facet normal 0 0 1
    outer loop
      vertex -17.8216 -24.0048 3
      vertex -17.8216 -47.9952 3
      vertex -17.675 -48.0675 3
    endloop
  endfacet
  facet normal -0 0 1
    outer loop
      vertex -17.9765 -24.0574 3
      vertex -17.8216 -47.9952 3
      vertex -17.8216 -24.0048 3
    endloop
  endfacet
  facet normal 0 0 1
    outer loop
      vertex -17.9765 -24.0574 3
      vertex -17.9765 -47.9426 3
      vertex -17.8216 -47.9952 3
    endloop
  endfacet
  facet normal -0 0 1
    outer loop
      vertex -18.1368 -24.0893 3
      vertex -17.9765 -47.9426 3
      vertex -17.9765 -24.0574 3
    endloop
  endfacet
  facet normal 0 0 1
    outer loop
      vertex -18.1368 -24.0893 3
      vertex -18.1368 -47.9107 3
      vertex -17.9765 -47.9426 3
    endloop
  endfacet
  facet normal -0 0 1
    outer loop
      vertex -18.3 -24.1 3
      vertex -18.1368 -47.9107 3
      vertex -18.1368 -24.0893 3
    endloop
  endfacet
  facet normal 0 0 1
    outer loop
      vertex -18.3 -24.1 3
      vertex -18.3 -47.9 3
      vertex -18.1368 -47.9107 3
    endloop
  endfacet
  facet normal -0 0 1
    outer loop
      vertex -21.8 -24.1 3
      vertex -18.3 -47.9 3
      vertex -18.3 -24.1 3
    endloop
  endfacet
  facet normal 0 0 1
    outer loop
      vertex -21.8 -24.1 3
      vertex -21.8 -47.9 3
      vertex -18.3 -47.9 3
    endloop
  endfacet
  facet normal 0 0 1
    outer loop
      vertex -21.9632 -24.0893 3
      vertex -21.8 -47.9 3
      vertex -21.8 -24.1 3
    endloop
  endfacet
  facet normal 0 0 1
    outer loop
      vertex -21.9632 -24.0893 3
      vertex -21.9632 -47.9107 3
      vertex -21.8 -47.9 3
    endloop
  endfacet
  facet normal 0 0 1
    outer loop
      vertex -22.1235 -24.0574 3
      vertex -21.9632 -47.9107 3
      vertex -21.9632 -24.0893 3
    endloop
  endfacet
  facet normal 0 0 1
    outer loop
      vertex -22.1235 -24.0574 3
      vertex -22.1235 -47.9426 3
      vertex -21.9632 -47.9107 3
    endloop
  endfacet
  facet normal 0 0 1
    outer loop
      vertex -22.2784 -24.0048 3
      vertex -22.1235 -47.9426 3
      vertex -22.1235 -24.0574 3
    endloop
  endfacet
  facet normal 0 0 1
    outer loop
      vertex -22.2784 -24.0048 3
      vertex -22.2784 -47.9952 3
      vertex -22.1235 -47.9426 3
    endloop
  endfacet
  facet normal 0 0 1
    outer loop
      vertex -28.5 -23.5 3
      vertex -22.2784 -24.0048 3
      vertex -22.425 -23.9325 3
    endloop
  endfacet
  facet normal 0 0 1
    outer loop
      vertex -22.2784 -24.0048 3
      vertex -28.5 -23.5 3
      vertex -22.2784 -47.9952 3
    endloop
  endfacet
  facet normal 0 0 1
    outer loop
      vertex -28.5 -23.5 3
      vertex -22.425 -23.9325 3
      vertex -22.561 -23.8417 3
    endloop
  endfacet
  facet normal -0 0 1
    outer loop
      vertex -39 -36 3
      vertex -22.2784 -47.9952 3
      vertex -28.5 -23.5 3
    endloop
  endfacet
  facet normal 0 0 1
    outer loop
      vertex -28.5 -23.5 3
      vertex -22.561 -23.8417 3
      vertex -22.6839 -23.7339 3
    endloop
  endfacet
  facet normal -0 0 1
    outer loop
      vertex -39.077 -37.1747 3
      vertex -22.2784 -47.9952 3
      vertex -39 -36 3
    endloop
  endfacet
  facet normal 0 0 1
    outer loop
      vertex -28.5 -23.5 3
      vertex -22.6839 -23.7339 3
      vertex -22.7917 -23.611 3
    endloop
  endfacet
  facet normal 0 0 1
    outer loop
      vertex -22.2784 -47.9952 3
      vertex -39.077 -37.1747 3
      vertex -22.425 -48.0675 3
    endloop
  endfacet
  facet normal -0 0 1
    outer loop
      vertex -28.5 -23.5 3
      vertex -22.7917 -23.611 3
      vertex -22.8658 -23.5 3
    endloop
  endfacet
  facet normal 0 0 1
    outer loop
      vertex -22.425 -48.0675 3
      vertex -39.077 -37.1747 3
      vertex -22.561 -48.1583 3
    endloop
  endfacet
  facet normal -0 0 1
    outer loop
      vertex -39.3067 -38.3294 3
      vertex -22.561 -48.1583 3
      vertex -39.077 -37.1747 3
    endloop
  endfacet
  facet normal 0 0 1
    outer loop
      vertex -22.561 -48.1583 3
      vertex -39.3067 -38.3294 3
      vertex -22.6839 -48.2661 3
    endloop
  endfacet
  facet normal 0 0 1
    outer loop
      vertex -22.6839 -48.2661 3
      vertex -39.3067 -38.3294 3
      vertex -22.7917 -48.389 3
    endloop
  endfacet
  facet normal -0 0 1
    outer loop
      vertex -39.6851 -39.4441 3
      vertex -22.7917 -48.389 3
      vertex -39.3067 -38.3294 3
    endloop
  endfacet
  facet normal 0 0 1
    outer loop
      vertex -22.7917 -48.389 3
      vertex -39.6851 -39.4441 3
      vertex -22.8825 -48.525 3
    endloop
  endfacet
  facet normal 0 0 1
    outer loop
      vertex -8 3.4641 3
      vertex -18.75 20.701 3
      vertex -8.43505 3.17341 3
    endloop
  endfacet
  facet normal 0 0 1
    outer loop
      vertex -10 0 3
      vertex -17.0607 -22.6868 3
      vertex -17.05 -22.85 3
    endloop
  endfacet
  facet normal -0 0 1
    outer loop
      vertex -18.926 20.6142 3
      vertex -8.43505 3.17341 3
      vertex -18.75 20.701 3
    endloop
  endfacet
  facet normal 0 0 1
    outer loop
      vertex -10 0 3
      vertex -17.0926 -22.5265 3
      vertex -17.0607 -22.6868 3
    endloop
  endfacet
  facet normal 0 0 1
    outer loop
      vertex -8.43505 3.17341 3
      vertex -18.926 20.6142 3
      vertex -8.82843 2.82843 3
    endloop
  endfacet
  facet normal 0 0 1
    outer loop
      vertex -10 0 3
      vertex -17.1451 -22.3716 3
      vertex -17.0926 -22.5265 3
    endloop
  endfacet
  facet normal -0 0 1
    outer loop
      vertex -19.1118 20.5511 3
      vertex -8.82843 2.82843 3
      vertex -18.926 20.6142 3
    endloop
  endfacet
  facet normal 0 0 1
    outer loop
      vertex -10 0 3
      vertex -17.2175 -22.225 3
      vertex -17.1451 -22.3716 3
    endloop
  endfacet
  facet normal -0 0 1
    outer loop
      vertex -19.3042 20.5128 3
      vertex -8.82843 2.82843 3
      vertex -19.1118 20.5511 3
    endloop
  endfacet
  facet normal 0 0 1
    outer loop
      vertex -10 0 3
      vertex -17.3083 -22.089 3
      vertex -17.2175 -22.225 3
    endloop
  endfacet
  facet normal 0 0 1
    outer loop
      vertex -8.82843 2.82843 3
      vertex -19.3042 20.5128 3
      vertex -9.17341 2.43505 3
    endloop
  endfacet
  facet normal 0 0 1
    outer loop
      vertex -10 0 3
      vertex -17.4161 -21.9661 3
      vertex -17.3083 -22.089 3
    endloop
  endfacet
  facet normal 0 0 1
    outer loop
      vertex -18.4393 20.9393 3
      vertex -17.4161 21.9661 3
      vertex -17.539 21.8583 3
    endloop
  endfacet
  facet normal -0 0 1
    outer loop
      vertex -19.5 20.5 3
      vertex -9.17341 2.43505 3
      vertex -19.3042 20.5128 3
    endloop
  endfacet
  facet normal 0 0 1
    outer loop
      vertex -18.31 21.0869 3
      vertex -17.539 21.8583 3
      vertex -17.675 21.7675 3
    endloop
  endfacet
  facet normal 0 0 1
    outer loop
      vertex -10 0 3
      vertex -18.4393 -20.9393 3
      vertex -17.4161 -21.9661 3
    endloop
  endfacet
  facet normal 0 0 1
    outer loop
      vertex -18.201 21.25 3
      vertex -17.675 21.7675 3
      vertex -17.8216 21.6952 3
    endloop
  endfacet
  facet normal 0 0 1
    outer loop
      vertex -17.539 21.8583 3
      vertex -18.31 21.0869 3
      vertex -18.4393 20.9393 3
    endloop
  endfacet
  facet normal 0 0 1
    outer loop
      vertex -18.1142 21.426 3
      vertex -17.8216 21.6952 3
      vertex -17.9765 21.6426 3
    endloop
  endfacet
  facet normal 0 0 1
    outer loop
      vertex -17.675 21.7675 3
      vertex -18.201 21.25 3
      vertex -18.31 21.0869 3
    endloop
  endfacet
  facet normal 0 0 1
    outer loop
      vertex -18.0511 21.6118 3
      vertex -17.9765 21.6426 3
      vertex -18.0478 21.6284 3
    endloop
  endfacet
  facet normal 0 0 1
    outer loop
      vertex -18.1142 21.426 3
      vertex -17.9765 21.6426 3
      vertex -18.0511 21.6118 3
    endloop
  endfacet
  facet normal 0 0 1
    outer loop
      vertex -17.8216 21.6952 3
      vertex -18.1142 21.426 3
      vertex -18.201 21.25 3
    endloop
  endfacet
  facet normal 0 0 1
    outer loop
      vertex -17.9765 -21.6426 3
      vertex -18.0511 -21.6118 3
      vertex -18.0478 -21.6284 3
    endloop
  endfacet
  facet normal 0 0 1
    outer loop
      vertex -17.4161 -21.9661 3
      vertex -18.4393 -20.9393 3
      vertex -17.539 -21.8583 3
    endloop
  endfacet
  facet normal 0 0 1
    outer loop
      vertex -17.9765 -21.6426 3
      vertex -18.1142 -21.426 3
      vertex -18.0511 -21.6118 3
    endloop
  endfacet
  facet normal -0 -0 1
    outer loop
      vertex -18.1142 -21.426 3
      vertex -17.8216 -21.6952 3
      vertex -18.201 -21.25 3
    endloop
  endfacet
  facet normal 0 0 1
    outer loop
      vertex -17.8216 -21.6952 3
      vertex -18.1142 -21.426 3
      vertex -17.9765 -21.6426 3
    endloop
  endfacet
  facet normal -0 -0 1
    outer loop
      vertex -18.201 -21.25 3
      vertex -17.675 -21.7675 3
      vertex -18.31 -21.0869 3
    endloop
  endfacet
  facet normal 0 0 1
    outer loop
      vertex -17.675 -21.7675 3
      vertex -18.201 -21.25 3
      vertex -17.8216 -21.6952 3
    endloop
  endfacet
  facet normal -0 -0 1
    outer loop
      vertex -18.31 -21.0869 3
      vertex -17.539 -21.8583 3
      vertex -18.4393 -20.9393 3
    endloop
  endfacet
  facet normal 0 0 1
    outer loop
      vertex -17.539 -21.8583 3
      vertex -18.31 -21.0869 3
      vertex -17.675 -21.7675 3
    endloop
  endfacet
  facet normal 0 0 1
    outer loop
      vertex -9.17341 2.43505 3
      vertex -19.5 20.5 3
      vertex -9.4641 2 3
    endloop
  endfacet
  facet normal 0 0 1
    outer loop
      vertex -10 0 3
      vertex -18.5869 -20.81 3
      vertex -18.4393 -20.9393 3
    endloop
  endfacet
  facet normal 0 0 1
    outer loop
      vertex -9.4641 2 3
      vertex -19.5 20.5 3
      vertex -9.69552 1.53073 3
    endloop
  endfacet
  facet normal 0 0 1
    outer loop
      vertex -10 0 3
      vertex -18.75 -20.701 3
      vertex -18.5869 -20.81 3
    endloop
  endfacet
  facet normal 0 0 1
    outer loop
      vertex -9.69552 1.53073 3
      vertex -19.5 20.5 3
      vertex -9.8637 1.03528 3
    endloop
  endfacet
  facet normal 0 0 1
    outer loop
      vertex -10 0 3
      vertex -18.926 -20.6142 3
      vertex -18.75 -20.701 3
    endloop
  endfacet
  facet normal -0 0 1
    outer loop
      vertex -28.5 20.5 3
      vertex -9.8637 1.03528 3
      vertex -19.5 20.5 3
    endloop
  endfacet
  facet normal 0 0 1
    outer loop
      vertex -10 0 3
      vertex -19.1118 -20.5511 3
      vertex -18.926 -20.6142 3
    endloop
  endfacet
  facet normal 0 0 1
    outer loop
      vertex -9.8637 1.03528 3
      vertex -28.5 20.5 3
      vertex -9.96578 0.522104 3
    endloop
  endfacet
  facet normal 0 0 1
    outer loop
      vertex -10 0 3
      vertex -19.3042 -20.5128 3
      vertex -19.1118 -20.5511 3
    endloop
  endfacet
  facet normal 0 0 1
    outer loop
      vertex -9.96578 0.522104 3
      vertex -28.5 20.5 3
      vertex -10 0 3
    endloop
  endfacet
  facet normal 0 0 1
    outer loop
      vertex -10 0 3
      vertex -19.5 -20.5 3
      vertex -19.3042 -20.5128 3
    endloop
  endfacet
  facet normal 0 0 1
    outer loop
      vertex -28.6958 20.5128 3
      vertex -10 0 3
      vertex -28.5 20.5 3
    endloop
  endfacet
  facet normal 0 0 1
    outer loop
      vertex -10 0 3
      vertex -28.5 -20.5 3
      vertex -19.5 -20.5 3
    endloop
  endfacet
  facet normal 0 0 1
    outer loop
      vertex -28.6958 -20.5128 3
      vertex -10 0 3
      vertex -28.6958 20.5128 3
    endloop
  endfacet
  facet normal 0 0 1
    outer loop
      vertex -10 0 3
      vertex -28.6958 -20.5128 3
      vertex -28.5 -20.5 3
    endloop
  endfacet
  facet normal 0 0 1
    outer loop
      vertex -28.8882 20.5511 3
      vertex -28.6958 -20.5128 3
      vertex -28.6958 20.5128 3
    endloop
  endfacet
  facet normal 0 0 1
    outer loop
      vertex -28.8882 20.5511 3
      vertex -28.8882 -20.5511 3
      vertex -28.6958 -20.5128 3
    endloop
  endfacet
  facet normal 0 0 1
    outer loop
      vertex -29.074 20.6142 3
      vertex -28.8882 -20.5511 3
      vertex -28.8882 20.5511 3
    endloop
  endfacet
  facet normal 0 0 1
    outer loop
      vertex -29.074 20.6142 3
      vertex -29.074 -20.6142 3
      vertex -28.8882 -20.5511 3
    endloop
  endfacet
  facet normal 0 0 1
    outer loop
      vertex -29.25 20.701 3
      vertex -29.074 -20.6142 3
      vertex -29.074 20.6142 3
    endloop
  endfacet
  facet normal 0 0 1
    outer loop
      vertex -29.25 20.701 3
      vertex -29.25 -20.701 3
      vertex -29.074 -20.6142 3
    endloop
  endfacet
  facet normal -0 0 1
    outer loop
      vertex -45.2083 22.089 3
      vertex -29.799 21.25 3
      vertex -45.1175 22.225 3
    endloop
  endfacet
  facet normal 0 0 1
    outer loop
      vertex -29.799 21.25 3
      vertex -45.2083 22.089 3
      vertex -29.69 21.0869 3
    endloop
  endfacet
  facet normal 0 0 1
    outer loop
      vertex -29.8858 21.426 3
      vertex -45.1175 22.225 3
      vertex -29.799 21.25 3
    endloop
  endfacet
  facet normal -0 0 1
    outer loop
      vertex -45.3161 21.9661 3
      vertex -29.69 21.0869 3
      vertex -45.2083 22.089 3
    endloop
  endfacet
  facet normal -0 0 1
    outer loop
      vertex -45.1175 22.225 3
      vertex -29.8858 21.426 3
      vertex -45.0452 22.3716 3
    endloop
  endfacet
  facet normal 0 0 1
    outer loop
      vertex -29.25 -20.701 3
      vertex -44.95 -22.85 3
      vertex -29.4131 -20.81 3
    endloop
  endfacet
  facet normal 0 0 1
    outer loop
      vertex -29.9489 21.6118 3
      vertex -45.0452 22.3716 3
      vertex -29.8858 21.426 3
    endloop
  endfacet
  facet normal 0 0 1
    outer loop
      vertex -29.4131 -20.81 3
      vertex -44.95 -22.85 3
      vertex -29.5607 -20.9393 3
    endloop
  endfacet
  facet normal -0 0 1
    outer loop
      vertex -42.5211 28.8598 3
      vertex -29.9872 22.1958 3
      vertex -41.636 29.636 3
    endloop
  endfacet
  facet normal -0 0 1
    outer loop
      vertex -44.95 22.85 3
      vertex -29.9872 22.1958 3
      vertex -42.5211 28.8598 3
    endloop
  endfacet
  facet normal -0 0 1
    outer loop
      vertex -41.636 29.636 3
      vertex -29.8858 22.574 3
      vertex -40.8598 30.5211 3
    endloop
  endfacet
  facet normal 0 0 1
    outer loop
      vertex -29.8858 22.574 3
      vertex -41.636 29.636 3
      vertex -29.9489 22.3882 3
    endloop
  endfacet
  facet normal 0 0 1
    outer loop
      vertex -29.799 22.75 3
      vertex -40.8598 30.5211 3
      vertex -29.8858 22.574 3
    endloop
  endfacet
  facet normal 0 0 1
    outer loop
      vertex -29.9489 22.3882 3
      vertex -41.636 29.636 3
      vertex -29.9872 22.1958 3
    endloop
  endfacet
  facet normal 0 0 1
    outer loop
      vertex -29.69 22.9131 3
      vertex -40.8598 30.5211 3
      vertex -29.799 22.75 3
    endloop
  endfacet
  facet normal 0 0 1
    outer loop
      vertex -29.8858 -21.426 3
      vertex -39 -36 3
      vertex -29.9489 -21.6118 3
    endloop
  endfacet
  facet normal 0 0 1
    outer loop
      vertex 17.1451 48.6716 3
      vertex -17.1451 48.6716 3
      vertex 17.2175 48.525 3
    endloop
  endfacet
  facet normal 0 0 1
    outer loop
      vertex 17.3083 48.389 3
      vertex -17.0607 23.0132 3
      vertex -17.05 22.85 3
    endloop
  endfacet
  facet normal 0 0 1
    outer loop
      vertex -17.2175 48.525 3
      vertex 17.2175 48.525 3
      vertex -17.1451 48.6716 3
    endloop
  endfacet
  facet normal 0 0 1
    outer loop
      vertex 17.3083 48.389 3
      vertex -17.0926 23.1735 3
      vertex -17.0607 23.0132 3
    endloop
  endfacet
  facet normal 0 0 1
    outer loop
      vertex 17.2175 48.525 3
      vertex -17.2175 48.525 3
      vertex 17.3083 48.389 3
    endloop
  endfacet
  facet normal 0 0 1
    outer loop
      vertex 17.3083 48.389 3
      vertex -17.1451 23.3284 3
      vertex -17.0926 23.1735 3
    endloop
  endfacet
  facet normal 0 0 1
    outer loop
      vertex -17.3083 48.389 3
      vertex 17.3083 48.389 3
      vertex -17.2175 48.525 3
    endloop
  endfacet
  facet normal 0 0 1
    outer loop
      vertex 17.3083 48.389 3
      vertex -17.2175 23.475 3
      vertex -17.1451 23.3284 3
    endloop
  endfacet
  facet normal 0 0 1
    outer loop
      vertex -17.3083 23.611 3
      vertex 17.3083 48.389 3
      vertex -17.3083 48.389 3
    endloop
  endfacet
  facet normal 0 0 1
    outer loop
      vertex 17.3083 48.389 3
      vertex -17.3083 23.611 3
      vertex -17.2175 23.475 3
    endloop
  endfacet
  facet normal -0 0 1
    outer loop
      vertex -17.4161 48.2661 3
      vertex -17.3083 23.611 3
      vertex -17.3083 48.389 3
    endloop
  endfacet
  facet normal 0 0 1
    outer loop
      vertex -17.4161 48.2661 3
      vertex -17.4161 23.7339 3
      vertex -17.3083 23.611 3
    endloop
  endfacet
  facet normal -0 0 1
    outer loop
      vertex -17.539 48.1583 3
      vertex -17.4161 23.7339 3
      vertex -17.4161 48.2661 3
    endloop
  endfacet
  facet normal 0 0 1
    outer loop
      vertex -17.539 48.1583 3
      vertex -17.539 23.8417 3
      vertex -17.4161 23.7339 3
    endloop
  endfacet
  facet normal -0 0 1
    outer loop
      vertex -17.675 48.0675 3
      vertex -17.539 23.8417 3
      vertex -17.539 48.1583 3
    endloop
  endfacet
  facet normal 0 0 1
    outer loop
      vertex -17.675 48.0675 3
      vertex -17.675 23.9325 3
      vertex -17.539 23.8417 3
    endloop
  endfacet
  facet normal -0 0 1
    outer loop
      vertex -17.8216 47.9952 3
      vertex -17.675 23.9325 3
      vertex -17.675 48.0675 3
    endloop
  endfacet
  facet normal 0 0 1
    outer loop
      vertex -17.8216 47.9952 3
      vertex -17.8216 24.0048 3
      vertex -17.675 23.9325 3
    endloop
  endfacet
  facet normal -0 0 1
    outer loop
      vertex -17.9765 47.9426 3
      vertex -17.8216 24.0048 3
      vertex -17.8216 47.9952 3
    endloop
  endfacet
  facet normal 0 0 1
    outer loop
      vertex -17.9765 47.9426 3
      vertex -17.9765 24.0574 3
      vertex -17.8216 24.0048 3
    endloop
  endfacet
  facet normal -0 0 1
    outer loop
      vertex -18.1368 47.9107 3
      vertex -17.9765 24.0574 3
      vertex -17.9765 47.9426 3
    endloop
  endfacet
  facet normal 0 0 1
    outer loop
      vertex -18.1368 47.9107 3
      vertex -18.1368 24.0893 3
      vertex -17.9765 24.0574 3
    endloop
  endfacet
  facet normal -0 0 1
    outer loop
      vertex -18.3 47.9 3
      vertex -18.1368 24.0893 3
      vertex -18.1368 47.9107 3
    endloop
  endfacet
  facet normal 0 0 1
    outer loop
      vertex -18.3 47.9 3
      vertex -18.3 24.1 3
      vertex -18.1368 24.0893 3
    endloop
  endfacet
  facet normal -0 0 1
    outer loop
      vertex -21.8 47.9 3
      vertex -18.3 24.1 3
      vertex -18.3 47.9 3
    endloop
  endfacet
  facet normal 0 0 1
    outer loop
      vertex -21.8 47.9 3
      vertex -21.8 24.1 3
      vertex -18.3 24.1 3
    endloop
  endfacet
  facet normal 0 0 1
    outer loop
      vertex -21.9632 47.9107 3
      vertex -21.8 24.1 3
      vertex -21.8 47.9 3
    endloop
  endfacet
  facet normal 0 0 1
    outer loop
      vertex -21.9632 47.9107 3
      vertex -21.9632 24.0893 3
      vertex -21.8 24.1 3
    endloop
  endfacet
  facet normal 0 0 1
    outer loop
      vertex -22.1235 47.9426 3
      vertex -21.9632 24.0893 3
      vertex -21.9632 47.9107 3
    endloop
  endfacet
  facet normal 0 0 1
    outer loop
      vertex -22.1235 47.9426 3
      vertex -22.1235 24.0574 3
      vertex -21.9632 24.0893 3
    endloop
  endfacet
  facet normal 0 0 1
    outer loop
      vertex -22.2784 47.9952 3
      vertex -22.1235 24.0574 3
      vertex -22.1235 47.9426 3
    endloop
  endfacet
  facet normal 0 0 1
    outer loop
      vertex -22.2784 47.9952 3
      vertex -22.2784 24.0048 3
      vertex -22.1235 24.0574 3
    endloop
  endfacet
  facet normal 0 0 1
    outer loop
      vertex -39.077 37.1747 3
      vertex -22.2784 47.9952 3
      vertex -22.425 48.0675 3
    endloop
  endfacet
  facet normal 0 0 1
    outer loop
      vertex -22.2784 47.9952 3
      vertex -28.5 23.5 3
      vertex -22.2784 24.0048 3
    endloop
  endfacet
  facet normal 0 0 1
    outer loop
      vertex -39.077 37.1747 3
      vertex -22.425 48.0675 3
      vertex -22.561 48.1583 3
    endloop
  endfacet
  facet normal 0 0 1
    outer loop
      vertex -22.2784 24.0048 3
      vertex -28.5 23.5 3
      vertex -22.425 23.9325 3
    endloop
  endfacet
  facet normal 0 0 1
    outer loop
      vertex -39.3067 38.3294 3
      vertex -22.561 48.1583 3
      vertex -22.6839 48.2661 3
    endloop
  endfacet
  facet normal 0 0 1
    outer loop
      vertex -22.425 23.9325 3
      vertex -28.5 23.5 3
      vertex -22.561 23.8417 3
    endloop
  endfacet
  facet normal 0 0 1
    outer loop
      vertex -39.3067 38.3294 3
      vertex -22.6839 48.2661 3
      vertex -22.7917 48.389 3
    endloop
  endfacet
  facet normal 0 0 1
    outer loop
      vertex -22.561 23.8417 3
      vertex -28.5 23.5 3
      vertex -22.6839 23.7339 3
    endloop
  endfacet
  facet normal 0 0 1
    outer loop
      vertex -22.6839 23.7339 3
      vertex -28.5 23.5 3
      vertex -22.7917 23.611 3
    endloop
  endfacet
  facet normal 0 0 1
    outer loop
      vertex -39.6851 39.4441 3
      vertex -22.7917 48.389 3
      vertex -22.8825 48.525 3
    endloop
  endfacet
  facet normal 0 0 1
    outer loop
      vertex -40.2058 40.5 3
      vertex -22.8825 48.525 3
      vertex -22.9548 48.6716 3
    endloop
  endfacet
  facet normal 0 0 1
    outer loop
      vertex -40.2058 40.5 3
      vertex -22.9548 48.6716 3
      vertex -23.0074 48.8265 3
    endloop
  endfacet
  facet normal 0 0 1
    outer loop
      vertex -40.8598 41.4789 3
      vertex -23.0074 48.8265 3
      vertex -23.0393 48.9868 3
    endloop
  endfacet
  facet normal 0 0 1
    outer loop
      vertex -40.8598 41.4789 3
      vertex -23.0393 48.9868 3
      vertex -23.05 49.15 3
    endloop
  endfacet
  facet normal 0 0 1
    outer loop
      vertex -22.7917 23.611 3
      vertex -28.5 23.5 3
      vertex -22.8658 23.5 3
    endloop
  endfacet
  facet normal 0 0 1
    outer loop
      vertex 40.8598 -41.4789 3
      vertex 23.0393 -48.9868 3
      vertex 23.05 -49.15 3
    endloop
  endfacet
  facet normal 0 0 1
    outer loop
      vertex 39 -36 3
      vertex 23.0074 -48.8265 3
      vertex 23.0393 -48.9868 3
    endloop
  endfacet
  facet normal 0 0 1
    outer loop
      vertex 39 -36 3
      vertex 22.9548 -48.6716 3
      vertex 23.0074 -48.8265 3
    endloop
  endfacet
  facet normal 0 0 1
    outer loop
      vertex 39 -36 3
      vertex 22.8825 -48.525 3
      vertex 22.9548 -48.6716 3
    endloop
  endfacet
  facet normal 0 0 1
    outer loop
      vertex 22.7917 -23.611 3
      vertex 28.5 -23.5 3
      vertex 22.8658 -23.5 3
    endloop
  endfacet
  facet normal 0 0 1
    outer loop
      vertex 22.6839 -23.7339 3
      vertex 28.5 -23.5 3
      vertex 22.7917 -23.611 3
    endloop
  endfacet
  facet normal 0 0 1
    outer loop
      vertex 39 -36 3
      vertex 22.7917 -48.389 3
      vertex 22.8825 -48.525 3
    endloop
  endfacet
  facet normal 0 0 1
    outer loop
      vertex 22.561 -23.8417 3
      vertex 28.5 -23.5 3
      vertex 22.6839 -23.7339 3
    endloop
  endfacet
  facet normal 0 0 1
    outer loop
      vertex 39 -36 3
      vertex 22.6839 -48.2661 3
      vertex 22.7917 -48.389 3
    endloop
  endfacet
  facet normal 0 0 1
    outer loop
      vertex 22.425 -23.9325 3
      vertex 28.5 -23.5 3
      vertex 22.561 -23.8417 3
    endloop
  endfacet
  facet normal 0 0 1
    outer loop
      vertex 39 -36 3
      vertex 22.561 -48.1583 3
      vertex 22.6839 -48.2661 3
    endloop
  endfacet
  facet normal 0 0 1
    outer loop
      vertex 22.2784 -24.0048 3
      vertex 28.5 -23.5 3
      vertex 22.425 -23.9325 3
    endloop
  endfacet
  facet normal 0 0 1
    outer loop
      vertex 39 -36 3
      vertex 22.425 -48.0675 3
      vertex 22.561 -48.1583 3
    endloop
  endfacet
  facet normal 0 0 1
    outer loop
      vertex 22.2784 -47.9952 3
      vertex 28.5 -23.5 3
      vertex 22.2784 -24.0048 3
    endloop
  endfacet
  facet normal 0 0 1
    outer loop
      vertex 39 -36 3
      vertex 22.2784 -47.9952 3
      vertex 22.425 -48.0675 3
    endloop
  endfacet
  facet normal -0 0 1
    outer loop
      vertex 22.1235 -24.0574 3
      vertex 22.2784 -47.9952 3
      vertex 22.2784 -24.0048 3
    endloop
  endfacet
  facet normal 0 0 1
    outer loop
      vertex 22.1235 -24.0574 3
      vertex 22.1235 -47.9426 3
      vertex 22.2784 -47.9952 3
    endloop
  endfacet
  facet normal -0 0 1
    outer loop
      vertex 21.9632 -24.0893 3
      vertex 22.1235 -47.9426 3
      vertex 22.1235 -24.0574 3
    endloop
  endfacet
  facet normal 0 0 1
    outer loop
      vertex 21.9632 -24.0893 3
      vertex 21.9632 -47.9107 3
      vertex 22.1235 -47.9426 3
    endloop
  endfacet
  facet normal -0 0 1
    outer loop
      vertex 21.8 -24.1 3
      vertex 21.9632 -47.9107 3
      vertex 21.9632 -24.0893 3
    endloop
  endfacet
  facet normal 0 0 1
    outer loop
      vertex 21.8 -24.1 3
      vertex 21.8 -47.9 3
      vertex 21.9632 -47.9107 3
    endloop
  endfacet
  facet normal -0 0 1
    outer loop
      vertex 18.3 -24.1 3
      vertex 21.8 -47.9 3
      vertex 21.8 -24.1 3
    endloop
  endfacet
  facet normal 0 0 1
    outer loop
      vertex 18.3 -24.1 3
      vertex 18.3 -47.9 3
      vertex 21.8 -47.9 3
    endloop
  endfacet
  facet normal 0 0 1
    outer loop
      vertex 18.1368 -24.0893 3
      vertex 18.3 -47.9 3
      vertex 18.3 -24.1 3
    endloop
  endfacet
  facet normal 0 0 1
    outer loop
      vertex 18.1368 -24.0893 3
      vertex 18.1368 -47.9107 3
      vertex 18.3 -47.9 3
    endloop
  endfacet
  facet normal 0 0 1
    outer loop
      vertex 17.9765 -24.0574 3
      vertex 18.1368 -47.9107 3
      vertex 18.1368 -24.0893 3
    endloop
  endfacet
  facet normal 0 0 1
    outer loop
      vertex 17.9765 -24.0574 3
      vertex 17.9765 -47.9426 3
      vertex 18.1368 -47.9107 3
    endloop
  endfacet
  facet normal 0 0 1
    outer loop
      vertex 17.8216 -24.0048 3
      vertex 17.9765 -47.9426 3
      vertex 17.9765 -24.0574 3
    endloop
  endfacet
  facet normal 0 0 1
    outer loop
      vertex 17.8216 -24.0048 3
      vertex 17.8216 -47.9952 3
      vertex 17.9765 -47.9426 3
    endloop
  endfacet
  facet normal 0 0 1
    outer loop
      vertex 17.675 -23.9325 3
      vertex 17.8216 -47.9952 3
      vertex 17.8216 -24.0048 3
    endloop
  endfacet
  facet normal 0 0 1
    outer loop
      vertex 17.675 -23.9325 3
      vertex 17.675 -48.0675 3
      vertex 17.8216 -47.9952 3
    endloop
  endfacet
  facet normal 0 0 1
    outer loop
      vertex 17.539 -23.8417 3
      vertex 17.675 -48.0675 3
      vertex 17.675 -23.9325 3
    endloop
  endfacet
  facet normal 0 0 1
    outer loop
      vertex 17.539 -23.8417 3
      vertex 17.539 -48.1583 3
      vertex 17.675 -48.0675 3
    endloop
  endfacet
  facet normal 0 0 1
    outer loop
      vertex 17.4161 -23.7339 3
      vertex 17.539 -48.1583 3
      vertex 17.539 -23.8417 3
    endloop
  endfacet
  facet normal 0 0 1
    outer loop
      vertex 17.4161 -23.7339 3
      vertex 17.4161 -48.2661 3
      vertex 17.539 -48.1583 3
    endloop
  endfacet
  facet normal 0 0 1
    outer loop
      vertex 17.3083 -23.611 3
      vertex 17.4161 -48.2661 3
      vertex 17.4161 -23.7339 3
    endloop
  endfacet
  facet normal 0 0 1
    outer loop
      vertex 17.3083 -23.611 3
      vertex 17.3083 -48.389 3
      vertex 17.4161 -48.2661 3
    endloop
  endfacet
  facet normal 0 0 1
    outer loop
      vertex 17.0926 -23.1735 3
      vertex -17.0926 -23.1735 3
      vertex 17.1451 -23.3284 3
    endloop
  endfacet
  facet normal 0 0 1
    outer loop
      vertex -17.1451 -23.3284 3
      vertex 17.1451 -23.3284 3
      vertex -17.0926 -23.1735 3
    endloop
  endfacet
  facet normal 0 0 1
    outer loop
      vertex -17.0926 -23.1735 3
      vertex 17.0926 -23.1735 3
      vertex -17.0607 -23.0132 3
    endloop
  endfacet
  facet normal 0 0 1
    outer loop
      vertex 17.1451 -23.3284 3
      vertex -17.1451 -23.3284 3
      vertex 17.2175 -23.475 3
    endloop
  endfacet
  facet normal 0 0 1
    outer loop
      vertex 17.0607 -23.0132 3
      vertex -17.0607 -23.0132 3
      vertex 17.0926 -23.1735 3
    endloop
  endfacet
  facet normal 0 0 1
    outer loop
      vertex 17.3083 -48.389 3
      vertex -17.05 -49.15 3
      vertex 17.2175 -48.525 3
    endloop
  endfacet
  facet normal 0 0 1
    outer loop
      vertex -17.0607 -23.0132 3
      vertex 17.0607 -23.0132 3
      vertex -17.05 -22.85 3
    endloop
  endfacet
  facet normal 0 0 1
    outer loop
      vertex 17.2175 -48.525 3
      vertex -17.05 -49.15 3
      vertex 17.1451 -48.6716 3
    endloop
  endfacet
  facet normal -0 0 1
    outer loop
      vertex -17.05 -22.85 3
      vertex 17.0607 -23.0132 3
      vertex 17.05 -22.85 3
    endloop
  endfacet
  facet normal 0 0 1
    outer loop
      vertex 17.1451 -48.6716 3
      vertex -17.05 -49.15 3
      vertex 17.0926 -48.8265 3
    endloop
  endfacet
  facet normal 0 0 1
    outer loop
      vertex 29.5607 20.9393 3
      vertex 45.3161 21.9661 3
      vertex 29.69 21.0869 3
    endloop
  endfacet
  facet normal 0 0 1
    outer loop
      vertex 45.7216 -21.6952 3
      vertex 29.9872 -21.8042 3
      vertex 30 -22 3
    endloop
  endfacet
  facet normal 0 0 1
    outer loop
      vertex 45.3161 21.9661 3
      vertex 29.5607 20.9393 3
      vertex 45.439 21.8583 3
    endloop
  endfacet
  facet normal 0 0 1
    outer loop
      vertex 45.7216 -21.6952 3
      vertex 29.9489 -21.6118 3
      vertex 29.9872 -21.8042 3
    endloop
  endfacet
  facet normal 0 0 1
    outer loop
      vertex 29.4131 20.81 3
      vertex 45.439 21.8583 3
      vertex 29.5607 20.9393 3
    endloop
  endfacet
  facet normal 0 0 1
    outer loop
      vertex 45.7216 -21.6952 3
      vertex 29.8858 -21.426 3
      vertex 29.9489 -21.6118 3
    endloop
  endfacet
  facet normal 0 0 1
    outer loop
      vertex 45.439 21.8583 3
      vertex 29.4131 20.81 3
      vertex 45.575 21.7675 3
    endloop
  endfacet
  facet normal 0 0 1
    outer loop
      vertex 45.7216 -21.6952 3
      vertex 29.799 -21.25 3
      vertex 29.8858 -21.426 3
    endloop
  endfacet
  facet normal 0 0 1
    outer loop
      vertex 29.25 20.701 3
      vertex 45.575 21.7675 3
      vertex 29.4131 20.81 3
    endloop
  endfacet
  facet normal 0 0 1
    outer loop
      vertex 45.7216 -21.6952 3
      vertex 29.69 -21.0869 3
      vertex 29.799 -21.25 3
    endloop
  endfacet
  facet normal 0 0 1
    outer loop
      vertex 45.575 21.7675 3
      vertex 29.25 20.701 3
      vertex 45.7216 21.6952 3
    endloop
  endfacet
  facet normal 0 0 1
    outer loop
      vertex 45.7216 -21.6952 3
      vertex 29.5607 -20.9393 3
      vertex 29.69 -21.0869 3
    endloop
  endfacet
  facet normal 0 0 1
    outer loop
      vertex 29.074 20.6142 3
      vertex 45.7216 21.6952 3
      vertex 29.25 20.701 3
    endloop
  endfacet
  facet normal 0 0 1
    outer loop
      vertex 45.7216 -21.6952 3
      vertex 29.4131 -20.81 3
      vertex 29.5607 -20.9393 3
    endloop
  endfacet
  facet normal 0 0 1
    outer loop
      vertex 45.7216 21.6952 3
      vertex 29.074 20.6142 3
      vertex 45.7216 -21.6952 3
    endloop
  endfacet
  facet normal 0 0 1
    outer loop
      vertex 45.7216 -21.6952 3
      vertex 29.25 -20.701 3
      vertex 29.4131 -20.81 3
    endloop
  endfacet
  facet normal -0 0 1
    outer loop
      vertex 29.074 -20.6142 3
      vertex 45.7216 -21.6952 3
      vertex 29.074 20.6142 3
    endloop
  endfacet
  facet normal 0 0 1
    outer loop
      vertex 45.7216 -21.6952 3
      vertex 29.074 -20.6142 3
      vertex 29.25 -20.701 3
    endloop
  endfacet
  facet normal -0 0 1
    outer loop
      vertex 28.8882 20.5511 3
      vertex 29.074 -20.6142 3
      vertex 29.074 20.6142 3
    endloop
  endfacet
  facet normal 0 0 1
    outer loop
      vertex 28.8882 20.5511 3
      vertex 28.8882 -20.5511 3
      vertex 29.074 -20.6142 3
    endloop
  endfacet
  facet normal -0 0 1
    outer loop
      vertex 28.6958 20.5128 3
      vertex 28.8882 -20.5511 3
      vertex 28.8882 20.5511 3
    endloop
  endfacet
  facet normal 0 0 1
    outer loop
      vertex 28.6958 20.5128 3
      vertex 28.6958 -20.5128 3
      vertex 28.8882 -20.5511 3
    endloop
  endfacet
  facet normal 0 0 1
    outer loop
      vertex 10 0 3
      vertex 28.6958 20.5128 3
      vertex 28.5 20.5 3
    endloop
  endfacet
  facet normal 0 0 1
    outer loop
      vertex 28.6958 20.5128 3
      vertex 10 0 3
      vertex 28.6958 -20.5128 3
    endloop
  endfacet
  facet normal 0 0 1
    outer loop
      vertex 9.8637 1.03528 3
      vertex 28.5 20.5 3
      vertex 19.5 20.5 3
    endloop
  endfacet
  facet normal 0 0 1
    outer loop
      vertex 28.6958 -20.5128 3
      vertex 10 0 3
      vertex 28.5 -20.5 3
    endloop
  endfacet
  facet normal 0 0 1
    outer loop
      vertex 9.17341 2.43505 3
      vertex 19.5 20.5 3
      vertex 19.3042 20.5128 3
    endloop
  endfacet
  facet normal -0 0 1
    outer loop
      vertex 9.96578 -0.522104 3
      vertex 28.5 -20.5 3
      vertex 10 0 3
    endloop
  endfacet
  facet normal 0 0 1
    outer loop
      vertex 8.82843 2.82843 3
      vertex 19.3042 20.5128 3
      vertex 19.1118 20.5511 3
    endloop
  endfacet
  facet normal -0 0 1
    outer loop
      vertex 9.8637 -1.03528 3
      vertex 28.5 -20.5 3
      vertex 9.96578 -0.522104 3
    endloop
  endfacet
  facet normal 0 0 1
    outer loop
      vertex 8.82843 2.82843 3
      vertex 19.1118 20.5511 3
      vertex 18.926 20.6142 3
    endloop
  endfacet
  facet normal 0 0 1
    outer loop
      vertex 28.5 -20.5 3
      vertex 9.8637 -1.03528 3
      vertex 19.5 -20.5 3
    endloop
  endfacet
  facet normal 0 0 1
    outer loop
      vertex 8.43505 3.17341 3
      vertex 18.926 20.6142 3
      vertex 18.75 20.701 3
    endloop
  endfacet
  facet normal -0 0 1
    outer loop
      vertex 9.69552 -1.53073 3
      vertex 19.5 -20.5 3
      vertex 9.8637 -1.03528 3
    endloop
  endfacet
  facet normal 0 0 1
    outer loop
      vertex 8 3.4641 3
      vertex 18.75 20.701 3
      vertex 18.5869 20.81 3
    endloop
  endfacet
  facet normal -0 0 1
    outer loop
      vertex 9.4641 -2 3
      vertex 19.5 -20.5 3
      vertex 9.69552 -1.53073 3
    endloop
  endfacet
  facet normal 0 0 1
    outer loop
      vertex 7.53073 3.69552 3
      vertex 18.5869 20.81 3
      vertex 18.4393 20.9393 3
    endloop
  endfacet
  facet normal -0 0 1
    outer loop
      vertex 9.17341 -2.43505 3
      vertex 19.5 -20.5 3
      vertex 9.4641 -2 3
    endloop
  endfacet
  facet normal 0 0 1
    outer loop
      vertex 7.03528 3.8637 3
      vertex 18.4393 20.9393 3
      vertex 18.31 21.0869 3
    endloop
  endfacet
  facet normal 0 0 1
    outer loop
      vertex 19.5 -20.5 3
      vertex 9.17341 -2.43505 3
      vertex 19.3042 -20.5128 3
    endloop
  endfacet
  facet normal 0 0 1
    outer loop
      vertex 17.539 21.8583 3
      vertex 18.31 21.0869 3
      vertex 18.201 21.25 3
    endloop
  endfacet
  facet normal -0 0 1
    outer loop
      vertex 8.82843 -2.82843 3
      vertex 19.3042 -20.5128 3
      vertex 9.17341 -2.43505 3
    endloop
  endfacet
  facet normal 0 0 1
    outer loop
      vertex 17.8216 21.6952 3
      vertex 18.201 21.25 3
      vertex 18.1142 21.426 3
    endloop
  endfacet
  facet normal 0 0 1
    outer loop
      vertex 19.3042 -20.5128 3
      vertex 8.82843 -2.82843 3
      vertex 19.1118 -20.5511 3
    endloop
  endfacet
  facet normal 0 0 1
    outer loop
      vertex 17.9765 21.6426 3
      vertex 18.1142 21.426 3
      vertex 18.0511 21.6118 3
    endloop
  endfacet
  facet normal 0 0 1
    outer loop
      vertex 19.1118 -20.5511 3
      vertex 8.82843 -2.82843 3
      vertex 18.926 -20.6142 3
    endloop
  endfacet
  facet normal 0 0 1
    outer loop
      vertex 17.9765 21.6426 3
      vertex 18.0511 21.6118 3
      vertex 18.0478 21.6284 3
    endloop
  endfacet
  facet normal -0 0 1
    outer loop
      vertex 8.43505 -3.17341 3
      vertex 18.926 -20.6142 3
      vertex 8.82843 -2.82843 3
    endloop
  endfacet
  facet normal 0 0 1
    outer loop
      vertex 18.1142 21.426 3
      vertex 17.9765 21.6426 3
      vertex 17.8216 21.6952 3
    endloop
  endfacet
  facet normal 0 0 1
    outer loop
      vertex 18.926 -20.6142 3
      vertex 8.43505 -3.17341 3
      vertex 18.75 -20.701 3
    endloop
  endfacet
  facet normal 0 0 1
    outer loop
      vertex 18.201 21.25 3
      vertex 17.8216 21.6952 3
      vertex 17.675 21.7675 3
    endloop
  endfacet
  facet normal -0 0 1
    outer loop
      vertex 8 -3.4641 3
      vertex 18.75 -20.701 3
      vertex 8.43505 -3.17341 3
    endloop
  endfacet
  facet normal 0 0 1
    outer loop
      vertex 18.201 21.25 3
      vertex 17.675 21.7675 3
      vertex 17.539 21.8583 3
    endloop
  endfacet
  facet normal 0 0 1
    outer loop
      vertex 18.75 -20.701 3
      vertex 8 -3.4641 3
      vertex 18.5869 -20.81 3
    endloop
  endfacet
  facet normal 0 0 1
    outer loop
      vertex 7.03528 3.8637 3
      vertex 18.31 21.0869 3
      vertex 17.539 21.8583 3
    endloop
  endfacet
  facet normal -0 0 1
    outer loop
      vertex 7.53073 -3.69552 3
      vertex 18.5869 -20.81 3
      vertex 8 -3.4641 3
    endloop
  endfacet
  facet normal 0 0 1
    outer loop
      vertex 7.03528 3.8637 3
      vertex 17.539 21.8583 3
      vertex 17.4161 21.9661 3
    endloop
  endfacet
  facet normal 0 0 1
    outer loop
      vertex 18.5869 -20.81 3
      vertex 7.53073 -3.69552 3
      vertex 18.4393 -20.9393 3
    endloop
  endfacet
  facet normal 0 0 1
    outer loop
      vertex 7.03528 3.8637 3
      vertex 17.4161 21.9661 3
      vertex 17.3083 22.089 3
    endloop
  endfacet
  facet normal -0 0 1
    outer loop
      vertex 7.03528 -3.8637 3
      vertex 18.4393 -20.9393 3
      vertex 7.53073 -3.69552 3
    endloop
  endfacet
  facet normal 0 0 1
    outer loop
      vertex 6.5221 3.96578 3
      vertex 17.3083 22.089 3
      vertex 17.2175 22.225 3
    endloop
  endfacet
  facet normal 0 0 1
    outer loop
      vertex 18.4393 -20.9393 3
      vertex 7.03528 -3.8637 3
      vertex 18.31 -21.0869 3
    endloop
  endfacet
  facet normal 0 0 1
    outer loop
      vertex 6 4 3
      vertex 17.2175 22.225 3
      vertex 17.1451 22.3716 3
    endloop
  endfacet
  facet normal 0 0 1
    outer loop
      vertex 18.0511 -21.6118 3
      vertex 17.9765 -21.6426 3
      vertex 18.0478 -21.6284 3
    endloop
  endfacet
  facet normal 0 0 1
    outer loop
      vertex 6 4 3
      vertex 17.1451 22.3716 3
      vertex 17.0926 22.5265 3
    endloop
  endfacet
  facet normal 0 -0 1
    outer loop
      vertex 17.9765 -21.6426 3
      vertex 18.1142 -21.426 3
      vertex 17.8216 -21.6952 3
    endloop
  endfacet
  facet normal 0 0 1
    outer loop
      vertex 6 4 3
      vertex 17.0926 22.5265 3
      vertex 17.0607 22.6868 3
    endloop
  endfacet
  facet normal 0 0 1
    outer loop
      vertex 18.1142 -21.426 3
      vertex 17.9765 -21.6426 3
      vertex 18.0511 -21.6118 3
    endloop
  endfacet
  facet normal -0 0 1
    outer loop
      vertex -17.05 22.85 3
      vertex 17.0607 22.6868 3
      vertex 17.05 22.85 3
    endloop
  endfacet
  facet normal 0 0 1
    outer loop
      vertex 18.31 -21.0869 3
      vertex 17.539 -21.8583 3
      vertex 18.201 -21.25 3
    endloop
  endfacet
  facet normal -0 0 1
    outer loop
      vertex 22.7917 48.389 3
      vertex 39.6851 39.4441 3
      vertex 22.8825 48.525 3
    endloop
  endfacet
  facet normal 0 0 1
    outer loop
      vertex 39.6851 39.4441 3
      vertex 22.7917 48.389 3
      vertex 39.3067 38.3294 3
    endloop
  endfacet
  facet normal -0 0 1
    outer loop
      vertex 22.6839 48.2661 3
      vertex 39.3067 38.3294 3
      vertex 22.7917 48.389 3
    endloop
  endfacet
  facet normal -0 0 1
    outer loop
      vertex 22.561 48.1583 3
      vertex 39.3067 38.3294 3
      vertex 22.6839 48.2661 3
    endloop
  endfacet
  facet normal 0 0 1
    outer loop
      vertex 39.3067 38.3294 3
      vertex 22.561 48.1583 3
      vertex 39.077 37.1747 3
    endloop
  endfacet
  facet normal -0 0 1
    outer loop
      vertex 22.425 48.0675 3
      vertex 39.077 37.1747 3
      vertex 22.561 48.1583 3
    endloop
  endfacet
  facet normal 0 0 1
    outer loop
      vertex 28.5 23.5 3
      vertex 22.7917 23.611 3
      vertex 22.8658 23.5 3
    endloop
  endfacet
  facet normal -0 0 1
    outer loop
      vertex 22.2784 47.9952 3
      vertex 39.077 37.1747 3
      vertex 22.425 48.0675 3
    endloop
  endfacet
  facet normal 0 0 1
    outer loop
      vertex 28.5 23.5 3
      vertex 22.6839 23.7339 3
      vertex 22.7917 23.611 3
    endloop
  endfacet
  facet normal 0 0 1
    outer loop
      vertex 39.077 37.1747 3
      vertex 22.2784 47.9952 3
      vertex 39 36 3
    endloop
  endfacet
  facet normal 0 0 1
    outer loop
      vertex 28.5 23.5 3
      vertex 22.561 23.8417 3
      vertex 22.6839 23.7339 3
    endloop
  endfacet
  facet normal 0 0 1
    outer loop
      vertex 39 36 3
      vertex 22.2784 47.9952 3
      vertex 28.5 23.5 3
    endloop
  endfacet
  facet normal 0 0 1
    outer loop
      vertex 28.5 23.5 3
      vertex 22.425 23.9325 3
      vertex 22.561 23.8417 3
    endloop
  endfacet
  facet normal -0 0 1
    outer loop
      vertex 22.2784 24.0048 3
      vertex 28.5 23.5 3
      vertex 22.2784 47.9952 3
    endloop
  endfacet
  facet normal 0 0 1
    outer loop
      vertex 28.5 23.5 3
      vertex 22.2784 24.0048 3
      vertex 22.425 23.9325 3
    endloop
  endfacet
  facet normal -0 0 1
    outer loop
      vertex 22.1235 47.9426 3
      vertex 22.2784 24.0048 3
      vertex 22.2784 47.9952 3
    endloop
  endfacet
  facet normal 0 0 1
    outer loop
      vertex 22.1235 47.9426 3
      vertex 22.1235 24.0574 3
      vertex 22.2784 24.0048 3
    endloop
  endfacet
  facet normal -0 0 1
    outer loop
      vertex 21.9632 47.9107 3
      vertex 22.1235 24.0574 3
      vertex 22.1235 47.9426 3
    endloop
  endfacet
  facet normal 0 0 1
    outer loop
      vertex 21.9632 47.9107 3
      vertex 21.9632 24.0893 3
      vertex 22.1235 24.0574 3
    endloop
  endfacet
  facet normal -0 0 1
    outer loop
      vertex 21.8 47.9 3
      vertex 21.9632 24.0893 3
      vertex 21.9632 47.9107 3
    endloop
  endfacet
  facet normal 0 0 1
    outer loop
      vertex 21.8 47.9 3
      vertex 21.8 24.1 3
      vertex 21.9632 24.0893 3
    endloop
  endfacet
  facet normal -0 0 1
    outer loop
      vertex 18.3 47.9 3
      vertex 21.8 24.1 3
      vertex 21.8 47.9 3
    endloop
  endfacet
  facet normal 0 0 1
    outer loop
      vertex 18.3 47.9 3
      vertex 18.3 24.1 3
      vertex 21.8 24.1 3
    endloop
  endfacet
  facet normal 0 0 1
    outer loop
      vertex 18.1368 47.9107 3
      vertex 18.3 24.1 3
      vertex 18.3 47.9 3
    endloop
  endfacet
  facet normal 0 0 1
    outer loop
      vertex 18.1368 47.9107 3
      vertex 18.1368 24.0893 3
      vertex 18.3 24.1 3
    endloop
  endfacet
  facet normal 0 0 1
    outer loop
      vertex 17.9765 47.9426 3
      vertex 18.1368 24.0893 3
      vertex 18.1368 47.9107 3
    endloop
  endfacet
  facet normal 0 0 1
    outer loop
      vertex 17.9765 47.9426 3
      vertex 17.9765 24.0574 3
      vertex 18.1368 24.0893 3
    endloop
  endfacet
  facet normal 0 0 1
    outer loop
      vertex 17.8216 47.9952 3
      vertex 17.9765 24.0574 3
      vertex 17.9765 47.9426 3
    endloop
  endfacet
  facet normal 0 0 1
    outer loop
      vertex 17.8216 47.9952 3
      vertex 17.8216 24.0048 3
      vertex 17.9765 24.0574 3
    endloop
  endfacet
  facet normal 0 0 1
    outer loop
      vertex 17.675 48.0675 3
      vertex 17.8216 24.0048 3
      vertex 17.8216 47.9952 3
    endloop
  endfacet
  facet normal 0 0 1
    outer loop
      vertex 17.675 48.0675 3
      vertex 17.675 23.9325 3
      vertex 17.8216 24.0048 3
    endloop
  endfacet
  facet normal 0 0 1
    outer loop
      vertex 17.539 48.1583 3
      vertex 17.675 23.9325 3
      vertex 17.675 48.0675 3
    endloop
  endfacet
  facet normal 0 0 1
    outer loop
      vertex 17.539 48.1583 3
      vertex 17.539 23.8417 3
      vertex 17.675 23.9325 3
    endloop
  endfacet
  facet normal 0 0 1
    outer loop
      vertex 17.4161 48.2661 3
      vertex 17.539 23.8417 3
      vertex 17.539 48.1583 3
    endloop
  endfacet
  facet normal 0 0 1
    outer loop
      vertex 17.4161 48.2661 3
      vertex 17.4161 23.7339 3
      vertex 17.539 23.8417 3
    endloop
  endfacet
  facet normal 0 0 1
    outer loop
      vertex 17.3083 48.389 3
      vertex 17.4161 23.7339 3
      vertex 17.4161 48.2661 3
    endloop
  endfacet
  facet normal 0 0 1
    outer loop
      vertex 17.3083 48.389 3
      vertex 17.3083 23.611 3
      vertex 17.4161 23.7339 3
    endloop
  endfacet
  facet normal 0 0 1
    outer loop
      vertex 17.0926 48.8265 3
      vertex -17.0926 48.8265 3
      vertex 17.1451 48.6716 3
    endloop
  endfacet
  facet normal 0 0 1
    outer loop
      vertex 17.3083 48.389 3
      vertex -17.05 22.85 3
      vertex 17.3083 23.611 3
    endloop
  endfacet
  facet normal 0 0 1
    outer loop
      vertex -17.0926 48.8265 3
      vertex 17.0926 48.8265 3
      vertex -17.0607 48.9868 3
    endloop
  endfacet
  facet normal 0 0 1
    outer loop
      vertex 17.3083 23.611 3
      vertex -17.05 22.85 3
      vertex 17.2175 23.475 3
    endloop
  endfacet
  facet normal 0 0 1
    outer loop
      vertex 17.0607 48.9868 3
      vertex -17.0607 48.9868 3
      vertex 17.0926 48.8265 3
    endloop
  endfacet
  facet normal 0 0 1
    outer loop
      vertex 17.2175 23.475 3
      vertex -17.05 22.85 3
      vertex 17.1451 23.3284 3
    endloop
  endfacet
  facet normal 0 0 1
    outer loop
      vertex -17.0607 48.9868 3
      vertex 17.0607 48.9868 3
      vertex -17.05 49.15 3
    endloop
  endfacet
  facet normal 0 0 1
    outer loop
      vertex 17.1451 23.3284 3
      vertex -17.05 22.85 3
      vertex 17.0926 23.1735 3
    endloop
  endfacet
  facet normal -0 0 1
    outer loop
      vertex -17.05 49.15 3
      vertex 17.0607 48.9868 3
      vertex 17.05 49.15 3
    endloop
  endfacet
  facet normal 0 0 1
    outer loop
      vertex 17.0926 23.1735 3
      vertex -17.05 22.85 3
      vertex 17.0607 23.0132 3
    endloop
  endfacet
  facet normal 0 0 1
    outer loop
      vertex 53.4789 -43.1402 3
      vertex 50.9393 -48.9868 3
      vertex 50.95 -49.15 3
    endloop
  endfacet
  facet normal 0 0 1
    outer loop
      vertex 52.5 -43.7942 3
      vertex 50.9074 -48.8265 3
      vertex 50.9393 -48.9868 3
    endloop
  endfacet
  facet normal 0 0 1
    outer loop
      vertex 52.5 -43.7942 3
      vertex 50.8549 -48.6716 3
      vertex 50.9074 -48.8265 3
    endloop
  endfacet
  facet normal 0 0 1
    outer loop
      vertex 52.5 -43.7942 3
      vertex 50.7825 -48.525 3
      vertex 50.8549 -48.6716 3
    endloop
  endfacet
  facet normal 0 0 1
    outer loop
      vertex 51.4441 -44.3149 3
      vertex 50.6917 -48.389 3
      vertex 50.7825 -48.525 3
    endloop
  endfacet
  facet normal 0 0 1
    outer loop
      vertex 51.4441 -44.3149 3
      vertex 50.5839 -48.2661 3
      vertex 50.6917 -48.389 3
    endloop
  endfacet
  facet normal 0 0 1
    outer loop
      vertex 51.4441 -44.3149 3
      vertex 50.461 -48.1583 3
      vertex 50.5839 -48.2661 3
    endloop
  endfacet
  facet normal 0 0 1
    outer loop
      vertex 50.325 -48.0675 3
      vertex 51.4441 -44.3149 3
      vertex 50.3294 -44.6933 3
    endloop
  endfacet
  facet normal 0 0 1
    outer loop
      vertex 51.4441 -44.3149 3
      vertex 50.325 -48.0675 3
      vertex 50.461 -48.1583 3
    endloop
  endfacet
  facet normal 0 0 1
    outer loop
      vertex 50.3294 -44.6933 3
      vertex 50.1784 -47.9952 3
      vertex 50.325 -48.0675 3
    endloop
  endfacet
  facet normal 0 0 1
    outer loop
      vertex 50.3294 -44.6933 3
      vertex 50.0235 -47.9426 3
      vertex 50.1784 -47.9952 3
    endloop
  endfacet
  facet normal 0 0 1
    outer loop
      vertex 50.3294 -44.6933 3
      vertex 49.8632 -47.9107 3
      vertex 50.0235 -47.9426 3
    endloop
  endfacet
  facet normal -0 0 1
    outer loop
      vertex 49.1747 -44.923 3
      vertex 49.8632 -47.9107 3
      vertex 50.3294 -44.6933 3
    endloop
  endfacet
  facet normal 0 0 1
    outer loop
      vertex 49.8632 -47.9107 3
      vertex 49.1747 -44.923 3
      vertex 49.7 -47.9 3
    endloop
  endfacet
  facet normal -0 0 1
    outer loop
      vertex 48 -45 3
      vertex 49.7 -47.9 3
      vertex 49.1747 -44.923 3
    endloop
  endfacet
  facet normal 0 0 1
    outer loop
      vertex 46.2 -47.9 3
      vertex 48 -45 3
      vertex 46.8253 -44.923 3
    endloop
  endfacet
  facet normal 0 0 1
    outer loop
      vertex 48 -45 3
      vertex 46.2 -47.9 3
      vertex 49.7 -47.9 3
    endloop
  endfacet
  facet normal 0 0 1
    outer loop
      vertex 46.8253 -44.923 3
      vertex 46.0368 -47.9107 3
      vertex 46.2 -47.9 3
    endloop
  endfacet
  facet normal 0 0 1
    outer loop
      vertex 45.6706 -44.6933 3
      vertex 46.0368 -47.9107 3
      vertex 46.8253 -44.923 3
    endloop
  endfacet
  facet normal 0 0 1
    outer loop
      vertex 46.0368 -47.9107 3
      vertex 45.6706 -44.6933 3
      vertex 45.8765 -47.9426 3
    endloop
  endfacet
  facet normal 0 0 1
    outer loop
      vertex 45.8765 -47.9426 3
      vertex 45.6706 -44.6933 3
      vertex 45.7216 -47.9952 3
    endloop
  endfacet
  facet normal 0 0 1
    outer loop
      vertex 45.6706 -44.6933 3
      vertex 45.575 -48.0675 3
      vertex 45.7216 -47.9952 3
    endloop
  endfacet
  facet normal 0 0 1
    outer loop
      vertex 44.5558 -44.3149 3
      vertex 45.575 -48.0675 3
      vertex 45.6706 -44.6933 3
    endloop
  endfacet
  facet normal 0 0 1
    outer loop
      vertex 45.575 -48.0675 3
      vertex 44.5558 -44.3149 3
      vertex 45.439 -48.1583 3
    endloop
  endfacet
  facet normal 0 0 1
    outer loop
      vertex 45.439 -48.1583 3
      vertex 44.5558 -44.3149 3
      vertex 45.3161 -48.2661 3
    endloop
  endfacet
  facet normal 0 0 1
    outer loop
      vertex 45.3161 -48.2661 3
      vertex 44.5558 -44.3149 3
      vertex 45.2083 -48.389 3
    endloop
  endfacet
  facet normal 0 0 1
    outer loop
      vertex 43.5 -43.7942 3
      vertex 45.2083 -48.389 3
      vertex 44.5558 -44.3149 3
    endloop
  endfacet
  facet normal 0 0 1
    outer loop
      vertex 45.2083 -48.389 3
      vertex 43.5 -43.7942 3
      vertex 45.1175 -48.525 3
    endloop
  endfacet
  facet normal 0 0 1
    outer loop
      vertex 45.1175 -48.525 3
      vertex 43.5 -43.7942 3
      vertex 45.0452 -48.6716 3
    endloop
  endfacet
  facet normal 0 0 1
    outer loop
      vertex 42.5211 -43.1402 3
      vertex 44.9926 -48.8265 3
      vertex 43.5 -43.7942 3
    endloop
  endfacet
  facet normal 0 0 1
    outer loop
      vertex 45.0452 -48.6716 3
      vertex 43.5 -43.7942 3
      vertex 44.9926 -48.8265 3
    endloop
  endfacet
  facet normal 0 0 1
    outer loop
      vertex 55.7942 31.5 3
      vertex 50.8549 22.3716 3
      vertex 55.7942 -31.5 3
    endloop
  endfacet
  facet normal 0 0 1
    outer loop
      vertex 55.1402 -30.5211 3
      vertex 50.9393 -22.6868 3
      vertex 50.95 -22.85 3
    endloop
  endfacet
  facet normal -0 0 1
    outer loop
      vertex 50.8549 -22.3716 3
      vertex 55.7942 -31.5 3
      vertex 50.8549 22.3716 3
    endloop
  endfacet
  facet normal 0 0 1
    outer loop
      vertex 55.1402 -30.5211 3
      vertex 50.9074 -22.5265 3
      vertex 50.9393 -22.6868 3
    endloop
  endfacet
  facet normal 0 0 1
    outer loop
      vertex 55.7942 -31.5 3
      vertex 50.8549 -22.3716 3
      vertex 55.1402 -30.5211 3
    endloop
  endfacet
  facet normal 0 0 1
    outer loop
      vertex 55.1402 -30.5211 3
      vertex 50.8549 -22.3716 3
      vertex 50.9074 -22.5265 3
    endloop
  endfacet
  facet normal -0 0 1
    outer loop
      vertex 50.7825 22.225 3
      vertex 50.8549 -22.3716 3
      vertex 50.8549 22.3716 3
    endloop
  endfacet
  facet normal 0 0 1
    outer loop
      vertex 50.7825 22.225 3
      vertex 50.7825 -22.225 3
      vertex 50.8549 -22.3716 3
    endloop
  endfacet
  facet normal -0 0 1
    outer loop
      vertex 50.6917 22.089 3
      vertex 50.7825 -22.225 3
      vertex 50.7825 22.225 3
    endloop
  endfacet
  facet normal 0 0 1
    outer loop
      vertex 50.6917 22.089 3
      vertex 50.6917 -22.089 3
      vertex 50.7825 -22.225 3
    endloop
  endfacet
  facet normal -0 0 1
    outer loop
      vertex 50.5839 21.9661 3
      vertex 50.6917 -22.089 3
      vertex 50.6917 22.089 3
    endloop
  endfacet
  facet normal 0 0 1
    outer loop
      vertex 50.5839 21.9661 3
      vertex 50.5839 -21.9661 3
      vertex 50.6917 -22.089 3
    endloop
  endfacet
  facet normal -0 0 1
    outer loop
      vertex 50.461 21.8583 3
      vertex 50.5839 -21.9661 3
      vertex 50.5839 21.9661 3
    endloop
  endfacet
  facet normal 0 0 1
    outer loop
      vertex 50.461 21.8583 3
      vertex 50.461 -21.8583 3
      vertex 50.5839 -21.9661 3
    endloop
  endfacet
  facet normal -0 0 1
    outer loop
      vertex 50.325 21.7675 3
      vertex 50.461 -21.8583 3
      vertex 50.461 21.8583 3
    endloop
  endfacet
  facet normal 0 0 1
    outer loop
      vertex 50.325 21.7675 3
      vertex 50.325 -21.7675 3
      vertex 50.461 -21.8583 3
    endloop
  endfacet
  facet normal -0 0 1
    outer loop
      vertex 50.1784 21.6952 3
      vertex 50.325 -21.7675 3
      vertex 50.325 21.7675 3
    endloop
  endfacet
  facet normal 0 0 1
    outer loop
      vertex 50.1784 21.6952 3
      vertex 50.1784 -21.6952 3
      vertex 50.325 -21.7675 3
    endloop
  endfacet
  facet normal -0 0 1
    outer loop
      vertex 50.0235 21.6426 3
      vertex 50.1784 -21.6952 3
      vertex 50.1784 21.6952 3
    endloop
  endfacet
  facet normal 0 0 1
    outer loop
      vertex 50.0235 21.6426 3
      vertex 50.0235 -21.6426 3
      vertex 50.1784 -21.6952 3
    endloop
  endfacet
  facet normal -0 0 1
    outer loop
      vertex 49.8632 21.6107 3
      vertex 50.0235 -21.6426 3
      vertex 50.0235 21.6426 3
    endloop
  endfacet
  facet normal 0 0 1
    outer loop
      vertex 49.8632 21.6107 3
      vertex 49.8632 -21.6107 3
      vertex 50.0235 -21.6426 3
    endloop
  endfacet
  facet normal -0 0 1
    outer loop
      vertex 49.7 21.6 3
      vertex 49.8632 -21.6107 3
      vertex 49.8632 21.6107 3
    endloop
  endfacet
  facet normal 0 0 1
    outer loop
      vertex 49.7 21.6 3
      vertex 49.7 -21.6 3
      vertex 49.8632 -21.6107 3
    endloop
  endfacet
  facet normal -0 0 1
    outer loop
      vertex 46.2 21.6 3
      vertex 49.7 -21.6 3
      vertex 49.7 21.6 3
    endloop
  endfacet
  facet normal 0 0 1
    outer loop
      vertex 46.2 21.6 3
      vertex 46.2 -21.6 3
      vertex 49.7 -21.6 3
    endloop
  endfacet
  facet normal 0 0 1
    outer loop
      vertex 46.0368 21.6107 3
      vertex 46.2 -21.6 3
      vertex 46.2 21.6 3
    endloop
  endfacet
  facet normal 0 0 1
    outer loop
      vertex 46.0368 21.6107 3
      vertex 46.0368 -21.6107 3
      vertex 46.2 -21.6 3
    endloop
  endfacet
  facet normal 0 0 1
    outer loop
      vertex 45.8765 21.6426 3
      vertex 46.0368 -21.6107 3
      vertex 46.0368 21.6107 3
    endloop
  endfacet
  facet normal 0 0 1
    outer loop
      vertex 45.8765 21.6426 3
      vertex 45.8765 -21.6426 3
      vertex 46.0368 -21.6107 3
    endloop
  endfacet
  facet normal 0 0 1
    outer loop
      vertex 45.7216 21.6952 3
      vertex 45.8765 -21.6426 3
      vertex 45.8765 21.6426 3
    endloop
  endfacet
  facet normal 0 0 1
    outer loop
      vertex 45.7216 21.6952 3
      vertex 45.7216 -21.6952 3
      vertex 45.8765 -21.6426 3
    endloop
  endfacet
  facet normal 0 0 1
    outer loop
      vertex 45.1175 22.225 3
      vertex 29.799 21.25 3
      vertex 45.2083 22.089 3
    endloop
  endfacet
  facet normal 0 0 1
    outer loop
      vertex 29.69 21.0869 3
      vertex 45.2083 22.089 3
      vertex 29.799 21.25 3
    endloop
  endfacet
  facet normal 0 0 1
    outer loop
      vertex 29.799 21.25 3
      vertex 45.1175 22.225 3
      vertex 29.8858 21.426 3
    endloop
  endfacet
  facet normal 0 0 1
    outer loop
      vertex 45.2083 22.089 3
      vertex 29.69 21.0869 3
      vertex 45.3161 21.9661 3
    endloop
  endfacet
  facet normal 0 0 1
    outer loop
      vertex 45.0452 22.3716 3
      vertex 29.8858 21.426 3
      vertex 45.1175 22.225 3
    endloop
  endfacet
  facet normal 0 0 1
    outer loop
      vertex 45.7216 -21.6952 3
      vertex 30 -22 3
      vertex 45.575 -21.7675 3
    endloop
  endfacet
  facet normal 0 0 1
    outer loop
      vertex 29.8858 21.426 3
      vertex 45.0452 22.3716 3
      vertex 29.9489 21.6118 3
    endloop
  endfacet
  facet normal 0 0 1
    outer loop
      vertex 45.575 -21.7675 3
      vertex 30 -22 3
      vertex 45.439 -21.8583 3
    endloop
  endfacet
  facet normal 0 0 1
    outer loop
      vertex 44.9926 22.5265 3
      vertex 29.9489 21.6118 3
      vertex 45.0452 22.3716 3
    endloop
  endfacet
  facet normal 0 0 1
    outer loop
      vertex 45.439 -21.8583 3
      vertex 30 -22 3
      vertex 45.3161 -21.9661 3
    endloop
  endfacet
  facet normal 0 0 1
    outer loop
      vertex 29.9489 21.6118 3
      vertex 44.9926 22.5265 3
      vertex 29.9872 21.8042 3
    endloop
  endfacet
  facet normal 0 0 1
    outer loop
      vertex 45.3161 -21.9661 3
      vertex 30 -22 3
      vertex 45.2083 -22.089 3
    endloop
  endfacet
  facet normal 0 0 1
    outer loop
      vertex 44.9607 22.6868 3
      vertex 29.9872 21.8042 3
      vertex 44.9926 22.5265 3
    endloop
  endfacet
  facet normal 0 0 1
    outer loop
      vertex 45.2083 -22.089 3
      vertex 30 -22 3
      vertex 45.1175 -22.225 3
    endloop
  endfacet
  facet normal 0 0 1
    outer loop
      vertex 29.9872 21.8042 3
      vertex 44.9607 22.6868 3
      vertex 30 22 3
    endloop
  endfacet
  facet normal 0 0 1
    outer loop
      vertex 45.1175 -22.225 3
      vertex 30 -22 3
      vertex 45.0452 -22.3716 3
    endloop
  endfacet
  facet normal 0 0 1
    outer loop
      vertex 30 22 3
      vertex 44.9607 22.6868 3
      vertex 44.95 22.85 3
    endloop
  endfacet
  facet normal 0 0 1
    outer loop
      vertex 45.0452 -22.3716 3
      vertex 30 -22 3
      vertex 44.9926 -22.5265 3
    endloop
  endfacet
  facet normal 0 0 1
    outer loop
      vertex 56.3149 32.5558 3
      vertex 68 49 3
      vertex 56.6933 33.6706 3
    endloop
  endfacet
  facet normal 0 0 1
    outer loop
      vertex 68 -49 3
      vertex 56.923 -34.8253 3
      vertex 57 -36 3
    endloop
  endfacet
  facet normal 0 0 1
    outer loop
      vertex 68 49 3
      vertex 56.3149 32.5558 3
      vertex 68 -49 3
    endloop
  endfacet
  facet normal 0 0 1
    outer loop
      vertex 68 -49 3
      vertex 56.6933 -33.6706 3
      vertex 56.923 -34.8253 3
    endloop
  endfacet
  facet normal -0 0 1
    outer loop
      vertex 56.3149 -32.5558 3
      vertex 68 -49 3
      vertex 56.3149 32.5558 3
    endloop
  endfacet
  facet normal 0 0 1
    outer loop
      vertex 68 -49 3
      vertex 56.3149 -32.5558 3
      vertex 56.6933 -33.6706 3
    endloop
  endfacet
  facet normal -0 0 1
    outer loop
      vertex 55.7942 31.5 3
      vertex 56.3149 -32.5558 3
      vertex 56.3149 32.5558 3
    endloop
  endfacet
  facet normal 0 0 1
    outer loop
      vertex 55.7942 31.5 3
      vertex 55.7942 -31.5 3
      vertex 56.3149 -32.5558 3
    endloop
  endfacet
  facet normal 0 0 1
    outer loop
      vertex 50.8549 22.3716 3
      vertex 55.1402 30.5211 3
      vertex 50.9074 22.5265 3
    endloop
  endfacet
  facet normal -0 0 1
    outer loop
      vertex 55.1402 30.5211 3
      vertex 50.8549 22.3716 3
      vertex 55.7942 31.5 3
    endloop
  endfacet
  facet normal 0 0 1
    outer loop
      vertex 50.9393 22.6868 3
      vertex 54.364 29.636 3
      vertex 50.95 22.85 3
    endloop
  endfacet
  facet normal 0 0 1
    outer loop
      vertex 50.9074 22.5265 3
      vertex 54.364 29.636 3
      vertex 50.9393 22.6868 3
    endloop
  endfacet
  facet normal 0 0 1
    outer loop
      vertex 50.95 22.85 3
      vertex 54.364 29.636 3
      vertex 53.4789 28.8598 3
    endloop
  endfacet
  facet normal -0 0 1
    outer loop
      vertex 54.364 29.636 3
      vertex 50.9074 22.5265 3
      vertex 55.1402 30.5211 3
    endloop
  endfacet
  facet normal 0 0 1
    outer loop
      vertex 50.9074 23.1735 3
      vertex 53.4789 28.8598 3
      vertex 52.5 28.2058 3
    endloop
  endfacet
  facet normal 0 0 1
    outer loop
      vertex 55.1402 -30.5211 3
      vertex 50.95 -22.85 3
      vertex 54.364 -29.636 3
    endloop
  endfacet
  facet normal 0 0 1
    outer loop
      vertex 50.7825 23.475 3
      vertex 52.5 28.2058 3
      vertex 51.4441 27.6851 3
    endloop
  endfacet
  facet normal 0 0 1
    outer loop
      vertex 54.364 -29.636 3
      vertex 50.95 -22.85 3
      vertex 53.4789 -28.8598 3
    endloop
  endfacet
  facet normal -0 0 1
    outer loop
      vertex 50.9393 -23.0132 3
      vertex 53.4789 -28.8598 3
      vertex 50.95 -22.85 3
    endloop
  endfacet
  facet normal 0 0 1
    outer loop
      vertex 53.4789 28.8598 3
      vertex 50.9393 23.0132 3
      vertex 50.95 22.85 3
    endloop
  endfacet
  facet normal 0 0 1
    outer loop
      vertex 53.4789 28.8598 3
      vertex 50.9074 23.1735 3
      vertex 50.9393 23.0132 3
    endloop
  endfacet
  facet normal 0 0 1
    outer loop
      vertex 52.5 28.2058 3
      vertex 50.8549 23.3284 3
      vertex 50.9074 23.1735 3
    endloop
  endfacet
  facet normal 0 0 1
    outer loop
      vertex 52.5 28.2058 3
      vertex 50.7825 23.475 3
      vertex 50.8549 23.3284 3
    endloop
  endfacet
  facet normal 0 0 1
    outer loop
      vertex 51.4441 27.6851 3
      vertex 50.6917 23.611 3
      vertex 50.7825 23.475 3
    endloop
  endfacet
  facet normal 0 0 1
    outer loop
      vertex 51.4441 27.6851 3
      vertex 50.5839 23.7339 3
      vertex 50.6917 23.611 3
    endloop
  endfacet
  facet normal 0 0 1
    outer loop
      vertex 51.4441 27.6851 3
      vertex 50.461 23.8417 3
      vertex 50.5839 23.7339 3
    endloop
  endfacet
  facet normal 0 0 1
    outer loop
      vertex 50.325 23.9325 3
      vertex 51.4441 27.6851 3
      vertex 50.3294 27.3067 3
    endloop
  endfacet
  facet normal 0 0 1
    outer loop
      vertex 51.4441 27.6851 3
      vertex 50.325 23.9325 3
      vertex 50.461 23.8417 3
    endloop
  endfacet
  facet normal 0 0 1
    outer loop
      vertex 50.3294 27.3067 3
      vertex 50.1784 24.0048 3
      vertex 50.325 23.9325 3
    endloop
  endfacet
  facet normal 0 0 1
    outer loop
      vertex 50.3294 27.3067 3
      vertex 50.0235 24.0574 3
      vertex 50.1784 24.0048 3
    endloop
  endfacet
  facet normal 0 0 1
    outer loop
      vertex 50.3294 27.3067 3
      vertex 49.8632 24.0893 3
      vertex 50.0235 24.0574 3
    endloop
  endfacet
  facet normal -0 0 1
    outer loop
      vertex 49.1747 27.077 3
      vertex 49.8632 24.0893 3
      vertex 50.3294 27.3067 3
    endloop
  endfacet
  facet normal 0 0 1
    outer loop
      vertex 49.8632 24.0893 3
      vertex 49.1747 27.077 3
      vertex 49.7 24.1 3
    endloop
  endfacet
  facet normal -0 0 1
    outer loop
      vertex 48 27 3
      vertex 49.7 24.1 3
      vertex 49.1747 27.077 3
    endloop
  endfacet
  facet normal 0 0 1
    outer loop
      vertex 46.2 24.1 3
      vertex 48 27 3
      vertex 46.8253 27.077 3
    endloop
  endfacet
  facet normal 0 0 1
    outer loop
      vertex 48 27 3
      vertex 46.2 24.1 3
      vertex 49.7 24.1 3
    endloop
  endfacet
  facet normal 0 0 1
    outer loop
      vertex 46.8253 27.077 3
      vertex 46.0368 24.0893 3
      vertex 46.2 24.1 3
    endloop
  endfacet
  facet normal 0 0 1
    outer loop
      vertex 45.6706 27.3067 3
      vertex 46.0368 24.0893 3
      vertex 46.8253 27.077 3
    endloop
  endfacet
  facet normal 0 0 1
    outer loop
      vertex 46.0368 24.0893 3
      vertex 45.6706 27.3067 3
      vertex 45.8765 24.0574 3
    endloop
  endfacet
  facet normal 0 0 1
    outer loop
      vertex 45.8765 24.0574 3
      vertex 45.6706 27.3067 3
      vertex 45.7216 24.0048 3
    endloop
  endfacet
  facet normal 0 0 1
    outer loop
      vertex 45.6706 27.3067 3
      vertex 45.575 23.9325 3
      vertex 45.7216 24.0048 3
    endloop
  endfacet
  facet normal 0 0 1
    outer loop
      vertex 44.5558 27.6851 3
      vertex 45.575 23.9325 3
      vertex 45.6706 27.3067 3
    endloop
  endfacet
  facet normal 0 0 1
    outer loop
      vertex 45.575 23.9325 3
      vertex 44.5558 27.6851 3
      vertex 45.439 23.8417 3
    endloop
  endfacet
  facet normal 0 0 1
    outer loop
      vertex 45.439 23.8417 3
      vertex 44.5558 27.6851 3
      vertex 45.3161 23.7339 3
    endloop
  endfacet
  facet normal 0 0 1
    outer loop
      vertex 45.3161 23.7339 3
      vertex 44.5558 27.6851 3
      vertex 45.2083 23.611 3
    endloop
  endfacet
  facet normal 0 0 1
    outer loop
      vertex 43.5 28.2058 3
      vertex 45.2083 23.611 3
      vertex 44.5558 27.6851 3
    endloop
  endfacet
  facet normal 0 0 1
    outer loop
      vertex 45.2083 23.611 3
      vertex 43.5 28.2058 3
      vertex 45.1175 23.475 3
    endloop
  endfacet
  facet normal 0 0 1
    outer loop
      vertex 45.1175 23.475 3
      vertex 43.5 28.2058 3
      vertex 45.0452 23.3284 3
    endloop
  endfacet
  facet normal 0 0 1
    outer loop
      vertex 44.9926 23.1735 3
      vertex 42.5211 28.8598 3
      vertex 44.9607 23.0132 3
    endloop
  endfacet
  facet normal 0 0 1
    outer loop
      vertex 42.5211 28.8598 3
      vertex 44.9926 23.1735 3
      vertex 43.5 28.2058 3
    endloop
  endfacet
  facet normal 0 0 1
    outer loop
      vertex 45.0452 23.3284 3
      vertex 43.5 28.2058 3
      vertex 44.9926 23.1735 3
    endloop
  endfacet
  facet normal 0 0 1
    outer loop
      vertex 63 54 3
      vertex 68 49 3
      vertex 67.9572 49.6526 3
    endloop
  endfacet
  facet normal 0 0 1
    outer loop
      vertex 56.923 34.8253 3
      vertex 68 49 3
      vertex 57 36 3
    endloop
  endfacet
  facet normal 0 0 1
    outer loop
      vertex 63 54 3
      vertex 67.9572 49.6526 3
      vertex 67.8296 50.2941 3
    endloop
  endfacet
  facet normal 0 0 1
    outer loop
      vertex 56.6933 33.6706 3
      vertex 68 49 3
      vertex 56.923 34.8253 3
    endloop
  endfacet
  facet normal 0 0 1
    outer loop
      vertex 63 54 3
      vertex 67.8296 50.2941 3
      vertex 67.6194 50.9134 3
    endloop
  endfacet
  facet normal -0 0 1
    outer loop
      vertex 56.923 -37.1747 3
      vertex 68 -49 3
      vertex 57 -36 3
    endloop
  endfacet
  facet normal 0 0 1
    outer loop
      vertex 63 54 3
      vertex 67.6194 50.9134 3
      vertex 67.3301 51.5 3
    endloop
  endfacet
  facet normal -0 0 1
    outer loop
      vertex 56.6933 -38.3294 3
      vertex 68 -49 3
      vertex 56.923 -37.1747 3
    endloop
  endfacet
  facet normal 0 0 1
    outer loop
      vertex 63 54 3
      vertex 67.3301 51.5 3
      vertex 66.9668 52.0438 3
    endloop
  endfacet
  facet normal -0 0 1
    outer loop
      vertex 56.3149 -39.4441 3
      vertex 68 -49 3
      vertex 56.6933 -38.3294 3
    endloop
  endfacet
  facet normal 0 0 1
    outer loop
      vertex 63 54 3
      vertex 66.9668 52.0438 3
      vertex 66.5355 52.5355 3
    endloop
  endfacet
  facet normal -0 0 1
    outer loop
      vertex 55.7942 -40.5 3
      vertex 68 -49 3
      vertex 56.3149 -39.4441 3
    endloop
  endfacet
  facet normal 0 0 1
    outer loop
      vertex 63 54 3
      vertex 66.5355 52.5355 3
      vertex 66.0438 52.9668 3
    endloop
  endfacet
  facet normal -0 0 1
    outer loop
      vertex 55.1402 -41.4789 3
      vertex 68 -49 3
      vertex 55.7942 -40.5 3
    endloop
  endfacet
  facet normal 0 0 1
    outer loop
      vertex 63 54 3
      vertex 66.0438 52.9668 3
      vertex 65.5 53.3301 3
    endloop
  endfacet
  facet normal 0 -0 1
    outer loop
      vertex 63 -54 3
      vertex 68 -49 3
      vertex 55.1402 -41.4789 3
    endloop
  endfacet
  facet normal 0 0 1
    outer loop
      vertex 63 54 3
      vertex 65.5 53.3301 3
      vertex 64.9134 53.6194 3
    endloop
  endfacet
  facet normal 0 0 1
    outer loop
      vertex 68 -49 3
      vertex 63 -54 3
      vertex 67.9572 -49.6526 3
    endloop
  endfacet
  facet normal 0 0 1
    outer loop
      vertex 63 54 3
      vertex 64.9134 53.6194 3
      vertex 64.2941 53.8296 3
    endloop
  endfacet
  facet normal 0 0 1
    outer loop
      vertex 67.9572 -49.6526 3
      vertex 63 -54 3
      vertex 67.8296 -50.2941 3
    endloop
  endfacet
  facet normal 0 0 1
    outer loop
      vertex 63 54 3
      vertex 64.2941 53.8296 3
      vertex 63.6526 53.9572 3
    endloop
  endfacet
  facet normal 0 0 1
    outer loop
      vertex 67.8296 -50.2941 3
      vertex 63 -54 3
      vertex 67.6194 -50.9134 3
    endloop
  endfacet
  facet normal 0 0 1
    outer loop
      vertex 68 49 3
      vertex 63 54 3
      vertex 55.1402 41.4789 3
    endloop
  endfacet
  facet normal 0 0 1
    outer loop
      vertex 67.6194 -50.9134 3
      vertex 63 -54 3
      vertex 67.3301 -51.5 3
    endloop
  endfacet
  facet normal 0 0 1
    outer loop
      vertex 67.3301 -51.5 3
      vertex 63 -54 3
      vertex 66.9668 -52.0438 3
    endloop
  endfacet
  facet normal 0 0 1
    outer loop
      vertex 68 49 3
      vertex 56.923 37.1747 3
      vertex 57 36 3
    endloop
  endfacet
  facet normal 0 0 1
    outer loop
      vertex 68 49 3
      vertex 56.6933 38.3294 3
      vertex 56.923 37.1747 3
    endloop
  endfacet
  facet normal 0 0 1
    outer loop
      vertex 68 49 3
      vertex 56.3149 39.4441 3
      vertex 56.6933 38.3294 3
    endloop
  endfacet
  facet normal 0 0 1
    outer loop
      vertex 68 49 3
      vertex 55.7942 40.5 3
      vertex 56.3149 39.4441 3
    endloop
  endfacet
  facet normal 0 0 1
    outer loop
      vertex 68 49 3
      vertex 55.1402 41.4789 3
      vertex 55.7942 40.5 3
    endloop
  endfacet
  facet normal 0 0 1
    outer loop
      vertex 63 54 3
      vertex 54.364 42.364 3
      vertex 55.1402 41.4789 3
    endloop
  endfacet
  facet normal 0 0 1
    outer loop
      vertex 63 54 3
      vertex 53.4789 43.1402 3
      vertex 54.364 42.364 3
    endloop
  endfacet
  facet normal -0 0 1
    outer loop
      vertex 50.9393 48.9868 3
      vertex 53.4789 43.1402 3
      vertex 63 54 3
    endloop
  endfacet
  facet normal -0 0 1
    outer loop
      vertex 50.9074 48.8265 3
      vertex 53.4789 43.1402 3
      vertex 50.9393 48.9868 3
    endloop
  endfacet
  facet normal 0 0 1
    outer loop
      vertex 50.9393 48.9868 3
      vertex 63 54 3
      vertex 50.95 49.15 3
    endloop
  endfacet
  facet normal 0 0 1
    outer loop
      vertex 63 54 3
      vertex 50.9393 49.3132 3
      vertex 50.95 49.15 3
    endloop
  endfacet
  facet normal 0 0 1
    outer loop
      vertex 63 54 3
      vertex 50.9074 49.4735 3
      vertex 50.9393 49.3132 3
    endloop
  endfacet
  facet normal 0 0 1
    outer loop
      vertex 63 54 3
      vertex 50.8549 49.6284 3
      vertex 50.9074 49.4735 3
    endloop
  endfacet
  facet normal 0 0 1
    outer loop
      vertex 63 54 3
      vertex 50.7825 49.775 3
      vertex 50.8549 49.6284 3
    endloop
  endfacet
  facet normal 0 0 1
    outer loop
      vertex 63 54 3
      vertex 50.6917 49.9109 3
      vertex 50.7825 49.775 3
    endloop
  endfacet
  facet normal 0 0 1
    outer loop
      vertex 63 54 3
      vertex 50.5839 50.0339 3
      vertex 50.6917 49.9109 3
    endloop
  endfacet
  facet normal 0 0 1
    outer loop
      vertex 63 54 3
      vertex 50.461 50.1417 3
      vertex 50.5839 50.0339 3
    endloop
  endfacet
  facet normal 0 0 1
    outer loop
      vertex 63 54 3
      vertex 50.325 50.2325 3
      vertex 50.461 50.1417 3
    endloop
  endfacet
  facet normal 0 0 1
    outer loop
      vertex 63 54 3
      vertex 50.1784 50.3048 3
      vertex 50.325 50.2325 3
    endloop
  endfacet
  facet normal 0 0 1
    outer loop
      vertex 63 54 3
      vertex 50.0235 50.3574 3
      vertex 50.1784 50.3048 3
    endloop
  endfacet
  facet normal 0 0 1
    outer loop
      vertex 63 54 3
      vertex 49.8632 50.3893 3
      vertex 50.0235 50.3574 3
    endloop
  endfacet
  facet normal 0 0 1
    outer loop
      vertex 63 54 3
      vertex 49.7 50.4 3
      vertex 49.8632 50.3893 3
    endloop
  endfacet
  facet normal 0 0 1
    outer loop
      vertex 63 54 3
      vertex 46.2 50.4 3
      vertex 49.7 50.4 3
    endloop
  endfacet
  facet normal 0 0 1
    outer loop
      vertex 63 54 3
      vertex 46.0368 50.3893 3
      vertex 46.2 50.4 3
    endloop
  endfacet
  facet normal 0 0 1
    outer loop
      vertex 21.9632 50.3893 3
      vertex 46.0368 50.3893 3
      vertex 63 54 3
    endloop
  endfacet
  facet normal 0 0 1
    outer loop
      vertex 41.636 42.364 3
      vertex 44.95 49.15 3
      vertex 44.9607 49.3132 3
    endloop
  endfacet
  facet normal 0 0 1
    outer loop
      vertex 44.95 49.15 3
      vertex 43.5 43.7942 3
      vertex 44.5558 44.3149 3
    endloop
  endfacet
  facet normal 0 0 1
    outer loop
      vertex 23.0393 49.3132 3
      vertex 44.9607 49.3132 3
      vertex 44.9926 49.4735 3
    endloop
  endfacet
  facet normal 0 0 1
    outer loop
      vertex 44.95 49.15 3
      vertex 42.5211 43.1402 3
      vertex 43.5 43.7942 3
    endloop
  endfacet
  facet normal 0 0 1
    outer loop
      vertex 23.0074 49.4735 3
      vertex 44.9926 49.4735 3
      vertex 45.0452 49.6284 3
    endloop
  endfacet
  facet normal 0 0 1
    outer loop
      vertex 44.95 49.15 3
      vertex 41.636 42.364 3
      vertex 42.5211 43.1402 3
    endloop
  endfacet
  facet normal 0 0 1
    outer loop
      vertex 44.9607 49.3132 3
      vertex 23.0393 49.3132 3
      vertex 41.636 42.364 3
    endloop
  endfacet
  facet normal 0 0 1
    outer loop
      vertex 22.9548 49.6284 3
      vertex 45.0452 49.6284 3
      vertex 45.1175 49.775 3
    endloop
  endfacet
  facet normal -0 -0 1
    outer loop
      vertex 23.05 49.15 3
      vertex 41.636 42.364 3
      vertex 23.0393 49.3132 3
    endloop
  endfacet
  facet normal -0 0 1
    outer loop
      vertex 29.799 -22.75 3
      vertex 40.8598 -30.5211 3
      vertex 29.8858 -22.574 3
    endloop
  endfacet
  facet normal -0 0 1
    outer loop
      vertex 22.8825 48.525 3
      vertex 40.2058 40.5 3
      vertex 22.9548 48.6716 3
    endloop
  endfacet
  facet normal -0 0 1
    outer loop
      vertex 22.9548 48.6716 3
      vertex 40.2058 40.5 3
      vertex 23.0074 48.8265 3
    endloop
  endfacet
  facet normal 0 0 1
    outer loop
      vertex 40.8598 41.4789 3
      vertex 23.0074 48.8265 3
      vertex 40.2058 40.5 3
    endloop
  endfacet
  facet normal -0 0 1
    outer loop
      vertex 23.0074 48.8265 3
      vertex 40.8598 41.4789 3
      vertex 23.0393 48.9868 3
    endloop
  endfacet
  facet normal -0 0 1
    outer loop
      vertex 23.0393 48.9868 3
      vertex 40.8598 41.4789 3
      vertex 23.05 49.15 3
    endloop
  endfacet
  facet normal 0 0 1
    outer loop
      vertex 39.077 34.8253 3
      vertex 29.9872 22.1958 3
      vertex 30 22 3
    endloop
  endfacet
  facet normal 0 0 1
    outer loop
      vertex 39.077 34.8253 3
      vertex 29.9489 22.3882 3
      vertex 29.9872 22.1958 3
    endloop
  endfacet
  facet normal 0 0 1
    outer loop
      vertex 39.077 34.8253 3
      vertex 29.8858 22.574 3
      vertex 29.9489 22.3882 3
    endloop
  endfacet
  facet normal 0 0 1
    outer loop
      vertex 39.077 34.8253 3
      vertex 29.799 22.75 3
      vertex 29.8858 22.574 3
    endloop
  endfacet
  facet normal 0 0 1
    outer loop
      vertex 39.077 34.8253 3
      vertex 29.69 22.9131 3
      vertex 29.799 22.75 3
    endloop
  endfacet
  facet normal 0 0 1
    outer loop
      vertex 39.077 34.8253 3
      vertex 29.5607 23.0607 3
      vertex 29.69 22.9131 3
    endloop
  endfacet
  facet normal 0 0 1
    outer loop
      vertex 39.077 34.8253 3
      vertex 29.4131 23.19 3
      vertex 29.5607 23.0607 3
    endloop
  endfacet
  facet normal 0 0 1
    outer loop
      vertex 39.077 34.8253 3
      vertex 29.25 23.299 3
      vertex 29.4131 23.19 3
    endloop
  endfacet
  facet normal 0 0 1
    outer loop
      vertex 39.077 34.8253 3
      vertex 29.074 23.3858 3
      vertex 29.25 23.299 3
    endloop
  endfacet
  facet normal 0 0 1
    outer loop
      vertex 40.2058 40.5 3
      vertex 22.8825 48.525 3
      vertex 39.6851 39.4441 3
    endloop
  endfacet
  facet normal 0 0 1
    outer loop
      vertex 39.077 34.8253 3
      vertex 28.8882 23.4489 3
      vertex 29.074 23.3858 3
    endloop
  endfacet
  facet normal 0 0 1
    outer loop
      vertex 39.077 34.8253 3
      vertex 28.6958 23.4872 3
      vertex 28.8882 23.4489 3
    endloop
  endfacet
  facet normal 0 0 1
    outer loop
      vertex 39.077 34.8253 3
      vertex 28.5 23.5 3
      vertex 28.6958 23.4872 3
    endloop
  endfacet
  facet normal 0 0 1
    outer loop
      vertex 22.8825 49.775 3
      vertex 45.1175 49.775 3
      vertex 45.2083 49.9109 3
    endloop
  endfacet
  facet normal 0 0 1
    outer loop
      vertex 22.7917 49.9109 3
      vertex 45.2083 49.9109 3
      vertex 45.3161 50.0339 3
    endloop
  endfacet
  facet normal 0 0 1
    outer loop
      vertex 22.6839 50.0339 3
      vertex 45.3161 50.0339 3
      vertex 45.439 50.1417 3
    endloop
  endfacet
  facet normal 0 0 1
    outer loop
      vertex 22.561 50.1417 3
      vertex 45.439 50.1417 3
      vertex 45.575 50.2325 3
    endloop
  endfacet
  facet normal 0 0 1
    outer loop
      vertex 22.425 50.2325 3
      vertex 45.575 50.2325 3
      vertex 45.7216 50.3048 3
    endloop
  endfacet
  facet normal 0 0 1
    outer loop
      vertex 22.2784 50.3048 3
      vertex 45.7216 50.3048 3
      vertex 45.8765 50.3574 3
    endloop
  endfacet
  facet normal 0 0 1
    outer loop
      vertex 46.0368 50.3893 3
      vertex 21.9632 50.3893 3
      vertex 45.8765 50.3574 3
    endloop
  endfacet
  facet normal 0 0 1
    outer loop
      vertex 41.636 42.364 3
      vertex 23.05 49.15 3
      vertex 40.8598 41.4789 3
    endloop
  endfacet
  facet normal 0 0 1
    outer loop
      vertex 44.9926 49.4735 3
      vertex 23.0074 49.4735 3
      vertex 23.0393 49.3132 3
    endloop
  endfacet
  facet normal 0 0 1
    outer loop
      vertex 45.0452 49.6284 3
      vertex 22.9548 49.6284 3
      vertex 23.0074 49.4735 3
    endloop
  endfacet
  facet normal 0 0 1
    outer loop
      vertex 45.1175 49.775 3
      vertex 22.8825 49.775 3
      vertex 22.9548 49.6284 3
    endloop
  endfacet
  facet normal 0 0 1
    outer loop
      vertex 45.2083 49.9109 3
      vertex 22.7917 49.9109 3
      vertex 22.8825 49.775 3
    endloop
  endfacet
  facet normal 0 0 1
    outer loop
      vertex 45.3161 50.0339 3
      vertex 22.6839 50.0339 3
      vertex 22.7917 49.9109 3
    endloop
  endfacet
  facet normal 0 0 1
    outer loop
      vertex 45.439 50.1417 3
      vertex 22.561 50.1417 3
      vertex 22.6839 50.0339 3
    endloop
  endfacet
  facet normal 0 0 1
    outer loop
      vertex 45.575 50.2325 3
      vertex 22.425 50.2325 3
      vertex 22.561 50.1417 3
    endloop
  endfacet
  facet normal 0 0 1
    outer loop
      vertex 45.7216 50.3048 3
      vertex 22.2784 50.3048 3
      vertex 22.425 50.2325 3
    endloop
  endfacet
  facet normal 0 0 1
    outer loop
      vertex 45.8765 50.3574 3
      vertex 22.1235 50.3574 3
      vertex 22.2784 50.3048 3
    endloop
  endfacet
  facet normal 0 0 1
    outer loop
      vertex 45.8765 50.3574 3
      vertex 21.9632 50.3893 3
      vertex 22.1235 50.3574 3
    endloop
  endfacet
  facet normal 0 0 1
    outer loop
      vertex 63 54 3
      vertex 21.8 50.4 3
      vertex 21.9632 50.3893 3
    endloop
  endfacet
  facet normal 0 0 1
    outer loop
      vertex 63 54 3
      vertex 18.3 50.4 3
      vertex 21.8 50.4 3
    endloop
  endfacet
  facet normal 0 0 1
    outer loop
      vertex -18.3 50.4 3
      vertex 18.3 50.4 3
      vertex 63 54 3
    endloop
  endfacet
  facet normal 0 0 1
    outer loop
      vertex 17.0607 23.0132 3
      vertex -17.05 22.85 3
      vertex 17.05 22.85 3
    endloop
  endfacet
  facet normal 0 0 1
    outer loop
      vertex 28.5 20.5 3
      vertex 9.96578 0.522104 3
      vertex 10 0 3
    endloop
  endfacet
  facet normal 0 -0 1
    outer loop
      vertex 17.675 -21.7675 3
      vertex 18.201 -21.25 3
      vertex 17.539 -21.8583 3
    endloop
  endfacet
  facet normal 0 0 1
    outer loop
      vertex -17.05 49.15 3
      vertex 17.05 49.15 3
      vertex 17.0607 49.3132 3
    endloop
  endfacet
  facet normal 0 0 1
    outer loop
      vertex 18.201 -21.25 3
      vertex 17.8216 -21.6952 3
      vertex 18.1142 -21.426 3
    endloop
  endfacet
  facet normal 0 0 1
    outer loop
      vertex 28.5 20.5 3
      vertex 9.8637 1.03528 3
      vertex 9.96578 0.522104 3
    endloop
  endfacet
  facet normal 0 0 1
    outer loop
      vertex 19.5 20.5 3
      vertex 9.69552 1.53073 3
      vertex 9.8637 1.03528 3
    endloop
  endfacet
  facet normal 0 0 1
    outer loop
      vertex 19.5 20.5 3
      vertex 9.4641 2 3
      vertex 9.69552 1.53073 3
    endloop
  endfacet
  facet normal 0 0 1
    outer loop
      vertex 19.5 20.5 3
      vertex 9.17341 2.43505 3
      vertex 9.4641 2 3
    endloop
  endfacet
  facet normal 0 0 1
    outer loop
      vertex 19.3042 20.5128 3
      vertex 8.82843 2.82843 3
      vertex 9.17341 2.43505 3
    endloop
  endfacet
  facet normal 0 0 1
    outer loop
      vertex 18.926 20.6142 3
      vertex 8.43505 3.17341 3
      vertex 8.82843 2.82843 3
    endloop
  endfacet
  facet normal 0 0 1
    outer loop
      vertex 18.75 20.701 3
      vertex 8 3.4641 3
      vertex 8.43505 3.17341 3
    endloop
  endfacet
  facet normal 0 0 1
    outer loop
      vertex 18.5869 20.81 3
      vertex 7.53073 3.69552 3
      vertex 8 3.4641 3
    endloop
  endfacet
  facet normal 0 0 1
    outer loop
      vertex -17.0607 49.3132 3
      vertex 17.0607 49.3132 3
      vertex 17.0926 49.4735 3
    endloop
  endfacet
  facet normal 0 0 1
    outer loop
      vertex 18.4393 20.9393 3
      vertex 7.03528 3.8637 3
      vertex 7.53073 3.69552 3
    endloop
  endfacet
  facet normal 0 0 1
    outer loop
      vertex 17.3083 22.089 3
      vertex 6.5221 3.96578 3
      vertex 7.03528 3.8637 3
    endloop
  endfacet
  facet normal 0 0 1
    outer loop
      vertex 17.2175 22.225 3
      vertex 6 4 3
      vertex 6.5221 3.96578 3
    endloop
  endfacet
  facet normal 0 0 1
    outer loop
      vertex -17.0607 22.6868 3
      vertex 17.0607 22.6868 3
      vertex -17.05 22.85 3
    endloop
  endfacet
  facet normal 0 0 1
    outer loop
      vertex -17.0926 49.4735 3
      vertex 17.0926 49.4735 3
      vertex 17.1451 49.6284 3
    endloop
  endfacet
  facet normal 0 0 1
    outer loop
      vertex -17.1451 49.6284 3
      vertex 17.1451 49.6284 3
      vertex 17.2175 49.775 3
    endloop
  endfacet
  facet normal 0 0 1
    outer loop
      vertex 17.0607 22.6868 3
      vertex -17.0607 22.6868 3
      vertex 6 4 3
    endloop
  endfacet
  facet normal 0 0 1
    outer loop
      vertex 6 4 3
      vertex -17.0607 22.6868 3
      vertex -6 4 3
    endloop
  endfacet
  facet normal -0 0 1
    outer loop
      vertex -17.0926 22.5265 3
      vertex -6 4 3
      vertex -17.0607 22.6868 3
    endloop
  endfacet
  facet normal -0 0 1
    outer loop
      vertex -17.1451 22.3716 3
      vertex -6 4 3
      vertex -17.0926 22.5265 3
    endloop
  endfacet
  facet normal -0 0 1
    outer loop
      vertex -17.2175 22.225 3
      vertex -6 4 3
      vertex -17.1451 22.3716 3
    endloop
  endfacet
  facet normal 0 0 1
    outer loop
      vertex -6 4 3
      vertex -17.2175 22.225 3
      vertex -6.5221 3.96578 3
    endloop
  endfacet
  facet normal -0 0 1
    outer loop
      vertex -17.3083 22.089 3
      vertex -6.5221 3.96578 3
      vertex -17.2175 22.225 3
    endloop
  endfacet
  facet normal 0 0 1
    outer loop
      vertex -6.5221 3.96578 3
      vertex -17.3083 22.089 3
      vertex -7.03528 3.8637 3
    endloop
  endfacet
  facet normal -0 0 1
    outer loop
      vertex -18.5869 20.81 3
      vertex -7.53073 3.69552 3
      vertex -18.4393 20.9393 3
    endloop
  endfacet
  facet normal 0 0 1
    outer loop
      vertex -7.03528 3.8637 3
      vertex -18.4393 20.9393 3
      vertex -7.53073 3.69552 3
    endloop
  endfacet
  facet normal -0 0 1
    outer loop
      vertex -18.4393 20.9393 3
      vertex -7.03528 3.8637 3
      vertex -17.4161 21.9661 3
    endloop
  endfacet
  facet normal -0 0 1
    outer loop
      vertex -17.4161 21.9661 3
      vertex -7.03528 3.8637 3
      vertex -17.3083 22.089 3
    endloop
  endfacet
  facet normal 0 0 1
    outer loop
      vertex -17.1451 48.6716 3
      vertex 17.1451 48.6716 3
      vertex -17.0926 48.8265 3
    endloop
  endfacet
  facet normal 0 0 1
    outer loop
      vertex -17.2175 49.775 3
      vertex 17.2175 49.775 3
      vertex 17.3083 49.9109 3
    endloop
  endfacet
  facet normal 0 0 1
    outer loop
      vertex -17.3083 49.9109 3
      vertex 17.3083 49.9109 3
      vertex 17.4161 50.0339 3
    endloop
  endfacet
  facet normal 0 0 1
    outer loop
      vertex -17.4161 50.0339 3
      vertex 17.4161 50.0339 3
      vertex 17.539 50.1417 3
    endloop
  endfacet
  facet normal 0 0 1
    outer loop
      vertex -17.539 50.1417 3
      vertex 17.539 50.1417 3
      vertex 17.675 50.2325 3
    endloop
  endfacet
  facet normal 0 0 1
    outer loop
      vertex -17.675 50.2325 3
      vertex 17.675 50.2325 3
      vertex 17.8216 50.3048 3
    endloop
  endfacet
  facet normal 0 0 1
    outer loop
      vertex -17.8216 50.3048 3
      vertex 17.8216 50.3048 3
      vertex 17.9765 50.3574 3
    endloop
  endfacet
  facet normal 0 0 1
    outer loop
      vertex -17.9765 50.3574 3
      vertex 17.9765 50.3574 3
      vertex 18.1368 50.3893 3
    endloop
  endfacet
  facet normal 0 0 1
    outer loop
      vertex 18.3 50.4 3
      vertex -18.3 50.4 3
      vertex 18.1368 50.3893 3
    endloop
  endfacet
  facet normal 0 0 1
    outer loop
      vertex 17.0607 49.3132 3
      vertex -17.0607 49.3132 3
      vertex -17.05 49.15 3
    endloop
  endfacet
  facet normal 0 0 1
    outer loop
      vertex 17.0926 49.4735 3
      vertex -17.0926 49.4735 3
      vertex -17.0607 49.3132 3
    endloop
  endfacet
  facet normal 0 0 1
    outer loop
      vertex 17.1451 49.6284 3
      vertex -17.1451 49.6284 3
      vertex -17.0926 49.4735 3
    endloop
  endfacet
  facet normal 0 0 1
    outer loop
      vertex 17.2175 49.775 3
      vertex -17.2175 49.775 3
      vertex -17.1451 49.6284 3
    endloop
  endfacet
  facet normal 0 0 1
    outer loop
      vertex 17.3083 49.9109 3
      vertex -17.3083 49.9109 3
      vertex -17.2175 49.775 3
    endloop
  endfacet
  facet normal 0 0 1
    outer loop
      vertex 17.4161 50.0339 3
      vertex -17.4161 50.0339 3
      vertex -17.3083 49.9109 3
    endloop
  endfacet
  facet normal 0 0 1
    outer loop
      vertex 17.539 50.1417 3
      vertex -17.539 50.1417 3
      vertex -17.4161 50.0339 3
    endloop
  endfacet
  facet normal 0 0 1
    outer loop
      vertex 17.675 50.2325 3
      vertex -17.675 50.2325 3
      vertex -17.539 50.1417 3
    endloop
  endfacet
  facet normal 0 0 1
    outer loop
      vertex 17.8216 50.3048 3
      vertex -17.8216 50.3048 3
      vertex -17.675 50.2325 3
    endloop
  endfacet
  facet normal 0 0 1
    outer loop
      vertex 17.9765 50.3574 3
      vertex -17.9765 50.3574 3
      vertex -17.8216 50.3048 3
    endloop
  endfacet
  facet normal 0 0 1
    outer loop
      vertex 18.1368 50.3893 3
      vertex -18.1368 50.3893 3
      vertex -17.9765 50.3574 3
    endloop
  endfacet
  facet normal 0 0 1
    outer loop
      vertex 18.1368 50.3893 3
      vertex -18.3 50.4 3
      vertex -18.1368 50.3893 3
    endloop
  endfacet
  facet normal -0 0 1
    outer loop
      vertex -63 54 3
      vertex -18.3 50.4 3
      vertex 63 54 3
    endloop
  endfacet
  facet normal 0 0 1
    outer loop
      vertex -41.636 42.364 3
      vertex -23.05 49.15 3
      vertex -23.0393 49.3132 3
    endloop
  endfacet
  facet normal 0 0 1
    outer loop
      vertex -44.9607 49.3132 3
      vertex -23.0393 49.3132 3
      vertex -23.0074 49.4735 3
    endloop
  endfacet
  facet normal 0 0 1
    outer loop
      vertex -22.2784 47.9952 3
      vertex -39 36 3
      vertex -28.5 23.5 3
    endloop
  endfacet
  facet normal -0 0 1
    outer loop
      vertex -39.077 34.8253 3
      vertex -28.5 23.5 3
      vertex -39 36 3
    endloop
  endfacet
  facet normal 0 0 1
    outer loop
      vertex -28.5 23.5 3
      vertex -39.077 34.8253 3
      vertex -28.6958 23.4872 3
    endloop
  endfacet
  facet normal -0 0 1
    outer loop
      vertex -39.3067 33.6706 3
      vertex -28.6958 23.4872 3
      vertex -39.077 34.8253 3
    endloop
  endfacet
  facet normal 0 0 1
    outer loop
      vertex -28.6958 23.4872 3
      vertex -39.3067 33.6706 3
      vertex -28.8882 23.4489 3
    endloop
  endfacet
  facet normal 0 0 1
    outer loop
      vertex -28.8882 23.4489 3
      vertex -39.3067 33.6706 3
      vertex -29.074 23.3858 3
    endloop
  endfacet
  facet normal -0 0 1
    outer loop
      vertex -39.6851 32.5558 3
      vertex -29.074 23.3858 3
      vertex -39.3067 33.6706 3
    endloop
  endfacet
  facet normal 0 0 1
    outer loop
      vertex -29.074 23.3858 3
      vertex -39.6851 32.5558 3
      vertex -29.25 23.299 3
    endloop
  endfacet
  facet normal 0 0 1
    outer loop
      vertex -29.25 23.299 3
      vertex -39.6851 32.5558 3
      vertex -29.4131 23.19 3
    endloop
  endfacet
  facet normal -0 0 1
    outer loop
      vertex -40.2058 31.5 3
      vertex -29.4131 23.19 3
      vertex -39.6851 32.5558 3
    endloop
  endfacet
  facet normal 0 0 1
    outer loop
      vertex -29.9489 -21.6118 3
      vertex -39 -36 3
      vertex -29.9872 -21.8042 3
    endloop
  endfacet
  facet normal -0 0 1
    outer loop
      vertex -40.8598 30.5211 3
      vertex -29.69 22.9131 3
      vertex -40.2058 31.5 3
    endloop
  endfacet
  facet normal 0 0 1
    outer loop
      vertex -29.5607 23.0607 3
      vertex -40.2058 31.5 3
      vertex -29.69 22.9131 3
    endloop
  endfacet
  facet normal 0 0 1
    outer loop
      vertex -29.4131 23.19 3
      vertex -40.2058 31.5 3
      vertex -29.5607 23.0607 3
    endloop
  endfacet
  facet normal 0 0 1
    outer loop
      vertex -44.9926 49.4735 3
      vertex -23.0074 49.4735 3
      vertex -22.9548 49.6284 3
    endloop
  endfacet
  facet normal 0 0 1
    outer loop
      vertex -45.0452 49.6284 3
      vertex -22.9548 49.6284 3
      vertex -22.8825 49.775 3
    endloop
  endfacet
  facet normal 0 0 1
    outer loop
      vertex -45.1175 49.775 3
      vertex -22.8825 49.775 3
      vertex -22.7917 49.9109 3
    endloop
  endfacet
  facet normal 0 0 1
    outer loop
      vertex -45.2083 49.9109 3
      vertex -22.7917 49.9109 3
      vertex -22.6839 50.0339 3
    endloop
  endfacet
  facet normal 0 0 1
    outer loop
      vertex -45.3161 50.0339 3
      vertex -22.6839 50.0339 3
      vertex -22.561 50.1417 3
    endloop
  endfacet
  facet normal 0 0 1
    outer loop
      vertex -22.2784 47.9952 3
      vertex -39.077 37.1747 3
      vertex -39 36 3
    endloop
  endfacet
  facet normal 0 0 1
    outer loop
      vertex -22.561 48.1583 3
      vertex -39.3067 38.3294 3
      vertex -39.077 37.1747 3
    endloop
  endfacet
  facet normal 0 0 1
    outer loop
      vertex -22.7917 48.389 3
      vertex -39.6851 39.4441 3
      vertex -39.3067 38.3294 3
    endloop
  endfacet
  facet normal 0 0 1
    outer loop
      vertex -45.439 50.1417 3
      vertex -22.561 50.1417 3
      vertex -22.425 50.2325 3
    endloop
  endfacet
  facet normal 0 0 1
    outer loop
      vertex -22.8825 48.525 3
      vertex -40.2058 40.5 3
      vertex -39.6851 39.4441 3
    endloop
  endfacet
  facet normal 0 0 1
    outer loop
      vertex -23.0074 48.8265 3
      vertex -40.8598 41.4789 3
      vertex -40.2058 40.5 3
    endloop
  endfacet
  facet normal 0 0 1
    outer loop
      vertex -45.575 50.2325 3
      vertex -22.425 50.2325 3
      vertex -22.2784 50.3048 3
    endloop
  endfacet
  facet normal 0 0 1
    outer loop
      vertex -23.05 49.15 3
      vertex -41.636 42.364 3
      vertex -40.8598 41.4789 3
    endloop
  endfacet
  facet normal 0 0 1
    outer loop
      vertex -23.0393 49.3132 3
      vertex -44.9607 49.3132 3
      vertex -41.636 42.364 3
    endloop
  endfacet
  facet normal -0 -0 1
    outer loop
      vertex -44.95 49.15 3
      vertex -41.636 42.364 3
      vertex -44.9607 49.3132 3
    endloop
  endfacet
  facet normal 0 0 1
    outer loop
      vertex -45.7216 50.3048 3
      vertex -22.2784 50.3048 3
      vertex -22.1235 50.3574 3
    endloop
  endfacet
  facet normal -0 0 1
    outer loop
      vertex -44.9607 48.9868 3
      vertex -42.5211 43.1402 3
      vertex -44.95 49.15 3
    endloop
  endfacet
  facet normal -0 0 1
    outer loop
      vertex -44.9926 48.8265 3
      vertex -42.5211 43.1402 3
      vertex -44.9607 48.9868 3
    endloop
  endfacet
  facet normal 0 0 1
    outer loop
      vertex -45.8765 50.3574 3
      vertex -22.1235 50.3574 3
      vertex -21.9632 50.3893 3
    endloop
  endfacet
  facet normal 0 0 1
    outer loop
      vertex -63 54 3
      vertex -21.9632 50.3893 3
      vertex -21.8 50.4 3
    endloop
  endfacet
  facet normal 0 0 1
    outer loop
      vertex -41.636 42.364 3
      vertex -44.95 49.15 3
      vertex -42.5211 43.1402 3
    endloop
  endfacet
  facet normal 0 0 1
    outer loop
      vertex -23.0074 49.4735 3
      vertex -44.9926 49.4735 3
      vertex -44.9607 49.3132 3
    endloop
  endfacet
  facet normal 0 0 1
    outer loop
      vertex -18.3 50.4 3
      vertex -63 54 3
      vertex -21.8 50.4 3
    endloop
  endfacet
  facet normal 0 0 1
    outer loop
      vertex -22.9548 49.6284 3
      vertex -45.0452 49.6284 3
      vertex -44.9926 49.4735 3
    endloop
  endfacet
  facet normal 0 0 1
    outer loop
      vertex -22.8825 49.775 3
      vertex -45.1175 49.775 3
      vertex -45.0452 49.6284 3
    endloop
  endfacet
  facet normal 0 0 1
    outer loop
      vertex -22.7917 49.9109 3
      vertex -45.2083 49.9109 3
      vertex -45.1175 49.775 3
    endloop
  endfacet
  facet normal 0 0 1
    outer loop
      vertex -22.6839 50.0339 3
      vertex -45.3161 50.0339 3
      vertex -45.2083 49.9109 3
    endloop
  endfacet
  facet normal 0 0 1
    outer loop
      vertex -22.561 50.1417 3
      vertex -45.439 50.1417 3
      vertex -45.3161 50.0339 3
    endloop
  endfacet
  facet normal 0 0 1
    outer loop
      vertex -22.425 50.2325 3
      vertex -45.575 50.2325 3
      vertex -45.439 50.1417 3
    endloop
  endfacet
  facet normal 0 0 1
    outer loop
      vertex -22.2784 50.3048 3
      vertex -45.7216 50.3048 3
      vertex -45.575 50.2325 3
    endloop
  endfacet
  facet normal 0 0 1
    outer loop
      vertex -22.1235 50.3574 3
      vertex -45.8765 50.3574 3
      vertex -45.7216 50.3048 3
    endloop
  endfacet
  facet normal 0 0 1
    outer loop
      vertex -21.9632 50.3893 3
      vertex -46.0368 50.3893 3
      vertex -45.8765 50.3574 3
    endloop
  endfacet
  facet normal 0 0 1
    outer loop
      vertex -21.9632 50.3893 3
      vertex -63 54 3
      vertex -46.0368 50.3893 3
    endloop
  endfacet
  facet normal 0 0 1
    outer loop
      vertex -46.0368 50.3893 3
      vertex -63 54 3
      vertex -46.2 50.4 3
    endloop
  endfacet
  facet normal 0 0 1
    outer loop
      vertex -63 54 3
      vertex -50.95 49.15 3
      vertex -50.9393 49.3132 3
    endloop
  endfacet
  facet normal 0 0 1
    outer loop
      vertex -50.7825 48.525 3
      vertex -52.5 43.7942 3
      vertex -51.4441 44.3149 3
    endloop
  endfacet
  facet normal 0 0 1
    outer loop
      vertex -63 54 3
      vertex -50.9393 49.3132 3
      vertex -50.9074 49.4735 3
    endloop
  endfacet
  facet normal 0 0 1
    outer loop
      vertex -50.9074 48.8265 3
      vertex -53.4789 43.1402 3
      vertex -52.5 43.7942 3
    endloop
  endfacet
  facet normal 0 0 1
    outer loop
      vertex -63 54 3
      vertex -50.9074 49.4735 3
      vertex -50.8549 49.6284 3
    endloop
  endfacet
  facet normal 0 0 1
    outer loop
      vertex -50.95 49.15 3
      vertex -63 54 3
      vertex -53.4789 43.1402 3
    endloop
  endfacet
  facet normal 0 0 1
    outer loop
      vertex -53.4789 43.1402 3
      vertex -63 54 3
      vertex -54.364 42.364 3
    endloop
  endfacet
  facet normal 0 0 1
    outer loop
      vertex -63 54 3
      vertex -50.8549 49.6284 3
      vertex -50.7825 49.775 3
    endloop
  endfacet
  facet normal 0 0 1
    outer loop
      vertex -54.364 42.364 3
      vertex -63 54 3
      vertex -55.1402 41.4789 3
    endloop
  endfacet
  facet normal 0 0 1
    outer loop
      vertex -56.923 37.1747 3
      vertex -68 49 3
      vertex -57 36 3
    endloop
  endfacet
  facet normal 0 0 1
    outer loop
      vertex -56.6933 38.3294 3
      vertex -68 49 3
      vertex -56.923 37.1747 3
    endloop
  endfacet
  facet normal 0 0 1
    outer loop
      vertex -56.3149 39.4441 3
      vertex -68 49 3
      vertex -56.6933 38.3294 3
    endloop
  endfacet
  facet normal 0 0 1
    outer loop
      vertex -55.7942 40.5 3
      vertex -68 49 3
      vertex -56.3149 39.4441 3
    endloop
  endfacet
  facet normal 0 0 1
    outer loop
      vertex -55.1402 41.4789 3
      vertex -68 49 3
      vertex -55.7942 40.5 3
    endloop
  endfacet
  facet normal -0 0 1
    outer loop
      vertex -68 49 3
      vertex -55.1402 41.4789 3
      vertex -63 54 3
    endloop
  endfacet
  facet normal 0 0 1
    outer loop
      vertex -50.6917 49.9109 3
      vertex -63 54 3
      vertex -50.7825 49.775 3
    endloop
  endfacet
  facet normal 0 0 1
    outer loop
      vertex -50.5839 50.0339 3
      vertex -63 54 3
      vertex -50.6917 49.9109 3
    endloop
  endfacet
  facet normal 0 0 1
    outer loop
      vertex -50.461 50.1417 3
      vertex -63 54 3
      vertex -50.5839 50.0339 3
    endloop
  endfacet
  facet normal 0 0 1
    outer loop
      vertex -50.325 50.2325 3
      vertex -63 54 3
      vertex -50.461 50.1417 3
    endloop
  endfacet
  facet normal 0 0 1
    outer loop
      vertex -50.1784 50.3048 3
      vertex -63 54 3
      vertex -50.325 50.2325 3
    endloop
  endfacet
  facet normal 0 0 1
    outer loop
      vertex -50.0235 50.3574 3
      vertex -63 54 3
      vertex -50.1784 50.3048 3
    endloop
  endfacet
  facet normal 0 0 1
    outer loop
      vertex -49.8632 50.3893 3
      vertex -63 54 3
      vertex -50.0235 50.3574 3
    endloop
  endfacet
  facet normal 0 0 1
    outer loop
      vertex -49.7 50.4 3
      vertex -63 54 3
      vertex -49.8632 50.3893 3
    endloop
  endfacet
  facet normal 0 0 1
    outer loop
      vertex -46.2 50.4 3
      vertex -63 54 3
      vertex -49.7 50.4 3
    endloop
  endfacet
  facet normal 0 0 1
    outer loop
      vertex 66.9668 -52.0438 3
      vertex 63 -54 3
      vertex 66.5355 -52.5355 3
    endloop
  endfacet
  facet normal 0 0 1
    outer loop
      vertex 66.5355 -52.5355 3
      vertex 63 -54 3
      vertex 66.0438 -52.9668 3
    endloop
  endfacet
  facet normal 0 0 1
    outer loop
      vertex 66.0438 -52.9668 3
      vertex 63 -54 3
      vertex 65.5 -53.3301 3
    endloop
  endfacet
  facet normal 0 0 1
    outer loop
      vertex 64.9134 -53.6194 3
      vertex 63 -54 3
      vertex 64.2941 -53.8296 3
    endloop
  endfacet
  facet normal 0 0 1
    outer loop
      vertex 64.2941 -53.8296 3
      vertex 63 -54 3
      vertex 63.6526 -53.9572 3
    endloop
  endfacet
  facet normal 0 0 1
    outer loop
      vertex 65.5 -53.3301 3
      vertex 63 -54 3
      vertex 64.9134 -53.6194 3
    endloop
  endfacet
  facet normal -0 0 1
    outer loop
      vertex 54.364 -42.364 3
      vertex 63 -54 3
      vertex 55.1402 -41.4789 3
    endloop
  endfacet
  facet normal -0 0 1
    outer loop
      vertex 53.4789 -43.1402 3
      vertex 63 -54 3
      vertex 54.364 -42.364 3
    endloop
  endfacet
  facet normal 0 0 1
    outer loop
      vertex 50.9393 -48.9868 3
      vertex 53.4789 -43.1402 3
      vertex 52.5 -43.7942 3
    endloop
  endfacet
  facet normal 0 0 1
    outer loop
      vertex 50.7825 -48.525 3
      vertex 52.5 -43.7942 3
      vertex 51.4441 -44.3149 3
    endloop
  endfacet
  facet normal 0 0 1
    outer loop
      vertex 53.4789 -43.1402 3
      vertex 50.95 -49.15 3
      vertex 63 -54 3
    endloop
  endfacet
  facet normal -0 0 1
    outer loop
      vertex 50.9393 -49.3132 3
      vertex 63 -54 3
      vertex 50.95 -49.15 3
    endloop
  endfacet
  facet normal -0 0 1
    outer loop
      vertex 50.9074 -49.4735 3
      vertex 63 -54 3
      vertex 50.9393 -49.3132 3
    endloop
  endfacet
  facet normal -0 0 1
    outer loop
      vertex 50.8549 -49.6284 3
      vertex 63 -54 3
      vertex 50.9074 -49.4735 3
    endloop
  endfacet
  facet normal -0 0 1
    outer loop
      vertex 50.7825 -49.775 3
      vertex 63 -54 3
      vertex 50.8549 -49.6284 3
    endloop
  endfacet
  facet normal -0 0 1
    outer loop
      vertex 50.6917 -49.9109 3
      vertex 63 -54 3
      vertex 50.7825 -49.775 3
    endloop
  endfacet
  facet normal -0 0 1
    outer loop
      vertex 50.5839 -50.0339 3
      vertex 63 -54 3
      vertex 50.6917 -49.9109 3
    endloop
  endfacet
  facet normal -0 0 1
    outer loop
      vertex 50.461 -50.1417 3
      vertex 63 -54 3
      vertex 50.5839 -50.0339 3
    endloop
  endfacet
  facet normal -0 0 1
    outer loop
      vertex 50.325 -50.2325 3
      vertex 63 -54 3
      vertex 50.461 -50.1417 3
    endloop
  endfacet
  facet normal -0 0 1
    outer loop
      vertex 50.1784 -50.3048 3
      vertex 63 -54 3
      vertex 50.325 -50.2325 3
    endloop
  endfacet
  facet normal -0 0 1
    outer loop
      vertex 50.0235 -50.3574 3
      vertex 63 -54 3
      vertex 50.1784 -50.3048 3
    endloop
  endfacet
  facet normal -0 0 1
    outer loop
      vertex 49.8632 -50.3893 3
      vertex 63 -54 3
      vertex 50.0235 -50.3574 3
    endloop
  endfacet
  facet normal -0 0 1
    outer loop
      vertex 49.7 -50.4 3
      vertex 63 -54 3
      vertex 49.8632 -50.3893 3
    endloop
  endfacet
  facet normal -0 0 1
    outer loop
      vertex 46.2 -50.4 3
      vertex 63 -54 3
      vertex 49.7 -50.4 3
    endloop
  endfacet
  facet normal 0 0 1
    outer loop
      vertex 46.0368 -50.3893 3
      vertex 63 -54 3
      vertex 46.2 -50.4 3
    endloop
  endfacet
  facet normal 0 0 1
    outer loop
      vertex 21.9632 -50.3893 3
      vertex 46.0368 -50.3893 3
      vertex 45.8765 -50.3574 3
    endloop
  endfacet
  facet normal 0 0 1
    outer loop
      vertex 44.9926 -48.8265 3
      vertex 42.5211 -43.1402 3
      vertex 44.9607 -48.9868 3
    endloop
  endfacet
  facet normal 0 0 1
    outer loop
      vertex 44.9607 -48.9868 3
      vertex 42.5211 -43.1402 3
      vertex 44.95 -49.15 3
    endloop
  endfacet
  facet normal 0 0 1
    outer loop
      vertex 41.636 -42.364 3
      vertex 44.95 -49.15 3
      vertex 42.5211 -43.1402 3
    endloop
  endfacet
  facet normal 0 0 1
    outer loop
      vertex 44.95 -49.15 3
      vertex 41.636 -42.364 3
      vertex 44.9607 -49.3132 3
    endloop
  endfacet
  facet normal 0 0 1
    outer loop
      vertex 23.0393 -49.3132 3
      vertex 44.9607 -49.3132 3
      vertex 41.636 -42.364 3
    endloop
  endfacet
  facet normal 0 0 1
    outer loop
      vertex 44.9607 -49.3132 3
      vertex 23.0393 -49.3132 3
      vertex 44.9926 -49.4735 3
    endloop
  endfacet
  facet normal 0 0 1
    outer loop
      vertex 23.05 -49.15 3
      vertex 41.636 -42.364 3
      vertex 40.8598 -41.4789 3
    endloop
  endfacet
  facet normal 0 0 1
    outer loop
      vertex 23.0074 -49.4735 3
      vertex 44.9926 -49.4735 3
      vertex 23.0393 -49.3132 3
    endloop
  endfacet
  facet normal 0 0 1
    outer loop
      vertex 23.0393 -48.9868 3
      vertex 40.8598 -41.4789 3
      vertex 40.2058 -40.5 3
    endloop
  endfacet
  facet normal -0 0 1
    outer loop
      vertex 29.69 -22.9131 3
      vertex 40.8598 -30.5211 3
      vertex 29.799 -22.75 3
    endloop
  endfacet
  facet normal 0 0 1
    outer loop
      vertex 40.8598 -30.5211 3
      vertex 29.69 -22.9131 3
      vertex 40.2058 -31.5 3
    endloop
  endfacet
  facet normal -0 0 1
    outer loop
      vertex 29.5607 -23.0607 3
      vertex 40.2058 -31.5 3
      vertex 29.69 -22.9131 3
    endloop
  endfacet
  facet normal -0 0 1
    outer loop
      vertex 29.4131 -23.19 3
      vertex 40.2058 -31.5 3
      vertex 29.5607 -23.0607 3
    endloop
  endfacet
  facet normal 0 0 1
    outer loop
      vertex 40.2058 -31.5 3
      vertex 29.4131 -23.19 3
      vertex 39.6851 -32.5558 3
    endloop
  endfacet
  facet normal -0 0 1
    outer loop
      vertex 29.25 -23.299 3
      vertex 39.6851 -32.5558 3
      vertex 29.4131 -23.19 3
    endloop
  endfacet
  facet normal -0 0 1
    outer loop
      vertex 29.074 -23.3858 3
      vertex 39.6851 -32.5558 3
      vertex 29.25 -23.299 3
    endloop
  endfacet
  facet normal 0 0 1
    outer loop
      vertex 39.6851 -32.5558 3
      vertex 29.074 -23.3858 3
      vertex 39.3067 -33.6706 3
    endloop
  endfacet
  facet normal -0 0 1
    outer loop
      vertex 28.8882 -23.4489 3
      vertex 39.3067 -33.6706 3
      vertex 29.074 -23.3858 3
    endloop
  endfacet
  facet normal -0 0 1
    outer loop
      vertex 28.6958 -23.4872 3
      vertex 39.3067 -33.6706 3
      vertex 28.8882 -23.4489 3
    endloop
  endfacet
  facet normal 0 0 1
    outer loop
      vertex 39.3067 -33.6706 3
      vertex 28.6958 -23.4872 3
      vertex 39.077 -34.8253 3
    endloop
  endfacet
  facet normal -0 0 1
    outer loop
      vertex 28.5 -23.5 3
      vertex 39.077 -34.8253 3
      vertex 28.6958 -23.4872 3
    endloop
  endfacet
  facet normal 0 0 1
    outer loop
      vertex 39.077 -34.8253 3
      vertex 28.5 -23.5 3
      vertex 39 -36 3
    endloop
  endfacet
  facet normal 0 0 1
    outer loop
      vertex 22.2784 -47.9952 3
      vertex 39 -36 3
      vertex 28.5 -23.5 3
    endloop
  endfacet
  facet normal 0 0 1
    outer loop
      vertex 23.0393 -48.9868 3
      vertex 39.077 -37.1747 3
      vertex 39 -36 3
    endloop
  endfacet
  facet normal 0 0 1
    outer loop
      vertex 23.0393 -48.9868 3
      vertex 39.3067 -38.3294 3
      vertex 39.077 -37.1747 3
    endloop
  endfacet
  facet normal 0 0 1
    outer loop
      vertex 23.0393 -48.9868 3
      vertex 39.6851 -39.4441 3
      vertex 39.3067 -38.3294 3
    endloop
  endfacet
  facet normal 0 0 1
    outer loop
      vertex 23.0393 -48.9868 3
      vertex 40.2058 -40.5 3
      vertex 39.6851 -39.4441 3
    endloop
  endfacet
  facet normal 0 0 1
    outer loop
      vertex 41.636 -42.364 3
      vertex 23.05 -49.15 3
      vertex 23.0393 -49.3132 3
    endloop
  endfacet
  facet normal 0 0 1
    outer loop
      vertex 44.9926 -49.4735 3
      vertex 23.0074 -49.4735 3
      vertex 45.0452 -49.6284 3
    endloop
  endfacet
  facet normal 0 0 1
    outer loop
      vertex 22.9548 -49.6284 3
      vertex 45.0452 -49.6284 3
      vertex 23.0074 -49.4735 3
    endloop
  endfacet
  facet normal 0 0 1
    outer loop
      vertex 45.0452 -49.6284 3
      vertex 22.9548 -49.6284 3
      vertex 45.1175 -49.775 3
    endloop
  endfacet
  facet normal 0 0 1
    outer loop
      vertex 22.8825 -49.775 3
      vertex 45.1175 -49.775 3
      vertex 22.9548 -49.6284 3
    endloop
  endfacet
  facet normal 0 0 1
    outer loop
      vertex 45.1175 -49.775 3
      vertex 22.8825 -49.775 3
      vertex 45.2083 -49.9109 3
    endloop
  endfacet
  facet normal 0 0 1
    outer loop
      vertex 22.7917 -49.9109 3
      vertex 45.2083 -49.9109 3
      vertex 22.8825 -49.775 3
    endloop
  endfacet
  facet normal 0 0 1
    outer loop
      vertex 45.2083 -49.9109 3
      vertex 22.7917 -49.9109 3
      vertex 45.3161 -50.0339 3
    endloop
  endfacet
  facet normal 0 0 1
    outer loop
      vertex 22.6839 -50.0339 3
      vertex 45.3161 -50.0339 3
      vertex 22.7917 -49.9109 3
    endloop
  endfacet
  facet normal 0 0 1
    outer loop
      vertex 45.3161 -50.0339 3
      vertex 22.6839 -50.0339 3
      vertex 45.439 -50.1417 3
    endloop
  endfacet
  facet normal 0 0 1
    outer loop
      vertex 22.561 -50.1417 3
      vertex 45.439 -50.1417 3
      vertex 22.6839 -50.0339 3
    endloop
  endfacet
  facet normal 0 0 1
    outer loop
      vertex 45.439 -50.1417 3
      vertex 22.561 -50.1417 3
      vertex 45.575 -50.2325 3
    endloop
  endfacet
  facet normal 0 0 1
    outer loop
      vertex 22.425 -50.2325 3
      vertex 45.575 -50.2325 3
      vertex 22.561 -50.1417 3
    endloop
  endfacet
  facet normal 0 0 1
    outer loop
      vertex 45.575 -50.2325 3
      vertex 22.425 -50.2325 3
      vertex 45.7216 -50.3048 3
    endloop
  endfacet
  facet normal 0 0 1
    outer loop
      vertex 22.2784 -50.3048 3
      vertex 45.7216 -50.3048 3
      vertex 22.425 -50.2325 3
    endloop
  endfacet
  facet normal 0 0 1
    outer loop
      vertex 45.7216 -50.3048 3
      vertex 22.2784 -50.3048 3
      vertex 45.8765 -50.3574 3
    endloop
  endfacet
  facet normal 0 0 1
    outer loop
      vertex 22.1235 -50.3574 3
      vertex 45.8765 -50.3574 3
      vertex 22.2784 -50.3048 3
    endloop
  endfacet
  facet normal 0 0 1
    outer loop
      vertex 21.9632 -50.3893 3
      vertex 45.8765 -50.3574 3
      vertex 22.1235 -50.3574 3
    endloop
  endfacet
  facet normal 0 0 1
    outer loop
      vertex 46.0368 -50.3893 3
      vertex 21.9632 -50.3893 3
      vertex 63 -54 3
    endloop
  endfacet
  facet normal -0 0 1
    outer loop
      vertex 21.8 -50.4 3
      vertex 63 -54 3
      vertex 21.9632 -50.3893 3
    endloop
  endfacet
  facet normal -0 0 1
    outer loop
      vertex 18.3 -50.4 3
      vertex 63 -54 3
      vertex 21.8 -50.4 3
    endloop
  endfacet
  facet normal 0 0 1
    outer loop
      vertex -18.3 -50.4 3
      vertex 18.3 -50.4 3
      vertex 18.1368 -50.3893 3
    endloop
  endfacet
  facet normal 0 -0 1
    outer loop
      vertex 17.8216 -21.6952 3
      vertex 18.201 -21.25 3
      vertex 17.675 -21.7675 3
    endloop
  endfacet
  facet normal 0 0 1
    outer loop
      vertex 18.31 -21.0869 3
      vertex 7.03528 -3.8637 3
      vertex 17.539 -21.8583 3
    endloop
  endfacet
  facet normal 0 0 1
    outer loop
      vertex 17.539 -21.8583 3
      vertex 7.03528 -3.8637 3
      vertex 17.4161 -21.9661 3
    endloop
  endfacet
  facet normal 0 0 1
    outer loop
      vertex 17.4161 -21.9661 3
      vertex 7.03528 -3.8637 3
      vertex 17.3083 -22.089 3
    endloop
  endfacet
  facet normal -0 0 1
    outer loop
      vertex 6.5221 -3.96578 3
      vertex 17.3083 -22.089 3
      vertex 7.03528 -3.8637 3
    endloop
  endfacet
  facet normal 0 0 1
    outer loop
      vertex 17.3083 -22.089 3
      vertex 6.5221 -3.96578 3
      vertex 17.2175 -22.225 3
    endloop
  endfacet
  facet normal -0 0 1
    outer loop
      vertex 6 -4 3
      vertex 17.2175 -22.225 3
      vertex 6.5221 -3.96578 3
    endloop
  endfacet
  facet normal 0 0 1
    outer loop
      vertex 17.2175 -22.225 3
      vertex 6 -4 3
      vertex 17.1451 -22.3716 3
    endloop
  endfacet
  facet normal 0 0 1
    outer loop
      vertex 17.1451 -22.3716 3
      vertex 6 -4 3
      vertex 17.0926 -22.5265 3
    endloop
  endfacet
  facet normal 0 0 1
    outer loop
      vertex 17.0926 -22.5265 3
      vertex 6 -4 3
      vertex 17.0607 -22.6868 3
    endloop
  endfacet
  facet normal 0 0 1
    outer loop
      vertex -17.05 -22.85 3
      vertex 17.0607 -22.6868 3
      vertex 6 -4 3
    endloop
  endfacet
  facet normal 0 0 1
    outer loop
      vertex 17.0607 -22.6868 3
      vertex -17.05 -22.85 3
      vertex 17.05 -22.85 3
    endloop
  endfacet
  facet normal 0 0 1
    outer loop
      vertex 17.0926 -48.8265 3
      vertex -17.05 -49.15 3
      vertex 17.0607 -48.9868 3
    endloop
  endfacet
  facet normal 0 0 1
    outer loop
      vertex 17.0607 -48.9868 3
      vertex -17.05 -49.15 3
      vertex 17.05 -49.15 3
    endloop
  endfacet
  facet normal 0 0 1
    outer loop
      vertex -17.05 -22.85 3
      vertex 6 -4 3
      vertex -6 -4 3
    endloop
  endfacet
  facet normal 0 0 1
    outer loop
      vertex 17.05 -49.15 3
      vertex -17.05 -49.15 3
      vertex 17.0607 -49.3132 3
    endloop
  endfacet
  facet normal 0 0 1
    outer loop
      vertex -17.0607 -49.3132 3
      vertex 17.0607 -49.3132 3
      vertex -17.05 -49.15 3
    endloop
  endfacet
  facet normal 0 0 1
    outer loop
      vertex -17.05 -22.85 3
      vertex -6 -4 3
      vertex -6.5221 -3.96578 3
    endloop
  endfacet
  facet normal 0 0 1
    outer loop
      vertex -17.05 -22.85 3
      vertex -6.5221 -3.96578 3
      vertex -7.03528 -3.8637 3
    endloop
  endfacet
  facet normal 0 0 1
    outer loop
      vertex -17.05 -22.85 3
      vertex -7.03528 -3.8637 3
      vertex -7.53073 -3.69552 3
    endloop
  endfacet
  facet normal 0 0 1
    outer loop
      vertex -17.05 -22.85 3
      vertex -7.53073 -3.69552 3
      vertex -8 -3.4641 3
    endloop
  endfacet
  facet normal 0 0 1
    outer loop
      vertex -17.05 -22.85 3
      vertex -8 -3.4641 3
      vertex -8.43505 -3.17341 3
    endloop
  endfacet
  facet normal 0 0 1
    outer loop
      vertex -17.05 -22.85 3
      vertex -8.43505 -3.17341 3
      vertex -8.82843 -2.82843 3
    endloop
  endfacet
  facet normal 0 0 1
    outer loop
      vertex -17.05 -22.85 3
      vertex -8.82843 -2.82843 3
      vertex -9.17341 -2.43505 3
    endloop
  endfacet
  facet normal 0 0 1
    outer loop
      vertex -17.05 -22.85 3
      vertex -9.17341 -2.43505 3
      vertex -9.4641 -2 3
    endloop
  endfacet
  facet normal 0 0 1
    outer loop
      vertex -7.53073 3.69552 3
      vertex -18.5869 20.81 3
      vertex -8 3.4641 3
    endloop
  endfacet
  facet normal -0 0 1
    outer loop
      vertex -18.75 20.701 3
      vertex -8 3.4641 3
      vertex -18.5869 20.81 3
    endloop
  endfacet
  facet normal 0 0 1
    outer loop
      vertex -10 0 3
      vertex -17.05 -22.85 3
      vertex -9.96578 -0.522104 3
    endloop
  endfacet
  facet normal 0 0 1
    outer loop
      vertex -9.96578 -0.522104 3
      vertex -17.05 -22.85 3
      vertex -9.8637 -1.03528 3
    endloop
  endfacet
  facet normal 0 0 1
    outer loop
      vertex -17.05 -22.85 3
      vertex -9.69552 -1.53073 3
      vertex -9.8637 -1.03528 3
    endloop
  endfacet
  facet normal 0 0 1
    outer loop
      vertex -17.05 -22.85 3
      vertex -9.4641 -2 3
      vertex -9.69552 -1.53073 3
    endloop
  endfacet
  facet normal 0 0 1
    outer loop
      vertex 17.0607 -49.3132 3
      vertex -17.0607 -49.3132 3
      vertex 17.0926 -49.4735 3
    endloop
  endfacet
  facet normal 0 0 1
    outer loop
      vertex -17.0926 -49.4735 3
      vertex 17.0926 -49.4735 3
      vertex -17.0607 -49.3132 3
    endloop
  endfacet
  facet normal 0 0 1
    outer loop
      vertex 17.0926 -49.4735 3
      vertex -17.0926 -49.4735 3
      vertex 17.1451 -49.6284 3
    endloop
  endfacet
  facet normal 0 0 1
    outer loop
      vertex -17.1451 -49.6284 3
      vertex 17.1451 -49.6284 3
      vertex -17.0926 -49.4735 3
    endloop
  endfacet
  facet normal 0 0 1
    outer loop
      vertex 17.1451 -49.6284 3
      vertex -17.1451 -49.6284 3
      vertex 17.2175 -49.775 3
    endloop
  endfacet
  facet normal 0 0 1
    outer loop
      vertex -17.2175 -49.775 3
      vertex 17.2175 -49.775 3
      vertex -17.1451 -49.6284 3
    endloop
  endfacet
  facet normal 0 0 1
    outer loop
      vertex 17.2175 -49.775 3
      vertex -17.2175 -49.775 3
      vertex 17.3083 -49.9109 3
    endloop
  endfacet
  facet normal 0 0 1
    outer loop
      vertex -17.3083 -49.9109 3
      vertex 17.3083 -49.9109 3
      vertex -17.2175 -49.775 3
    endloop
  endfacet
  facet normal 0 0 1
    outer loop
      vertex 17.3083 -49.9109 3
      vertex -17.3083 -49.9109 3
      vertex 17.4161 -50.0339 3
    endloop
  endfacet
  facet normal 0 0 1
    outer loop
      vertex -17.4161 -50.0339 3
      vertex 17.4161 -50.0339 3
      vertex -17.3083 -49.9109 3
    endloop
  endfacet
  facet normal 0 0 1
    outer loop
      vertex 17.4161 -50.0339 3
      vertex -17.4161 -50.0339 3
      vertex 17.539 -50.1417 3
    endloop
  endfacet
  facet normal 0 0 1
    outer loop
      vertex -17.539 -50.1417 3
      vertex 17.539 -50.1417 3
      vertex -17.4161 -50.0339 3
    endloop
  endfacet
  facet normal 0 0 1
    outer loop
      vertex 17.539 -50.1417 3
      vertex -17.539 -50.1417 3
      vertex 17.675 -50.2325 3
    endloop
  endfacet
  facet normal 0 0 1
    outer loop
      vertex -17.675 -50.2325 3
      vertex 17.675 -50.2325 3
      vertex -17.539 -50.1417 3
    endloop
  endfacet
  facet normal 0 0 1
    outer loop
      vertex 17.675 -50.2325 3
      vertex -17.675 -50.2325 3
      vertex 17.8216 -50.3048 3
    endloop
  endfacet
  facet normal 0 0 1
    outer loop
      vertex -17.8216 -50.3048 3
      vertex 17.8216 -50.3048 3
      vertex -17.675 -50.2325 3
    endloop
  endfacet
  facet normal 0 0 1
    outer loop
      vertex 17.8216 -50.3048 3
      vertex -17.8216 -50.3048 3
      vertex 17.9765 -50.3574 3
    endloop
  endfacet
  facet normal 0 0 1
    outer loop
      vertex -17.9765 -50.3574 3
      vertex 17.9765 -50.3574 3
      vertex -17.8216 -50.3048 3
    endloop
  endfacet
  facet normal 0 0 1
    outer loop
      vertex 17.9765 -50.3574 3
      vertex -17.9765 -50.3574 3
      vertex 18.1368 -50.3893 3
    endloop
  endfacet
  facet normal 0 0 1
    outer loop
      vertex -18.1368 -50.3893 3
      vertex 18.1368 -50.3893 3
      vertex -17.9765 -50.3574 3
    endloop
  endfacet
  facet normal 0 0 1
    outer loop
      vertex -18.3 -50.4 3
      vertex 18.1368 -50.3893 3
      vertex -18.1368 -50.3893 3
    endloop
  endfacet
  facet normal 0 0 1
    outer loop
      vertex 18.3 -50.4 3
      vertex -18.3 -50.4 3
      vertex 63 -54 3
    endloop
  endfacet
  facet normal 0 0 1
    outer loop
      vertex -63 -54 3
      vertex -18.3 -50.4 3
      vertex -21.8 -50.4 3
    endloop
  endfacet
  facet normal -0 0 1
    outer loop
      vertex -40.2058 -40.5 3
      vertex -22.8825 -48.525 3
      vertex -39.6851 -39.4441 3
    endloop
  endfacet
  facet normal 0 0 1
    outer loop
      vertex -22.8825 -48.525 3
      vertex -40.2058 -40.5 3
      vertex -22.9548 -48.6716 3
    endloop
  endfacet
  facet normal 0 0 1
    outer loop
      vertex -39 -36 3
      vertex -28.5 -23.5 3
      vertex -28.6958 -23.4872 3
    endloop
  endfacet
  facet normal 0 0 1
    outer loop
      vertex -39 -36 3
      vertex -28.6958 -23.4872 3
      vertex -28.8882 -23.4489 3
    endloop
  endfacet
  facet normal 0 0 1
    outer loop
      vertex -39 -36 3
      vertex -28.8882 -23.4489 3
      vertex -29.074 -23.3858 3
    endloop
  endfacet
  facet normal 0 0 1
    outer loop
      vertex -39 -36 3
      vertex -29.074 -23.3858 3
      vertex -29.25 -23.299 3
    endloop
  endfacet
  facet normal 0 0 1
    outer loop
      vertex -39 -36 3
      vertex -29.25 -23.299 3
      vertex -29.4131 -23.19 3
    endloop
  endfacet
  facet normal 0 0 1
    outer loop
      vertex -39 -36 3
      vertex -29.4131 -23.19 3
      vertex -29.5607 -23.0607 3
    endloop
  endfacet
  facet normal 0 0 1
    outer loop
      vertex -39 -36 3
      vertex -29.5607 -23.0607 3
      vertex -29.69 -22.9131 3
    endloop
  endfacet
  facet normal 0 0 1
    outer loop
      vertex -39 -36 3
      vertex -29.69 -22.9131 3
      vertex -29.799 -22.75 3
    endloop
  endfacet
  facet normal 0 0 1
    outer loop
      vertex -39 -36 3
      vertex -29.799 -22.75 3
      vertex -29.8858 -22.574 3
    endloop
  endfacet
  facet normal 0 0 1
    outer loop
      vertex -39 -36 3
      vertex -29.8858 -22.574 3
      vertex -29.9489 -22.3882 3
    endloop
  endfacet
  facet normal 0 0 1
    outer loop
      vertex -29.9872 -21.8042 3
      vertex -39 -36 3
      vertex -30 -22 3
    endloop
  endfacet
  facet normal 0 0 1
    outer loop
      vertex -30 -22 3
      vertex -39 -36 3
      vertex -29.9872 -22.1958 3
    endloop
  endfacet
  facet normal 0 0 1
    outer loop
      vertex -39 -36 3
      vertex -29.9489 -22.3882 3
      vertex -29.9872 -22.1958 3
    endloop
  endfacet
  facet normal 0 0 1
    outer loop
      vertex -22.9548 -48.6716 3
      vertex -40.2058 -40.5 3
      vertex -23.0074 -48.8265 3
    endloop
  endfacet
  facet normal -0 0 1
    outer loop
      vertex -40.8598 -41.4789 3
      vertex -23.0074 -48.8265 3
      vertex -40.2058 -40.5 3
    endloop
  endfacet
  facet normal 0 0 1
    outer loop
      vertex -23.0074 -48.8265 3
      vertex -40.8598 -41.4789 3
      vertex -23.0393 -48.9868 3
    endloop
  endfacet
  facet normal 0 0 1
    outer loop
      vertex -23.0393 -48.9868 3
      vertex -40.8598 -41.4789 3
      vertex -23.05 -49.15 3
    endloop
  endfacet
  facet normal -0 0 1
    outer loop
      vertex -41.636 -42.364 3
      vertex -23.05 -49.15 3
      vertex -40.8598 -41.4789 3
    endloop
  endfacet
  facet normal 0 0 1
    outer loop
      vertex -23.05 -49.15 3
      vertex -41.636 -42.364 3
      vertex -23.0393 -49.3132 3
    endloop
  endfacet
  facet normal 0 0 1
    outer loop
      vertex -44.9607 -49.3132 3
      vertex -23.0393 -49.3132 3
      vertex -41.636 -42.364 3
    endloop
  endfacet
  facet normal 0 0 1
    outer loop
      vertex -23.0393 -49.3132 3
      vertex -44.9607 -49.3132 3
      vertex -23.0074 -49.4735 3
    endloop
  endfacet
  facet normal 0 0 1
    outer loop
      vertex -44.9926 -49.4735 3
      vertex -23.0074 -49.4735 3
      vertex -44.9607 -49.3132 3
    endloop
  endfacet
  facet normal 0 0 1
    outer loop
      vertex -23.0074 -49.4735 3
      vertex -44.9926 -49.4735 3
      vertex -22.9548 -49.6284 3
    endloop
  endfacet
  facet normal 0 0 1
    outer loop
      vertex -45.0452 -49.6284 3
      vertex -22.9548 -49.6284 3
      vertex -44.9926 -49.4735 3
    endloop
  endfacet
  facet normal 0 0 1
    outer loop
      vertex -22.9548 -49.6284 3
      vertex -45.0452 -49.6284 3
      vertex -22.8825 -49.775 3
    endloop
  endfacet
  facet normal 0 0 1
    outer loop
      vertex -45.1175 -49.775 3
      vertex -22.8825 -49.775 3
      vertex -45.0452 -49.6284 3
    endloop
  endfacet
  facet normal 0 0 1
    outer loop
      vertex -22.8825 -49.775 3
      vertex -45.1175 -49.775 3
      vertex -22.7917 -49.9109 3
    endloop
  endfacet
  facet normal 0 0 1
    outer loop
      vertex -44.95 -49.15 3
      vertex -41.636 -42.364 3
      vertex -42.5211 -43.1402 3
    endloop
  endfacet
  facet normal 0 0 1
    outer loop
      vertex -44.9607 -48.9868 3
      vertex -42.5211 -43.1402 3
      vertex -43.5 -43.7942 3
    endloop
  endfacet
  facet normal 0 0 1
    outer loop
      vertex -41.636 -42.364 3
      vertex -44.95 -49.15 3
      vertex -44.9607 -49.3132 3
    endloop
  endfacet
  facet normal 0 0 1
    outer loop
      vertex -45.2083 -48.389 3
      vertex -43.5 -43.7942 3
      vertex -44.5558 -44.3149 3
    endloop
  endfacet
  facet normal 0 0 1
    outer loop
      vertex -45.2083 -49.9109 3
      vertex -22.7917 -49.9109 3
      vertex -45.1175 -49.775 3
    endloop
  endfacet
  facet normal 0 0 1
    outer loop
      vertex -22.7917 -49.9109 3
      vertex -45.2083 -49.9109 3
      vertex -22.6839 -50.0339 3
    endloop
  endfacet
  facet normal 0 0 1
    outer loop
      vertex -45.3161 -50.0339 3
      vertex -22.6839 -50.0339 3
      vertex -45.2083 -49.9109 3
    endloop
  endfacet
  facet normal 0 0 1
    outer loop
      vertex -22.6839 -50.0339 3
      vertex -45.3161 -50.0339 3
      vertex -22.561 -50.1417 3
    endloop
  endfacet
  facet normal 0 0 1
    outer loop
      vertex -45.439 -50.1417 3
      vertex -22.561 -50.1417 3
      vertex -45.3161 -50.0339 3
    endloop
  endfacet
  facet normal 0 0 1
    outer loop
      vertex -22.561 -50.1417 3
      vertex -45.439 -50.1417 3
      vertex -22.425 -50.2325 3
    endloop
  endfacet
  facet normal 0 0 1
    outer loop
      vertex -45.575 -50.2325 3
      vertex -22.425 -50.2325 3
      vertex -45.439 -50.1417 3
    endloop
  endfacet
  facet normal 0 0 1
    outer loop
      vertex -22.425 -50.2325 3
      vertex -45.575 -50.2325 3
      vertex -22.2784 -50.3048 3
    endloop
  endfacet
  facet normal 0 0 1
    outer loop
      vertex -45.7216 -50.3048 3
      vertex -22.2784 -50.3048 3
      vertex -45.575 -50.2325 3
    endloop
  endfacet
  facet normal 0 0 1
    outer loop
      vertex -22.2784 -50.3048 3
      vertex -45.7216 -50.3048 3
      vertex -22.1235 -50.3574 3
    endloop
  endfacet
  facet normal 0 0 1
    outer loop
      vertex -45.8765 -50.3574 3
      vertex -22.1235 -50.3574 3
      vertex -45.7216 -50.3048 3
    endloop
  endfacet
  facet normal 0 0 1
    outer loop
      vertex -22.1235 -50.3574 3
      vertex -45.8765 -50.3574 3
      vertex -21.9632 -50.3893 3
    endloop
  endfacet
  facet normal 0 0 1
    outer loop
      vertex -46.0368 -50.3893 3
      vertex -21.9632 -50.3893 3
      vertex -45.8765 -50.3574 3
    endloop
  endfacet
  facet normal 0 0 1
    outer loop
      vertex -63 -54 3
      vertex -21.9632 -50.3893 3
      vertex -46.0368 -50.3893 3
    endloop
  endfacet
  facet normal 0 0 1
    outer loop
      vertex -21.9632 -50.3893 3
      vertex -63 -54 3
      vertex -21.8 -50.4 3
    endloop
  endfacet
  facet normal 0 0 1
    outer loop
      vertex -63 -54 3
      vertex -46.0368 -50.3893 3
      vertex -46.2 -50.4 3
    endloop
  endfacet
  facet normal 0 0 1
    outer loop
      vertex -63 -54 3
      vertex -46.2 -50.4 3
      vertex -49.7 -50.4 3
    endloop
  endfacet
  facet normal 0 0 1
    outer loop
      vertex -50.9074 -48.8265 3
      vertex -53.4789 -43.1402 3
      vertex -50.9393 -48.9868 3
    endloop
  endfacet
  facet normal 0 0 1
    outer loop
      vertex -50.9393 -48.9868 3
      vertex -53.4789 -43.1402 3
      vertex -50.95 -49.15 3
    endloop
  endfacet
  facet normal 0 0 1
    outer loop
      vertex -63 -54 3
      vertex -50.95 -49.15 3
      vertex -53.4789 -43.1402 3
    endloop
  endfacet
  facet normal 0 0 1
    outer loop
      vertex -50.95 -49.15 3
      vertex -63 -54 3
      vertex -50.9393 -49.3132 3
    endloop
  endfacet
  facet normal 0 0 1
    outer loop
      vertex -50.9393 -49.3132 3
      vertex -63 -54 3
      vertex -50.9074 -49.4735 3
    endloop
  endfacet
  facet normal 0 0 1
    outer loop
      vertex -63 -54 3
      vertex -53.4789 -43.1402 3
      vertex -54.364 -42.364 3
    endloop
  endfacet
  facet normal 0 0 1
    outer loop
      vertex -63 -54 3
      vertex -54.364 -42.364 3
      vertex -55.1402 -41.4789 3
    endloop
  endfacet
  facet normal 0 0 1
    outer loop
      vertex -50.9074 -49.4735 3
      vertex -63 -54 3
      vertex -50.8549 -49.6284 3
    endloop
  endfacet
  facet normal 0 0 1
    outer loop
      vertex -68 -49 3
      vertex -55.1402 -41.4789 3
      vertex -55.7942 -40.5 3
    endloop
  endfacet
  facet normal 0 0 1
    outer loop
      vertex -56.6933 -33.6706 3
      vertex -68 -49 3
      vertex -56.923 -34.8253 3
    endloop
  endfacet
  facet normal 0 0 1
    outer loop
      vertex -18.3 -50.4 3
      vertex -63 -54 3
      vertex 63 -54 3
    endloop
  endfacet
  facet normal 0 0 1
    outer loop
      vertex -49.8632 -50.3893 3
      vertex -63 -54 3
      vertex -49.7 -50.4 3
    endloop
  endfacet
  facet normal 0 0 1
    outer loop
      vertex -50.0235 -50.3574 3
      vertex -63 -54 3
      vertex -49.8632 -50.3893 3
    endloop
  endfacet
  facet normal 0 0 1
    outer loop
      vertex -50.1784 -50.3048 3
      vertex -63 -54 3
      vertex -50.0235 -50.3574 3
    endloop
  endfacet
  facet normal 0 0 1
    outer loop
      vertex -50.325 -50.2325 3
      vertex -63 -54 3
      vertex -50.1784 -50.3048 3
    endloop
  endfacet
  facet normal 0 0 1
    outer loop
      vertex -50.461 -50.1417 3
      vertex -63 -54 3
      vertex -50.325 -50.2325 3
    endloop
  endfacet
  facet normal 0 0 1
    outer loop
      vertex -50.5839 -50.0339 3
      vertex -63 -54 3
      vertex -50.461 -50.1417 3
    endloop
  endfacet
  facet normal 0 0 1
    outer loop
      vertex -50.6917 -49.9109 3
      vertex -63 -54 3
      vertex -50.5839 -50.0339 3
    endloop
  endfacet
  facet normal 0 0 1
    outer loop
      vertex -50.7825 -49.775 3
      vertex -63 -54 3
      vertex -50.6917 -49.9109 3
    endloop
  endfacet
  facet normal 0 0 1
    outer loop
      vertex -50.8549 -49.6284 3
      vertex -63 -54 3
      vertex -50.7825 -49.775 3
    endloop
  endfacet
  facet normal 0 0 1
    outer loop
      vertex -68 -49 3
      vertex -55.7942 -40.5 3
      vertex -56.3149 -39.4441 3
    endloop
  endfacet
  facet normal 0 0 1
    outer loop
      vertex -68 -49 3
      vertex -56.3149 -39.4441 3
      vertex -56.6933 -38.3294 3
    endloop
  endfacet
  facet normal 0 0 1
    outer loop
      vertex -68 -49 3
      vertex -56.6933 -38.3294 3
      vertex -56.923 -37.1747 3
    endloop
  endfacet
  facet normal 0 0 1
    outer loop
      vertex -56.923 -34.8253 3
      vertex -68 -49 3
      vertex -57 -36 3
    endloop
  endfacet
  facet normal 0 0 1
    outer loop
      vertex -68 49 3
      vertex -63 54 3
      vertex -63.6526 53.9572 3
    endloop
  endfacet
  facet normal 0 0 1
    outer loop
      vertex -57 -36 3
      vertex -68 -49 3
      vertex -56.923 -37.1747 3
    endloop
  endfacet
  facet normal 0 0 1
    outer loop
      vertex -68 49 3
      vertex -63.6526 53.9572 3
      vertex -64.2941 53.8296 3
    endloop
  endfacet
  facet normal 0 0 1
    outer loop
      vertex -55.1402 -41.4789 3
      vertex -68 -49 3
      vertex -63 -54 3
    endloop
  endfacet
  facet normal 0 0 1
    outer loop
      vertex -68 49 3
      vertex -64.2941 53.8296 3
      vertex -64.9134 53.6194 3
    endloop
  endfacet
  facet normal 0 0 1
    outer loop
      vertex -63 -54 3
      vertex -68 -49 3
      vertex -63.6526 -53.9572 3
    endloop
  endfacet
  facet normal 0 0 1
    outer loop
      vertex -68 49 3
      vertex -64.9134 53.6194 3
      vertex -65.5 53.3301 3
    endloop
  endfacet
  facet normal 0 0 1
    outer loop
      vertex -63.6526 -53.9572 3
      vertex -68 -49 3
      vertex -64.2941 -53.8296 3
    endloop
  endfacet
  facet normal 0 0 1
    outer loop
      vertex -68 49 3
      vertex -65.5 53.3301 3
      vertex -66.0438 52.9668 3
    endloop
  endfacet
  facet normal 0 0 1
    outer loop
      vertex -64.2941 -53.8296 3
      vertex -68 -49 3
      vertex -64.9134 -53.6194 3
    endloop
  endfacet
  facet normal 0 0 1
    outer loop
      vertex -68 49 3
      vertex -66.0438 52.9668 3
      vertex -66.5355 52.5355 3
    endloop
  endfacet
  facet normal 0 0 1
    outer loop
      vertex -64.9134 -53.6194 3
      vertex -68 -49 3
      vertex -65.5 -53.3301 3
    endloop
  endfacet
  facet normal 0 0 1
    outer loop
      vertex -68 49 3
      vertex -66.5355 52.5355 3
      vertex -66.9668 52.0438 3
    endloop
  endfacet
  facet normal 0 0 1
    outer loop
      vertex -65.5 -53.3301 3
      vertex -68 -49 3
      vertex -66.0438 -52.9668 3
    endloop
  endfacet
  facet normal 0 0 1
    outer loop
      vertex -68 49 3
      vertex -66.9668 52.0438 3
      vertex -67.3301 51.5 3
    endloop
  endfacet
  facet normal 0 0 1
    outer loop
      vertex -66.0438 -52.9668 3
      vertex -68 -49 3
      vertex -66.5355 -52.5355 3
    endloop
  endfacet
  facet normal 0 0 1
    outer loop
      vertex -68 49 3
      vertex -67.3301 51.5 3
      vertex -67.6194 50.9134 3
    endloop
  endfacet
  facet normal 0 0 1
    outer loop
      vertex -66.5355 -52.5355 3
      vertex -68 -49 3
      vertex -66.9668 -52.0438 3
    endloop
  endfacet
  facet normal 0 0 1
    outer loop
      vertex -68 49 3
      vertex -67.6194 50.9134 3
      vertex -67.8296 50.2941 3
    endloop
  endfacet
  facet normal 0 0 1
    outer loop
      vertex -66.9668 -52.0438 3
      vertex -68 -49 3
      vertex -67.3301 -51.5 3
    endloop
  endfacet
  facet normal 0 0 1
    outer loop
      vertex -68 49 3
      vertex -67.8296 50.2941 3
      vertex -67.9572 49.6526 3
    endloop
  endfacet
  facet normal 0 0 1
    outer loop
      vertex -67.3301 -51.5 3
      vertex -68 -49 3
      vertex -67.6194 -50.9134 3
    endloop
  endfacet
  facet normal 0 0 1
    outer loop
      vertex -67.6194 -50.9134 3
      vertex -68 -49 3
      vertex -67.8296 -50.2941 3
    endloop
  endfacet
  facet normal 0 0 1
    outer loop
      vertex -67.8296 -50.2941 3
      vertex -68 -49 3
      vertex -67.9572 -49.6526 3
    endloop
  endfacet
  facet normal 0 0 1
    outer loop
      vertex 53.4789 43.1402 3
      vertex 50.9074 48.8265 3
      vertex 52.5 43.7942 3
    endloop
  endfacet
  facet normal -0 0 1
    outer loop
      vertex 50.8549 48.6716 3
      vertex 52.5 43.7942 3
      vertex 50.9074 48.8265 3
    endloop
  endfacet
  facet normal -0 0 1
    outer loop
      vertex 50.7825 48.525 3
      vertex 52.5 43.7942 3
      vertex 50.8549 48.6716 3
    endloop
  endfacet
  facet normal 0 0 1
    outer loop
      vertex 52.5 43.7942 3
      vertex 50.7825 48.525 3
      vertex 51.4441 44.3149 3
    endloop
  endfacet
  facet normal -0 0 1
    outer loop
      vertex 50.6917 48.389 3
      vertex 51.4441 44.3149 3
      vertex 50.7825 48.525 3
    endloop
  endfacet
  facet normal -0 0 1
    outer loop
      vertex 50.5839 48.2661 3
      vertex 51.4441 44.3149 3
      vertex 50.6917 48.389 3
    endloop
  endfacet
  facet normal -0 0 1
    outer loop
      vertex 50.461 48.1583 3
      vertex 51.4441 44.3149 3
      vertex 50.5839 48.2661 3
    endloop
  endfacet
  facet normal -0 0 1
    outer loop
      vertex 50.325 48.0675 3
      vertex 51.4441 44.3149 3
      vertex 50.461 48.1583 3
    endloop
  endfacet
  facet normal 0 0 1
    outer loop
      vertex 51.4441 44.3149 3
      vertex 50.325 48.0675 3
      vertex 50.3294 44.6933 3
    endloop
  endfacet
  facet normal -0 0 1
    outer loop
      vertex 50.1784 47.9952 3
      vertex 50.3294 44.6933 3
      vertex 50.325 48.0675 3
    endloop
  endfacet
  facet normal -0 0 1
    outer loop
      vertex 50.0235 47.9426 3
      vertex 50.3294 44.6933 3
      vertex 50.1784 47.9952 3
    endloop
  endfacet
  facet normal -0 0 1
    outer loop
      vertex 49.8632 47.9107 3
      vertex 50.3294 44.6933 3
      vertex 50.0235 47.9426 3
    endloop
  endfacet
  facet normal 0 0 1
    outer loop
      vertex 49.1747 44.923 3
      vertex 49.8632 47.9107 3
      vertex 49.7 47.9 3
    endloop
  endfacet
  facet normal 0 0 1
    outer loop
      vertex 49.8632 47.9107 3
      vertex 49.1747 44.923 3
      vertex 50.3294 44.6933 3
    endloop
  endfacet
  facet normal 0 0 1
    outer loop
      vertex 49.7 47.9 3
      vertex 48 45 3
      vertex 49.1747 44.923 3
    endloop
  endfacet
  facet normal -0 0 1
    outer loop
      vertex 46.2 47.9 3
      vertex 48 45 3
      vertex 49.7 47.9 3
    endloop
  endfacet
  facet normal 0 0 1
    outer loop
      vertex 48 45 3
      vertex 46.2 47.9 3
      vertex 46.8253 44.923 3
    endloop
  endfacet
  facet normal 0 0 1
    outer loop
      vertex 46.0368 47.9107 3
      vertex 46.8253 44.923 3
      vertex 46.2 47.9 3
    endloop
  endfacet
  facet normal 0 0 1
    outer loop
      vertex 45.6706 44.6933 3
      vertex 46.0368 47.9107 3
      vertex 45.8765 47.9426 3
    endloop
  endfacet
  facet normal 0 0 1
    outer loop
      vertex 45.6706 44.6933 3
      vertex 45.8765 47.9426 3
      vertex 45.7216 47.9952 3
    endloop
  endfacet
  facet normal 0 0 1
    outer loop
      vertex 46.0368 47.9107 3
      vertex 45.6706 44.6933 3
      vertex 46.8253 44.923 3
    endloop
  endfacet
  facet normal 0 0 1
    outer loop
      vertex 45.575 48.0675 3
      vertex 45.6706 44.6933 3
      vertex 45.7216 47.9952 3
    endloop
  endfacet
  facet normal 0 0 1
    outer loop
      vertex 44.5558 44.3149 3
      vertex 45.575 48.0675 3
      vertex 45.439 48.1583 3
    endloop
  endfacet
  facet normal 0 0 1
    outer loop
      vertex 44.5558 44.3149 3
      vertex 45.439 48.1583 3
      vertex 45.3161 48.2661 3
    endloop
  endfacet
  facet normal 0 0 1
    outer loop
      vertex 44.5558 44.3149 3
      vertex 45.3161 48.2661 3
      vertex 45.2083 48.389 3
    endloop
  endfacet
  facet normal 0 0 1
    outer loop
      vertex 44.5558 44.3149 3
      vertex 45.2083 48.389 3
      vertex 45.1175 48.525 3
    endloop
  endfacet
  facet normal 0 0 1
    outer loop
      vertex 44.5558 44.3149 3
      vertex 45.1175 48.525 3
      vertex 45.0452 48.6716 3
    endloop
  endfacet
  facet normal 0 0 1
    outer loop
      vertex 44.5558 44.3149 3
      vertex 45.0452 48.6716 3
      vertex 44.9926 48.8265 3
    endloop
  endfacet
  facet normal 0 0 1
    outer loop
      vertex 44.5558 44.3149 3
      vertex 44.9926 48.8265 3
      vertex 44.9607 48.9868 3
    endloop
  endfacet
  facet normal 0 0 1
    outer loop
      vertex 45.575 48.0675 3
      vertex 44.5558 44.3149 3
      vertex 45.6706 44.6933 3
    endloop
  endfacet
  facet normal 0 0 1
    outer loop
      vertex 44.5558 44.3149 3
      vertex 44.9607 48.9868 3
      vertex 44.95 49.15 3
    endloop
  endfacet
  facet normal -0 0 1
    outer loop
      vertex 50.9074 -23.1735 3
      vertex 53.4789 -28.8598 3
      vertex 50.9393 -23.0132 3
    endloop
  endfacet
  facet normal 0 0 1
    outer loop
      vertex 53.4789 -28.8598 3
      vertex 50.9074 -23.1735 3
      vertex 52.5 -28.2058 3
    endloop
  endfacet
  facet normal -0 0 1
    outer loop
      vertex 50.8549 -23.3284 3
      vertex 52.5 -28.2058 3
      vertex 50.9074 -23.1735 3
    endloop
  endfacet
  facet normal -0 0 1
    outer loop
      vertex 50.7825 -23.475 3
      vertex 52.5 -28.2058 3
      vertex 50.8549 -23.3284 3
    endloop
  endfacet
  facet normal 0 0 1
    outer loop
      vertex 52.5 -28.2058 3
      vertex 50.7825 -23.475 3
      vertex 51.4441 -27.6851 3
    endloop
  endfacet
  facet normal -0 0 1
    outer loop
      vertex 50.6917 -23.611 3
      vertex 51.4441 -27.6851 3
      vertex 50.7825 -23.475 3
    endloop
  endfacet
  facet normal -0 0 1
    outer loop
      vertex 50.5839 -23.7339 3
      vertex 51.4441 -27.6851 3
      vertex 50.6917 -23.611 3
    endloop
  endfacet
  facet normal -0 0 1
    outer loop
      vertex 50.461 -23.8417 3
      vertex 51.4441 -27.6851 3
      vertex 50.5839 -23.7339 3
    endloop
  endfacet
  facet normal -0 0 1
    outer loop
      vertex 50.325 -23.9325 3
      vertex 51.4441 -27.6851 3
      vertex 50.461 -23.8417 3
    endloop
  endfacet
  facet normal 0 0 1
    outer loop
      vertex 51.4441 -27.6851 3
      vertex 50.325 -23.9325 3
      vertex 50.3294 -27.3067 3
    endloop
  endfacet
  facet normal -0 0 1
    outer loop
      vertex 50.1784 -24.0048 3
      vertex 50.3294 -27.3067 3
      vertex 50.325 -23.9325 3
    endloop
  endfacet
  facet normal -0 0 1
    outer loop
      vertex 50.0235 -24.0574 3
      vertex 50.3294 -27.3067 3
      vertex 50.1784 -24.0048 3
    endloop
  endfacet
  facet normal -0 0 1
    outer loop
      vertex 49.8632 -24.0893 3
      vertex 50.3294 -27.3067 3
      vertex 50.0235 -24.0574 3
    endloop
  endfacet
  facet normal 0 0 1
    outer loop
      vertex 49.1747 -27.077 3
      vertex 49.8632 -24.0893 3
      vertex 49.7 -24.1 3
    endloop
  endfacet
  facet normal 0 0 1
    outer loop
      vertex 49.8632 -24.0893 3
      vertex 49.1747 -27.077 3
      vertex 50.3294 -27.3067 3
    endloop
  endfacet
  facet normal 0 0 1
    outer loop
      vertex 49.7 -24.1 3
      vertex 48 -27 3
      vertex 49.1747 -27.077 3
    endloop
  endfacet
  facet normal -0 0 1
    outer loop
      vertex 46.2 -24.1 3
      vertex 48 -27 3
      vertex 49.7 -24.1 3
    endloop
  endfacet
  facet normal 0 0 1
    outer loop
      vertex 48 -27 3
      vertex 46.2 -24.1 3
      vertex 46.8253 -27.077 3
    endloop
  endfacet
  facet normal 0 0 1
    outer loop
      vertex 46.0368 -24.0893 3
      vertex 46.8253 -27.077 3
      vertex 46.2 -24.1 3
    endloop
  endfacet
  facet normal 0 0 1
    outer loop
      vertex 45.6706 -27.3067 3
      vertex 46.0368 -24.0893 3
      vertex 45.8765 -24.0574 3
    endloop
  endfacet
  facet normal 0 0 1
    outer loop
      vertex 45.6706 -27.3067 3
      vertex 45.8765 -24.0574 3
      vertex 45.7216 -24.0048 3
    endloop
  endfacet
  facet normal 0 0 1
    outer loop
      vertex 46.0368 -24.0893 3
      vertex 45.6706 -27.3067 3
      vertex 46.8253 -27.077 3
    endloop
  endfacet
  facet normal 0 0 1
    outer loop
      vertex 45.575 -23.9325 3
      vertex 45.6706 -27.3067 3
      vertex 45.7216 -24.0048 3
    endloop
  endfacet
  facet normal 0 0 1
    outer loop
      vertex 44.5558 -27.6851 3
      vertex 45.575 -23.9325 3
      vertex 45.439 -23.8417 3
    endloop
  endfacet
  facet normal 0 0 1
    outer loop
      vertex 44.5558 -27.6851 3
      vertex 45.439 -23.8417 3
      vertex 45.3161 -23.7339 3
    endloop
  endfacet
  facet normal 0 0 1
    outer loop
      vertex 44.5558 -27.6851 3
      vertex 45.3161 -23.7339 3
      vertex 45.2083 -23.611 3
    endloop
  endfacet
  facet normal 0 0 1
    outer loop
      vertex 43.5 -28.2058 3
      vertex 45.2083 -23.611 3
      vertex 45.1175 -23.475 3
    endloop
  endfacet
  facet normal 0 0 1
    outer loop
      vertex 43.5 -28.2058 3
      vertex 45.1175 -23.475 3
      vertex 45.0452 -23.3284 3
    endloop
  endfacet
  facet normal 0 0 1
    outer loop
      vertex 43.5 -28.2058 3
      vertex 45.0452 -23.3284 3
      vertex 44.9926 -23.1735 3
    endloop
  endfacet
  facet normal 0 0 1
    outer loop
      vertex 42.5211 -28.8598 3
      vertex 44.9926 -23.1735 3
      vertex 44.9607 -23.0132 3
    endloop
  endfacet
  facet normal 0 0 1
    outer loop
      vertex 45.575 -23.9325 3
      vertex 44.5558 -27.6851 3
      vertex 45.6706 -27.3067 3
    endloop
  endfacet
  facet normal 0 0 1
    outer loop
      vertex 42.5211 -28.8598 3
      vertex 44.9607 -23.0132 3
      vertex 44.95 -22.85 3
    endloop
  endfacet
  facet normal 0 0 1
    outer loop
      vertex 44.9607 23.0132 3
      vertex 42.5211 28.8598 3
      vertex 44.95 22.85 3
    endloop
  endfacet
  facet normal 0 0 1
    outer loop
      vertex 44.95 22.85 3
      vertex 42.5211 28.8598 3
      vertex 30 22 3
    endloop
  endfacet
  facet normal 0 0 1
    outer loop
      vertex 45.2083 -23.611 3
      vertex 43.5 -28.2058 3
      vertex 44.5558 -27.6851 3
    endloop
  endfacet
  facet normal 0 0 1
    outer loop
      vertex 30 22 3
      vertex 42.5211 28.8598 3
      vertex 41.636 29.636 3
    endloop
  endfacet
  facet normal 0 0 1
    outer loop
      vertex 44.9926 -23.1735 3
      vertex 42.5211 -28.8598 3
      vertex 43.5 -28.2058 3
    endloop
  endfacet
  facet normal 0 0 1
    outer loop
      vertex 30 22 3
      vertex 41.636 29.636 3
      vertex 40.8598 30.5211 3
    endloop
  endfacet
  facet normal -0 0 1
    outer loop
      vertex 29.9872 -22.1958 3
      vertex 44.95 -22.85 3
      vertex 30 -22 3
    endloop
  endfacet
  facet normal 0 0 1
    outer loop
      vertex 30 22 3
      vertex 40.8598 30.5211 3
      vertex 40.2058 31.5 3
    endloop
  endfacet
  facet normal 0 0 1
    outer loop
      vertex 44.95 -22.85 3
      vertex 29.9872 -22.1958 3
      vertex 42.5211 -28.8598 3
    endloop
  endfacet
  facet normal 0 0 1
    outer loop
      vertex 44.9926 -22.5265 3
      vertex 30 -22 3
      vertex 44.9607 -22.6868 3
    endloop
  endfacet
  facet normal 0 0 1
    outer loop
      vertex 44.9607 -22.6868 3
      vertex 30 -22 3
      vertex 44.95 -22.85 3
    endloop
  endfacet
  facet normal 0 0 1
    outer loop
      vertex 30 22 3
      vertex 40.2058 31.5 3
      vertex 39.6851 32.5558 3
    endloop
  endfacet
  facet normal 0 0 1
    outer loop
      vertex 42.5211 -28.8598 3
      vertex 29.9872 -22.1958 3
      vertex 41.636 -29.636 3
    endloop
  endfacet
  facet normal 0 0 1
    outer loop
      vertex 30 22 3
      vertex 39.6851 32.5558 3
      vertex 39.3067 33.6706 3
    endloop
  endfacet
  facet normal -0 0 1
    outer loop
      vertex 29.9489 -22.3882 3
      vertex 41.636 -29.636 3
      vertex 29.9872 -22.1958 3
    endloop
  endfacet
  facet normal 0 0 1
    outer loop
      vertex 30 22 3
      vertex 39.3067 33.6706 3
      vertex 39.077 34.8253 3
    endloop
  endfacet
  facet normal -0 0 1
    outer loop
      vertex 29.8858 -22.574 3
      vertex 41.636 -29.636 3
      vertex 29.9489 -22.3882 3
    endloop
  endfacet
  facet normal 0 0 1
    outer loop
      vertex 28.5 23.5 3
      vertex 39.077 34.8253 3
      vertex 39 36 3
    endloop
  endfacet
  facet normal 0 0 1
    outer loop
      vertex 41.636 -29.636 3
      vertex 29.8858 -22.574 3
      vertex 40.8598 -30.5211 3
    endloop
  endfacet
  facet normal -1 0 0
    outer loop
      vertex -68 -49 0
      vertex -68 49 3
      vertex -68 49 0
    endloop
  endfacet
  facet normal -1 -0 0
    outer loop
      vertex -68 49 3
      vertex -68 -49 0
      vertex -68 -49 3
    endloop
  endfacet
  facet normal 0.751771 0.659424 0
    outer loop
      vertex 66.9668 52.0438 3
      vertex 66.5355 52.5355 0
      vertex 66.5355 52.5355 3
    endloop
  endfacet
  facet normal 0.751771 0.659424 0
    outer loop
      vertex 66.5355 52.5355 0
      vertex 66.9668 52.0438 3
      vertex 66.9668 52.0438 0
    endloop
  endfacet
  facet normal 0 1 -0
    outer loop
      vertex 63 54 0
      vertex -63 54 3
      vertex 63 54 3
    endloop
  endfacet
  facet normal 0 1 0
    outer loop
      vertex -63 54 3
      vertex 63 54 0
      vertex -63 54 0
    endloop
  endfacet
  facet normal -0.659424 0.751771 0
    outer loop
      vertex -66.0438 52.9668 0
      vertex -66.5355 52.5355 3
      vertex -66.0438 52.9668 3
    endloop
  endfacet
  facet normal -0.659424 0.751771 0
    outer loop
      vertex -66.5355 52.5355 3
      vertex -66.0438 52.9668 0
      vertex -66.5355 52.5355 0
    endloop
  endfacet
  facet normal 1 -0 0
    outer loop
      vertex 68 -49 3
      vertex 68 49 0
      vertex 68 49 3
    endloop
  endfacet
  facet normal 1 0 0
    outer loop
      vertex 68 49 0
      vertex 68 -49 3
      vertex 68 -49 0
    endloop
  endfacet
  facet normal -0.659424 -0.751771 0
    outer loop
      vertex -66.5355 -52.5355 0
      vertex -66.0438 -52.9668 3
      vertex -66.5355 -52.5355 3
    endloop
  endfacet
  facet normal -0.659424 -0.751771 -0
    outer loop
      vertex -66.0438 -52.9668 3
      vertex -66.5355 -52.5355 0
      vertex -66.0438 -52.9668 0
    endloop
  endfacet
  facet normal 0.89686 0.442314 0
    outer loop
      vertex 67.6194 50.9134 3
      vertex 67.3301 51.5 0
      vertex 67.3301 51.5 3
    endloop
  endfacet
  facet normal 0.89686 0.442314 0
    outer loop
      vertex 67.3301 51.5 0
      vertex 67.6194 50.9134 3
      vertex 67.6194 50.9134 0
    endloop
  endfacet
  facet normal -0.980786 -0.195087 0
    outer loop
      vertex -67.8296 -50.2941 0
      vertex -67.9572 -49.6526 3
      vertex -67.9572 -49.6526 0
    endloop
  endfacet
  facet normal -0.980786 -0.195087 0
    outer loop
      vertex -67.9572 -49.6526 3
      vertex -67.8296 -50.2941 0
      vertex -67.8296 -50.2941 3
    endloop
  endfacet
  facet normal -0.831509 0.555512 0
    outer loop
      vertex -67.3301 51.5 0
      vertex -66.9668 52.0438 3
      vertex -66.9668 52.0438 0
    endloop
  endfacet
  facet normal -0.831509 0.555512 0
    outer loop
      vertex -66.9668 52.0438 3
      vertex -67.3301 51.5 0
      vertex -67.3301 51.5 3
    endloop
  endfacet
  facet normal -0.997856 0.0654432 0
    outer loop
      vertex -68 49 0
      vertex -67.9572 49.6526 3
      vertex -67.9572 49.6526 0
    endloop
  endfacet
  facet normal -0.997856 0.0654432 0
    outer loop
      vertex -67.9572 49.6526 3
      vertex -68 49 0
      vertex -68 49 3
    endloop
  endfacet
  facet normal 0.659424 -0.751771 0
    outer loop
      vertex 66.0438 -52.9668 0
      vertex 66.5355 -52.5355 3
      vertex 66.0438 -52.9668 3
    endloop
  endfacet
  facet normal 0.659424 -0.751771 0
    outer loop
      vertex 66.5355 -52.5355 3
      vertex 66.0438 -52.9668 0
      vertex 66.5355 -52.5355 0
    endloop
  endfacet
  facet normal 0.997856 -0.0654432 0
    outer loop
      vertex 67.9572 -49.6526 3
      vertex 68 -49 0
      vertex 68 -49 3
    endloop
  endfacet
  facet normal 0.997856 -0.0654432 0
    outer loop
      vertex 68 -49 0
      vertex 67.9572 -49.6526 3
      vertex 67.9572 -49.6526 0
    endloop
  endfacet
  facet normal 0.89686 -0.442314 0
    outer loop
      vertex 67.3301 -51.5 3
      vertex 67.6194 -50.9134 0
      vertex 67.6194 -50.9134 3
    endloop
  endfacet
  facet normal 0.89686 -0.442314 0
    outer loop
      vertex 67.6194 -50.9134 0
      vertex 67.3301 -51.5 3
      vertex 67.3301 -51.5 0
    endloop
  endfacet
  facet normal -0.89686 -0.442314 0
    outer loop
      vertex -67.3301 -51.5 0
      vertex -67.6194 -50.9134 3
      vertex -67.6194 -50.9134 0
    endloop
  endfacet
  facet normal -0.89686 -0.442314 0
    outer loop
      vertex -67.6194 -50.9134 3
      vertex -67.3301 -51.5 0
      vertex -67.3301 -51.5 3
    endloop
  endfacet
  facet normal -0.321407 -0.946941 0
    outer loop
      vertex -64.9134 -53.6194 0
      vertex -64.2941 -53.8296 3
      vertex -64.9134 -53.6194 3
    endloop
  endfacet
  facet normal -0.321407 -0.946941 -0
    outer loop
      vertex -64.2941 -53.8296 3
      vertex -64.9134 -53.6194 0
      vertex -64.2941 -53.8296 0
    endloop
  endfacet
  facet normal 0.555512 -0.831509 0
    outer loop
      vertex 65.5 -53.3301 0
      vertex 66.0438 -52.9668 3
      vertex 65.5 -53.3301 3
    endloop
  endfacet
  facet normal 0.555512 -0.831509 0
    outer loop
      vertex 66.0438 -52.9668 3
      vertex 65.5 -53.3301 0
      vertex 66.0438 -52.9668 0
    endloop
  endfacet
  facet normal 0.0654432 -0.997856 0
    outer loop
      vertex 63 -54 0
      vertex 63.6526 -53.9572 3
      vertex 63 -54 3
    endloop
  endfacet
  facet normal 0.0654432 -0.997856 0
    outer loop
      vertex 63.6526 -53.9572 3
      vertex 63 -54 0
      vertex 63.6526 -53.9572 0
    endloop
  endfacet
  facet normal -0.555512 0.831509 0
    outer loop
      vertex -65.5 53.3301 0
      vertex -66.0438 52.9668 3
      vertex -65.5 53.3301 3
    endloop
  endfacet
  facet normal -0.555512 0.831509 0
    outer loop
      vertex -66.0438 52.9668 3
      vertex -65.5 53.3301 0
      vertex -66.0438 52.9668 0
    endloop
  endfacet
  facet normal 0.980786 0.195087 0
    outer loop
      vertex 67.9572 49.6526 3
      vertex 67.8296 50.2941 0
      vertex 67.8296 50.2941 3
    endloop
  endfacet
  facet normal 0.980786 0.195087 0
    outer loop
      vertex 67.8296 50.2941 0
      vertex 67.9572 49.6526 3
      vertex 67.9572 49.6526 0
    endloop
  endfacet
  facet normal 0.442314 0.89686 -0
    outer loop
      vertex 65.5 53.3301 0
      vertex 64.9134 53.6194 3
      vertex 65.5 53.3301 3
    endloop
  endfacet
  facet normal 0.442314 0.89686 0
    outer loop
      vertex 64.9134 53.6194 3
      vertex 65.5 53.3301 0
      vertex 64.9134 53.6194 0
    endloop
  endfacet
  facet normal 0.321407 0.946941 -0
    outer loop
      vertex 64.9134 53.6194 0
      vertex 64.2941 53.8296 3
      vertex 64.9134 53.6194 3
    endloop
  endfacet
  facet normal 0.321407 0.946941 0
    outer loop
      vertex 64.2941 53.8296 3
      vertex 64.9134 53.6194 0
      vertex 64.2941 53.8296 0
    endloop
  endfacet
  facet normal 0.555512 0.831509 -0
    outer loop
      vertex 66.0438 52.9668 0
      vertex 65.5 53.3301 3
      vertex 66.0438 52.9668 3
    endloop
  endfacet
  facet normal 0.555512 0.831509 0
    outer loop
      vertex 65.5 53.3301 3
      vertex 66.0438 52.9668 0
      vertex 65.5 53.3301 0
    endloop
  endfacet
  facet normal 0 0 -1
    outer loop
      vertex -42.5211 43.1402 0
      vertex -44.9607 48.9868 0
      vertex -44.95 49.15 0
    endloop
  endfacet
  facet normal 0 0 -1
    outer loop
      vertex -43.5 43.7942 0
      vertex -44.9926 48.8265 0
      vertex -44.9607 48.9868 0
    endloop
  endfacet
  facet normal 0 0 -1
    outer loop
      vertex -43.5 43.7942 0
      vertex -45.0452 48.6716 0
      vertex -44.9926 48.8265 0
    endloop
  endfacet
  facet normal 0 0 -1
    outer loop
      vertex -43.5 43.7942 0
      vertex -45.1175 48.525 0
      vertex -45.0452 48.6716 0
    endloop
  endfacet
  facet normal 0 0 -1
    outer loop
      vertex -43.5 43.7942 0
      vertex -45.2083 48.389 0
      vertex -45.1175 48.525 0
    endloop
  endfacet
  facet normal 0 0 -1
    outer loop
      vertex -44.5558 44.3149 0
      vertex -45.3161 48.2661 0
      vertex -45.2083 48.389 0
    endloop
  endfacet
  facet normal 0 0 -1
    outer loop
      vertex -44.5558 44.3149 0
      vertex -45.439 48.1583 0
      vertex -45.3161 48.2661 0
    endloop
  endfacet
  facet normal 0 0 -1
    outer loop
      vertex -44.5558 44.3149 0
      vertex -45.575 48.0675 0
      vertex -45.439 48.1583 0
    endloop
  endfacet
  facet normal 0 0 -1
    outer loop
      vertex -45.6706 44.6933 0
      vertex -45.575 48.0675 0
      vertex -44.5558 44.3149 0
    endloop
  endfacet
  facet normal 0 0 -1
    outer loop
      vertex -45.6706 44.6933 0
      vertex -45.7216 47.9952 0
      vertex -45.575 48.0675 0
    endloop
  endfacet
  facet normal 0 0 -1
    outer loop
      vertex -45.6706 44.6933 0
      vertex -45.8765 47.9426 0
      vertex -45.7216 47.9952 0
    endloop
  endfacet
  facet normal 0 0 -1
    outer loop
      vertex -45.6706 44.6933 0
      vertex -46.0368 47.9107 0
      vertex -45.8765 47.9426 0
    endloop
  endfacet
  facet normal 0 0 -1
    outer loop
      vertex -46.8253 44.923 0
      vertex -46.0368 47.9107 0
      vertex -45.6706 44.6933 0
    endloop
  endfacet
  facet normal 0 0 -1
    outer loop
      vertex -46.0368 47.9107 0
      vertex -46.8253 44.923 0
      vertex -46.2 47.9 0
    endloop
  endfacet
  facet normal 0 0 -1
    outer loop
      vertex -48 45 0
      vertex -46.2 47.9 0
      vertex -46.8253 44.923 0
    endloop
  endfacet
  facet normal 0 0 -1
    outer loop
      vertex -49.7 47.9 0
      vertex -48 45 0
      vertex -49.1747 44.923 0
    endloop
  endfacet
  facet normal 0 0 -1
    outer loop
      vertex -48 45 0
      vertex -49.7 47.9 0
      vertex -46.2 47.9 0
    endloop
  endfacet
  facet normal 0 0 -1
    outer loop
      vertex -49.1747 44.923 0
      vertex -49.8632 47.9107 0
      vertex -49.7 47.9 0
    endloop
  endfacet
  facet normal 0 0 -1
    outer loop
      vertex -50.3294 44.6933 0
      vertex -49.8632 47.9107 0
      vertex -49.1747 44.923 0
    endloop
  endfacet
  facet normal -0 0 -1
    outer loop
      vertex -49.8632 47.9107 0
      vertex -50.3294 44.6933 0
      vertex -50.0235 47.9426 0
    endloop
  endfacet
  facet normal -0 0 -1
    outer loop
      vertex -50.0235 47.9426 0
      vertex -50.3294 44.6933 0
      vertex -50.1784 47.9952 0
    endloop
  endfacet
  facet normal -0 0 -1
    outer loop
      vertex -50.1784 47.9952 0
      vertex -50.3294 44.6933 0
      vertex -50.325 48.0675 0
    endloop
  endfacet
  facet normal 0 0 -1
    outer loop
      vertex -51.4441 44.3149 0
      vertex -50.325 48.0675 0
      vertex -50.3294 44.6933 0
    endloop
  endfacet
  facet normal -0 0 -1
    outer loop
      vertex -50.325 48.0675 0
      vertex -51.4441 44.3149 0
      vertex -50.461 48.1583 0
    endloop
  endfacet
  facet normal -0 0 -1
    outer loop
      vertex -50.461 48.1583 0
      vertex -51.4441 44.3149 0
      vertex -50.5839 48.2661 0
    endloop
  endfacet
  facet normal -0 0 -1
    outer loop
      vertex -50.5839 48.2661 0
      vertex -51.4441 44.3149 0
      vertex -50.6917 48.389 0
    endloop
  endfacet
  facet normal -0 0 -1
    outer loop
      vertex -50.6917 48.389 0
      vertex -51.4441 44.3149 0
      vertex -50.7825 48.525 0
    endloop
  endfacet
  facet normal 0 0 -1
    outer loop
      vertex -52.5 43.7942 0
      vertex -50.7825 48.525 0
      vertex -51.4441 44.3149 0
    endloop
  endfacet
  facet normal -0 0 -1
    outer loop
      vertex -50.7825 48.525 0
      vertex -52.5 43.7942 0
      vertex -50.8549 48.6716 0
    endloop
  endfacet
  facet normal 0 0 -1
    outer loop
      vertex -53.4789 43.1402 0
      vertex -50.9074 48.8265 0
      vertex -52.5 43.7942 0
    endloop
  endfacet
  facet normal -0 0 -1
    outer loop
      vertex -50.8549 48.6716 0
      vertex -52.5 43.7942 0
      vertex -50.9074 48.8265 0
    endloop
  endfacet
  facet normal 0 0 -1
    outer loop
      vertex -29.69 21.0869 0
      vertex -44.95 22.85 0
      vertex -29.799 21.25 0
    endloop
  endfacet
  facet normal 0 0 -1
    outer loop
      vertex -29.25 20.701 0
      vertex -44.9607 22.6868 0
      vertex -44.95 22.85 0
    endloop
  endfacet
  facet normal -0 0 -1
    outer loop
      vertex -29.69 -21.0869 0
      vertex -45.3161 -21.9661 0
      vertex -29.5607 -20.9393 0
    endloop
  endfacet
  facet normal 0 0 -1
    outer loop
      vertex -29.25 20.701 0
      vertex -44.9926 22.5265 0
      vertex -44.9607 22.6868 0
    endloop
  endfacet
  facet normal 0 0 -1
    outer loop
      vertex -45.439 -21.8583 0
      vertex -29.5607 -20.9393 0
      vertex -45.3161 -21.9661 0
    endloop
  endfacet
  facet normal 0 0 -1
    outer loop
      vertex -29.25 20.701 0
      vertex -45.0452 22.3716 0
      vertex -44.9926 22.5265 0
    endloop
  endfacet
  facet normal -0 0 -1
    outer loop
      vertex -29.5607 -20.9393 0
      vertex -45.439 -21.8583 0
      vertex -29.4131 -20.81 0
    endloop
  endfacet
  facet normal 0 0 -1
    outer loop
      vertex -29.25 20.701 0
      vertex -45.1175 22.225 0
      vertex -45.0452 22.3716 0
    endloop
  endfacet
  facet normal 0 0 -1
    outer loop
      vertex -45.575 -21.7675 0
      vertex -29.4131 -20.81 0
      vertex -45.439 -21.8583 0
    endloop
  endfacet
  facet normal 0 0 -1
    outer loop
      vertex -29.25 20.701 0
      vertex -45.2083 22.089 0
      vertex -45.1175 22.225 0
    endloop
  endfacet
  facet normal -0 0 -1
    outer loop
      vertex -29.4131 -20.81 0
      vertex -45.575 -21.7675 0
      vertex -29.25 -20.701 0
    endloop
  endfacet
  facet normal 0 0 -1
    outer loop
      vertex -29.25 20.701 0
      vertex -45.3161 21.9661 0
      vertex -45.2083 22.089 0
    endloop
  endfacet
  facet normal 0 0 -1
    outer loop
      vertex -45.7216 -21.6952 0
      vertex -29.25 -20.701 0
      vertex -45.575 -21.7675 0
    endloop
  endfacet
  facet normal 0 0 -1
    outer loop
      vertex -29.25 20.701 0
      vertex -45.439 21.8583 0
      vertex -45.3161 21.9661 0
    endloop
  endfacet
  facet normal 0 0 -1
    outer loop
      vertex -45.8765 -21.6426 0
      vertex -29.25 -20.701 0
      vertex -45.7216 -21.6952 0
    endloop
  endfacet
  facet normal 0 0 -1
    outer loop
      vertex -29.25 20.701 0
      vertex -45.575 21.7675 0
      vertex -45.439 21.8583 0
    endloop
  endfacet
  facet normal -0 0 -1
    outer loop
      vertex -29.25 -20.701 0
      vertex -45.8765 -21.6426 0
      vertex -29.25 20.701 0
    endloop
  endfacet
  facet normal 0 0 -1
    outer loop
      vertex -29.25 20.701 0
      vertex -45.7216 21.6952 0
      vertex -45.575 21.7675 0
    endloop
  endfacet
  facet normal 0 0 -1
    outer loop
      vertex -45.8765 21.6426 0
      vertex -29.25 20.701 0
      vertex -45.8765 -21.6426 0
    endloop
  endfacet
  facet normal 0 0 -1
    outer loop
      vertex -29.25 20.701 0
      vertex -45.8765 21.6426 0
      vertex -45.7216 21.6952 0
    endloop
  endfacet
  facet normal 0 0 -1
    outer loop
      vertex -46.0368 -21.6107 0
      vertex -45.8765 21.6426 0
      vertex -45.8765 -21.6426 0
    endloop
  endfacet
  facet normal 0 0 -1
    outer loop
      vertex -46.0368 -21.6107 0
      vertex -46.0368 21.6107 0
      vertex -45.8765 21.6426 0
    endloop
  endfacet
  facet normal 0 0 -1
    outer loop
      vertex -46.2 -21.6 0
      vertex -46.0368 21.6107 0
      vertex -46.0368 -21.6107 0
    endloop
  endfacet
  facet normal 0 0 -1
    outer loop
      vertex -46.2 -21.6 0
      vertex -46.2 21.6 0
      vertex -46.0368 21.6107 0
    endloop
  endfacet
  facet normal 0 0 -1
    outer loop
      vertex -49.7 -21.6 0
      vertex -46.2 21.6 0
      vertex -46.2 -21.6 0
    endloop
  endfacet
  facet normal 0 0 -1
    outer loop
      vertex -49.7 -21.6 0
      vertex -49.7 21.6 0
      vertex -46.2 21.6 0
    endloop
  endfacet
  facet normal 0 0 -1
    outer loop
      vertex -49.8632 -21.6107 0
      vertex -49.7 21.6 0
      vertex -49.7 -21.6 0
    endloop
  endfacet
  facet normal 0 0 -1
    outer loop
      vertex -49.8632 -21.6107 0
      vertex -49.8632 21.6107 0
      vertex -49.7 21.6 0
    endloop
  endfacet
  facet normal 0 0 -1
    outer loop
      vertex -50.0235 -21.6426 0
      vertex -49.8632 21.6107 0
      vertex -49.8632 -21.6107 0
    endloop
  endfacet
  facet normal 0 0 -1
    outer loop
      vertex -50.0235 -21.6426 0
      vertex -50.0235 21.6426 0
      vertex -49.8632 21.6107 0
    endloop
  endfacet
  facet normal 0 0 -1
    outer loop
      vertex -50.1784 -21.6952 0
      vertex -50.0235 21.6426 0
      vertex -50.0235 -21.6426 0
    endloop
  endfacet
  facet normal 0 0 -1
    outer loop
      vertex -50.1784 -21.6952 0
      vertex -50.1784 21.6952 0
      vertex -50.0235 21.6426 0
    endloop
  endfacet
  facet normal 0 0 -1
    outer loop
      vertex -50.325 -21.7675 0
      vertex -50.1784 21.6952 0
      vertex -50.1784 -21.6952 0
    endloop
  endfacet
  facet normal 0 0 -1
    outer loop
      vertex -50.325 -21.7675 0
      vertex -50.325 21.7675 0
      vertex -50.1784 21.6952 0
    endloop
  endfacet
  facet normal 0 0 -1
    outer loop
      vertex -50.461 -21.8583 0
      vertex -50.325 21.7675 0
      vertex -50.325 -21.7675 0
    endloop
  endfacet
  facet normal 0 0 -1
    outer loop
      vertex -50.461 -21.8583 0
      vertex -50.461 21.8583 0
      vertex -50.325 21.7675 0
    endloop
  endfacet
  facet normal 0 0 -1
    outer loop
      vertex -50.5839 -21.9661 0
      vertex -50.461 21.8583 0
      vertex -50.461 -21.8583 0
    endloop
  endfacet
  facet normal 0 0 -1
    outer loop
      vertex -50.5839 -21.9661 0
      vertex -50.5839 21.9661 0
      vertex -50.461 21.8583 0
    endloop
  endfacet
  facet normal 0 0 -1
    outer loop
      vertex -50.6917 -22.089 0
      vertex -50.5839 21.9661 0
      vertex -50.5839 -21.9661 0
    endloop
  endfacet
  facet normal 0 0 -1
    outer loop
      vertex -50.6917 -22.089 0
      vertex -50.6917 22.089 0
      vertex -50.5839 21.9661 0
    endloop
  endfacet
  facet normal 0 0 -1
    outer loop
      vertex -50.7825 -22.225 0
      vertex -50.6917 22.089 0
      vertex -50.6917 -22.089 0
    endloop
  endfacet
  facet normal 0 0 -1
    outer loop
      vertex -50.7825 -22.225 0
      vertex -50.7825 22.225 0
      vertex -50.6917 22.089 0
    endloop
  endfacet
  facet normal 0 0 -1
    outer loop
      vertex -50.8549 -22.3716 0
      vertex -50.7825 22.225 0
      vertex -50.7825 -22.225 0
    endloop
  endfacet
  facet normal 0 0 -1
    outer loop
      vertex -50.8549 -22.3716 0
      vertex -50.8549 22.3716 0
      vertex -50.7825 22.225 0
    endloop
  endfacet
  facet normal 0 0 -1
    outer loop
      vertex -55.1402 -30.5211 0
      vertex -50.8549 -22.3716 0
      vertex -50.9074 -22.5265 0
    endloop
  endfacet
  facet normal -0 0 -1
    outer loop
      vertex -50.8549 -22.3716 0
      vertex -55.7942 -31.5 0
      vertex -50.8549 22.3716 0
    endloop
  endfacet
  facet normal 0 0 -1
    outer loop
      vertex -54.364 -29.636 0
      vertex -50.9074 -22.5265 0
      vertex -50.9393 -22.6868 0
    endloop
  endfacet
  facet normal 0 0 -1
    outer loop
      vertex -50.8549 -22.3716 0
      vertex -55.1402 -30.5211 0
      vertex -55.7942 -31.5 0
    endloop
  endfacet
  facet normal 0 0 -1
    outer loop
      vertex -54.364 -29.636 0
      vertex -50.9393 -22.6868 0
      vertex -50.95 -22.85 0
    endloop
  endfacet
  facet normal 0 0 -1
    outer loop
      vertex -55.7942 31.5 0
      vertex -50.8549 22.3716 0
      vertex -55.7942 -31.5 0
    endloop
  endfacet
  facet normal -0 0 -1
    outer loop
      vertex -29.9872 -22.1958 0
      vertex -44.95 -22.85 0
      vertex -30 -22 0
    endloop
  endfacet
  facet normal 0 0 -1
    outer loop
      vertex -29.8858 21.426 0
      vertex -39.077 34.8253 0
      vertex -39 36 0
    endloop
  endfacet
  facet normal 0 0 -1
    outer loop
      vertex -44.9607 -22.6868 0
      vertex -30 -22 0
      vertex -44.95 -22.85 0
    endloop
  endfacet
  facet normal 0 0 -1
    outer loop
      vertex -29.8858 21.426 0
      vertex -39.3067 33.6706 0
      vertex -39.077 34.8253 0
    endloop
  endfacet
  facet normal -0 0 -1
    outer loop
      vertex -30 -22 0
      vertex -44.9607 -22.6868 0
      vertex -29.9872 -21.8042 0
    endloop
  endfacet
  facet normal 0 0 -1
    outer loop
      vertex -29.8858 21.426 0
      vertex -39.6851 32.5558 0
      vertex -39.3067 33.6706 0
    endloop
  endfacet
  facet normal 0 0 -1
    outer loop
      vertex -45.0452 -22.3716 0
      vertex -29.9489 -21.6118 0
      vertex -44.9926 -22.5265 0
    endloop
  endfacet
  facet normal 0 0 -1
    outer loop
      vertex -29.8858 21.426 0
      vertex -40.2058 31.5 0
      vertex -39.6851 32.5558 0
    endloop
  endfacet
  facet normal 0 0 -1
    outer loop
      vertex -29.5607 20.9393 0
      vertex -44.95 22.85 0
      vertex -29.69 21.0869 0
    endloop
  endfacet
  facet normal 0 0 -1
    outer loop
      vertex -29.799 21.25 0
      vertex -44.95 22.85 0
      vertex -29.8858 21.426 0
    endloop
  endfacet
  facet normal 0 0 -1
    outer loop
      vertex -44.9926 -22.5265 0
      vertex -29.9872 -21.8042 0
      vertex -44.9607 -22.6868 0
    endloop
  endfacet
  facet normal 0 -0 -1
    outer loop
      vertex -42.5211 28.8598 0
      vertex -29.8858 21.426 0
      vertex -44.95 22.85 0
    endloop
  endfacet
  facet normal -0 0 -1
    outer loop
      vertex -29.9872 -21.8042 0
      vertex -44.9926 -22.5265 0
      vertex -29.9489 -21.6118 0
    endloop
  endfacet
  facet normal 0 0 -1
    outer loop
      vertex -29.8858 21.426 0
      vertex -40.8598 30.5211 0
      vertex -40.2058 31.5 0
    endloop
  endfacet
  facet normal 0 0 -1
    outer loop
      vertex -44.9926 -23.1735 0
      vertex -42.5211 -28.8598 0
      vertex -43.5 -28.2058 0
    endloop
  endfacet
  facet normal 0 0 -1
    outer loop
      vertex -29.8858 21.426 0
      vertex -41.636 29.636 0
      vertex -40.8598 30.5211 0
    endloop
  endfacet
  facet normal 0 0 -1
    outer loop
      vertex -45.2083 -23.611 0
      vertex -43.5 -28.2058 0
      vertex -44.5558 -27.6851 0
    endloop
  endfacet
  facet normal 0 0 -1
    outer loop
      vertex -29.8858 21.426 0
      vertex -42.5211 28.8598 0
      vertex -41.636 29.636 0
    endloop
  endfacet
  facet normal 0 0 -1
    outer loop
      vertex -44.9607 23.0132 0
      vertex -42.5211 28.8598 0
      vertex -44.95 22.85 0
    endloop
  endfacet
  facet normal 0 0 -1
    outer loop
      vertex -42.5211 -28.8598 0
      vertex -44.9607 -23.0132 0
      vertex -44.95 -22.85 0
    endloop
  endfacet
  facet normal 0 0 -1
    outer loop
      vertex -42.5211 -28.8598 0
      vertex -44.9926 -23.1735 0
      vertex -44.9607 -23.0132 0
    endloop
  endfacet
  facet normal 0 0 -1
    outer loop
      vertex -43.5 -28.2058 0
      vertex -45.0452 -23.3284 0
      vertex -44.9926 -23.1735 0
    endloop
  endfacet
  facet normal 0 0 -1
    outer loop
      vertex -43.5 -28.2058 0
      vertex -45.1175 -23.475 0
      vertex -45.0452 -23.3284 0
    endloop
  endfacet
  facet normal 0 0 -1
    outer loop
      vertex -43.5 -28.2058 0
      vertex -45.2083 -23.611 0
      vertex -45.1175 -23.475 0
    endloop
  endfacet
  facet normal 0 0 -1
    outer loop
      vertex -44.5558 -27.6851 0
      vertex -45.3161 -23.7339 0
      vertex -45.2083 -23.611 0
    endloop
  endfacet
  facet normal 0 0 -1
    outer loop
      vertex -44.5558 -27.6851 0
      vertex -45.439 -23.8417 0
      vertex -45.3161 -23.7339 0
    endloop
  endfacet
  facet normal 0 0 -1
    outer loop
      vertex -44.5558 -27.6851 0
      vertex -45.575 -23.9325 0
      vertex -45.439 -23.8417 0
    endloop
  endfacet
  facet normal 0 0 -1
    outer loop
      vertex -45.6706 -27.3067 0
      vertex -45.575 -23.9325 0
      vertex -44.5558 -27.6851 0
    endloop
  endfacet
  facet normal 0 0 -1
    outer loop
      vertex -45.6706 -27.3067 0
      vertex -45.7216 -24.0048 0
      vertex -45.575 -23.9325 0
    endloop
  endfacet
  facet normal 0 0 -1
    outer loop
      vertex -45.6706 -27.3067 0
      vertex -45.8765 -24.0574 0
      vertex -45.7216 -24.0048 0
    endloop
  endfacet
  facet normal 0 0 -1
    outer loop
      vertex -45.6706 -27.3067 0
      vertex -46.0368 -24.0893 0
      vertex -45.8765 -24.0574 0
    endloop
  endfacet
  facet normal 0 0 -1
    outer loop
      vertex -46.8253 -27.077 0
      vertex -46.0368 -24.0893 0
      vertex -45.6706 -27.3067 0
    endloop
  endfacet
  facet normal 0 0 -1
    outer loop
      vertex -46.0368 -24.0893 0
      vertex -46.8253 -27.077 0
      vertex -46.2 -24.1 0
    endloop
  endfacet
  facet normal 0 0 -1
    outer loop
      vertex -48 -27 0
      vertex -46.2 -24.1 0
      vertex -46.8253 -27.077 0
    endloop
  endfacet
  facet normal 0 0 -1
    outer loop
      vertex -49.7 -24.1 0
      vertex -48 -27 0
      vertex -49.1747 -27.077 0
    endloop
  endfacet
  facet normal 0 0 -1
    outer loop
      vertex -48 -27 0
      vertex -49.7 -24.1 0
      vertex -46.2 -24.1 0
    endloop
  endfacet
  facet normal 0 0 -1
    outer loop
      vertex -49.1747 -27.077 0
      vertex -49.8632 -24.0893 0
      vertex -49.7 -24.1 0
    endloop
  endfacet
  facet normal 0 0 -1
    outer loop
      vertex -50.3294 -27.3067 0
      vertex -49.8632 -24.0893 0
      vertex -49.1747 -27.077 0
    endloop
  endfacet
  facet normal -0 0 -1
    outer loop
      vertex -49.8632 -24.0893 0
      vertex -50.3294 -27.3067 0
      vertex -50.0235 -24.0574 0
    endloop
  endfacet
  facet normal -0 0 -1
    outer loop
      vertex -50.0235 -24.0574 0
      vertex -50.3294 -27.3067 0
      vertex -50.1784 -24.0048 0
    endloop
  endfacet
  facet normal -0 0 -1
    outer loop
      vertex -50.1784 -24.0048 0
      vertex -50.3294 -27.3067 0
      vertex -50.325 -23.9325 0
    endloop
  endfacet
  facet normal 0 0 -1
    outer loop
      vertex -51.4441 -27.6851 0
      vertex -50.325 -23.9325 0
      vertex -50.3294 -27.3067 0
    endloop
  endfacet
  facet normal -0 0 -1
    outer loop
      vertex -50.325 -23.9325 0
      vertex -51.4441 -27.6851 0
      vertex -50.461 -23.8417 0
    endloop
  endfacet
  facet normal -0 0 -1
    outer loop
      vertex -50.461 -23.8417 0
      vertex -51.4441 -27.6851 0
      vertex -50.5839 -23.7339 0
    endloop
  endfacet
  facet normal -0 0 -1
    outer loop
      vertex -50.5839 -23.7339 0
      vertex -51.4441 -27.6851 0
      vertex -50.6917 -23.611 0
    endloop
  endfacet
  facet normal -0 0 -1
    outer loop
      vertex -50.6917 -23.611 0
      vertex -51.4441 -27.6851 0
      vertex -50.7825 -23.475 0
    endloop
  endfacet
  facet normal 0 0 -1
    outer loop
      vertex -52.5 -28.2058 0
      vertex -50.7825 -23.475 0
      vertex -51.4441 -27.6851 0
    endloop
  endfacet
  facet normal -0 0 -1
    outer loop
      vertex -50.7825 -23.475 0
      vertex -52.5 -28.2058 0
      vertex -50.8549 -23.3284 0
    endloop
  endfacet
  facet normal -0 0 -1
    outer loop
      vertex -50.9074 -23.1735 0
      vertex -53.4789 -28.8598 0
      vertex -50.9393 -23.0132 0
    endloop
  endfacet
  facet normal 0 0 -1
    outer loop
      vertex -53.4789 -28.8598 0
      vertex -50.9074 -23.1735 0
      vertex -52.5 -28.2058 0
    endloop
  endfacet
  facet normal -0 0 -1
    outer loop
      vertex -50.8549 -23.3284 0
      vertex -52.5 -28.2058 0
      vertex -50.9074 -23.1735 0
    endloop
  endfacet
  facet normal 0 0 -1
    outer loop
      vertex -42.5211 -43.1402 0
      vertex -44.9926 -48.8265 0
      vertex -43.5 -43.7942 0
    endloop
  endfacet
  facet normal 0 0 -1
    outer loop
      vertex -45.0452 -48.6716 0
      vertex -43.5 -43.7942 0
      vertex -44.9926 -48.8265 0
    endloop
  endfacet
  facet normal 0 0 -1
    outer loop
      vertex -45.1175 -48.525 0
      vertex -43.5 -43.7942 0
      vertex -45.0452 -48.6716 0
    endloop
  endfacet
  facet normal 0 0 -1
    outer loop
      vertex -45.2083 -48.389 0
      vertex -43.5 -43.7942 0
      vertex -45.1175 -48.525 0
    endloop
  endfacet
  facet normal 0 0 -1
    outer loop
      vertex -43.5 -43.7942 0
      vertex -45.2083 -48.389 0
      vertex -44.5558 -44.3149 0
    endloop
  endfacet
  facet normal 0 0 -1
    outer loop
      vertex -45.3161 -48.2661 0
      vertex -44.5558 -44.3149 0
      vertex -45.2083 -48.389 0
    endloop
  endfacet
  facet normal 0 0 -1
    outer loop
      vertex -45.439 -48.1583 0
      vertex -44.5558 -44.3149 0
      vertex -45.3161 -48.2661 0
    endloop
  endfacet
  facet normal 0 0 -1
    outer loop
      vertex -45.575 -48.0675 0
      vertex -44.5558 -44.3149 0
      vertex -45.439 -48.1583 0
    endloop
  endfacet
  facet normal 0 0 -1
    outer loop
      vertex -45.575 -48.0675 0
      vertex -45.6706 -44.6933 0
      vertex -44.5558 -44.3149 0
    endloop
  endfacet
  facet normal 0 0 -1
    outer loop
      vertex -45.7216 -47.9952 0
      vertex -45.6706 -44.6933 0
      vertex -45.575 -48.0675 0
    endloop
  endfacet
  facet normal 0 0 -1
    outer loop
      vertex -45.8765 -47.9426 0
      vertex -45.6706 -44.6933 0
      vertex -45.7216 -47.9952 0
    endloop
  endfacet
  facet normal 0 0 -1
    outer loop
      vertex -46.0368 -47.9107 0
      vertex -45.6706 -44.6933 0
      vertex -45.8765 -47.9426 0
    endloop
  endfacet
  facet normal 0 0 -1
    outer loop
      vertex -46.8253 -44.923 0
      vertex -46.0368 -47.9107 0
      vertex -46.2 -47.9 0
    endloop
  endfacet
  facet normal 0 0 -1
    outer loop
      vertex -46.0368 -47.9107 0
      vertex -46.8253 -44.923 0
      vertex -45.6706 -44.6933 0
    endloop
  endfacet
  facet normal 0 0 -1
    outer loop
      vertex -46.2 -47.9 0
      vertex -48 -45 0
      vertex -46.8253 -44.923 0
    endloop
  endfacet
  facet normal 0 0 -1
    outer loop
      vertex -49.7 -47.9 0
      vertex -48 -45 0
      vertex -46.2 -47.9 0
    endloop
  endfacet
  facet normal -0 0 -1
    outer loop
      vertex -48 -45 0
      vertex -49.7 -47.9 0
      vertex -49.1747 -44.923 0
    endloop
  endfacet
  facet normal 0 0 -1
    outer loop
      vertex -49.8632 -47.9107 0
      vertex -49.1747 -44.923 0
      vertex -49.7 -47.9 0
    endloop
  endfacet
  facet normal 0 0 -1
    outer loop
      vertex -50.3294 -44.6933 0
      vertex -49.8632 -47.9107 0
      vertex -50.0235 -47.9426 0
    endloop
  endfacet
  facet normal 0 0 -1
    outer loop
      vertex -50.3294 -44.6933 0
      vertex -50.0235 -47.9426 0
      vertex -50.1784 -47.9952 0
    endloop
  endfacet
  facet normal 0 0 -1
    outer loop
      vertex -50.3294 -44.6933 0
      vertex -50.1784 -47.9952 0
      vertex -50.325 -48.0675 0
    endloop
  endfacet
  facet normal 0 0 -1
    outer loop
      vertex -49.8632 -47.9107 0
      vertex -50.3294 -44.6933 0
      vertex -49.1747 -44.923 0
    endloop
  endfacet
  facet normal 0 0 -1
    outer loop
      vertex -51.4441 -44.3149 0
      vertex -50.325 -48.0675 0
      vertex -50.461 -48.1583 0
    endloop
  endfacet
  facet normal 0 0 -1
    outer loop
      vertex -51.4441 -44.3149 0
      vertex -50.461 -48.1583 0
      vertex -50.5839 -48.2661 0
    endloop
  endfacet
  facet normal 0 0 -1
    outer loop
      vertex -51.4441 -44.3149 0
      vertex -50.5839 -48.2661 0
      vertex -50.6917 -48.389 0
    endloop
  endfacet
  facet normal 0 0 -1
    outer loop
      vertex -51.4441 -44.3149 0
      vertex -50.6917 -48.389 0
      vertex -50.7825 -48.525 0
    endloop
  endfacet
  facet normal 0 0 -1
    outer loop
      vertex -52.5 -43.7942 0
      vertex -50.7825 -48.525 0
      vertex -50.8549 -48.6716 0
    endloop
  endfacet
  facet normal 0 0 -1
    outer loop
      vertex -52.5 -43.7942 0
      vertex -50.8549 -48.6716 0
      vertex -50.9074 -48.8265 0
    endloop
  endfacet
  facet normal 0 0 -1
    outer loop
      vertex -53.4789 -43.1402 0
      vertex -50.9074 -48.8265 0
      vertex -50.9393 -48.9868 0
    endloop
  endfacet
  facet normal 0 0 -1
    outer loop
      vertex -50.325 -48.0675 0
      vertex -51.4441 -44.3149 0
      vertex -50.3294 -44.6933 0
    endloop
  endfacet
  facet normal 0 0 -1
    outer loop
      vertex -53.4789 -43.1402 0
      vertex -50.9393 -48.9868 0
      vertex -50.95 -49.15 0
    endloop
  endfacet
  facet normal 0 0 -1
    outer loop
      vertex -44.9926 23.1735 0
      vertex -42.5211 28.8598 0
      vertex -44.9607 23.0132 0
    endloop
  endfacet
  facet normal 0 0 -1
    outer loop
      vertex -42.5211 28.8598 0
      vertex -44.9926 23.1735 0
      vertex -43.5 28.2058 0
    endloop
  endfacet
  facet normal 0 0 -1
    outer loop
      vertex -45.0452 23.3284 0
      vertex -43.5 28.2058 0
      vertex -44.9926 23.1735 0
    endloop
  endfacet
  facet normal 0 0 -1
    outer loop
      vertex -45.1175 23.475 0
      vertex -43.5 28.2058 0
      vertex -45.0452 23.3284 0
    endloop
  endfacet
  facet normal 0 0 -1
    outer loop
      vertex -45.2083 23.611 0
      vertex -43.5 28.2058 0
      vertex -45.1175 23.475 0
    endloop
  endfacet
  facet normal 0 0 -1
    outer loop
      vertex -43.5 28.2058 0
      vertex -45.2083 23.611 0
      vertex -44.5558 27.6851 0
    endloop
  endfacet
  facet normal 0 0 -1
    outer loop
      vertex -45.3161 23.7339 0
      vertex -44.5558 27.6851 0
      vertex -45.2083 23.611 0
    endloop
  endfacet
  facet normal 0 0 -1
    outer loop
      vertex -45.439 23.8417 0
      vertex -44.5558 27.6851 0
      vertex -45.3161 23.7339 0
    endloop
  endfacet
  facet normal 0 0 -1
    outer loop
      vertex -45.575 23.9325 0
      vertex -44.5558 27.6851 0
      vertex -45.439 23.8417 0
    endloop
  endfacet
  facet normal 0 0 -1
    outer loop
      vertex -45.575 23.9325 0
      vertex -45.6706 27.3067 0
      vertex -44.5558 27.6851 0
    endloop
  endfacet
  facet normal 0 0 -1
    outer loop
      vertex -45.7216 24.0048 0
      vertex -45.6706 27.3067 0
      vertex -45.575 23.9325 0
    endloop
  endfacet
  facet normal 0 0 -1
    outer loop
      vertex -45.8765 24.0574 0
      vertex -45.6706 27.3067 0
      vertex -45.7216 24.0048 0
    endloop
  endfacet
  facet normal 0 0 -1
    outer loop
      vertex -46.0368 24.0893 0
      vertex -45.6706 27.3067 0
      vertex -45.8765 24.0574 0
    endloop
  endfacet
  facet normal 0 0 -1
    outer loop
      vertex -46.8253 27.077 0
      vertex -46.0368 24.0893 0
      vertex -46.2 24.1 0
    endloop
  endfacet
  facet normal 0 0 -1
    outer loop
      vertex -46.0368 24.0893 0
      vertex -46.8253 27.077 0
      vertex -45.6706 27.3067 0
    endloop
  endfacet
  facet normal 0 0 -1
    outer loop
      vertex -46.2 24.1 0
      vertex -48 27 0
      vertex -46.8253 27.077 0
    endloop
  endfacet
  facet normal 0 0 -1
    outer loop
      vertex -49.7 24.1 0
      vertex -48 27 0
      vertex -46.2 24.1 0
    endloop
  endfacet
  facet normal -0 0 -1
    outer loop
      vertex -48 27 0
      vertex -49.7 24.1 0
      vertex -49.1747 27.077 0
    endloop
  endfacet
  facet normal 0 0 -1
    outer loop
      vertex -49.8632 24.0893 0
      vertex -49.1747 27.077 0
      vertex -49.7 24.1 0
    endloop
  endfacet
  facet normal 0 0 -1
    outer loop
      vertex -50.3294 27.3067 0
      vertex -49.8632 24.0893 0
      vertex -50.0235 24.0574 0
    endloop
  endfacet
  facet normal 0 0 -1
    outer loop
      vertex -50.3294 27.3067 0
      vertex -50.0235 24.0574 0
      vertex -50.1784 24.0048 0
    endloop
  endfacet
  facet normal 0 0 -1
    outer loop
      vertex -50.3294 27.3067 0
      vertex -50.1784 24.0048 0
      vertex -50.325 23.9325 0
    endloop
  endfacet
  facet normal 0 0 -1
    outer loop
      vertex -49.8632 24.0893 0
      vertex -50.3294 27.3067 0
      vertex -49.1747 27.077 0
    endloop
  endfacet
  facet normal 0 0 -1
    outer loop
      vertex -51.4441 27.6851 0
      vertex -50.325 23.9325 0
      vertex -50.461 23.8417 0
    endloop
  endfacet
  facet normal 0 0 -1
    outer loop
      vertex -51.4441 27.6851 0
      vertex -50.461 23.8417 0
      vertex -50.5839 23.7339 0
    endloop
  endfacet
  facet normal 0 0 -1
    outer loop
      vertex -51.4441 27.6851 0
      vertex -50.5839 23.7339 0
      vertex -50.6917 23.611 0
    endloop
  endfacet
  facet normal 0 0 -1
    outer loop
      vertex -51.4441 27.6851 0
      vertex -50.6917 23.611 0
      vertex -50.7825 23.475 0
    endloop
  endfacet
  facet normal 0 0 -1
    outer loop
      vertex -52.5 28.2058 0
      vertex -50.7825 23.475 0
      vertex -50.8549 23.3284 0
    endloop
  endfacet
  facet normal 0 0 -1
    outer loop
      vertex -52.5 28.2058 0
      vertex -50.8549 23.3284 0
      vertex -50.9074 23.1735 0
    endloop
  endfacet
  facet normal 0 0 -1
    outer loop
      vertex -53.4789 28.8598 0
      vertex -50.9074 23.1735 0
      vertex -50.9393 23.0132 0
    endloop
  endfacet
  facet normal 0 0 -1
    outer loop
      vertex -50.325 23.9325 0
      vertex -51.4441 27.6851 0
      vertex -50.3294 27.3067 0
    endloop
  endfacet
  facet normal 0 0 -1
    outer loop
      vertex -53.4789 28.8598 0
      vertex -50.9393 23.0132 0
      vertex -50.95 22.85 0
    endloop
  endfacet
  facet normal -0 0 -1
    outer loop
      vertex -50.9393 -23.0132 0
      vertex -53.4789 -28.8598 0
      vertex -50.95 -22.85 0
    endloop
  endfacet
  facet normal 0 0 -1
    outer loop
      vertex -54.364 -29.636 0
      vertex -50.95 -22.85 0
      vertex -53.4789 -28.8598 0
    endloop
  endfacet
  facet normal 0 0 -1
    outer loop
      vertex -50.7825 23.475 0
      vertex -52.5 28.2058 0
      vertex -51.4441 27.6851 0
    endloop
  endfacet
  facet normal 0 0 -1
    outer loop
      vertex -50.9074 -22.5265 0
      vertex -54.364 -29.636 0
      vertex -55.1402 -30.5211 0
    endloop
  endfacet
  facet normal 0 0 -1
    outer loop
      vertex -50.9074 23.1735 0
      vertex -53.4789 28.8598 0
      vertex -52.5 28.2058 0
    endloop
  endfacet
  facet normal -0 -0 -1
    outer loop
      vertex -54.364 29.636 0
      vertex -50.9074 22.5265 0
      vertex -55.1402 30.5211 0
    endloop
  endfacet
  facet normal 0 0 -1
    outer loop
      vertex -50.95 22.85 0
      vertex -54.364 29.636 0
      vertex -53.4789 28.8598 0
    endloop
  endfacet
  facet normal 0 0 -1
    outer loop
      vertex -50.9074 22.5265 0
      vertex -54.364 29.636 0
      vertex -50.9393 22.6868 0
    endloop
  endfacet
  facet normal 0 0 -1
    outer loop
      vertex -50.9393 22.6868 0
      vertex -54.364 29.636 0
      vertex -50.95 22.85 0
    endloop
  endfacet
  facet normal -0 -0 -1
    outer loop
      vertex -55.1402 30.5211 0
      vertex -50.8549 22.3716 0
      vertex -55.7942 31.5 0
    endloop
  endfacet
  facet normal 0 0 -1
    outer loop
      vertex -50.8549 22.3716 0
      vertex -55.1402 30.5211 0
      vertex -50.9074 22.5265 0
    endloop
  endfacet
  facet normal 0 0 -1
    outer loop
      vertex -56.3149 -32.5558 0
      vertex -55.7942 31.5 0
      vertex -55.7942 -31.5 0
    endloop
  endfacet
  facet normal 0 0 -1
    outer loop
      vertex -56.3149 -32.5558 0
      vertex -56.3149 32.5558 0
      vertex -55.7942 31.5 0
    endloop
  endfacet
  facet normal 0 0 -1
    outer loop
      vertex -68 -49 0
      vertex -56.3149 -32.5558 0
      vertex -56.6933 -33.6706 0
    endloop
  endfacet
  facet normal -0 0 -1
    outer loop
      vertex -56.3149 -32.5558 0
      vertex -68 -49 0
      vertex -56.3149 32.5558 0
    endloop
  endfacet
  facet normal 0 0 -1
    outer loop
      vertex -68 -49 0
      vertex -56.6933 -33.6706 0
      vertex -56.923 -34.8253 0
    endloop
  endfacet
  facet normal 0 0 -1
    outer loop
      vertex -68 49 0
      vertex -56.3149 32.5558 0
      vertex -68 -49 0
    endloop
  endfacet
  facet normal 0 0 -1
    outer loop
      vertex -68 -49 0
      vertex -56.923 -34.8253 0
      vertex -57 -36 0
    endloop
  endfacet
  facet normal 0 0 -1
    outer loop
      vertex -56.3149 32.5558 0
      vertex -68 49 0
      vertex -56.6933 33.6706 0
    endloop
  endfacet
  facet normal 0 0 -1
    outer loop
      vertex -17.2175 23.475 0
      vertex 17.2175 23.475 0
      vertex -17.1451 23.3284 0
    endloop
  endfacet
  facet normal 0 0 -1
    outer loop
      vertex 17.3083 48.389 0
      vertex -17.0607 48.9868 0
      vertex -17.05 49.15 0
    endloop
  endfacet
  facet normal 0 0 -1
    outer loop
      vertex 17.2175 23.475 0
      vertex -17.2175 23.475 0
      vertex 17.3083 23.611 0
    endloop
  endfacet
  facet normal 0 0 -1
    outer loop
      vertex 17.3083 48.389 0
      vertex -17.0926 48.8265 0
      vertex -17.0607 48.9868 0
    endloop
  endfacet
  facet normal 0 0 -1
    outer loop
      vertex -17.3083 23.611 0
      vertex 17.3083 23.611 0
      vertex -17.2175 23.475 0
    endloop
  endfacet
  facet normal 0 0 -1
    outer loop
      vertex 17.3083 48.389 0
      vertex -17.1451 48.6716 0
      vertex -17.0926 48.8265 0
    endloop
  endfacet
  facet normal 0 0 -1
    outer loop
      vertex 17.3083 23.611 0
      vertex -17.3083 23.611 0
      vertex 17.3083 48.389 0
    endloop
  endfacet
  facet normal 0 0 -1
    outer loop
      vertex 17.3083 48.389 0
      vertex -17.2175 48.525 0
      vertex -17.1451 48.6716 0
    endloop
  endfacet
  facet normal 0 0 -1
    outer loop
      vertex -17.3083 48.389 0
      vertex 17.3083 48.389 0
      vertex -17.3083 23.611 0
    endloop
  endfacet
  facet normal 0 0 -1
    outer loop
      vertex 17.3083 48.389 0
      vertex -17.3083 48.389 0
      vertex -17.2175 48.525 0
    endloop
  endfacet
  facet normal 0 0 -1
    outer loop
      vertex -17.4161 23.7339 0
      vertex -17.3083 48.389 0
      vertex -17.3083 23.611 0
    endloop
  endfacet
  facet normal 0 0 -1
    outer loop
      vertex -17.4161 23.7339 0
      vertex -17.4161 48.2661 0
      vertex -17.3083 48.389 0
    endloop
  endfacet
  facet normal 0 0 -1
    outer loop
      vertex -17.539 23.8417 0
      vertex -17.4161 48.2661 0
      vertex -17.4161 23.7339 0
    endloop
  endfacet
  facet normal 0 0 -1
    outer loop
      vertex -17.539 23.8417 0
      vertex -17.539 48.1583 0
      vertex -17.4161 48.2661 0
    endloop
  endfacet
  facet normal 0 0 -1
    outer loop
      vertex -17.675 23.9325 0
      vertex -17.539 48.1583 0
      vertex -17.539 23.8417 0
    endloop
  endfacet
  facet normal 0 0 -1
    outer loop
      vertex -17.675 23.9325 0
      vertex -17.675 48.0675 0
      vertex -17.539 48.1583 0
    endloop
  endfacet
  facet normal 0 0 -1
    outer loop
      vertex -17.8216 24.0048 0
      vertex -17.675 48.0675 0
      vertex -17.675 23.9325 0
    endloop
  endfacet
  facet normal 0 0 -1
    outer loop
      vertex -17.8216 24.0048 0
      vertex -17.8216 47.9952 0
      vertex -17.675 48.0675 0
    endloop
  endfacet
  facet normal 0 0 -1
    outer loop
      vertex -17.9765 24.0574 0
      vertex -17.8216 47.9952 0
      vertex -17.8216 24.0048 0
    endloop
  endfacet
  facet normal 0 0 -1
    outer loop
      vertex -17.9765 24.0574 0
      vertex -17.9765 47.9426 0
      vertex -17.8216 47.9952 0
    endloop
  endfacet
  facet normal 0 0 -1
    outer loop
      vertex -18.1368 24.0893 0
      vertex -17.9765 47.9426 0
      vertex -17.9765 24.0574 0
    endloop
  endfacet
  facet normal 0 0 -1
    outer loop
      vertex -18.1368 24.0893 0
      vertex -18.1368 47.9107 0
      vertex -17.9765 47.9426 0
    endloop
  endfacet
  facet normal 0 0 -1
    outer loop
      vertex -18.3 24.1 0
      vertex -18.1368 47.9107 0
      vertex -18.1368 24.0893 0
    endloop
  endfacet
  facet normal 0 0 -1
    outer loop
      vertex -18.3 24.1 0
      vertex -18.3 47.9 0
      vertex -18.1368 47.9107 0
    endloop
  endfacet
  facet normal 0 0 -1
    outer loop
      vertex -21.8 24.1 0
      vertex -18.3 47.9 0
      vertex -18.3 24.1 0
    endloop
  endfacet
  facet normal 0 0 -1
    outer loop
      vertex -21.8 24.1 0
      vertex -21.8 47.9 0
      vertex -18.3 47.9 0
    endloop
  endfacet
  facet normal 0 0 -1
    outer loop
      vertex -21.9632 24.0893 0
      vertex -21.8 47.9 0
      vertex -21.8 24.1 0
    endloop
  endfacet
  facet normal 0 0 -1
    outer loop
      vertex -21.9632 24.0893 0
      vertex -21.9632 47.9107 0
      vertex -21.8 47.9 0
    endloop
  endfacet
  facet normal 0 0 -1
    outer loop
      vertex -22.1235 24.0574 0
      vertex -21.9632 47.9107 0
      vertex -21.9632 24.0893 0
    endloop
  endfacet
  facet normal 0 0 -1
    outer loop
      vertex -22.1235 24.0574 0
      vertex -22.1235 47.9426 0
      vertex -21.9632 47.9107 0
    endloop
  endfacet
  facet normal 0 0 -1
    outer loop
      vertex -22.2784 24.0048 0
      vertex -22.1235 47.9426 0
      vertex -22.1235 24.0574 0
    endloop
  endfacet
  facet normal 0 0 -1
    outer loop
      vertex -22.2784 24.0048 0
      vertex -22.2784 47.9952 0
      vertex -22.1235 47.9426 0
    endloop
  endfacet
  facet normal 0 0 -1
    outer loop
      vertex -28.5 23.5 0
      vertex -22.2784 24.0048 0
      vertex -22.425 23.9325 0
    endloop
  endfacet
  facet normal -0 0 -1
    outer loop
      vertex -22.2784 24.0048 0
      vertex -28.5 23.5 0
      vertex -22.2784 47.9952 0
    endloop
  endfacet
  facet normal 0 0 -1
    outer loop
      vertex -28.5 23.5 0
      vertex -22.425 23.9325 0
      vertex -22.561 23.8417 0
    endloop
  endfacet
  facet normal 0 0 -1
    outer loop
      vertex -39 36 0
      vertex -22.2784 47.9952 0
      vertex -28.5 23.5 0
    endloop
  endfacet
  facet normal 0 0 -1
    outer loop
      vertex -28.5 23.5 0
      vertex -22.561 23.8417 0
      vertex -22.6839 23.7339 0
    endloop
  endfacet
  facet normal 0 0 -1
    outer loop
      vertex -39.077 37.1747 0
      vertex -22.2784 47.9952 0
      vertex -39 36 0
    endloop
  endfacet
  facet normal 0 0 -1
    outer loop
      vertex -28.5 23.5 0
      vertex -22.6839 23.7339 0
      vertex -22.7917 23.611 0
    endloop
  endfacet
  facet normal -0 0 -1
    outer loop
      vertex -22.2784 47.9952 0
      vertex -39.077 37.1747 0
      vertex -22.425 48.0675 0
    endloop
  endfacet
  facet normal 0 0 -1
    outer loop
      vertex -28.5 23.5 0
      vertex -22.7917 23.611 0
      vertex -22.8658 23.5 0
    endloop
  endfacet
  facet normal -0 0 -1
    outer loop
      vertex -22.425 48.0675 0
      vertex -39.077 37.1747 0
      vertex -22.561 48.1583 0
    endloop
  endfacet
  facet normal 0 0 -1
    outer loop
      vertex -39.3067 38.3294 0
      vertex -22.561 48.1583 0
      vertex -39.077 37.1747 0
    endloop
  endfacet
  facet normal -0 0 -1
    outer loop
      vertex -22.561 48.1583 0
      vertex -39.3067 38.3294 0
      vertex -22.6839 48.2661 0
    endloop
  endfacet
  facet normal -0 0 -1
    outer loop
      vertex -22.6839 48.2661 0
      vertex -39.3067 38.3294 0
      vertex -22.7917 48.389 0
    endloop
  endfacet
  facet normal 0 0 -1
    outer loop
      vertex -39.6851 39.4441 0
      vertex -22.7917 48.389 0
      vertex -39.3067 38.3294 0
    endloop
  endfacet
  facet normal -0 0 -1
    outer loop
      vertex -22.7917 48.389 0
      vertex -39.6851 39.4441 0
      vertex -22.8825 48.525 0
    endloop
  endfacet
  facet normal -0 0 -1
    outer loop
      vertex -8 -3.4641 0
      vertex -18.75 -20.701 0
      vertex -8.43505 -3.17341 0
    endloop
  endfacet
  facet normal 0 0 -1
    outer loop
      vertex -10 0 0
      vertex -17.0607 22.6868 0
      vertex -17.05 22.85 0
    endloop
  endfacet
  facet normal 0 0 -1
    outer loop
      vertex -18.926 -20.6142 0
      vertex -8.43505 -3.17341 0
      vertex -18.75 -20.701 0
    endloop
  endfacet
  facet normal 0 0 -1
    outer loop
      vertex -10 0 0
      vertex -17.0926 22.5265 0
      vertex -17.0607 22.6868 0
    endloop
  endfacet
  facet normal -0 0 -1
    outer loop
      vertex -8.43505 -3.17341 0
      vertex -18.926 -20.6142 0
      vertex -8.82843 -2.82843 0
    endloop
  endfacet
  facet normal 0 0 -1
    outer loop
      vertex -10 0 0
      vertex -17.1451 22.3716 0
      vertex -17.0926 22.5265 0
    endloop
  endfacet
  facet normal 0 0 -1
    outer loop
      vertex -19.1118 -20.5511 0
      vertex -8.82843 -2.82843 0
      vertex -18.926 -20.6142 0
    endloop
  endfacet
  facet normal 0 0 -1
    outer loop
      vertex -10 0 0
      vertex -17.2175 22.225 0
      vertex -17.1451 22.3716 0
    endloop
  endfacet
  facet normal 0 0 -1
    outer loop
      vertex -19.3042 -20.5128 0
      vertex -8.82843 -2.82843 0
      vertex -19.1118 -20.5511 0
    endloop
  endfacet
  facet normal 0 0 -1
    outer loop
      vertex -10 0 0
      vertex -17.3083 22.089 0
      vertex -17.2175 22.225 0
    endloop
  endfacet
  facet normal -0 0 -1
    outer loop
      vertex -8.82843 -2.82843 0
      vertex -19.3042 -20.5128 0
      vertex -9.17341 -2.43505 0
    endloop
  endfacet
  facet normal 0 0 -1
    outer loop
      vertex -10 0 0
      vertex -17.4161 21.9661 0
      vertex -17.3083 22.089 0
    endloop
  endfacet
  facet normal 0 0 -1
    outer loop
      vertex -18.4393 -20.9393 0
      vertex -17.4161 -21.9661 0
      vertex -17.539 -21.8583 0
    endloop
  endfacet
  facet normal 0 0 -1
    outer loop
      vertex -19.5 -20.5 0
      vertex -9.17341 -2.43505 0
      vertex -19.3042 -20.5128 0
    endloop
  endfacet
  facet normal 0 0 -1
    outer loop
      vertex -18.31 -21.0869 0
      vertex -17.539 -21.8583 0
      vertex -17.675 -21.7675 0
    endloop
  endfacet
  facet normal 0 0 -1
    outer loop
      vertex -10 0 0
      vertex -18.4393 20.9393 0
      vertex -17.4161 21.9661 0
    endloop
  endfacet
  facet normal 0 0 -1
    outer loop
      vertex -18.201 -21.25 0
      vertex -17.675 -21.7675 0
      vertex -17.8216 -21.6952 0
    endloop
  endfacet
  facet normal 0 0 -1
    outer loop
      vertex -17.539 -21.8583 0
      vertex -18.31 -21.0869 0
      vertex -18.4393 -20.9393 0
    endloop
  endfacet
  facet normal 0 0 -1
    outer loop
      vertex -18.1142 -21.426 0
      vertex -17.8216 -21.6952 0
      vertex -17.9765 -21.6426 0
    endloop
  endfacet
  facet normal 0 0 -1
    outer loop
      vertex -17.675 -21.7675 0
      vertex -18.201 -21.25 0
      vertex -18.31 -21.0869 0
    endloop
  endfacet
  facet normal 0 0 -1
    outer loop
      vertex -18.0511 -21.6118 0
      vertex -17.9765 -21.6426 0
      vertex -18.0478 -21.6284 0
    endloop
  endfacet
  facet normal 0 0 -1
    outer loop
      vertex -18.1142 -21.426 0
      vertex -17.9765 -21.6426 0
      vertex -18.0511 -21.6118 0
    endloop
  endfacet
  facet normal 0 0 -1
    outer loop
      vertex -17.8216 -21.6952 0
      vertex -18.1142 -21.426 0
      vertex -18.201 -21.25 0
    endloop
  endfacet
  facet normal 0 0 -1
    outer loop
      vertex -17.9765 21.6426 0
      vertex -18.0511 21.6118 0
      vertex -18.0478 21.6284 0
    endloop
  endfacet
  facet normal 0 0 -1
    outer loop
      vertex -17.4161 21.9661 0
      vertex -18.4393 20.9393 0
      vertex -17.539 21.8583 0
    endloop
  endfacet
  facet normal 0 0 -1
    outer loop
      vertex -17.9765 21.6426 0
      vertex -18.1142 21.426 0
      vertex -18.0511 21.6118 0
    endloop
  endfacet
  facet normal 0 -0 -1
    outer loop
      vertex -18.1142 21.426 0
      vertex -17.8216 21.6952 0
      vertex -18.201 21.25 0
    endloop
  endfacet
  facet normal 0 0 -1
    outer loop
      vertex -17.8216 21.6952 0
      vertex -18.1142 21.426 0
      vertex -17.9765 21.6426 0
    endloop
  endfacet
  facet normal 0 -0 -1
    outer loop
      vertex -18.201 21.25 0
      vertex -17.675 21.7675 0
      vertex -18.31 21.0869 0
    endloop
  endfacet
  facet normal 0 0 -1
    outer loop
      vertex -17.675 21.7675 0
      vertex -18.201 21.25 0
      vertex -17.8216 21.6952 0
    endloop
  endfacet
  facet normal 0 -0 -1
    outer loop
      vertex -18.31 21.0869 0
      vertex -17.539 21.8583 0
      vertex -18.4393 20.9393 0
    endloop
  endfacet
  facet normal 0 0 -1
    outer loop
      vertex -17.539 21.8583 0
      vertex -18.31 21.0869 0
      vertex -17.675 21.7675 0
    endloop
  endfacet
  facet normal -0 0 -1
    outer loop
      vertex -9.17341 -2.43505 0
      vertex -19.5 -20.5 0
      vertex -9.4641 -2 0
    endloop
  endfacet
  facet normal 0 0 -1
    outer loop
      vertex -10 0 0
      vertex -18.5869 20.81 0
      vertex -18.4393 20.9393 0
    endloop
  endfacet
  facet normal -0 0 -1
    outer loop
      vertex -9.4641 -2 0
      vertex -19.5 -20.5 0
      vertex -9.69552 -1.53073 0
    endloop
  endfacet
  facet normal 0 0 -1
    outer loop
      vertex -10 0 0
      vertex -18.75 20.701 0
      vertex -18.5869 20.81 0
    endloop
  endfacet
  facet normal -0 0 -1
    outer loop
      vertex -9.69552 -1.53073 0
      vertex -19.5 -20.5 0
      vertex -9.8637 -1.03528 0
    endloop
  endfacet
  facet normal 0 0 -1
    outer loop
      vertex -10 0 0
      vertex -18.926 20.6142 0
      vertex -18.75 20.701 0
    endloop
  endfacet
  facet normal 0 0 -1
    outer loop
      vertex -28.5 -20.5 0
      vertex -9.8637 -1.03528 0
      vertex -19.5 -20.5 0
    endloop
  endfacet
  facet normal 0 0 -1
    outer loop
      vertex -10 0 0
      vertex -19.1118 20.5511 0
      vertex -18.926 20.6142 0
    endloop
  endfacet
  facet normal -0 0 -1
    outer loop
      vertex -9.8637 -1.03528 0
      vertex -28.5 -20.5 0
      vertex -9.96578 -0.522104 0
    endloop
  endfacet
  facet normal 0 0 -1
    outer loop
      vertex -10 0 0
      vertex -19.3042 20.5128 0
      vertex -19.1118 20.5511 0
    endloop
  endfacet
  facet normal -0 0 -1
    outer loop
      vertex -9.96578 -0.522104 0
      vertex -28.5 -20.5 0
      vertex -10 0 0
    endloop
  endfacet
  facet normal 0 0 -1
    outer loop
      vertex -10 0 0
      vertex -19.5 20.5 0
      vertex -19.3042 20.5128 0
    endloop
  endfacet
  facet normal 0 0 -1
    outer loop
      vertex -28.6958 -20.5128 0
      vertex -10 0 0
      vertex -28.5 -20.5 0
    endloop
  endfacet
  facet normal 0 0 -1
    outer loop
      vertex -10 0 0
      vertex -28.5 20.5 0
      vertex -19.5 20.5 0
    endloop
  endfacet
  facet normal 0 0 -1
    outer loop
      vertex -28.6958 20.5128 0
      vertex -10 0 0
      vertex -28.6958 -20.5128 0
    endloop
  endfacet
  facet normal 0 0 -1
    outer loop
      vertex -10 0 0
      vertex -28.6958 20.5128 0
      vertex -28.5 20.5 0
    endloop
  endfacet
  facet normal 0 0 -1
    outer loop
      vertex -28.8882 -20.5511 0
      vertex -28.6958 20.5128 0
      vertex -28.6958 -20.5128 0
    endloop
  endfacet
  facet normal 0 0 -1
    outer loop
      vertex -28.8882 -20.5511 0
      vertex -28.8882 20.5511 0
      vertex -28.6958 20.5128 0
    endloop
  endfacet
  facet normal 0 0 -1
    outer loop
      vertex -29.074 -20.6142 0
      vertex -28.8882 20.5511 0
      vertex -28.8882 -20.5511 0
    endloop
  endfacet
  facet normal 0 0 -1
    outer loop
      vertex -29.074 -20.6142 0
      vertex -29.074 20.6142 0
      vertex -28.8882 20.5511 0
    endloop
  endfacet
  facet normal 0 0 -1
    outer loop
      vertex -29.25 -20.701 0
      vertex -29.074 20.6142 0
      vertex -29.074 -20.6142 0
    endloop
  endfacet
  facet normal 0 0 -1
    outer loop
      vertex -29.25 -20.701 0
      vertex -29.25 20.701 0
      vertex -29.074 20.6142 0
    endloop
  endfacet
  facet normal 0 0 -1
    outer loop
      vertex -45.2083 -22.089 0
      vertex -29.799 -21.25 0
      vertex -45.1175 -22.225 0
    endloop
  endfacet
  facet normal -0 0 -1
    outer loop
      vertex -29.799 -21.25 0
      vertex -45.2083 -22.089 0
      vertex -29.69 -21.0869 0
    endloop
  endfacet
  facet normal -0 0 -1
    outer loop
      vertex -29.8858 -21.426 0
      vertex -45.1175 -22.225 0
      vertex -29.799 -21.25 0
    endloop
  endfacet
  facet normal 0 0 -1
    outer loop
      vertex -45.3161 -21.9661 0
      vertex -29.69 -21.0869 0
      vertex -45.2083 -22.089 0
    endloop
  endfacet
  facet normal 0 0 -1
    outer loop
      vertex -45.1175 -22.225 0
      vertex -29.8858 -21.426 0
      vertex -45.0452 -22.3716 0
    endloop
  endfacet
  facet normal 0 0 -1
    outer loop
      vertex -29.25 20.701 0
      vertex -44.95 22.85 0
      vertex -29.4131 20.81 0
    endloop
  endfacet
  facet normal -0 0 -1
    outer loop
      vertex -29.9489 -21.6118 0
      vertex -45.0452 -22.3716 0
      vertex -29.8858 -21.426 0
    endloop
  endfacet
  facet normal 0 0 -1
    outer loop
      vertex -29.4131 20.81 0
      vertex -44.95 22.85 0
      vertex -29.5607 20.9393 0
    endloop
  endfacet
  facet normal 0 0 -1
    outer loop
      vertex -42.5211 -28.8598 0
      vertex -29.9872 -22.1958 0
      vertex -41.636 -29.636 0
    endloop
  endfacet
  facet normal 0 0 -1
    outer loop
      vertex -44.95 -22.85 0
      vertex -29.9872 -22.1958 0
      vertex -42.5211 -28.8598 0
    endloop
  endfacet
  facet normal 0 0 -1
    outer loop
      vertex -41.636 -29.636 0
      vertex -29.8858 -22.574 0
      vertex -40.8598 -30.5211 0
    endloop
  endfacet
  facet normal -0 0 -1
    outer loop
      vertex -29.8858 -22.574 0
      vertex -41.636 -29.636 0
      vertex -29.9489 -22.3882 0
    endloop
  endfacet
  facet normal -0 0 -1
    outer loop
      vertex -29.799 -22.75 0
      vertex -40.8598 -30.5211 0
      vertex -29.8858 -22.574 0
    endloop
  endfacet
  facet normal -0 0 -1
    outer loop
      vertex -29.9489 -22.3882 0
      vertex -41.636 -29.636 0
      vertex -29.9872 -22.1958 0
    endloop
  endfacet
  facet normal -0 0 -1
    outer loop
      vertex -29.69 -22.9131 0
      vertex -40.8598 -30.5211 0
      vertex -29.799 -22.75 0
    endloop
  endfacet
  facet normal 0 0 -1
    outer loop
      vertex -29.8858 21.426 0
      vertex -39 36 0
      vertex -29.9489 21.6118 0
    endloop
  endfacet
  facet normal 0 0 -1
    outer loop
      vertex 17.1451 -48.6716 0
      vertex -17.1451 -48.6716 0
      vertex 17.2175 -48.525 0
    endloop
  endfacet
  facet normal 0 0 -1
    outer loop
      vertex 17.3083 -48.389 0
      vertex -17.0607 -23.0132 0
      vertex -17.05 -22.85 0
    endloop
  endfacet
  facet normal 0 0 -1
    outer loop
      vertex -17.2175 -48.525 0
      vertex 17.2175 -48.525 0
      vertex -17.1451 -48.6716 0
    endloop
  endfacet
  facet normal 0 0 -1
    outer loop
      vertex 17.3083 -48.389 0
      vertex -17.0926 -23.1735 0
      vertex -17.0607 -23.0132 0
    endloop
  endfacet
  facet normal 0 0 -1
    outer loop
      vertex 17.2175 -48.525 0
      vertex -17.2175 -48.525 0
      vertex 17.3083 -48.389 0
    endloop
  endfacet
  facet normal 0 0 -1
    outer loop
      vertex 17.3083 -48.389 0
      vertex -17.1451 -23.3284 0
      vertex -17.0926 -23.1735 0
    endloop
  endfacet
  facet normal 0 0 -1
    outer loop
      vertex -17.3083 -48.389 0
      vertex 17.3083 -48.389 0
      vertex -17.2175 -48.525 0
    endloop
  endfacet
  facet normal 0 0 -1
    outer loop
      vertex 17.3083 -48.389 0
      vertex -17.2175 -23.475 0
      vertex -17.1451 -23.3284 0
    endloop
  endfacet
  facet normal 0 0 -1
    outer loop
      vertex -17.3083 -23.611 0
      vertex 17.3083 -48.389 0
      vertex -17.3083 -48.389 0
    endloop
  endfacet
  facet normal 0 0 -1
    outer loop
      vertex 17.3083 -48.389 0
      vertex -17.3083 -23.611 0
      vertex -17.2175 -23.475 0
    endloop
  endfacet
  facet normal 0 0 -1
    outer loop
      vertex -17.4161 -48.2661 0
      vertex -17.3083 -23.611 0
      vertex -17.3083 -48.389 0
    endloop
  endfacet
  facet normal 0 0 -1
    outer loop
      vertex -17.4161 -48.2661 0
      vertex -17.4161 -23.7339 0
      vertex -17.3083 -23.611 0
    endloop
  endfacet
  facet normal 0 0 -1
    outer loop
      vertex -17.539 -48.1583 0
      vertex -17.4161 -23.7339 0
      vertex -17.4161 -48.2661 0
    endloop
  endfacet
  facet normal 0 0 -1
    outer loop
      vertex -17.539 -48.1583 0
      vertex -17.539 -23.8417 0
      vertex -17.4161 -23.7339 0
    endloop
  endfacet
  facet normal 0 0 -1
    outer loop
      vertex -17.675 -48.0675 0
      vertex -17.539 -23.8417 0
      vertex -17.539 -48.1583 0
    endloop
  endfacet
  facet normal 0 0 -1
    outer loop
      vertex -17.675 -48.0675 0
      vertex -17.675 -23.9325 0
      vertex -17.539 -23.8417 0
    endloop
  endfacet
  facet normal 0 0 -1
    outer loop
      vertex -17.8216 -47.9952 0
      vertex -17.675 -23.9325 0
      vertex -17.675 -48.0675 0
    endloop
  endfacet
  facet normal 0 0 -1
    outer loop
      vertex -17.8216 -47.9952 0
      vertex -17.8216 -24.0048 0
      vertex -17.675 -23.9325 0
    endloop
  endfacet
  facet normal 0 0 -1
    outer loop
      vertex -17.9765 -47.9426 0
      vertex -17.8216 -24.0048 0
      vertex -17.8216 -47.9952 0
    endloop
  endfacet
  facet normal 0 0 -1
    outer loop
      vertex -17.9765 -47.9426 0
      vertex -17.9765 -24.0574 0
      vertex -17.8216 -24.0048 0
    endloop
  endfacet
  facet normal 0 0 -1
    outer loop
      vertex -18.1368 -47.9107 0
      vertex -17.9765 -24.0574 0
      vertex -17.9765 -47.9426 0
    endloop
  endfacet
  facet normal 0 0 -1
    outer loop
      vertex -18.1368 -47.9107 0
      vertex -18.1368 -24.0893 0
      vertex -17.9765 -24.0574 0
    endloop
  endfacet
  facet normal 0 0 -1
    outer loop
      vertex -18.3 -47.9 0
      vertex -18.1368 -24.0893 0
      vertex -18.1368 -47.9107 0
    endloop
  endfacet
  facet normal 0 0 -1
    outer loop
      vertex -18.3 -47.9 0
      vertex -18.3 -24.1 0
      vertex -18.1368 -24.0893 0
    endloop
  endfacet
  facet normal 0 0 -1
    outer loop
      vertex -21.8 -47.9 0
      vertex -18.3 -24.1 0
      vertex -18.3 -47.9 0
    endloop
  endfacet
  facet normal 0 0 -1
    outer loop
      vertex -21.8 -47.9 0
      vertex -21.8 -24.1 0
      vertex -18.3 -24.1 0
    endloop
  endfacet
  facet normal 0 0 -1
    outer loop
      vertex -21.9632 -47.9107 0
      vertex -21.8 -24.1 0
      vertex -21.8 -47.9 0
    endloop
  endfacet
  facet normal 0 0 -1
    outer loop
      vertex -21.9632 -47.9107 0
      vertex -21.9632 -24.0893 0
      vertex -21.8 -24.1 0
    endloop
  endfacet
  facet normal 0 0 -1
    outer loop
      vertex -22.1235 -47.9426 0
      vertex -21.9632 -24.0893 0
      vertex -21.9632 -47.9107 0
    endloop
  endfacet
  facet normal 0 0 -1
    outer loop
      vertex -22.1235 -47.9426 0
      vertex -22.1235 -24.0574 0
      vertex -21.9632 -24.0893 0
    endloop
  endfacet
  facet normal 0 0 -1
    outer loop
      vertex -22.2784 -47.9952 0
      vertex -22.1235 -24.0574 0
      vertex -22.1235 -47.9426 0
    endloop
  endfacet
  facet normal 0 0 -1
    outer loop
      vertex -22.2784 -47.9952 0
      vertex -22.2784 -24.0048 0
      vertex -22.1235 -24.0574 0
    endloop
  endfacet
  facet normal 0 0 -1
    outer loop
      vertex -39.077 -37.1747 0
      vertex -22.2784 -47.9952 0
      vertex -22.425 -48.0675 0
    endloop
  endfacet
  facet normal 0 0 -1
    outer loop
      vertex -22.2784 -47.9952 0
      vertex -28.5 -23.5 0
      vertex -22.2784 -24.0048 0
    endloop
  endfacet
  facet normal 0 0 -1
    outer loop
      vertex -39.077 -37.1747 0
      vertex -22.425 -48.0675 0
      vertex -22.561 -48.1583 0
    endloop
  endfacet
  facet normal 0 0 -1
    outer loop
      vertex -22.2784 -24.0048 0
      vertex -28.5 -23.5 0
      vertex -22.425 -23.9325 0
    endloop
  endfacet
  facet normal 0 0 -1
    outer loop
      vertex -39.3067 -38.3294 0
      vertex -22.561 -48.1583 0
      vertex -22.6839 -48.2661 0
    endloop
  endfacet
  facet normal 0 0 -1
    outer loop
      vertex -22.425 -23.9325 0
      vertex -28.5 -23.5 0
      vertex -22.561 -23.8417 0
    endloop
  endfacet
  facet normal 0 0 -1
    outer loop
      vertex -39.3067 -38.3294 0
      vertex -22.6839 -48.2661 0
      vertex -22.7917 -48.389 0
    endloop
  endfacet
  facet normal 0 0 -1
    outer loop
      vertex -22.561 -23.8417 0
      vertex -28.5 -23.5 0
      vertex -22.6839 -23.7339 0
    endloop
  endfacet
  facet normal 0 0 -1
    outer loop
      vertex -22.6839 -23.7339 0
      vertex -28.5 -23.5 0
      vertex -22.7917 -23.611 0
    endloop
  endfacet
  facet normal 0 0 -1
    outer loop
      vertex -39.6851 -39.4441 0
      vertex -22.7917 -48.389 0
      vertex -22.8825 -48.525 0
    endloop
  endfacet
  facet normal 0 0 -1
    outer loop
      vertex -40.2058 -40.5 0
      vertex -22.8825 -48.525 0
      vertex -22.9548 -48.6716 0
    endloop
  endfacet
  facet normal 0 0 -1
    outer loop
      vertex -40.2058 -40.5 0
      vertex -22.9548 -48.6716 0
      vertex -23.0074 -48.8265 0
    endloop
  endfacet
  facet normal 0 0 -1
    outer loop
      vertex -40.8598 -41.4789 0
      vertex -23.0074 -48.8265 0
      vertex -23.0393 -48.9868 0
    endloop
  endfacet
  facet normal 0 0 -1
    outer loop
      vertex -40.8598 -41.4789 0
      vertex -23.0393 -48.9868 0
      vertex -23.05 -49.15 0
    endloop
  endfacet
  facet normal 0 0 -1
    outer loop
      vertex -22.7917 -23.611 0
      vertex -28.5 -23.5 0
      vertex -22.8658 -23.5 0
    endloop
  endfacet
  facet normal 0 0 -1
    outer loop
      vertex 40.8598 41.4789 0
      vertex 23.0393 48.9868 0
      vertex 23.05 49.15 0
    endloop
  endfacet
  facet normal 0 0 -1
    outer loop
      vertex 39 36 0
      vertex 23.0074 48.8265 0
      vertex 23.0393 48.9868 0
    endloop
  endfacet
  facet normal 0 0 -1
    outer loop
      vertex 39 36 0
      vertex 22.9548 48.6716 0
      vertex 23.0074 48.8265 0
    endloop
  endfacet
  facet normal 0 0 -1
    outer loop
      vertex 39 36 0
      vertex 22.8825 48.525 0
      vertex 22.9548 48.6716 0
    endloop
  endfacet
  facet normal 0 0 -1
    outer loop
      vertex 22.7917 23.611 0
      vertex 28.5 23.5 0
      vertex 22.8658 23.5 0
    endloop
  endfacet
  facet normal 0 0 -1
    outer loop
      vertex 22.6839 23.7339 0
      vertex 28.5 23.5 0
      vertex 22.7917 23.611 0
    endloop
  endfacet
  facet normal 0 0 -1
    outer loop
      vertex 39 36 0
      vertex 22.7917 48.389 0
      vertex 22.8825 48.525 0
    endloop
  endfacet
  facet normal 0 0 -1
    outer loop
      vertex 22.561 23.8417 0
      vertex 28.5 23.5 0
      vertex 22.6839 23.7339 0
    endloop
  endfacet
  facet normal 0 0 -1
    outer loop
      vertex 39 36 0
      vertex 22.6839 48.2661 0
      vertex 22.7917 48.389 0
    endloop
  endfacet
  facet normal 0 0 -1
    outer loop
      vertex 22.425 23.9325 0
      vertex 28.5 23.5 0
      vertex 22.561 23.8417 0
    endloop
  endfacet
  facet normal 0 0 -1
    outer loop
      vertex 39 36 0
      vertex 22.561 48.1583 0
      vertex 22.6839 48.2661 0
    endloop
  endfacet
  facet normal 0 0 -1
    outer loop
      vertex 22.2784 24.0048 0
      vertex 28.5 23.5 0
      vertex 22.425 23.9325 0
    endloop
  endfacet
  facet normal 0 0 -1
    outer loop
      vertex 39 36 0
      vertex 22.425 48.0675 0
      vertex 22.561 48.1583 0
    endloop
  endfacet
  facet normal 0 0 -1
    outer loop
      vertex 22.2784 47.9952 0
      vertex 28.5 23.5 0
      vertex 22.2784 24.0048 0
    endloop
  endfacet
  facet normal 0 0 -1
    outer loop
      vertex 39 36 0
      vertex 22.2784 47.9952 0
      vertex 22.425 48.0675 0
    endloop
  endfacet
  facet normal 0 0 -1
    outer loop
      vertex 22.1235 24.0574 0
      vertex 22.2784 47.9952 0
      vertex 22.2784 24.0048 0
    endloop
  endfacet
  facet normal 0 0 -1
    outer loop
      vertex 22.1235 24.0574 0
      vertex 22.1235 47.9426 0
      vertex 22.2784 47.9952 0
    endloop
  endfacet
  facet normal 0 0 -1
    outer loop
      vertex 21.9632 24.0893 0
      vertex 22.1235 47.9426 0
      vertex 22.1235 24.0574 0
    endloop
  endfacet
  facet normal 0 0 -1
    outer loop
      vertex 21.9632 24.0893 0
      vertex 21.9632 47.9107 0
      vertex 22.1235 47.9426 0
    endloop
  endfacet
  facet normal 0 0 -1
    outer loop
      vertex 21.8 24.1 0
      vertex 21.9632 47.9107 0
      vertex 21.9632 24.0893 0
    endloop
  endfacet
  facet normal 0 0 -1
    outer loop
      vertex 21.8 24.1 0
      vertex 21.8 47.9 0
      vertex 21.9632 47.9107 0
    endloop
  endfacet
  facet normal 0 0 -1
    outer loop
      vertex 18.3 24.1 0
      vertex 21.8 47.9 0
      vertex 21.8 24.1 0
    endloop
  endfacet
  facet normal 0 0 -1
    outer loop
      vertex 18.3 24.1 0
      vertex 18.3 47.9 0
      vertex 21.8 47.9 0
    endloop
  endfacet
  facet normal 0 0 -1
    outer loop
      vertex 18.1368 24.0893 0
      vertex 18.3 47.9 0
      vertex 18.3 24.1 0
    endloop
  endfacet
  facet normal 0 0 -1
    outer loop
      vertex 18.1368 24.0893 0
      vertex 18.1368 47.9107 0
      vertex 18.3 47.9 0
    endloop
  endfacet
  facet normal 0 0 -1
    outer loop
      vertex 17.9765 24.0574 0
      vertex 18.1368 47.9107 0
      vertex 18.1368 24.0893 0
    endloop
  endfacet
  facet normal 0 0 -1
    outer loop
      vertex 17.9765 24.0574 0
      vertex 17.9765 47.9426 0
      vertex 18.1368 47.9107 0
    endloop
  endfacet
  facet normal 0 0 -1
    outer loop
      vertex 17.8216 24.0048 0
      vertex 17.9765 47.9426 0
      vertex 17.9765 24.0574 0
    endloop
  endfacet
  facet normal 0 0 -1
    outer loop
      vertex 17.8216 24.0048 0
      vertex 17.8216 47.9952 0
      vertex 17.9765 47.9426 0
    endloop
  endfacet
  facet normal 0 0 -1
    outer loop
      vertex 17.675 23.9325 0
      vertex 17.8216 47.9952 0
      vertex 17.8216 24.0048 0
    endloop
  endfacet
  facet normal 0 0 -1
    outer loop
      vertex 17.675 23.9325 0
      vertex 17.675 48.0675 0
      vertex 17.8216 47.9952 0
    endloop
  endfacet
  facet normal 0 0 -1
    outer loop
      vertex 17.539 23.8417 0
      vertex 17.675 48.0675 0
      vertex 17.675 23.9325 0
    endloop
  endfacet
  facet normal 0 0 -1
    outer loop
      vertex 17.539 23.8417 0
      vertex 17.539 48.1583 0
      vertex 17.675 48.0675 0
    endloop
  endfacet
  facet normal 0 0 -1
    outer loop
      vertex 17.4161 23.7339 0
      vertex 17.539 48.1583 0
      vertex 17.539 23.8417 0
    endloop
  endfacet
  facet normal 0 0 -1
    outer loop
      vertex 17.4161 23.7339 0
      vertex 17.4161 48.2661 0
      vertex 17.539 48.1583 0
    endloop
  endfacet
  facet normal 0 0 -1
    outer loop
      vertex 17.3083 23.611 0
      vertex 17.4161 48.2661 0
      vertex 17.4161 23.7339 0
    endloop
  endfacet
  facet normal 0 0 -1
    outer loop
      vertex 17.3083 23.611 0
      vertex 17.3083 48.389 0
      vertex 17.4161 48.2661 0
    endloop
  endfacet
  facet normal 0 0 -1
    outer loop
      vertex 17.0926 23.1735 0
      vertex -17.0926 23.1735 0
      vertex 17.1451 23.3284 0
    endloop
  endfacet
  facet normal 0 0 -1
    outer loop
      vertex -17.1451 23.3284 0
      vertex 17.1451 23.3284 0
      vertex -17.0926 23.1735 0
    endloop
  endfacet
  facet normal 0 0 -1
    outer loop
      vertex -17.0926 23.1735 0
      vertex 17.0926 23.1735 0
      vertex -17.0607 23.0132 0
    endloop
  endfacet
  facet normal 0 0 -1
    outer loop
      vertex 17.1451 23.3284 0
      vertex -17.1451 23.3284 0
      vertex 17.2175 23.475 0
    endloop
  endfacet
  facet normal 0 0 -1
    outer loop
      vertex 17.0607 23.0132 0
      vertex -17.0607 23.0132 0
      vertex 17.0926 23.1735 0
    endloop
  endfacet
  facet normal 0 0 -1
    outer loop
      vertex 17.3083 48.389 0
      vertex -17.05 49.15 0
      vertex 17.2175 48.525 0
    endloop
  endfacet
  facet normal 0 0 -1
    outer loop
      vertex -17.0607 23.0132 0
      vertex 17.0607 23.0132 0
      vertex -17.05 22.85 0
    endloop
  endfacet
  facet normal 0 0 -1
    outer loop
      vertex 17.2175 48.525 0
      vertex -17.05 49.15 0
      vertex 17.1451 48.6716 0
    endloop
  endfacet
  facet normal 0 0 -1
    outer loop
      vertex -17.05 22.85 0
      vertex 17.0607 23.0132 0
      vertex 17.05 22.85 0
    endloop
  endfacet
  facet normal 0 0 -1
    outer loop
      vertex 17.1451 48.6716 0
      vertex -17.05 49.15 0
      vertex 17.0926 48.8265 0
    endloop
  endfacet
  facet normal 0 0 -1
    outer loop
      vertex 29.5607 -20.9393 0
      vertex 45.3161 -21.9661 0
      vertex 29.69 -21.0869 0
    endloop
  endfacet
  facet normal 0 0 -1
    outer loop
      vertex 45.7216 21.6952 0
      vertex 29.9872 21.8042 0
      vertex 30 22 0
    endloop
  endfacet
  facet normal 0 0 -1
    outer loop
      vertex 45.3161 -21.9661 0
      vertex 29.5607 -20.9393 0
      vertex 45.439 -21.8583 0
    endloop
  endfacet
  facet normal -0 0 -1
    outer loop
      vertex 45.7216 21.6952 0
      vertex 29.9489 21.6118 0
      vertex 29.9872 21.8042 0
    endloop
  endfacet
  facet normal 0 0 -1
    outer loop
      vertex 29.4131 -20.81 0
      vertex 45.439 -21.8583 0
      vertex 29.5607 -20.9393 0
    endloop
  endfacet
  facet normal 0 0 -1
    outer loop
      vertex 45.7216 21.6952 0
      vertex 29.8858 21.426 0
      vertex 29.9489 21.6118 0
    endloop
  endfacet
  facet normal 0 0 -1
    outer loop
      vertex 45.439 -21.8583 0
      vertex 29.4131 -20.81 0
      vertex 45.575 -21.7675 0
    endloop
  endfacet
  facet normal 0 0 -1
    outer loop
      vertex 45.7216 21.6952 0
      vertex 29.799 21.25 0
      vertex 29.8858 21.426 0
    endloop
  endfacet
  facet normal 0 0 -1
    outer loop
      vertex 29.25 -20.701 0
      vertex 45.575 -21.7675 0
      vertex 29.4131 -20.81 0
    endloop
  endfacet
  facet normal 0 0 -1
    outer loop
      vertex 45.7216 21.6952 0
      vertex 29.69 21.0869 0
      vertex 29.799 21.25 0
    endloop
  endfacet
  facet normal 0 0 -1
    outer loop
      vertex 45.575 -21.7675 0
      vertex 29.25 -20.701 0
      vertex 45.7216 -21.6952 0
    endloop
  endfacet
  facet normal 0 0 -1
    outer loop
      vertex 45.7216 21.6952 0
      vertex 29.5607 20.9393 0
      vertex 29.69 21.0869 0
    endloop
  endfacet
  facet normal 0 0 -1
    outer loop
      vertex 29.074 -20.6142 0
      vertex 45.7216 -21.6952 0
      vertex 29.25 -20.701 0
    endloop
  endfacet
  facet normal 0 0 -1
    outer loop
      vertex 45.7216 21.6952 0
      vertex 29.4131 20.81 0
      vertex 29.5607 20.9393 0
    endloop
  endfacet
  facet normal 0 0 -1
    outer loop
      vertex 45.7216 -21.6952 0
      vertex 29.074 -20.6142 0
      vertex 45.7216 21.6952 0
    endloop
  endfacet
  facet normal 0 0 -1
    outer loop
      vertex 45.7216 21.6952 0
      vertex 29.25 20.701 0
      vertex 29.4131 20.81 0
    endloop
  endfacet
  facet normal 0 0 -1
    outer loop
      vertex 29.074 20.6142 0
      vertex 45.7216 21.6952 0
      vertex 29.074 -20.6142 0
    endloop
  endfacet
  facet normal 0 0 -1
    outer loop
      vertex 45.7216 21.6952 0
      vertex 29.074 20.6142 0
      vertex 29.25 20.701 0
    endloop
  endfacet
  facet normal 0 0 -1
    outer loop
      vertex 28.8882 -20.5511 0
      vertex 29.074 20.6142 0
      vertex 29.074 -20.6142 0
    endloop
  endfacet
  facet normal 0 0 -1
    outer loop
      vertex 28.8882 -20.5511 0
      vertex 28.8882 20.5511 0
      vertex 29.074 20.6142 0
    endloop
  endfacet
  facet normal 0 0 -1
    outer loop
      vertex 28.6958 -20.5128 0
      vertex 28.8882 20.5511 0
      vertex 28.8882 -20.5511 0
    endloop
  endfacet
  facet normal 0 0 -1
    outer loop
      vertex 28.6958 -20.5128 0
      vertex 28.6958 20.5128 0
      vertex 28.8882 20.5511 0
    endloop
  endfacet
  facet normal 0 0 -1
    outer loop
      vertex 10 0 0
      vertex 28.6958 -20.5128 0
      vertex 28.5 -20.5 0
    endloop
  endfacet
  facet normal 0 0 -1
    outer loop
      vertex 28.6958 -20.5128 0
      vertex 10 0 0
      vertex 28.6958 20.5128 0
    endloop
  endfacet
  facet normal 0 0 -1
    outer loop
      vertex 9.8637 -1.03528 0
      vertex 28.5 -20.5 0
      vertex 19.5 -20.5 0
    endloop
  endfacet
  facet normal 0 0 -1
    outer loop
      vertex 28.6958 20.5128 0
      vertex 10 0 0
      vertex 28.5 20.5 0
    endloop
  endfacet
  facet normal 0 0 -1
    outer loop
      vertex 9.17341 -2.43505 0
      vertex 19.5 -20.5 0
      vertex 19.3042 -20.5128 0
    endloop
  endfacet
  facet normal 0 0 -1
    outer loop
      vertex 9.96578 0.522104 0
      vertex 28.5 20.5 0
      vertex 10 0 0
    endloop
  endfacet
  facet normal 0 0 -1
    outer loop
      vertex 8.82843 -2.82843 0
      vertex 19.3042 -20.5128 0
      vertex 19.1118 -20.5511 0
    endloop
  endfacet
  facet normal 0 0 -1
    outer loop
      vertex 9.8637 1.03528 0
      vertex 28.5 20.5 0
      vertex 9.96578 0.522104 0
    endloop
  endfacet
  facet normal 0 0 -1
    outer loop
      vertex 8.82843 -2.82843 0
      vertex 19.1118 -20.5511 0
      vertex 18.926 -20.6142 0
    endloop
  endfacet
  facet normal -0 0 -1
    outer loop
      vertex 28.5 20.5 0
      vertex 9.8637 1.03528 0
      vertex 19.5 20.5 0
    endloop
  endfacet
  facet normal 0 0 -1
    outer loop
      vertex 8.43505 -3.17341 0
      vertex 18.926 -20.6142 0
      vertex 18.75 -20.701 0
    endloop
  endfacet
  facet normal 0 0 -1
    outer loop
      vertex 9.69552 1.53073 0
      vertex 19.5 20.5 0
      vertex 9.8637 1.03528 0
    endloop
  endfacet
  facet normal 0 0 -1
    outer loop
      vertex 8 -3.4641 0
      vertex 18.75 -20.701 0
      vertex 18.5869 -20.81 0
    endloop
  endfacet
  facet normal 0 0 -1
    outer loop
      vertex 9.4641 2 0
      vertex 19.5 20.5 0
      vertex 9.69552 1.53073 0
    endloop
  endfacet
  facet normal 0 0 -1
    outer loop
      vertex 7.53073 -3.69552 0
      vertex 18.5869 -20.81 0
      vertex 18.4393 -20.9393 0
    endloop
  endfacet
  facet normal 0 0 -1
    outer loop
      vertex 9.17341 2.43505 0
      vertex 19.5 20.5 0
      vertex 9.4641 2 0
    endloop
  endfacet
  facet normal 0 0 -1
    outer loop
      vertex 7.03528 -3.8637 0
      vertex 18.4393 -20.9393 0
      vertex 18.31 -21.0869 0
    endloop
  endfacet
  facet normal -0 0 -1
    outer loop
      vertex 19.5 20.5 0
      vertex 9.17341 2.43505 0
      vertex 19.3042 20.5128 0
    endloop
  endfacet
  facet normal 0 0 -1
    outer loop
      vertex 17.539 -21.8583 0
      vertex 18.31 -21.0869 0
      vertex 18.201 -21.25 0
    endloop
  endfacet
  facet normal 0 0 -1
    outer loop
      vertex 8.82843 2.82843 0
      vertex 19.3042 20.5128 0
      vertex 9.17341 2.43505 0
    endloop
  endfacet
  facet normal 0 0 -1
    outer loop
      vertex 17.8216 -21.6952 0
      vertex 18.201 -21.25 0
      vertex 18.1142 -21.426 0
    endloop
  endfacet
  facet normal -0 0 -1
    outer loop
      vertex 19.3042 20.5128 0
      vertex 8.82843 2.82843 0
      vertex 19.1118 20.5511 0
    endloop
  endfacet
  facet normal 0 0 -1
    outer loop
      vertex 17.9765 -21.6426 0
      vertex 18.1142 -21.426 0
      vertex 18.0511 -21.6118 0
    endloop
  endfacet
  facet normal -0 0 -1
    outer loop
      vertex 19.1118 20.5511 0
      vertex 8.82843 2.82843 0
      vertex 18.926 20.6142 0
    endloop
  endfacet
  facet normal 0 0 -1
    outer loop
      vertex 17.9765 -21.6426 0
      vertex 18.0511 -21.6118 0
      vertex 18.0478 -21.6284 0
    endloop
  endfacet
  facet normal 0 0 -1
    outer loop
      vertex 8.43505 3.17341 0
      vertex 18.926 20.6142 0
      vertex 8.82843 2.82843 0
    endloop
  endfacet
  facet normal 0 0 -1
    outer loop
      vertex 18.1142 -21.426 0
      vertex 17.9765 -21.6426 0
      vertex 17.8216 -21.6952 0
    endloop
  endfacet
  facet normal -0 0 -1
    outer loop
      vertex 18.926 20.6142 0
      vertex 8.43505 3.17341 0
      vertex 18.75 20.701 0
    endloop
  endfacet
  facet normal 0 0 -1
    outer loop
      vertex 18.201 -21.25 0
      vertex 17.8216 -21.6952 0
      vertex 17.675 -21.7675 0
    endloop
  endfacet
  facet normal 0 0 -1
    outer loop
      vertex 8 3.4641 0
      vertex 18.75 20.701 0
      vertex 8.43505 3.17341 0
    endloop
  endfacet
  facet normal 0 0 -1
    outer loop
      vertex 18.201 -21.25 0
      vertex 17.675 -21.7675 0
      vertex 17.539 -21.8583 0
    endloop
  endfacet
  facet normal -0 0 -1
    outer loop
      vertex 18.75 20.701 0
      vertex 8 3.4641 0
      vertex 18.5869 20.81 0
    endloop
  endfacet
  facet normal 0 0 -1
    outer loop
      vertex 7.03528 -3.8637 0
      vertex 18.31 -21.0869 0
      vertex 17.539 -21.8583 0
    endloop
  endfacet
  facet normal 0 0 -1
    outer loop
      vertex 7.53073 3.69552 0
      vertex 18.5869 20.81 0
      vertex 8 3.4641 0
    endloop
  endfacet
  facet normal 0 0 -1
    outer loop
      vertex 7.03528 -3.8637 0
      vertex 17.539 -21.8583 0
      vertex 17.4161 -21.9661 0
    endloop
  endfacet
  facet normal -0 0 -1
    outer loop
      vertex 18.5869 20.81 0
      vertex 7.53073 3.69552 0
      vertex 18.4393 20.9393 0
    endloop
  endfacet
  facet normal 0 0 -1
    outer loop
      vertex 7.03528 -3.8637 0
      vertex 17.4161 -21.9661 0
      vertex 17.3083 -22.089 0
    endloop
  endfacet
  facet normal 0 0 -1
    outer loop
      vertex 7.03528 3.8637 0
      vertex 18.4393 20.9393 0
      vertex 7.53073 3.69552 0
    endloop
  endfacet
  facet normal 0 0 -1
    outer loop
      vertex 6.5221 -3.96578 0
      vertex 17.3083 -22.089 0
      vertex 17.2175 -22.225 0
    endloop
  endfacet
  facet normal -0 0 -1
    outer loop
      vertex 18.4393 20.9393 0
      vertex 7.03528 3.8637 0
      vertex 18.31 21.0869 0
    endloop
  endfacet
  facet normal 0 0 -1
    outer loop
      vertex 6 -4 0
      vertex 17.2175 -22.225 0
      vertex 17.1451 -22.3716 0
    endloop
  endfacet
  facet normal 0 0 -1
    outer loop
      vertex 18.0511 21.6118 0
      vertex 17.9765 21.6426 0
      vertex 18.0478 21.6284 0
    endloop
  endfacet
  facet normal 0 0 -1
    outer loop
      vertex 6 -4 0
      vertex 17.1451 -22.3716 0
      vertex 17.0926 -22.5265 0
    endloop
  endfacet
  facet normal -0 -0 -1
    outer loop
      vertex 17.9765 21.6426 0
      vertex 18.1142 21.426 0
      vertex 17.8216 21.6952 0
    endloop
  endfacet
  facet normal 0 0 -1
    outer loop
      vertex 6 -4 0
      vertex 17.0926 -22.5265 0
      vertex 17.0607 -22.6868 0
    endloop
  endfacet
  facet normal 0 0 -1
    outer loop
      vertex 18.1142 21.426 0
      vertex 17.9765 21.6426 0
      vertex 18.0511 21.6118 0
    endloop
  endfacet
  facet normal 0 0 -1
    outer loop
      vertex -17.05 -22.85 0
      vertex 17.0607 -22.6868 0
      vertex 17.05 -22.85 0
    endloop
  endfacet
  facet normal 0 0 -1
    outer loop
      vertex 18.31 21.0869 0
      vertex 17.539 21.8583 0
      vertex 18.201 21.25 0
    endloop
  endfacet
  facet normal 0 0 -1
    outer loop
      vertex 22.7917 -48.389 0
      vertex 39.6851 -39.4441 0
      vertex 22.8825 -48.525 0
    endloop
  endfacet
  facet normal -0 0 -1
    outer loop
      vertex 39.6851 -39.4441 0
      vertex 22.7917 -48.389 0
      vertex 39.3067 -38.3294 0
    endloop
  endfacet
  facet normal 0 0 -1
    outer loop
      vertex 22.6839 -48.2661 0
      vertex 39.3067 -38.3294 0
      vertex 22.7917 -48.389 0
    endloop
  endfacet
  facet normal 0 0 -1
    outer loop
      vertex 22.561 -48.1583 0
      vertex 39.3067 -38.3294 0
      vertex 22.6839 -48.2661 0
    endloop
  endfacet
  facet normal -0 0 -1
    outer loop
      vertex 39.3067 -38.3294 0
      vertex 22.561 -48.1583 0
      vertex 39.077 -37.1747 0
    endloop
  endfacet
  facet normal 0 0 -1
    outer loop
      vertex 22.425 -48.0675 0
      vertex 39.077 -37.1747 0
      vertex 22.561 -48.1583 0
    endloop
  endfacet
  facet normal -0 0 -1
    outer loop
      vertex 28.5 -23.5 0
      vertex 22.7917 -23.611 0
      vertex 22.8658 -23.5 0
    endloop
  endfacet
  facet normal 0 0 -1
    outer loop
      vertex 22.2784 -47.9952 0
      vertex 39.077 -37.1747 0
      vertex 22.425 -48.0675 0
    endloop
  endfacet
  facet normal 0 0 -1
    outer loop
      vertex 28.5 -23.5 0
      vertex 22.6839 -23.7339 0
      vertex 22.7917 -23.611 0
    endloop
  endfacet
  facet normal -0 0 -1
    outer loop
      vertex 39.077 -37.1747 0
      vertex 22.2784 -47.9952 0
      vertex 39 -36 0
    endloop
  endfacet
  facet normal 0 0 -1
    outer loop
      vertex 28.5 -23.5 0
      vertex 22.561 -23.8417 0
      vertex 22.6839 -23.7339 0
    endloop
  endfacet
  facet normal -0 0 -1
    outer loop
      vertex 39 -36 0
      vertex 22.2784 -47.9952 0
      vertex 28.5 -23.5 0
    endloop
  endfacet
  facet normal 0 0 -1
    outer loop
      vertex 28.5 -23.5 0
      vertex 22.425 -23.9325 0
      vertex 22.561 -23.8417 0
    endloop
  endfacet
  facet normal 0 0 -1
    outer loop
      vertex 22.2784 -24.0048 0
      vertex 28.5 -23.5 0
      vertex 22.2784 -47.9952 0
    endloop
  endfacet
  facet normal 0 0 -1
    outer loop
      vertex 28.5 -23.5 0
      vertex 22.2784 -24.0048 0
      vertex 22.425 -23.9325 0
    endloop
  endfacet
  facet normal 0 0 -1
    outer loop
      vertex 22.1235 -47.9426 0
      vertex 22.2784 -24.0048 0
      vertex 22.2784 -47.9952 0
    endloop
  endfacet
  facet normal 0 0 -1
    outer loop
      vertex 22.1235 -47.9426 0
      vertex 22.1235 -24.0574 0
      vertex 22.2784 -24.0048 0
    endloop
  endfacet
  facet normal 0 0 -1
    outer loop
      vertex 21.9632 -47.9107 0
      vertex 22.1235 -24.0574 0
      vertex 22.1235 -47.9426 0
    endloop
  endfacet
  facet normal 0 0 -1
    outer loop
      vertex 21.9632 -47.9107 0
      vertex 21.9632 -24.0893 0
      vertex 22.1235 -24.0574 0
    endloop
  endfacet
  facet normal 0 0 -1
    outer loop
      vertex 21.8 -47.9 0
      vertex 21.9632 -24.0893 0
      vertex 21.9632 -47.9107 0
    endloop
  endfacet
  facet normal 0 0 -1
    outer loop
      vertex 21.8 -47.9 0
      vertex 21.8 -24.1 0
      vertex 21.9632 -24.0893 0
    endloop
  endfacet
  facet normal 0 0 -1
    outer loop
      vertex 18.3 -47.9 0
      vertex 21.8 -24.1 0
      vertex 21.8 -47.9 0
    endloop
  endfacet
  facet normal 0 0 -1
    outer loop
      vertex 18.3 -47.9 0
      vertex 18.3 -24.1 0
      vertex 21.8 -24.1 0
    endloop
  endfacet
  facet normal 0 0 -1
    outer loop
      vertex 18.1368 -47.9107 0
      vertex 18.3 -24.1 0
      vertex 18.3 -47.9 0
    endloop
  endfacet
  facet normal 0 0 -1
    outer loop
      vertex 18.1368 -47.9107 0
      vertex 18.1368 -24.0893 0
      vertex 18.3 -24.1 0
    endloop
  endfacet
  facet normal 0 0 -1
    outer loop
      vertex 17.9765 -47.9426 0
      vertex 18.1368 -24.0893 0
      vertex 18.1368 -47.9107 0
    endloop
  endfacet
  facet normal 0 0 -1
    outer loop
      vertex 17.9765 -47.9426 0
      vertex 17.9765 -24.0574 0
      vertex 18.1368 -24.0893 0
    endloop
  endfacet
  facet normal 0 0 -1
    outer loop
      vertex 17.8216 -47.9952 0
      vertex 17.9765 -24.0574 0
      vertex 17.9765 -47.9426 0
    endloop
  endfacet
  facet normal 0 0 -1
    outer loop
      vertex 17.8216 -47.9952 0
      vertex 17.8216 -24.0048 0
      vertex 17.9765 -24.0574 0
    endloop
  endfacet
  facet normal 0 0 -1
    outer loop
      vertex 17.675 -48.0675 0
      vertex 17.8216 -24.0048 0
      vertex 17.8216 -47.9952 0
    endloop
  endfacet
  facet normal 0 0 -1
    outer loop
      vertex 17.675 -48.0675 0
      vertex 17.675 -23.9325 0
      vertex 17.8216 -24.0048 0
    endloop
  endfacet
  facet normal 0 0 -1
    outer loop
      vertex 17.539 -48.1583 0
      vertex 17.675 -23.9325 0
      vertex 17.675 -48.0675 0
    endloop
  endfacet
  facet normal 0 0 -1
    outer loop
      vertex 17.539 -48.1583 0
      vertex 17.539 -23.8417 0
      vertex 17.675 -23.9325 0
    endloop
  endfacet
  facet normal 0 0 -1
    outer loop
      vertex 17.4161 -48.2661 0
      vertex 17.539 -23.8417 0
      vertex 17.539 -48.1583 0
    endloop
  endfacet
  facet normal 0 0 -1
    outer loop
      vertex 17.4161 -48.2661 0
      vertex 17.4161 -23.7339 0
      vertex 17.539 -23.8417 0
    endloop
  endfacet
  facet normal 0 0 -1
    outer loop
      vertex 17.3083 -48.389 0
      vertex 17.4161 -23.7339 0
      vertex 17.4161 -48.2661 0
    endloop
  endfacet
  facet normal 0 0 -1
    outer loop
      vertex 17.3083 -48.389 0
      vertex 17.3083 -23.611 0
      vertex 17.4161 -23.7339 0
    endloop
  endfacet
  facet normal 0 0 -1
    outer loop
      vertex 17.0926 -48.8265 0
      vertex -17.0926 -48.8265 0
      vertex 17.1451 -48.6716 0
    endloop
  endfacet
  facet normal 0 0 -1
    outer loop
      vertex 17.3083 -48.389 0
      vertex -17.05 -22.85 0
      vertex 17.3083 -23.611 0
    endloop
  endfacet
  facet normal 0 0 -1
    outer loop
      vertex -17.0926 -48.8265 0
      vertex 17.0926 -48.8265 0
      vertex -17.0607 -48.9868 0
    endloop
  endfacet
  facet normal 0 0 -1
    outer loop
      vertex 17.3083 -23.611 0
      vertex -17.05 -22.85 0
      vertex 17.2175 -23.475 0
    endloop
  endfacet
  facet normal 0 0 -1
    outer loop
      vertex 17.0607 -48.9868 0
      vertex -17.0607 -48.9868 0
      vertex 17.0926 -48.8265 0
    endloop
  endfacet
  facet normal 0 0 -1
    outer loop
      vertex 17.2175 -23.475 0
      vertex -17.05 -22.85 0
      vertex 17.1451 -23.3284 0
    endloop
  endfacet
  facet normal 0 0 -1
    outer loop
      vertex -17.0607 -48.9868 0
      vertex 17.0607 -48.9868 0
      vertex -17.05 -49.15 0
    endloop
  endfacet
  facet normal 0 0 -1
    outer loop
      vertex 17.1451 -23.3284 0
      vertex -17.05 -22.85 0
      vertex 17.0926 -23.1735 0
    endloop
  endfacet
  facet normal 0 0 -1
    outer loop
      vertex -17.05 -49.15 0
      vertex 17.0607 -48.9868 0
      vertex 17.05 -49.15 0
    endloop
  endfacet
  facet normal 0 0 -1
    outer loop
      vertex 17.0926 -23.1735 0
      vertex -17.05 -22.85 0
      vertex 17.0607 -23.0132 0
    endloop
  endfacet
  facet normal 0 0 -1
    outer loop
      vertex 53.4789 43.1402 0
      vertex 50.9393 48.9868 0
      vertex 50.95 49.15 0
    endloop
  endfacet
  facet normal 0 0 -1
    outer loop
      vertex 52.5 43.7942 0
      vertex 50.9074 48.8265 0
      vertex 50.9393 48.9868 0
    endloop
  endfacet
  facet normal 0 0 -1
    outer loop
      vertex 52.5 43.7942 0
      vertex 50.8549 48.6716 0
      vertex 50.9074 48.8265 0
    endloop
  endfacet
  facet normal 0 0 -1
    outer loop
      vertex 52.5 43.7942 0
      vertex 50.7825 48.525 0
      vertex 50.8549 48.6716 0
    endloop
  endfacet
  facet normal 0 0 -1
    outer loop
      vertex 51.4441 44.3149 0
      vertex 50.6917 48.389 0
      vertex 50.7825 48.525 0
    endloop
  endfacet
  facet normal 0 0 -1
    outer loop
      vertex 51.4441 44.3149 0
      vertex 50.5839 48.2661 0
      vertex 50.6917 48.389 0
    endloop
  endfacet
  facet normal 0 0 -1
    outer loop
      vertex 51.4441 44.3149 0
      vertex 50.461 48.1583 0
      vertex 50.5839 48.2661 0
    endloop
  endfacet
  facet normal 0 0 -1
    outer loop
      vertex 50.325 48.0675 0
      vertex 51.4441 44.3149 0
      vertex 50.3294 44.6933 0
    endloop
  endfacet
  facet normal 0 0 -1
    outer loop
      vertex 51.4441 44.3149 0
      vertex 50.325 48.0675 0
      vertex 50.461 48.1583 0
    endloop
  endfacet
  facet normal 0 0 -1
    outer loop
      vertex 50.3294 44.6933 0
      vertex 50.1784 47.9952 0
      vertex 50.325 48.0675 0
    endloop
  endfacet
  facet normal 0 0 -1
    outer loop
      vertex 50.3294 44.6933 0
      vertex 50.0235 47.9426 0
      vertex 50.1784 47.9952 0
    endloop
  endfacet
  facet normal 0 0 -1
    outer loop
      vertex 50.3294 44.6933 0
      vertex 49.8632 47.9107 0
      vertex 50.0235 47.9426 0
    endloop
  endfacet
  facet normal 0 0 -1
    outer loop
      vertex 49.1747 44.923 0
      vertex 49.8632 47.9107 0
      vertex 50.3294 44.6933 0
    endloop
  endfacet
  facet normal 0 0 -1
    outer loop
      vertex 49.8632 47.9107 0
      vertex 49.1747 44.923 0
      vertex 49.7 47.9 0
    endloop
  endfacet
  facet normal 0 0 -1
    outer loop
      vertex 48 45 0
      vertex 49.7 47.9 0
      vertex 49.1747 44.923 0
    endloop
  endfacet
  facet normal 0 0 -1
    outer loop
      vertex 46.2 47.9 0
      vertex 48 45 0
      vertex 46.8253 44.923 0
    endloop
  endfacet
  facet normal 0 0 -1
    outer loop
      vertex 48 45 0
      vertex 46.2 47.9 0
      vertex 49.7 47.9 0
    endloop
  endfacet
  facet normal 0 0 -1
    outer loop
      vertex 46.8253 44.923 0
      vertex 46.0368 47.9107 0
      vertex 46.2 47.9 0
    endloop
  endfacet
  facet normal 0 0 -1
    outer loop
      vertex 45.6706 44.6933 0
      vertex 46.0368 47.9107 0
      vertex 46.8253 44.923 0
    endloop
  endfacet
  facet normal -0 0 -1
    outer loop
      vertex 46.0368 47.9107 0
      vertex 45.6706 44.6933 0
      vertex 45.8765 47.9426 0
    endloop
  endfacet
  facet normal -0 0 -1
    outer loop
      vertex 45.8765 47.9426 0
      vertex 45.6706 44.6933 0
      vertex 45.7216 47.9952 0
    endloop
  endfacet
  facet normal 0 0 -1
    outer loop
      vertex 45.6706 44.6933 0
      vertex 45.575 48.0675 0
      vertex 45.7216 47.9952 0
    endloop
  endfacet
  facet normal 0 0 -1
    outer loop
      vertex 44.5558 44.3149 0
      vertex 45.575 48.0675 0
      vertex 45.6706 44.6933 0
    endloop
  endfacet
  facet normal -0 0 -1
    outer loop
      vertex 45.575 48.0675 0
      vertex 44.5558 44.3149 0
      vertex 45.439 48.1583 0
    endloop
  endfacet
  facet normal -0 0 -1
    outer loop
      vertex 45.439 48.1583 0
      vertex 44.5558 44.3149 0
      vertex 45.3161 48.2661 0
    endloop
  endfacet
  facet normal -0 0 -1
    outer loop
      vertex 45.3161 48.2661 0
      vertex 44.5558 44.3149 0
      vertex 45.2083 48.389 0
    endloop
  endfacet
  facet normal 0 0 -1
    outer loop
      vertex 43.5 43.7942 0
      vertex 45.2083 48.389 0
      vertex 44.5558 44.3149 0
    endloop
  endfacet
  facet normal -0 0 -1
    outer loop
      vertex 45.2083 48.389 0
      vertex 43.5 43.7942 0
      vertex 45.1175 48.525 0
    endloop
  endfacet
  facet normal -0 0 -1
    outer loop
      vertex 45.1175 48.525 0
      vertex 43.5 43.7942 0
      vertex 45.0452 48.6716 0
    endloop
  endfacet
  facet normal 0 0 -1
    outer loop
      vertex 42.5211 43.1402 0
      vertex 44.9926 48.8265 0
      vertex 43.5 43.7942 0
    endloop
  endfacet
  facet normal -0 0 -1
    outer loop
      vertex 45.0452 48.6716 0
      vertex 43.5 43.7942 0
      vertex 44.9926 48.8265 0
    endloop
  endfacet
  facet normal 0 0 -1
    outer loop
      vertex 55.7942 -31.5 0
      vertex 50.8549 -22.3716 0
      vertex 55.7942 31.5 0
    endloop
  endfacet
  facet normal 0 0 -1
    outer loop
      vertex 55.1402 30.5211 0
      vertex 50.9393 22.6868 0
      vertex 50.95 22.85 0
    endloop
  endfacet
  facet normal 0 0 -1
    outer loop
      vertex 50.8549 22.3716 0
      vertex 55.7942 31.5 0
      vertex 50.8549 -22.3716 0
    endloop
  endfacet
  facet normal 0 0 -1
    outer loop
      vertex 55.1402 30.5211 0
      vertex 50.9074 22.5265 0
      vertex 50.9393 22.6868 0
    endloop
  endfacet
  facet normal 0 0 -1
    outer loop
      vertex 55.7942 31.5 0
      vertex 50.8549 22.3716 0
      vertex 55.1402 30.5211 0
    endloop
  endfacet
  facet normal 0 0 -1
    outer loop
      vertex 55.1402 30.5211 0
      vertex 50.8549 22.3716 0
      vertex 50.9074 22.5265 0
    endloop
  endfacet
  facet normal 0 0 -1
    outer loop
      vertex 50.7825 -22.225 0
      vertex 50.8549 22.3716 0
      vertex 50.8549 -22.3716 0
    endloop
  endfacet
  facet normal 0 0 -1
    outer loop
      vertex 50.7825 -22.225 0
      vertex 50.7825 22.225 0
      vertex 50.8549 22.3716 0
    endloop
  endfacet
  facet normal 0 0 -1
    outer loop
      vertex 50.6917 -22.089 0
      vertex 50.7825 22.225 0
      vertex 50.7825 -22.225 0
    endloop
  endfacet
  facet normal 0 0 -1
    outer loop
      vertex 50.6917 -22.089 0
      vertex 50.6917 22.089 0
      vertex 50.7825 22.225 0
    endloop
  endfacet
  facet normal 0 0 -1
    outer loop
      vertex 50.5839 -21.9661 0
      vertex 50.6917 22.089 0
      vertex 50.6917 -22.089 0
    endloop
  endfacet
  facet normal 0 0 -1
    outer loop
      vertex 50.5839 -21.9661 0
      vertex 50.5839 21.9661 0
      vertex 50.6917 22.089 0
    endloop
  endfacet
  facet normal 0 0 -1
    outer loop
      vertex 50.461 -21.8583 0
      vertex 50.5839 21.9661 0
      vertex 50.5839 -21.9661 0
    endloop
  endfacet
  facet normal 0 0 -1
    outer loop
      vertex 50.461 -21.8583 0
      vertex 50.461 21.8583 0
      vertex 50.5839 21.9661 0
    endloop
  endfacet
  facet normal 0 0 -1
    outer loop
      vertex 50.325 -21.7675 0
      vertex 50.461 21.8583 0
      vertex 50.461 -21.8583 0
    endloop
  endfacet
  facet normal 0 0 -1
    outer loop
      vertex 50.325 -21.7675 0
      vertex 50.325 21.7675 0
      vertex 50.461 21.8583 0
    endloop
  endfacet
  facet normal 0 0 -1
    outer loop
      vertex 50.1784 -21.6952 0
      vertex 50.325 21.7675 0
      vertex 50.325 -21.7675 0
    endloop
  endfacet
  facet normal 0 0 -1
    outer loop
      vertex 50.1784 -21.6952 0
      vertex 50.1784 21.6952 0
      vertex 50.325 21.7675 0
    endloop
  endfacet
  facet normal 0 0 -1
    outer loop
      vertex 50.0235 -21.6426 0
      vertex 50.1784 21.6952 0
      vertex 50.1784 -21.6952 0
    endloop
  endfacet
  facet normal 0 0 -1
    outer loop
      vertex 50.0235 -21.6426 0
      vertex 50.0235 21.6426 0
      vertex 50.1784 21.6952 0
    endloop
  endfacet
  facet normal 0 0 -1
    outer loop
      vertex 49.8632 -21.6107 0
      vertex 50.0235 21.6426 0
      vertex 50.0235 -21.6426 0
    endloop
  endfacet
  facet normal 0 0 -1
    outer loop
      vertex 49.8632 -21.6107 0
      vertex 49.8632 21.6107 0
      vertex 50.0235 21.6426 0
    endloop
  endfacet
  facet normal 0 0 -1
    outer loop
      vertex 49.7 -21.6 0
      vertex 49.8632 21.6107 0
      vertex 49.8632 -21.6107 0
    endloop
  endfacet
  facet normal 0 0 -1
    outer loop
      vertex 49.7 -21.6 0
      vertex 49.7 21.6 0
      vertex 49.8632 21.6107 0
    endloop
  endfacet
  facet normal 0 0 -1
    outer loop
      vertex 46.2 -21.6 0
      vertex 49.7 21.6 0
      vertex 49.7 -21.6 0
    endloop
  endfacet
  facet normal 0 0 -1
    outer loop
      vertex 46.2 -21.6 0
      vertex 46.2 21.6 0
      vertex 49.7 21.6 0
    endloop
  endfacet
  facet normal 0 0 -1
    outer loop
      vertex 46.0368 -21.6107 0
      vertex 46.2 21.6 0
      vertex 46.2 -21.6 0
    endloop
  endfacet
  facet normal 0 0 -1
    outer loop
      vertex 46.0368 -21.6107 0
      vertex 46.0368 21.6107 0
      vertex 46.2 21.6 0
    endloop
  endfacet
  facet normal 0 0 -1
    outer loop
      vertex 45.8765 -21.6426 0
      vertex 46.0368 21.6107 0
      vertex 46.0368 -21.6107 0
    endloop
  endfacet
  facet normal 0 0 -1
    outer loop
      vertex 45.8765 -21.6426 0
      vertex 45.8765 21.6426 0
      vertex 46.0368 21.6107 0
    endloop
  endfacet
  facet normal 0 0 -1
    outer loop
      vertex 45.7216 -21.6952 0
      vertex 45.8765 21.6426 0
      vertex 45.8765 -21.6426 0
    endloop
  endfacet
  facet normal 0 0 -1
    outer loop
      vertex 45.7216 -21.6952 0
      vertex 45.7216 21.6952 0
      vertex 45.8765 21.6426 0
    endloop
  endfacet
  facet normal 0 0 -1
    outer loop
      vertex 45.1175 -22.225 0
      vertex 29.799 -21.25 0
      vertex 45.2083 -22.089 0
    endloop
  endfacet
  facet normal 0 0 -1
    outer loop
      vertex 29.69 -21.0869 0
      vertex 45.2083 -22.089 0
      vertex 29.799 -21.25 0
    endloop
  endfacet
  facet normal 0 0 -1
    outer loop
      vertex 29.799 -21.25 0
      vertex 45.1175 -22.225 0
      vertex 29.8858 -21.426 0
    endloop
  endfacet
  facet normal 0 0 -1
    outer loop
      vertex 45.2083 -22.089 0
      vertex 29.69 -21.0869 0
      vertex 45.3161 -21.9661 0
    endloop
  endfacet
  facet normal 0 0 -1
    outer loop
      vertex 45.0452 -22.3716 0
      vertex 29.8858 -21.426 0
      vertex 45.1175 -22.225 0
    endloop
  endfacet
  facet normal 0 0 -1
    outer loop
      vertex 45.7216 21.6952 0
      vertex 30 22 0
      vertex 45.575 21.7675 0
    endloop
  endfacet
  facet normal 0 0 -1
    outer loop
      vertex 29.8858 -21.426 0
      vertex 45.0452 -22.3716 0
      vertex 29.9489 -21.6118 0
    endloop
  endfacet
  facet normal 0 0 -1
    outer loop
      vertex 45.575 21.7675 0
      vertex 30 22 0
      vertex 45.439 21.8583 0
    endloop
  endfacet
  facet normal 0 0 -1
    outer loop
      vertex 44.9926 -22.5265 0
      vertex 29.9489 -21.6118 0
      vertex 45.0452 -22.3716 0
    endloop
  endfacet
  facet normal 0 0 -1
    outer loop
      vertex 45.439 21.8583 0
      vertex 30 22 0
      vertex 45.3161 21.9661 0
    endloop
  endfacet
  facet normal 0 0 -1
    outer loop
      vertex 29.9489 -21.6118 0
      vertex 44.9926 -22.5265 0
      vertex 29.9872 -21.8042 0
    endloop
  endfacet
  facet normal 0 0 -1
    outer loop
      vertex 45.3161 21.9661 0
      vertex 30 22 0
      vertex 45.2083 22.089 0
    endloop
  endfacet
  facet normal 0 0 -1
    outer loop
      vertex 44.9607 -22.6868 0
      vertex 29.9872 -21.8042 0
      vertex 44.9926 -22.5265 0
    endloop
  endfacet
  facet normal -0 0 -1
    outer loop
      vertex 45.2083 22.089 0
      vertex 30 22 0
      vertex 45.1175 22.225 0
    endloop
  endfacet
  facet normal 0 0 -1
    outer loop
      vertex 29.9872 -21.8042 0
      vertex 44.9607 -22.6868 0
      vertex 30 -22 0
    endloop
  endfacet
  facet normal -0 0 -1
    outer loop
      vertex 45.1175 22.225 0
      vertex 30 22 0
      vertex 45.0452 22.3716 0
    endloop
  endfacet
  facet normal 0 0 -1
    outer loop
      vertex 30 -22 0
      vertex 44.9607 -22.6868 0
      vertex 44.95 -22.85 0
    endloop
  endfacet
  facet normal -0 0 -1
    outer loop
      vertex 45.0452 22.3716 0
      vertex 30 22 0
      vertex 44.9926 22.5265 0
    endloop
  endfacet
  facet normal 0 0 -1
    outer loop
      vertex 56.3149 -32.5558 0
      vertex 68 -49 0
      vertex 56.6933 -33.6706 0
    endloop
  endfacet
  facet normal 0 0 -1
    outer loop
      vertex 68 49 0
      vertex 56.923 34.8253 0
      vertex 57 36 0
    endloop
  endfacet
  facet normal 0 0 -1
    outer loop
      vertex 68 -49 0
      vertex 56.3149 -32.5558 0
      vertex 68 49 0
    endloop
  endfacet
  facet normal 0 0 -1
    outer loop
      vertex 68 49 0
      vertex 56.6933 33.6706 0
      vertex 56.923 34.8253 0
    endloop
  endfacet
  facet normal 0 0 -1
    outer loop
      vertex 56.3149 32.5558 0
      vertex 68 49 0
      vertex 56.3149 -32.5558 0
    endloop
  endfacet
  facet normal 0 0 -1
    outer loop
      vertex 68 49 0
      vertex 56.3149 32.5558 0
      vertex 56.6933 33.6706 0
    endloop
  endfacet
  facet normal 0 0 -1
    outer loop
      vertex 55.7942 -31.5 0
      vertex 56.3149 32.5558 0
      vertex 56.3149 -32.5558 0
    endloop
  endfacet
  facet normal 0 0 -1
    outer loop
      vertex 55.7942 -31.5 0
      vertex 55.7942 31.5 0
      vertex 56.3149 32.5558 0
    endloop
  endfacet
  facet normal 0 0 -1
    outer loop
      vertex 50.8549 -22.3716 0
      vertex 55.1402 -30.5211 0
      vertex 50.9074 -22.5265 0
    endloop
  endfacet
  facet normal 0 0 -1
    outer loop
      vertex 55.1402 -30.5211 0
      vertex 50.8549 -22.3716 0
      vertex 55.7942 -31.5 0
    endloop
  endfacet
  facet normal 0 0 -1
    outer loop
      vertex 50.9393 -22.6868 0
      vertex 54.364 -29.636 0
      vertex 50.95 -22.85 0
    endloop
  endfacet
  facet normal 0 0 -1
    outer loop
      vertex 50.9074 -22.5265 0
      vertex 54.364 -29.636 0
      vertex 50.9393 -22.6868 0
    endloop
  endfacet
  facet normal 0 0 -1
    outer loop
      vertex 50.95 -22.85 0
      vertex 54.364 -29.636 0
      vertex 53.4789 -28.8598 0
    endloop
  endfacet
  facet normal 0 0 -1
    outer loop
      vertex 54.364 -29.636 0
      vertex 50.9074 -22.5265 0
      vertex 55.1402 -30.5211 0
    endloop
  endfacet
  facet normal 0 0 -1
    outer loop
      vertex 50.9074 -23.1735 0
      vertex 53.4789 -28.8598 0
      vertex 52.5 -28.2058 0
    endloop
  endfacet
  facet normal 0 0 -1
    outer loop
      vertex 55.1402 30.5211 0
      vertex 50.95 22.85 0
      vertex 54.364 29.636 0
    endloop
  endfacet
  facet normal 0 0 -1
    outer loop
      vertex 50.7825 -23.475 0
      vertex 52.5 -28.2058 0
      vertex 51.4441 -27.6851 0
    endloop
  endfacet
  facet normal 0 0 -1
    outer loop
      vertex 54.364 29.636 0
      vertex 50.95 22.85 0
      vertex 53.4789 28.8598 0
    endloop
  endfacet
  facet normal 0 0 -1
    outer loop
      vertex 50.9393 23.0132 0
      vertex 53.4789 28.8598 0
      vertex 50.95 22.85 0
    endloop
  endfacet
  facet normal 0 0 -1
    outer loop
      vertex 53.4789 -28.8598 0
      vertex 50.9393 -23.0132 0
      vertex 50.95 -22.85 0
    endloop
  endfacet
  facet normal 0 0 -1
    outer loop
      vertex 53.4789 -28.8598 0
      vertex 50.9074 -23.1735 0
      vertex 50.9393 -23.0132 0
    endloop
  endfacet
  facet normal 0 0 -1
    outer loop
      vertex 52.5 -28.2058 0
      vertex 50.8549 -23.3284 0
      vertex 50.9074 -23.1735 0
    endloop
  endfacet
  facet normal 0 0 -1
    outer loop
      vertex 52.5 -28.2058 0
      vertex 50.7825 -23.475 0
      vertex 50.8549 -23.3284 0
    endloop
  endfacet
  facet normal 0 0 -1
    outer loop
      vertex 51.4441 -27.6851 0
      vertex 50.6917 -23.611 0
      vertex 50.7825 -23.475 0
    endloop
  endfacet
  facet normal 0 0 -1
    outer loop
      vertex 51.4441 -27.6851 0
      vertex 50.5839 -23.7339 0
      vertex 50.6917 -23.611 0
    endloop
  endfacet
  facet normal 0 0 -1
    outer loop
      vertex 51.4441 -27.6851 0
      vertex 50.461 -23.8417 0
      vertex 50.5839 -23.7339 0
    endloop
  endfacet
  facet normal 0 0 -1
    outer loop
      vertex 50.325 -23.9325 0
      vertex 51.4441 -27.6851 0
      vertex 50.3294 -27.3067 0
    endloop
  endfacet
  facet normal 0 0 -1
    outer loop
      vertex 51.4441 -27.6851 0
      vertex 50.325 -23.9325 0
      vertex 50.461 -23.8417 0
    endloop
  endfacet
  facet normal 0 0 -1
    outer loop
      vertex 50.3294 -27.3067 0
      vertex 50.1784 -24.0048 0
      vertex 50.325 -23.9325 0
    endloop
  endfacet
  facet normal 0 0 -1
    outer loop
      vertex 50.3294 -27.3067 0
      vertex 50.0235 -24.0574 0
      vertex 50.1784 -24.0048 0
    endloop
  endfacet
  facet normal 0 0 -1
    outer loop
      vertex 50.3294 -27.3067 0
      vertex 49.8632 -24.0893 0
      vertex 50.0235 -24.0574 0
    endloop
  endfacet
  facet normal 0 0 -1
    outer loop
      vertex 49.1747 -27.077 0
      vertex 49.8632 -24.0893 0
      vertex 50.3294 -27.3067 0
    endloop
  endfacet
  facet normal 0 0 -1
    outer loop
      vertex 49.8632 -24.0893 0
      vertex 49.1747 -27.077 0
      vertex 49.7 -24.1 0
    endloop
  endfacet
  facet normal 0 0 -1
    outer loop
      vertex 48 -27 0
      vertex 49.7 -24.1 0
      vertex 49.1747 -27.077 0
    endloop
  endfacet
  facet normal 0 0 -1
    outer loop
      vertex 46.2 -24.1 0
      vertex 48 -27 0
      vertex 46.8253 -27.077 0
    endloop
  endfacet
  facet normal 0 0 -1
    outer loop
      vertex 48 -27 0
      vertex 46.2 -24.1 0
      vertex 49.7 -24.1 0
    endloop
  endfacet
  facet normal 0 0 -1
    outer loop
      vertex 46.8253 -27.077 0
      vertex 46.0368 -24.0893 0
      vertex 46.2 -24.1 0
    endloop
  endfacet
  facet normal 0 0 -1
    outer loop
      vertex 45.6706 -27.3067 0
      vertex 46.0368 -24.0893 0
      vertex 46.8253 -27.077 0
    endloop
  endfacet
  facet normal -0 0 -1
    outer loop
      vertex 46.0368 -24.0893 0
      vertex 45.6706 -27.3067 0
      vertex 45.8765 -24.0574 0
    endloop
  endfacet
  facet normal -0 0 -1
    outer loop
      vertex 45.8765 -24.0574 0
      vertex 45.6706 -27.3067 0
      vertex 45.7216 -24.0048 0
    endloop
  endfacet
  facet normal 0 0 -1
    outer loop
      vertex 45.6706 -27.3067 0
      vertex 45.575 -23.9325 0
      vertex 45.7216 -24.0048 0
    endloop
  endfacet
  facet normal 0 0 -1
    outer loop
      vertex 44.5558 -27.6851 0
      vertex 45.575 -23.9325 0
      vertex 45.6706 -27.3067 0
    endloop
  endfacet
  facet normal -0 0 -1
    outer loop
      vertex 45.575 -23.9325 0
      vertex 44.5558 -27.6851 0
      vertex 45.439 -23.8417 0
    endloop
  endfacet
  facet normal -0 0 -1
    outer loop
      vertex 45.439 -23.8417 0
      vertex 44.5558 -27.6851 0
      vertex 45.3161 -23.7339 0
    endloop
  endfacet
  facet normal -0 0 -1
    outer loop
      vertex 45.3161 -23.7339 0
      vertex 44.5558 -27.6851 0
      vertex 45.2083 -23.611 0
    endloop
  endfacet
  facet normal 0 0 -1
    outer loop
      vertex 43.5 -28.2058 0
      vertex 45.2083 -23.611 0
      vertex 44.5558 -27.6851 0
    endloop
  endfacet
  facet normal -0 0 -1
    outer loop
      vertex 45.2083 -23.611 0
      vertex 43.5 -28.2058 0
      vertex 45.1175 -23.475 0
    endloop
  endfacet
  facet normal -0 0 -1
    outer loop
      vertex 45.1175 -23.475 0
      vertex 43.5 -28.2058 0
      vertex 45.0452 -23.3284 0
    endloop
  endfacet
  facet normal -0 0 -1
    outer loop
      vertex 44.9926 -23.1735 0
      vertex 42.5211 -28.8598 0
      vertex 44.9607 -23.0132 0
    endloop
  endfacet
  facet normal 0 0 -1
    outer loop
      vertex 42.5211 -28.8598 0
      vertex 44.9926 -23.1735 0
      vertex 43.5 -28.2058 0
    endloop
  endfacet
  facet normal -0 0 -1
    outer loop
      vertex 45.0452 -23.3284 0
      vertex 43.5 -28.2058 0
      vertex 44.9926 -23.1735 0
    endloop
  endfacet
  facet normal 0 0 -1
    outer loop
      vertex 63 -54 0
      vertex 68 -49 0
      vertex 67.9572 -49.6526 0
    endloop
  endfacet
  facet normal 0 0 -1
    outer loop
      vertex 56.923 -34.8253 0
      vertex 68 -49 0
      vertex 57 -36 0
    endloop
  endfacet
  facet normal 0 0 -1
    outer loop
      vertex 63 -54 0
      vertex 67.9572 -49.6526 0
      vertex 67.8296 -50.2941 0
    endloop
  endfacet
  facet normal 0 0 -1
    outer loop
      vertex 56.6933 -33.6706 0
      vertex 68 -49 0
      vertex 56.923 -34.8253 0
    endloop
  endfacet
  facet normal 0 0 -1
    outer loop
      vertex 63 -54 0
      vertex 67.8296 -50.2941 0
      vertex 67.6194 -50.9134 0
    endloop
  endfacet
  facet normal 0 0 -1
    outer loop
      vertex 56.923 37.1747 0
      vertex 68 49 0
      vertex 57 36 0
    endloop
  endfacet
  facet normal 0 0 -1
    outer loop
      vertex 63 -54 0
      vertex 67.6194 -50.9134 0
      vertex 67.3301 -51.5 0
    endloop
  endfacet
  facet normal 0 0 -1
    outer loop
      vertex 56.6933 38.3294 0
      vertex 68 49 0
      vertex 56.923 37.1747 0
    endloop
  endfacet
  facet normal 0 0 -1
    outer loop
      vertex 63 -54 0
      vertex 67.3301 -51.5 0
      vertex 66.9668 -52.0438 0
    endloop
  endfacet
  facet normal 0 0 -1
    outer loop
      vertex 56.3149 39.4441 0
      vertex 68 49 0
      vertex 56.6933 38.3294 0
    endloop
  endfacet
  facet normal 0 0 -1
    outer loop
      vertex 63 -54 0
      vertex 66.9668 -52.0438 0
      vertex 66.5355 -52.5355 0
    endloop
  endfacet
  facet normal 0 0 -1
    outer loop
      vertex 55.7942 40.5 0
      vertex 68 49 0
      vertex 56.3149 39.4441 0
    endloop
  endfacet
  facet normal 0 0 -1
    outer loop
      vertex 63 -54 0
      vertex 66.5355 -52.5355 0
      vertex 66.0438 -52.9668 0
    endloop
  endfacet
  facet normal 0 0 -1
    outer loop
      vertex 55.1402 41.4789 0
      vertex 68 49 0
      vertex 55.7942 40.5 0
    endloop
  endfacet
  facet normal 0 0 -1
    outer loop
      vertex 63 -54 0
      vertex 66.0438 -52.9668 0
      vertex 65.5 -53.3301 0
    endloop
  endfacet
  facet normal 0 -0 -1
    outer loop
      vertex 63 54 0
      vertex 68 49 0
      vertex 55.1402 41.4789 0
    endloop
  endfacet
  facet normal 0 0 -1
    outer loop
      vertex 63 -54 0
      vertex 65.5 -53.3301 0
      vertex 64.9134 -53.6194 0
    endloop
  endfacet
  facet normal 0 0 -1
    outer loop
      vertex 68 49 0
      vertex 63 54 0
      vertex 67.9572 49.6526 0
    endloop
  endfacet
  facet normal 0 0 -1
    outer loop
      vertex 63 -54 0
      vertex 64.9134 -53.6194 0
      vertex 64.2941 -53.8296 0
    endloop
  endfacet
  facet normal 0 0 -1
    outer loop
      vertex 67.9572 49.6526 0
      vertex 63 54 0
      vertex 67.8296 50.2941 0
    endloop
  endfacet
  facet normal 0 0 -1
    outer loop
      vertex 63 -54 0
      vertex 64.2941 -53.8296 0
      vertex 63.6526 -53.9572 0
    endloop
  endfacet
  facet normal 0 0 -1
    outer loop
      vertex 67.8296 50.2941 0
      vertex 63 54 0
      vertex 67.6194 50.9134 0
    endloop
  endfacet
  facet normal -0 0 -1
    outer loop
      vertex 68 -49 0
      vertex 63 -54 0
      vertex 55.1402 -41.4789 0
    endloop
  endfacet
  facet normal 0 0 -1
    outer loop
      vertex 67.6194 50.9134 0
      vertex 63 54 0
      vertex 67.3301 51.5 0
    endloop
  endfacet
  facet normal 0 0 -1
    outer loop
      vertex 67.3301 51.5 0
      vertex 63 54 0
      vertex 66.9668 52.0438 0
    endloop
  endfacet
  facet normal 0 0 -1
    outer loop
      vertex 68 -49 0
      vertex 56.923 -37.1747 0
      vertex 57 -36 0
    endloop
  endfacet
  facet normal 0 0 -1
    outer loop
      vertex 68 -49 0
      vertex 56.6933 -38.3294 0
      vertex 56.923 -37.1747 0
    endloop
  endfacet
  facet normal 0 0 -1
    outer loop
      vertex 68 -49 0
      vertex 56.3149 -39.4441 0
      vertex 56.6933 -38.3294 0
    endloop
  endfacet
  facet normal 0 0 -1
    outer loop
      vertex 68 -49 0
      vertex 55.7942 -40.5 0
      vertex 56.3149 -39.4441 0
    endloop
  endfacet
  facet normal 0 0 -1
    outer loop
      vertex 68 -49 0
      vertex 55.1402 -41.4789 0
      vertex 55.7942 -40.5 0
    endloop
  endfacet
  facet normal 0 0 -1
    outer loop
      vertex 63 -54 0
      vertex 54.364 -42.364 0
      vertex 55.1402 -41.4789 0
    endloop
  endfacet
  facet normal 0 0 -1
    outer loop
      vertex 63 -54 0
      vertex 53.4789 -43.1402 0
      vertex 54.364 -42.364 0
    endloop
  endfacet
  facet normal 0 0 -1
    outer loop
      vertex 50.9393 -48.9868 0
      vertex 53.4789 -43.1402 0
      vertex 63 -54 0
    endloop
  endfacet
  facet normal 0 0 -1
    outer loop
      vertex 50.9074 -48.8265 0
      vertex 53.4789 -43.1402 0
      vertex 50.9393 -48.9868 0
    endloop
  endfacet
  facet normal 0 0 -1
    outer loop
      vertex 50.9393 -48.9868 0
      vertex 63 -54 0
      vertex 50.95 -49.15 0
    endloop
  endfacet
  facet normal 0 0 -1
    outer loop
      vertex 63 -54 0
      vertex 50.9393 -49.3132 0
      vertex 50.95 -49.15 0
    endloop
  endfacet
  facet normal 0 0 -1
    outer loop
      vertex 63 -54 0
      vertex 50.9074 -49.4735 0
      vertex 50.9393 -49.3132 0
    endloop
  endfacet
  facet normal 0 0 -1
    outer loop
      vertex 63 -54 0
      vertex 50.8549 -49.6284 0
      vertex 50.9074 -49.4735 0
    endloop
  endfacet
  facet normal 0 0 -1
    outer loop
      vertex 63 -54 0
      vertex 50.7825 -49.775 0
      vertex 50.8549 -49.6284 0
    endloop
  endfacet
  facet normal 0 0 -1
    outer loop
      vertex 63 -54 0
      vertex 50.6917 -49.9109 0
      vertex 50.7825 -49.775 0
    endloop
  endfacet
  facet normal 0 0 -1
    outer loop
      vertex 63 -54 0
      vertex 50.5839 -50.0339 0
      vertex 50.6917 -49.9109 0
    endloop
  endfacet
  facet normal 0 0 -1
    outer loop
      vertex 63 -54 0
      vertex 50.461 -50.1417 0
      vertex 50.5839 -50.0339 0
    endloop
  endfacet
  facet normal 0 0 -1
    outer loop
      vertex 63 -54 0
      vertex 50.325 -50.2325 0
      vertex 50.461 -50.1417 0
    endloop
  endfacet
  facet normal 0 0 -1
    outer loop
      vertex 63 -54 0
      vertex 50.1784 -50.3048 0
      vertex 50.325 -50.2325 0
    endloop
  endfacet
  facet normal 0 0 -1
    outer loop
      vertex 63 -54 0
      vertex 50.0235 -50.3574 0
      vertex 50.1784 -50.3048 0
    endloop
  endfacet
  facet normal 0 0 -1
    outer loop
      vertex 63 -54 0
      vertex 49.8632 -50.3893 0
      vertex 50.0235 -50.3574 0
    endloop
  endfacet
  facet normal 0 0 -1
    outer loop
      vertex 63 -54 0
      vertex 49.7 -50.4 0
      vertex 49.8632 -50.3893 0
    endloop
  endfacet
  facet normal 0 0 -1
    outer loop
      vertex 63 -54 0
      vertex 46.2 -50.4 0
      vertex 49.7 -50.4 0
    endloop
  endfacet
  facet normal 0 0 -1
    outer loop
      vertex 63 -54 0
      vertex 46.0368 -50.3893 0
      vertex 46.2 -50.4 0
    endloop
  endfacet
  facet normal 0 0 -1
    outer loop
      vertex 21.9632 -50.3893 0
      vertex 46.0368 -50.3893 0
      vertex 63 -54 0
    endloop
  endfacet
  facet normal 0 0 -1
    outer loop
      vertex 41.636 -42.364 0
      vertex 44.95 -49.15 0
      vertex 44.9607 -49.3132 0
    endloop
  endfacet
  facet normal 0 0 -1
    outer loop
      vertex 44.95 -49.15 0
      vertex 43.5 -43.7942 0
      vertex 44.5558 -44.3149 0
    endloop
  endfacet
  facet normal 0 0 -1
    outer loop
      vertex 23.0393 -49.3132 0
      vertex 44.9607 -49.3132 0
      vertex 44.9926 -49.4735 0
    endloop
  endfacet
  facet normal 0 0 -1
    outer loop
      vertex 44.95 -49.15 0
      vertex 42.5211 -43.1402 0
      vertex 43.5 -43.7942 0
    endloop
  endfacet
  facet normal 0 0 -1
    outer loop
      vertex 23.0074 -49.4735 0
      vertex 44.9926 -49.4735 0
      vertex 45.0452 -49.6284 0
    endloop
  endfacet
  facet normal 0 0 -1
    outer loop
      vertex 44.95 -49.15 0
      vertex 41.636 -42.364 0
      vertex 42.5211 -43.1402 0
    endloop
  endfacet
  facet normal 0 0 -1
    outer loop
      vertex 44.9607 -49.3132 0
      vertex 23.0393 -49.3132 0
      vertex 41.636 -42.364 0
    endloop
  endfacet
  facet normal 0 0 -1
    outer loop
      vertex 22.9548 -49.6284 0
      vertex 45.0452 -49.6284 0
      vertex 45.1175 -49.775 0
    endloop
  endfacet
  facet normal 0 -0 -1
    outer loop
      vertex 23.05 -49.15 0
      vertex 41.636 -42.364 0
      vertex 23.0393 -49.3132 0
    endloop
  endfacet
  facet normal 0 0 -1
    outer loop
      vertex 29.799 22.75 0
      vertex 40.8598 30.5211 0
      vertex 29.8858 22.574 0
    endloop
  endfacet
  facet normal 0 0 -1
    outer loop
      vertex 22.8825 -48.525 0
      vertex 40.2058 -40.5 0
      vertex 22.9548 -48.6716 0
    endloop
  endfacet
  facet normal 0 0 -1
    outer loop
      vertex 22.9548 -48.6716 0
      vertex 40.2058 -40.5 0
      vertex 23.0074 -48.8265 0
    endloop
  endfacet
  facet normal -0 0 -1
    outer loop
      vertex 40.8598 -41.4789 0
      vertex 23.0074 -48.8265 0
      vertex 40.2058 -40.5 0
    endloop
  endfacet
  facet normal 0 0 -1
    outer loop
      vertex 23.0074 -48.8265 0
      vertex 40.8598 -41.4789 0
      vertex 23.0393 -48.9868 0
    endloop
  endfacet
  facet normal 0 0 -1
    outer loop
      vertex 23.0393 -48.9868 0
      vertex 40.8598 -41.4789 0
      vertex 23.05 -49.15 0
    endloop
  endfacet
  facet normal 0 0 -1
    outer loop
      vertex 39.077 -34.8253 0
      vertex 29.9872 -22.1958 0
      vertex 30 -22 0
    endloop
  endfacet
  facet normal 0 0 -1
    outer loop
      vertex 39.077 -34.8253 0
      vertex 29.9489 -22.3882 0
      vertex 29.9872 -22.1958 0
    endloop
  endfacet
  facet normal 0 0 -1
    outer loop
      vertex 39.077 -34.8253 0
      vertex 29.8858 -22.574 0
      vertex 29.9489 -22.3882 0
    endloop
  endfacet
  facet normal 0 0 -1
    outer loop
      vertex 39.077 -34.8253 0
      vertex 29.799 -22.75 0
      vertex 29.8858 -22.574 0
    endloop
  endfacet
  facet normal 0 0 -1
    outer loop
      vertex 39.077 -34.8253 0
      vertex 29.69 -22.9131 0
      vertex 29.799 -22.75 0
    endloop
  endfacet
  facet normal 0 0 -1
    outer loop
      vertex 39.077 -34.8253 0
      vertex 29.5607 -23.0607 0
      vertex 29.69 -22.9131 0
    endloop
  endfacet
  facet normal 0 0 -1
    outer loop
      vertex 39.077 -34.8253 0
      vertex 29.4131 -23.19 0
      vertex 29.5607 -23.0607 0
    endloop
  endfacet
  facet normal 0 0 -1
    outer loop
      vertex 39.077 -34.8253 0
      vertex 29.25 -23.299 0
      vertex 29.4131 -23.19 0
    endloop
  endfacet
  facet normal 0 0 -1
    outer loop
      vertex 39.077 -34.8253 0
      vertex 29.074 -23.3858 0
      vertex 29.25 -23.299 0
    endloop
  endfacet
  facet normal -0 0 -1
    outer loop
      vertex 40.2058 -40.5 0
      vertex 22.8825 -48.525 0
      vertex 39.6851 -39.4441 0
    endloop
  endfacet
  facet normal 0 0 -1
    outer loop
      vertex 39.077 -34.8253 0
      vertex 28.8882 -23.4489 0
      vertex 29.074 -23.3858 0
    endloop
  endfacet
  facet normal 0 0 -1
    outer loop
      vertex 39.077 -34.8253 0
      vertex 28.6958 -23.4872 0
      vertex 28.8882 -23.4489 0
    endloop
  endfacet
  facet normal 0 0 -1
    outer loop
      vertex 39.077 -34.8253 0
      vertex 28.5 -23.5 0
      vertex 28.6958 -23.4872 0
    endloop
  endfacet
  facet normal 0 0 -1
    outer loop
      vertex 22.8825 -49.775 0
      vertex 45.1175 -49.775 0
      vertex 45.2083 -49.9109 0
    endloop
  endfacet
  facet normal 0 0 -1
    outer loop
      vertex 22.7917 -49.9109 0
      vertex 45.2083 -49.9109 0
      vertex 45.3161 -50.0339 0
    endloop
  endfacet
  facet normal 0 0 -1
    outer loop
      vertex 22.6839 -50.0339 0
      vertex 45.3161 -50.0339 0
      vertex 45.439 -50.1417 0
    endloop
  endfacet
  facet normal 0 0 -1
    outer loop
      vertex 22.561 -50.1417 0
      vertex 45.439 -50.1417 0
      vertex 45.575 -50.2325 0
    endloop
  endfacet
  facet normal 0 0 -1
    outer loop
      vertex 22.425 -50.2325 0
      vertex 45.575 -50.2325 0
      vertex 45.7216 -50.3048 0
    endloop
  endfacet
  facet normal 0 0 -1
    outer loop
      vertex 22.2784 -50.3048 0
      vertex 45.7216 -50.3048 0
      vertex 45.8765 -50.3574 0
    endloop
  endfacet
  facet normal 0 0 -1
    outer loop
      vertex 46.0368 -50.3893 0
      vertex 21.9632 -50.3893 0
      vertex 45.8765 -50.3574 0
    endloop
  endfacet
  facet normal -0 0 -1
    outer loop
      vertex 41.636 -42.364 0
      vertex 23.05 -49.15 0
      vertex 40.8598 -41.4789 0
    endloop
  endfacet
  facet normal 0 0 -1
    outer loop
      vertex 44.9926 -49.4735 0
      vertex 23.0074 -49.4735 0
      vertex 23.0393 -49.3132 0
    endloop
  endfacet
  facet normal 0 0 -1
    outer loop
      vertex 45.0452 -49.6284 0
      vertex 22.9548 -49.6284 0
      vertex 23.0074 -49.4735 0
    endloop
  endfacet
  facet normal 0 0 -1
    outer loop
      vertex 45.1175 -49.775 0
      vertex 22.8825 -49.775 0
      vertex 22.9548 -49.6284 0
    endloop
  endfacet
  facet normal 0 0 -1
    outer loop
      vertex 45.2083 -49.9109 0
      vertex 22.7917 -49.9109 0
      vertex 22.8825 -49.775 0
    endloop
  endfacet
  facet normal 0 0 -1
    outer loop
      vertex 45.3161 -50.0339 0
      vertex 22.6839 -50.0339 0
      vertex 22.7917 -49.9109 0
    endloop
  endfacet
  facet normal 0 0 -1
    outer loop
      vertex 45.439 -50.1417 0
      vertex 22.561 -50.1417 0
      vertex 22.6839 -50.0339 0
    endloop
  endfacet
  facet normal 0 0 -1
    outer loop
      vertex 45.575 -50.2325 0
      vertex 22.425 -50.2325 0
      vertex 22.561 -50.1417 0
    endloop
  endfacet
  facet normal 0 0 -1
    outer loop
      vertex 45.7216 -50.3048 0
      vertex 22.2784 -50.3048 0
      vertex 22.425 -50.2325 0
    endloop
  endfacet
  facet normal 0 0 -1
    outer loop
      vertex 45.8765 -50.3574 0
      vertex 22.1235 -50.3574 0
      vertex 22.2784 -50.3048 0
    endloop
  endfacet
  facet normal -0 0 -1
    outer loop
      vertex 45.8765 -50.3574 0
      vertex 21.9632 -50.3893 0
      vertex 22.1235 -50.3574 0
    endloop
  endfacet
  facet normal 0 0 -1
    outer loop
      vertex 63 -54 0
      vertex 21.8 -50.4 0
      vertex 21.9632 -50.3893 0
    endloop
  endfacet
  facet normal 0 0 -1
    outer loop
      vertex 63 -54 0
      vertex 18.3 -50.4 0
      vertex 21.8 -50.4 0
    endloop
  endfacet
  facet normal 0 0 -1
    outer loop
      vertex -18.3 -50.4 0
      vertex 18.3 -50.4 0
      vertex 63 -54 0
    endloop
  endfacet
  facet normal 0 0 -1
    outer loop
      vertex 17.0607 -23.0132 0
      vertex -17.05 -22.85 0
      vertex 17.05 -22.85 0
    endloop
  endfacet
  facet normal 0 0 -1
    outer loop
      vertex 28.5 -20.5 0
      vertex 9.96578 -0.522104 0
      vertex 10 0 0
    endloop
  endfacet
  facet normal -0 -0 -1
    outer loop
      vertex 17.675 21.7675 0
      vertex 18.201 21.25 0
      vertex 17.539 21.8583 0
    endloop
  endfacet
  facet normal 0 0 -1
    outer loop
      vertex -17.05 -49.15 0
      vertex 17.05 -49.15 0
      vertex 17.0607 -49.3132 0
    endloop
  endfacet
  facet normal 0 0 -1
    outer loop
      vertex 18.201 21.25 0
      vertex 17.8216 21.6952 0
      vertex 18.1142 21.426 0
    endloop
  endfacet
  facet normal 0 0 -1
    outer loop
      vertex 28.5 -20.5 0
      vertex 9.8637 -1.03528 0
      vertex 9.96578 -0.522104 0
    endloop
  endfacet
  facet normal 0 0 -1
    outer loop
      vertex 19.5 -20.5 0
      vertex 9.69552 -1.53073 0
      vertex 9.8637 -1.03528 0
    endloop
  endfacet
  facet normal 0 0 -1
    outer loop
      vertex 19.5 -20.5 0
      vertex 9.4641 -2 0
      vertex 9.69552 -1.53073 0
    endloop
  endfacet
  facet normal 0 0 -1
    outer loop
      vertex 19.5 -20.5 0
      vertex 9.17341 -2.43505 0
      vertex 9.4641 -2 0
    endloop
  endfacet
  facet normal 0 0 -1
    outer loop
      vertex 19.3042 -20.5128 0
      vertex 8.82843 -2.82843 0
      vertex 9.17341 -2.43505 0
    endloop
  endfacet
  facet normal 0 0 -1
    outer loop
      vertex 18.926 -20.6142 0
      vertex 8.43505 -3.17341 0
      vertex 8.82843 -2.82843 0
    endloop
  endfacet
  facet normal 0 0 -1
    outer loop
      vertex 18.75 -20.701 0
      vertex 8 -3.4641 0
      vertex 8.43505 -3.17341 0
    endloop
  endfacet
  facet normal 0 0 -1
    outer loop
      vertex 18.5869 -20.81 0
      vertex 7.53073 -3.69552 0
      vertex 8 -3.4641 0
    endloop
  endfacet
  facet normal 0 0 -1
    outer loop
      vertex -17.0607 -49.3132 0
      vertex 17.0607 -49.3132 0
      vertex 17.0926 -49.4735 0
    endloop
  endfacet
  facet normal 0 0 -1
    outer loop
      vertex 18.4393 -20.9393 0
      vertex 7.03528 -3.8637 0
      vertex 7.53073 -3.69552 0
    endloop
  endfacet
  facet normal 0 0 -1
    outer loop
      vertex 17.3083 -22.089 0
      vertex 6.5221 -3.96578 0
      vertex 7.03528 -3.8637 0
    endloop
  endfacet
  facet normal 0 0 -1
    outer loop
      vertex 17.2175 -22.225 0
      vertex 6 -4 0
      vertex 6.5221 -3.96578 0
    endloop
  endfacet
  facet normal 0 0 -1
    outer loop
      vertex -17.0607 -22.6868 0
      vertex 17.0607 -22.6868 0
      vertex -17.05 -22.85 0
    endloop
  endfacet
  facet normal 0 0 -1
    outer loop
      vertex -17.0926 -49.4735 0
      vertex 17.0926 -49.4735 0
      vertex 17.1451 -49.6284 0
    endloop
  endfacet
  facet normal 0 0 -1
    outer loop
      vertex -17.1451 -49.6284 0
      vertex 17.1451 -49.6284 0
      vertex 17.2175 -49.775 0
    endloop
  endfacet
  facet normal 0 0 -1
    outer loop
      vertex 17.0607 -22.6868 0
      vertex -17.0607 -22.6868 0
      vertex 6 -4 0
    endloop
  endfacet
  facet normal -0 0 -1
    outer loop
      vertex 6 -4 0
      vertex -17.0607 -22.6868 0
      vertex -6 -4 0
    endloop
  endfacet
  facet normal 0 0 -1
    outer loop
      vertex -17.0926 -22.5265 0
      vertex -6 -4 0
      vertex -17.0607 -22.6868 0
    endloop
  endfacet
  facet normal 0 0 -1
    outer loop
      vertex -17.1451 -22.3716 0
      vertex -6 -4 0
      vertex -17.0926 -22.5265 0
    endloop
  endfacet
  facet normal 0 0 -1
    outer loop
      vertex -17.2175 -22.225 0
      vertex -6 -4 0
      vertex -17.1451 -22.3716 0
    endloop
  endfacet
  facet normal -0 0 -1
    outer loop
      vertex -6 -4 0
      vertex -17.2175 -22.225 0
      vertex -6.5221 -3.96578 0
    endloop
  endfacet
  facet normal 0 0 -1
    outer loop
      vertex -17.3083 -22.089 0
      vertex -6.5221 -3.96578 0
      vertex -17.2175 -22.225 0
    endloop
  endfacet
  facet normal -0 0 -1
    outer loop
      vertex -6.5221 -3.96578 0
      vertex -17.3083 -22.089 0
      vertex -7.03528 -3.8637 0
    endloop
  endfacet
  facet normal 0 0 -1
    outer loop
      vertex -18.5869 -20.81 0
      vertex -7.53073 -3.69552 0
      vertex -18.4393 -20.9393 0
    endloop
  endfacet
  facet normal -0 0 -1
    outer loop
      vertex -7.03528 -3.8637 0
      vertex -18.4393 -20.9393 0
      vertex -7.53073 -3.69552 0
    endloop
  endfacet
  facet normal 0 0 -1
    outer loop
      vertex -18.4393 -20.9393 0
      vertex -7.03528 -3.8637 0
      vertex -17.4161 -21.9661 0
    endloop
  endfacet
  facet normal 0 0 -1
    outer loop
      vertex -17.4161 -21.9661 0
      vertex -7.03528 -3.8637 0
      vertex -17.3083 -22.089 0
    endloop
  endfacet
  facet normal 0 0 -1
    outer loop
      vertex -17.1451 -48.6716 0
      vertex 17.1451 -48.6716 0
      vertex -17.0926 -48.8265 0
    endloop
  endfacet
  facet normal 0 0 -1
    outer loop
      vertex -17.2175 -49.775 0
      vertex 17.2175 -49.775 0
      vertex 17.3083 -49.9109 0
    endloop
  endfacet
  facet normal 0 0 -1
    outer loop
      vertex -17.3083 -49.9109 0
      vertex 17.3083 -49.9109 0
      vertex 17.4161 -50.0339 0
    endloop
  endfacet
  facet normal 0 0 -1
    outer loop
      vertex -17.4161 -50.0339 0
      vertex 17.4161 -50.0339 0
      vertex 17.539 -50.1417 0
    endloop
  endfacet
  facet normal 0 0 -1
    outer loop
      vertex -17.539 -50.1417 0
      vertex 17.539 -50.1417 0
      vertex 17.675 -50.2325 0
    endloop
  endfacet
  facet normal 0 0 -1
    outer loop
      vertex -17.675 -50.2325 0
      vertex 17.675 -50.2325 0
      vertex 17.8216 -50.3048 0
    endloop
  endfacet
  facet normal 0 0 -1
    outer loop
      vertex -17.8216 -50.3048 0
      vertex 17.8216 -50.3048 0
      vertex 17.9765 -50.3574 0
    endloop
  endfacet
  facet normal 0 0 -1
    outer loop
      vertex -17.9765 -50.3574 0
      vertex 17.9765 -50.3574 0
      vertex 18.1368 -50.3893 0
    endloop
  endfacet
  facet normal 0 0 -1
    outer loop
      vertex 18.3 -50.4 0
      vertex -18.3 -50.4 0
      vertex 18.1368 -50.3893 0
    endloop
  endfacet
  facet normal 0 0 -1
    outer loop
      vertex 17.0607 -49.3132 0
      vertex -17.0607 -49.3132 0
      vertex -17.05 -49.15 0
    endloop
  endfacet
  facet normal 0 0 -1
    outer loop
      vertex 17.0926 -49.4735 0
      vertex -17.0926 -49.4735 0
      vertex -17.0607 -49.3132 0
    endloop
  endfacet
  facet normal 0 0 -1
    outer loop
      vertex 17.1451 -49.6284 0
      vertex -17.1451 -49.6284 0
      vertex -17.0926 -49.4735 0
    endloop
  endfacet
  facet normal 0 0 -1
    outer loop
      vertex 17.2175 -49.775 0
      vertex -17.2175 -49.775 0
      vertex -17.1451 -49.6284 0
    endloop
  endfacet
  facet normal 0 0 -1
    outer loop
      vertex 17.3083 -49.9109 0
      vertex -17.3083 -49.9109 0
      vertex -17.2175 -49.775 0
    endloop
  endfacet
  facet normal 0 0 -1
    outer loop
      vertex 17.4161 -50.0339 0
      vertex -17.4161 -50.0339 0
      vertex -17.3083 -49.9109 0
    endloop
  endfacet
  facet normal 0 0 -1
    outer loop
      vertex 17.539 -50.1417 0
      vertex -17.539 -50.1417 0
      vertex -17.4161 -50.0339 0
    endloop
  endfacet
  facet normal 0 0 -1
    outer loop
      vertex 17.675 -50.2325 0
      vertex -17.675 -50.2325 0
      vertex -17.539 -50.1417 0
    endloop
  endfacet
  facet normal 0 0 -1
    outer loop
      vertex 17.8216 -50.3048 0
      vertex -17.8216 -50.3048 0
      vertex -17.675 -50.2325 0
    endloop
  endfacet
  facet normal 0 0 -1
    outer loop
      vertex 17.9765 -50.3574 0
      vertex -17.9765 -50.3574 0
      vertex -17.8216 -50.3048 0
    endloop
  endfacet
  facet normal 0 0 -1
    outer loop
      vertex 18.1368 -50.3893 0
      vertex -18.1368 -50.3893 0
      vertex -17.9765 -50.3574 0
    endloop
  endfacet
  facet normal -0 0 -1
    outer loop
      vertex 18.1368 -50.3893 0
      vertex -18.3 -50.4 0
      vertex -18.1368 -50.3893 0
    endloop
  endfacet
  facet normal 0 0 -1
    outer loop
      vertex -63 -54 0
      vertex -18.3 -50.4 0
      vertex 63 -54 0
    endloop
  endfacet
  facet normal 0 0 -1
    outer loop
      vertex -41.636 -42.364 0
      vertex -23.05 -49.15 0
      vertex -23.0393 -49.3132 0
    endloop
  endfacet
  facet normal 0 0 -1
    outer loop
      vertex -44.9607 -49.3132 0
      vertex -23.0393 -49.3132 0
      vertex -23.0074 -49.4735 0
    endloop
  endfacet
  facet normal 0 0 -1
    outer loop
      vertex -22.2784 -47.9952 0
      vertex -39 -36 0
      vertex -28.5 -23.5 0
    endloop
  endfacet
  facet normal 0 0 -1
    outer loop
      vertex -39.077 -34.8253 0
      vertex -28.5 -23.5 0
      vertex -39 -36 0
    endloop
  endfacet
  facet normal -0 0 -1
    outer loop
      vertex -28.5 -23.5 0
      vertex -39.077 -34.8253 0
      vertex -28.6958 -23.4872 0
    endloop
  endfacet
  facet normal 0 0 -1
    outer loop
      vertex -39.3067 -33.6706 0
      vertex -28.6958 -23.4872 0
      vertex -39.077 -34.8253 0
    endloop
  endfacet
  facet normal -0 0 -1
    outer loop
      vertex -28.6958 -23.4872 0
      vertex -39.3067 -33.6706 0
      vertex -28.8882 -23.4489 0
    endloop
  endfacet
  facet normal -0 0 -1
    outer loop
      vertex -28.8882 -23.4489 0
      vertex -39.3067 -33.6706 0
      vertex -29.074 -23.3858 0
    endloop
  endfacet
  facet normal 0 0 -1
    outer loop
      vertex -39.6851 -32.5558 0
      vertex -29.074 -23.3858 0
      vertex -39.3067 -33.6706 0
    endloop
  endfacet
  facet normal -0 0 -1
    outer loop
      vertex -29.074 -23.3858 0
      vertex -39.6851 -32.5558 0
      vertex -29.25 -23.299 0
    endloop
  endfacet
  facet normal -0 0 -1
    outer loop
      vertex -29.25 -23.299 0
      vertex -39.6851 -32.5558 0
      vertex -29.4131 -23.19 0
    endloop
  endfacet
  facet normal 0 0 -1
    outer loop
      vertex -40.2058 -31.5 0
      vertex -29.4131 -23.19 0
      vertex -39.6851 -32.5558 0
    endloop
  endfacet
  facet normal 0 0 -1
    outer loop
      vertex -29.9489 21.6118 0
      vertex -39 36 0
      vertex -29.9872 21.8042 0
    endloop
  endfacet
  facet normal 0 0 -1
    outer loop
      vertex -40.8598 -30.5211 0
      vertex -29.69 -22.9131 0
      vertex -40.2058 -31.5 0
    endloop
  endfacet
  facet normal -0 0 -1
    outer loop
      vertex -29.5607 -23.0607 0
      vertex -40.2058 -31.5 0
      vertex -29.69 -22.9131 0
    endloop
  endfacet
  facet normal -0 0 -1
    outer loop
      vertex -29.4131 -23.19 0
      vertex -40.2058 -31.5 0
      vertex -29.5607 -23.0607 0
    endloop
  endfacet
  facet normal 0 0 -1
    outer loop
      vertex -44.9926 -49.4735 0
      vertex -23.0074 -49.4735 0
      vertex -22.9548 -49.6284 0
    endloop
  endfacet
  facet normal 0 0 -1
    outer loop
      vertex -45.0452 -49.6284 0
      vertex -22.9548 -49.6284 0
      vertex -22.8825 -49.775 0
    endloop
  endfacet
  facet normal 0 0 -1
    outer loop
      vertex -45.1175 -49.775 0
      vertex -22.8825 -49.775 0
      vertex -22.7917 -49.9109 0
    endloop
  endfacet
  facet normal 0 0 -1
    outer loop
      vertex -45.2083 -49.9109 0
      vertex -22.7917 -49.9109 0
      vertex -22.6839 -50.0339 0
    endloop
  endfacet
  facet normal 0 0 -1
    outer loop
      vertex -45.3161 -50.0339 0
      vertex -22.6839 -50.0339 0
      vertex -22.561 -50.1417 0
    endloop
  endfacet
  facet normal 0 0 -1
    outer loop
      vertex -22.2784 -47.9952 0
      vertex -39.077 -37.1747 0
      vertex -39 -36 0
    endloop
  endfacet
  facet normal 0 0 -1
    outer loop
      vertex -22.561 -48.1583 0
      vertex -39.3067 -38.3294 0
      vertex -39.077 -37.1747 0
    endloop
  endfacet
  facet normal 0 0 -1
    outer loop
      vertex -22.7917 -48.389 0
      vertex -39.6851 -39.4441 0
      vertex -39.3067 -38.3294 0
    endloop
  endfacet
  facet normal 0 0 -1
    outer loop
      vertex -45.439 -50.1417 0
      vertex -22.561 -50.1417 0
      vertex -22.425 -50.2325 0
    endloop
  endfacet
  facet normal 0 0 -1
    outer loop
      vertex -22.8825 -48.525 0
      vertex -40.2058 -40.5 0
      vertex -39.6851 -39.4441 0
    endloop
  endfacet
  facet normal 0 0 -1
    outer loop
      vertex -23.0074 -48.8265 0
      vertex -40.8598 -41.4789 0
      vertex -40.2058 -40.5 0
    endloop
  endfacet
  facet normal 0 0 -1
    outer loop
      vertex -45.575 -50.2325 0
      vertex -22.425 -50.2325 0
      vertex -22.2784 -50.3048 0
    endloop
  endfacet
  facet normal 0 0 -1
    outer loop
      vertex -23.05 -49.15 0
      vertex -41.636 -42.364 0
      vertex -40.8598 -41.4789 0
    endloop
  endfacet
  facet normal 0 0 -1
    outer loop
      vertex -23.0393 -49.3132 0
      vertex -44.9607 -49.3132 0
      vertex -41.636 -42.364 0
    endloop
  endfacet
  facet normal 0 -0 -1
    outer loop
      vertex -44.95 -49.15 0
      vertex -41.636 -42.364 0
      vertex -44.9607 -49.3132 0
    endloop
  endfacet
  facet normal 0 0 -1
    outer loop
      vertex -45.7216 -50.3048 0
      vertex -22.2784 -50.3048 0
      vertex -22.1235 -50.3574 0
    endloop
  endfacet
  facet normal 0 0 -1
    outer loop
      vertex -44.9607 -48.9868 0
      vertex -42.5211 -43.1402 0
      vertex -44.95 -49.15 0
    endloop
  endfacet
  facet normal 0 0 -1
    outer loop
      vertex -44.9926 -48.8265 0
      vertex -42.5211 -43.1402 0
      vertex -44.9607 -48.9868 0
    endloop
  endfacet
  facet normal 0 0 -1
    outer loop
      vertex -45.8765 -50.3574 0
      vertex -22.1235 -50.3574 0
      vertex -21.9632 -50.3893 0
    endloop
  endfacet
  facet normal 0 0 -1
    outer loop
      vertex -63 -54 0
      vertex -21.9632 -50.3893 0
      vertex -21.8 -50.4 0
    endloop
  endfacet
  facet normal 0 0 -1
    outer loop
      vertex -41.636 -42.364 0
      vertex -44.95 -49.15 0
      vertex -42.5211 -43.1402 0
    endloop
  endfacet
  facet normal 0 0 -1
    outer loop
      vertex -23.0074 -49.4735 0
      vertex -44.9926 -49.4735 0
      vertex -44.9607 -49.3132 0
    endloop
  endfacet
  facet normal -0 0 -1
    outer loop
      vertex -18.3 -50.4 0
      vertex -63 -54 0
      vertex -21.8 -50.4 0
    endloop
  endfacet
  facet normal 0 0 -1
    outer loop
      vertex -22.9548 -49.6284 0
      vertex -45.0452 -49.6284 0
      vertex -44.9926 -49.4735 0
    endloop
  endfacet
  facet normal 0 0 -1
    outer loop
      vertex -22.8825 -49.775 0
      vertex -45.1175 -49.775 0
      vertex -45.0452 -49.6284 0
    endloop
  endfacet
  facet normal 0 0 -1
    outer loop
      vertex -22.7917 -49.9109 0
      vertex -45.2083 -49.9109 0
      vertex -45.1175 -49.775 0
    endloop
  endfacet
  facet normal 0 0 -1
    outer loop
      vertex -22.6839 -50.0339 0
      vertex -45.3161 -50.0339 0
      vertex -45.2083 -49.9109 0
    endloop
  endfacet
  facet normal 0 0 -1
    outer loop
      vertex -22.561 -50.1417 0
      vertex -45.439 -50.1417 0
      vertex -45.3161 -50.0339 0
    endloop
  endfacet
  facet normal 0 0 -1
    outer loop
      vertex -22.425 -50.2325 0
      vertex -45.575 -50.2325 0
      vertex -45.439 -50.1417 0
    endloop
  endfacet
  facet normal 0 0 -1
    outer loop
      vertex -22.2784 -50.3048 0
      vertex -45.7216 -50.3048 0
      vertex -45.575 -50.2325 0
    endloop
  endfacet
  facet normal 0 0 -1
    outer loop
      vertex -22.1235 -50.3574 0
      vertex -45.8765 -50.3574 0
      vertex -45.7216 -50.3048 0
    endloop
  endfacet
  facet normal 0 0 -1
    outer loop
      vertex -21.9632 -50.3893 0
      vertex -46.0368 -50.3893 0
      vertex -45.8765 -50.3574 0
    endloop
  endfacet
  facet normal -0 0 -1
    outer loop
      vertex -21.9632 -50.3893 0
      vertex -63 -54 0
      vertex -46.0368 -50.3893 0
    endloop
  endfacet
  facet normal 0 0 -1
    outer loop
      vertex -46.0368 -50.3893 0
      vertex -63 -54 0
      vertex -46.2 -50.4 0
    endloop
  endfacet
  facet normal 0 0 -1
    outer loop
      vertex -63 -54 0
      vertex -50.95 -49.15 0
      vertex -50.9393 -49.3132 0
    endloop
  endfacet
  facet normal 0 0 -1
    outer loop
      vertex -50.7825 -48.525 0
      vertex -52.5 -43.7942 0
      vertex -51.4441 -44.3149 0
    endloop
  endfacet
  facet normal 0 0 -1
    outer loop
      vertex -63 -54 0
      vertex -50.9393 -49.3132 0
      vertex -50.9074 -49.4735 0
    endloop
  endfacet
  facet normal 0 0 -1
    outer loop
      vertex -50.9074 -48.8265 0
      vertex -53.4789 -43.1402 0
      vertex -52.5 -43.7942 0
    endloop
  endfacet
  facet normal 0 0 -1
    outer loop
      vertex -63 -54 0
      vertex -50.9074 -49.4735 0
      vertex -50.8549 -49.6284 0
    endloop
  endfacet
  facet normal -0 0 -1
    outer loop
      vertex -50.95 -49.15 0
      vertex -63 -54 0
      vertex -53.4789 -43.1402 0
    endloop
  endfacet
  facet normal -0 0 -1
    outer loop
      vertex -53.4789 -43.1402 0
      vertex -63 -54 0
      vertex -54.364 -42.364 0
    endloop
  endfacet
  facet normal 0 0 -1
    outer loop
      vertex -63 -54 0
      vertex -50.8549 -49.6284 0
      vertex -50.7825 -49.775 0
    endloop
  endfacet
  facet normal -0 0 -1
    outer loop
      vertex -54.364 -42.364 0
      vertex -63 -54 0
      vertex -55.1402 -41.4789 0
    endloop
  endfacet
  facet normal -0 0 -1
    outer loop
      vertex -56.923 -37.1747 0
      vertex -68 -49 0
      vertex -57 -36 0
    endloop
  endfacet
  facet normal -0 0 -1
    outer loop
      vertex -56.6933 -38.3294 0
      vertex -68 -49 0
      vertex -56.923 -37.1747 0
    endloop
  endfacet
  facet normal -0 0 -1
    outer loop
      vertex -56.3149 -39.4441 0
      vertex -68 -49 0
      vertex -56.6933 -38.3294 0
    endloop
  endfacet
  facet normal -0 0 -1
    outer loop
      vertex -55.7942 -40.5 0
      vertex -68 -49 0
      vertex -56.3149 -39.4441 0
    endloop
  endfacet
  facet normal -0 0 -1
    outer loop
      vertex -55.1402 -41.4789 0
      vertex -68 -49 0
      vertex -55.7942 -40.5 0
    endloop
  endfacet
  facet normal 0 0 -1
    outer loop
      vertex -68 -49 0
      vertex -55.1402 -41.4789 0
      vertex -63 -54 0
    endloop
  endfacet
  facet normal -0 0 -1
    outer loop
      vertex -50.6917 -49.9109 0
      vertex -63 -54 0
      vertex -50.7825 -49.775 0
    endloop
  endfacet
  facet normal -0 0 -1
    outer loop
      vertex -50.5839 -50.0339 0
      vertex -63 -54 0
      vertex -50.6917 -49.9109 0
    endloop
  endfacet
  facet normal -0 0 -1
    outer loop
      vertex -50.461 -50.1417 0
      vertex -63 -54 0
      vertex -50.5839 -50.0339 0
    endloop
  endfacet
  facet normal -0 0 -1
    outer loop
      vertex -50.325 -50.2325 0
      vertex -63 -54 0
      vertex -50.461 -50.1417 0
    endloop
  endfacet
  facet normal -0 0 -1
    outer loop
      vertex -50.1784 -50.3048 0
      vertex -63 -54 0
      vertex -50.325 -50.2325 0
    endloop
  endfacet
  facet normal -0 0 -1
    outer loop
      vertex -50.0235 -50.3574 0
      vertex -63 -54 0
      vertex -50.1784 -50.3048 0
    endloop
  endfacet
  facet normal -0 0 -1
    outer loop
      vertex -49.8632 -50.3893 0
      vertex -63 -54 0
      vertex -50.0235 -50.3574 0
    endloop
  endfacet
  facet normal -0 0 -1
    outer loop
      vertex -49.7 -50.4 0
      vertex -63 -54 0
      vertex -49.8632 -50.3893 0
    endloop
  endfacet
  facet normal -0 0 -1
    outer loop
      vertex -46.2 -50.4 0
      vertex -63 -54 0
      vertex -49.7 -50.4 0
    endloop
  endfacet
  facet normal 0 0 -1
    outer loop
      vertex 66.9668 52.0438 0
      vertex 63 54 0
      vertex 66.5355 52.5355 0
    endloop
  endfacet
  facet normal 0 0 -1
    outer loop
      vertex 66.5355 52.5355 0
      vertex 63 54 0
      vertex 66.0438 52.9668 0
    endloop
  endfacet
  facet normal 0 0 -1
    outer loop
      vertex 66.0438 52.9668 0
      vertex 63 54 0
      vertex 65.5 53.3301 0
    endloop
  endfacet
  facet normal 0 0 -1
    outer loop
      vertex 64.9134 53.6194 0
      vertex 63 54 0
      vertex 64.2941 53.8296 0
    endloop
  endfacet
  facet normal 0 0 -1
    outer loop
      vertex 64.2941 53.8296 0
      vertex 63 54 0
      vertex 63.6526 53.9572 0
    endloop
  endfacet
  facet normal 0 0 -1
    outer loop
      vertex 65.5 53.3301 0
      vertex 63 54 0
      vertex 64.9134 53.6194 0
    endloop
  endfacet
  facet normal 0 0 -1
    outer loop
      vertex 54.364 42.364 0
      vertex 63 54 0
      vertex 55.1402 41.4789 0
    endloop
  endfacet
  facet normal 0 0 -1
    outer loop
      vertex 53.4789 43.1402 0
      vertex 63 54 0
      vertex 54.364 42.364 0
    endloop
  endfacet
  facet normal 0 0 -1
    outer loop
      vertex 50.9393 48.9868 0
      vertex 53.4789 43.1402 0
      vertex 52.5 43.7942 0
    endloop
  endfacet
  facet normal 0 0 -1
    outer loop
      vertex 50.7825 48.525 0
      vertex 52.5 43.7942 0
      vertex 51.4441 44.3149 0
    endloop
  endfacet
  facet normal 0 0 -1
    outer loop
      vertex 53.4789 43.1402 0
      vertex 50.95 49.15 0
      vertex 63 54 0
    endloop
  endfacet
  facet normal 0 0 -1
    outer loop
      vertex 50.9393 49.3132 0
      vertex 63 54 0
      vertex 50.95 49.15 0
    endloop
  endfacet
  facet normal 0 0 -1
    outer loop
      vertex 50.9074 49.4735 0
      vertex 63 54 0
      vertex 50.9393 49.3132 0
    endloop
  endfacet
  facet normal 0 0 -1
    outer loop
      vertex 50.8549 49.6284 0
      vertex 63 54 0
      vertex 50.9074 49.4735 0
    endloop
  endfacet
  facet normal 0 0 -1
    outer loop
      vertex 50.7825 49.775 0
      vertex 63 54 0
      vertex 50.8549 49.6284 0
    endloop
  endfacet
  facet normal 0 0 -1
    outer loop
      vertex 50.6917 49.9109 0
      vertex 63 54 0
      vertex 50.7825 49.775 0
    endloop
  endfacet
  facet normal 0 0 -1
    outer loop
      vertex 50.5839 50.0339 0
      vertex 63 54 0
      vertex 50.6917 49.9109 0
    endloop
  endfacet
  facet normal 0 0 -1
    outer loop
      vertex 50.461 50.1417 0
      vertex 63 54 0
      vertex 50.5839 50.0339 0
    endloop
  endfacet
  facet normal 0 0 -1
    outer loop
      vertex 50.325 50.2325 0
      vertex 63 54 0
      vertex 50.461 50.1417 0
    endloop
  endfacet
  facet normal 0 0 -1
    outer loop
      vertex 50.1784 50.3048 0
      vertex 63 54 0
      vertex 50.325 50.2325 0
    endloop
  endfacet
  facet normal 0 0 -1
    outer loop
      vertex 50.0235 50.3574 0
      vertex 63 54 0
      vertex 50.1784 50.3048 0
    endloop
  endfacet
  facet normal 0 0 -1
    outer loop
      vertex 49.8632 50.3893 0
      vertex 63 54 0
      vertex 50.0235 50.3574 0
    endloop
  endfacet
  facet normal 0 0 -1
    outer loop
      vertex 49.7 50.4 0
      vertex 63 54 0
      vertex 49.8632 50.3893 0
    endloop
  endfacet
  facet normal 0 0 -1
    outer loop
      vertex 46.2 50.4 0
      vertex 63 54 0
      vertex 49.7 50.4 0
    endloop
  endfacet
  facet normal 0 0 -1
    outer loop
      vertex 46.0368 50.3893 0
      vertex 63 54 0
      vertex 46.2 50.4 0
    endloop
  endfacet
  facet normal 0 0 -1
    outer loop
      vertex 21.9632 50.3893 0
      vertex 46.0368 50.3893 0
      vertex 45.8765 50.3574 0
    endloop
  endfacet
  facet normal -0 0 -1
    outer loop
      vertex 44.9926 48.8265 0
      vertex 42.5211 43.1402 0
      vertex 44.9607 48.9868 0
    endloop
  endfacet
  facet normal -0 0 -1
    outer loop
      vertex 44.9607 48.9868 0
      vertex 42.5211 43.1402 0
      vertex 44.95 49.15 0
    endloop
  endfacet
  facet normal 0 0 -1
    outer loop
      vertex 41.636 42.364 0
      vertex 44.95 49.15 0
      vertex 42.5211 43.1402 0
    endloop
  endfacet
  facet normal -0 0 -1
    outer loop
      vertex 44.95 49.15 0
      vertex 41.636 42.364 0
      vertex 44.9607 49.3132 0
    endloop
  endfacet
  facet normal 0 0 -1
    outer loop
      vertex 23.0393 49.3132 0
      vertex 44.9607 49.3132 0
      vertex 41.636 42.364 0
    endloop
  endfacet
  facet normal 0 0 -1
    outer loop
      vertex 44.9607 49.3132 0
      vertex 23.0393 49.3132 0
      vertex 44.9926 49.4735 0
    endloop
  endfacet
  facet normal 0 0 -1
    outer loop
      vertex 23.05 49.15 0
      vertex 41.636 42.364 0
      vertex 40.8598 41.4789 0
    endloop
  endfacet
  facet normal 0 0 -1
    outer loop
      vertex 23.0074 49.4735 0
      vertex 44.9926 49.4735 0
      vertex 23.0393 49.3132 0
    endloop
  endfacet
  facet normal 0 0 -1
    outer loop
      vertex 23.0393 48.9868 0
      vertex 40.8598 41.4789 0
      vertex 40.2058 40.5 0
    endloop
  endfacet
  facet normal 0 0 -1
    outer loop
      vertex 29.69 22.9131 0
      vertex 40.8598 30.5211 0
      vertex 29.799 22.75 0
    endloop
  endfacet
  facet normal -0 0 -1
    outer loop
      vertex 40.8598 30.5211 0
      vertex 29.69 22.9131 0
      vertex 40.2058 31.5 0
    endloop
  endfacet
  facet normal 0 0 -1
    outer loop
      vertex 29.5607 23.0607 0
      vertex 40.2058 31.5 0
      vertex 29.69 22.9131 0
    endloop
  endfacet
  facet normal 0 0 -1
    outer loop
      vertex 29.4131 23.19 0
      vertex 40.2058 31.5 0
      vertex 29.5607 23.0607 0
    endloop
  endfacet
  facet normal -0 0 -1
    outer loop
      vertex 40.2058 31.5 0
      vertex 29.4131 23.19 0
      vertex 39.6851 32.5558 0
    endloop
  endfacet
  facet normal 0 0 -1
    outer loop
      vertex 29.25 23.299 0
      vertex 39.6851 32.5558 0
      vertex 29.4131 23.19 0
    endloop
  endfacet
  facet normal 0 0 -1
    outer loop
      vertex 29.074 23.3858 0
      vertex 39.6851 32.5558 0
      vertex 29.25 23.299 0
    endloop
  endfacet
  facet normal -0 0 -1
    outer loop
      vertex 39.6851 32.5558 0
      vertex 29.074 23.3858 0
      vertex 39.3067 33.6706 0
    endloop
  endfacet
  facet normal 0 0 -1
    outer loop
      vertex 28.8882 23.4489 0
      vertex 39.3067 33.6706 0
      vertex 29.074 23.3858 0
    endloop
  endfacet
  facet normal 0 0 -1
    outer loop
      vertex 28.6958 23.4872 0
      vertex 39.3067 33.6706 0
      vertex 28.8882 23.4489 0
    endloop
  endfacet
  facet normal -0 0 -1
    outer loop
      vertex 39.3067 33.6706 0
      vertex 28.6958 23.4872 0
      vertex 39.077 34.8253 0
    endloop
  endfacet
  facet normal 0 0 -1
    outer loop
      vertex 28.5 23.5 0
      vertex 39.077 34.8253 0
      vertex 28.6958 23.4872 0
    endloop
  endfacet
  facet normal -0 0 -1
    outer loop
      vertex 39.077 34.8253 0
      vertex 28.5 23.5 0
      vertex 39 36 0
    endloop
  endfacet
  facet normal 0 0 -1
    outer loop
      vertex 22.2784 47.9952 0
      vertex 39 36 0
      vertex 28.5 23.5 0
    endloop
  endfacet
  facet normal 0 0 -1
    outer loop
      vertex 23.0393 48.9868 0
      vertex 39.077 37.1747 0
      vertex 39 36 0
    endloop
  endfacet
  facet normal 0 0 -1
    outer loop
      vertex 23.0393 48.9868 0
      vertex 39.3067 38.3294 0
      vertex 39.077 37.1747 0
    endloop
  endfacet
  facet normal 0 0 -1
    outer loop
      vertex 23.0393 48.9868 0
      vertex 39.6851 39.4441 0
      vertex 39.3067 38.3294 0
    endloop
  endfacet
  facet normal 0 0 -1
    outer loop
      vertex 23.0393 48.9868 0
      vertex 40.2058 40.5 0
      vertex 39.6851 39.4441 0
    endloop
  endfacet
  facet normal 0 0 -1
    outer loop
      vertex 41.636 42.364 0
      vertex 23.05 49.15 0
      vertex 23.0393 49.3132 0
    endloop
  endfacet
  facet normal 0 0 -1
    outer loop
      vertex 44.9926 49.4735 0
      vertex 23.0074 49.4735 0
      vertex 45.0452 49.6284 0
    endloop
  endfacet
  facet normal 0 0 -1
    outer loop
      vertex 22.9548 49.6284 0
      vertex 45.0452 49.6284 0
      vertex 23.0074 49.4735 0
    endloop
  endfacet
  facet normal 0 0 -1
    outer loop
      vertex 45.0452 49.6284 0
      vertex 22.9548 49.6284 0
      vertex 45.1175 49.775 0
    endloop
  endfacet
  facet normal 0 0 -1
    outer loop
      vertex 22.8825 49.775 0
      vertex 45.1175 49.775 0
      vertex 22.9548 49.6284 0
    endloop
  endfacet
  facet normal 0 0 -1
    outer loop
      vertex 45.1175 49.775 0
      vertex 22.8825 49.775 0
      vertex 45.2083 49.9109 0
    endloop
  endfacet
  facet normal 0 0 -1
    outer loop
      vertex 22.7917 49.9109 0
      vertex 45.2083 49.9109 0
      vertex 22.8825 49.775 0
    endloop
  endfacet
  facet normal 0 0 -1
    outer loop
      vertex 45.2083 49.9109 0
      vertex 22.7917 49.9109 0
      vertex 45.3161 50.0339 0
    endloop
  endfacet
  facet normal 0 0 -1
    outer loop
      vertex 22.6839 50.0339 0
      vertex 45.3161 50.0339 0
      vertex 22.7917 49.9109 0
    endloop
  endfacet
  facet normal 0 0 -1
    outer loop
      vertex 45.3161 50.0339 0
      vertex 22.6839 50.0339 0
      vertex 45.439 50.1417 0
    endloop
  endfacet
  facet normal 0 0 -1
    outer loop
      vertex 22.561 50.1417 0
      vertex 45.439 50.1417 0
      vertex 22.6839 50.0339 0
    endloop
  endfacet
  facet normal 0 0 -1
    outer loop
      vertex 45.439 50.1417 0
      vertex 22.561 50.1417 0
      vertex 45.575 50.2325 0
    endloop
  endfacet
  facet normal 0 0 -1
    outer loop
      vertex 22.425 50.2325 0
      vertex 45.575 50.2325 0
      vertex 22.561 50.1417 0
    endloop
  endfacet
  facet normal 0 0 -1
    outer loop
      vertex 45.575 50.2325 0
      vertex 22.425 50.2325 0
      vertex 45.7216 50.3048 0
    endloop
  endfacet
  facet normal 0 0 -1
    outer loop
      vertex 22.2784 50.3048 0
      vertex 45.7216 50.3048 0
      vertex 22.425 50.2325 0
    endloop
  endfacet
  facet normal 0 0 -1
    outer loop
      vertex 45.7216 50.3048 0
      vertex 22.2784 50.3048 0
      vertex 45.8765 50.3574 0
    endloop
  endfacet
  facet normal 0 0 -1
    outer loop
      vertex 22.1235 50.3574 0
      vertex 45.8765 50.3574 0
      vertex 22.2784 50.3048 0
    endloop
  endfacet
  facet normal 0 0 -1
    outer loop
      vertex 21.9632 50.3893 0
      vertex 45.8765 50.3574 0
      vertex 22.1235 50.3574 0
    endloop
  endfacet
  facet normal 0 0 -1
    outer loop
      vertex 46.0368 50.3893 0
      vertex 21.9632 50.3893 0
      vertex 63 54 0
    endloop
  endfacet
  facet normal 0 0 -1
    outer loop
      vertex 21.8 50.4 0
      vertex 63 54 0
      vertex 21.9632 50.3893 0
    endloop
  endfacet
  facet normal 0 0 -1
    outer loop
      vertex 18.3 50.4 0
      vertex 63 54 0
      vertex 21.8 50.4 0
    endloop
  endfacet
  facet normal 0 0 -1
    outer loop
      vertex -18.3 50.4 0
      vertex 18.3 50.4 0
      vertex 18.1368 50.3893 0
    endloop
  endfacet
  facet normal -0 -0 -1
    outer loop
      vertex 17.8216 21.6952 0
      vertex 18.201 21.25 0
      vertex 17.675 21.7675 0
    endloop
  endfacet
  facet normal -0 0 -1
    outer loop
      vertex 18.31 21.0869 0
      vertex 7.03528 3.8637 0
      vertex 17.539 21.8583 0
    endloop
  endfacet
  facet normal -0 0 -1
    outer loop
      vertex 17.539 21.8583 0
      vertex 7.03528 3.8637 0
      vertex 17.4161 21.9661 0
    endloop
  endfacet
  facet normal -0 0 -1
    outer loop
      vertex 17.4161 21.9661 0
      vertex 7.03528 3.8637 0
      vertex 17.3083 22.089 0
    endloop
  endfacet
  facet normal 0 0 -1
    outer loop
      vertex 6.5221 3.96578 0
      vertex 17.3083 22.089 0
      vertex 7.03528 3.8637 0
    endloop
  endfacet
  facet normal -0 0 -1
    outer loop
      vertex 17.3083 22.089 0
      vertex 6.5221 3.96578 0
      vertex 17.2175 22.225 0
    endloop
  endfacet
  facet normal 0 0 -1
    outer loop
      vertex 6 4 0
      vertex 17.2175 22.225 0
      vertex 6.5221 3.96578 0
    endloop
  endfacet
  facet normal -0 0 -1
    outer loop
      vertex 17.2175 22.225 0
      vertex 6 4 0
      vertex 17.1451 22.3716 0
    endloop
  endfacet
  facet normal -0 0 -1
    outer loop
      vertex 17.1451 22.3716 0
      vertex 6 4 0
      vertex 17.0926 22.5265 0
    endloop
  endfacet
  facet normal -0 0 -1
    outer loop
      vertex 17.0926 22.5265 0
      vertex 6 4 0
      vertex 17.0607 22.6868 0
    endloop
  endfacet
  facet normal 0 0 -1
    outer loop
      vertex -17.05 22.85 0
      vertex 17.0607 22.6868 0
      vertex 6 4 0
    endloop
  endfacet
  facet normal 0 0 -1
    outer loop
      vertex 17.0607 22.6868 0
      vertex -17.05 22.85 0
      vertex 17.05 22.85 0
    endloop
  endfacet
  facet normal 0 0 -1
    outer loop
      vertex 17.0926 48.8265 0
      vertex -17.05 49.15 0
      vertex 17.0607 48.9868 0
    endloop
  endfacet
  facet normal 0 0 -1
    outer loop
      vertex 17.0607 48.9868 0
      vertex -17.05 49.15 0
      vertex 17.05 49.15 0
    endloop
  endfacet
  facet normal 0 0 -1
    outer loop
      vertex -17.05 22.85 0
      vertex 6 4 0
      vertex -6 4 0
    endloop
  endfacet
  facet normal 0 0 -1
    outer loop
      vertex 17.05 49.15 0
      vertex -17.05 49.15 0
      vertex 17.0607 49.3132 0
    endloop
  endfacet
  facet normal 0 0 -1
    outer loop
      vertex -17.0607 49.3132 0
      vertex 17.0607 49.3132 0
      vertex -17.05 49.15 0
    endloop
  endfacet
  facet normal 0 0 -1
    outer loop
      vertex -17.05 22.85 0
      vertex -6 4 0
      vertex -6.5221 3.96578 0
    endloop
  endfacet
  facet normal 0 0 -1
    outer loop
      vertex -17.05 22.85 0
      vertex -6.5221 3.96578 0
      vertex -7.03528 3.8637 0
    endloop
  endfacet
  facet normal 0 0 -1
    outer loop
      vertex -17.05 22.85 0
      vertex -7.03528 3.8637 0
      vertex -7.53073 3.69552 0
    endloop
  endfacet
  facet normal 0 0 -1
    outer loop
      vertex -17.05 22.85 0
      vertex -7.53073 3.69552 0
      vertex -8 3.4641 0
    endloop
  endfacet
  facet normal 0 0 -1
    outer loop
      vertex -17.05 22.85 0
      vertex -8 3.4641 0
      vertex -8.43505 3.17341 0
    endloop
  endfacet
  facet normal 0 0 -1
    outer loop
      vertex -17.05 22.85 0
      vertex -8.43505 3.17341 0
      vertex -8.82843 2.82843 0
    endloop
  endfacet
  facet normal 0 0 -1
    outer loop
      vertex -17.05 22.85 0
      vertex -8.82843 2.82843 0
      vertex -9.17341 2.43505 0
    endloop
  endfacet
  facet normal 0 0 -1
    outer loop
      vertex -17.05 22.85 0
      vertex -9.17341 2.43505 0
      vertex -9.4641 2 0
    endloop
  endfacet
  facet normal -0 0 -1
    outer loop
      vertex -7.53073 -3.69552 0
      vertex -18.5869 -20.81 0
      vertex -8 -3.4641 0
    endloop
  endfacet
  facet normal 0 0 -1
    outer loop
      vertex -18.75 -20.701 0
      vertex -8 -3.4641 0
      vertex -18.5869 -20.81 0
    endloop
  endfacet
  facet normal 0 0 -1
    outer loop
      vertex -10 0 0
      vertex -17.05 22.85 0
      vertex -9.96578 0.522104 0
    endloop
  endfacet
  facet normal 0 0 -1
    outer loop
      vertex -9.96578 0.522104 0
      vertex -17.05 22.85 0
      vertex -9.8637 1.03528 0
    endloop
  endfacet
  facet normal 0 0 -1
    outer loop
      vertex -17.05 22.85 0
      vertex -9.69552 1.53073 0
      vertex -9.8637 1.03528 0
    endloop
  endfacet
  facet normal 0 0 -1
    outer loop
      vertex -17.05 22.85 0
      vertex -9.4641 2 0
      vertex -9.69552 1.53073 0
    endloop
  endfacet
  facet normal 0 0 -1
    outer loop
      vertex 17.0607 49.3132 0
      vertex -17.0607 49.3132 0
      vertex 17.0926 49.4735 0
    endloop
  endfacet
  facet normal 0 0 -1
    outer loop
      vertex -17.0926 49.4735 0
      vertex 17.0926 49.4735 0
      vertex -17.0607 49.3132 0
    endloop
  endfacet
  facet normal 0 0 -1
    outer loop
      vertex 17.0926 49.4735 0
      vertex -17.0926 49.4735 0
      vertex 17.1451 49.6284 0
    endloop
  endfacet
  facet normal 0 0 -1
    outer loop
      vertex -17.1451 49.6284 0
      vertex 17.1451 49.6284 0
      vertex -17.0926 49.4735 0
    endloop
  endfacet
  facet normal 0 0 -1
    outer loop
      vertex 17.1451 49.6284 0
      vertex -17.1451 49.6284 0
      vertex 17.2175 49.775 0
    endloop
  endfacet
  facet normal 0 0 -1
    outer loop
      vertex -17.2175 49.775 0
      vertex 17.2175 49.775 0
      vertex -17.1451 49.6284 0
    endloop
  endfacet
  facet normal 0 0 -1
    outer loop
      vertex 17.2175 49.775 0
      vertex -17.2175 49.775 0
      vertex 17.3083 49.9109 0
    endloop
  endfacet
  facet normal 0 0 -1
    outer loop
      vertex -17.3083 49.9109 0
      vertex 17.3083 49.9109 0
      vertex -17.2175 49.775 0
    endloop
  endfacet
  facet normal 0 0 -1
    outer loop
      vertex 17.3083 49.9109 0
      vertex -17.3083 49.9109 0
      vertex 17.4161 50.0339 0
    endloop
  endfacet
  facet normal 0 0 -1
    outer loop
      vertex -17.4161 50.0339 0
      vertex 17.4161 50.0339 0
      vertex -17.3083 49.9109 0
    endloop
  endfacet
  facet normal 0 0 -1
    outer loop
      vertex 17.4161 50.0339 0
      vertex -17.4161 50.0339 0
      vertex 17.539 50.1417 0
    endloop
  endfacet
  facet normal 0 0 -1
    outer loop
      vertex -17.539 50.1417 0
      vertex 17.539 50.1417 0
      vertex -17.4161 50.0339 0
    endloop
  endfacet
  facet normal 0 0 -1
    outer loop
      vertex 17.539 50.1417 0
      vertex -17.539 50.1417 0
      vertex 17.675 50.2325 0
    endloop
  endfacet
  facet normal 0 0 -1
    outer loop
      vertex -17.675 50.2325 0
      vertex 17.675 50.2325 0
      vertex -17.539 50.1417 0
    endloop
  endfacet
  facet normal 0 0 -1
    outer loop
      vertex 17.675 50.2325 0
      vertex -17.675 50.2325 0
      vertex 17.8216 50.3048 0
    endloop
  endfacet
  facet normal 0 0 -1
    outer loop
      vertex -17.8216 50.3048 0
      vertex 17.8216 50.3048 0
      vertex -17.675 50.2325 0
    endloop
  endfacet
  facet normal 0 0 -1
    outer loop
      vertex 17.8216 50.3048 0
      vertex -17.8216 50.3048 0
      vertex 17.9765 50.3574 0
    endloop
  endfacet
  facet normal 0 0 -1
    outer loop
      vertex -17.9765 50.3574 0
      vertex 17.9765 50.3574 0
      vertex -17.8216 50.3048 0
    endloop
  endfacet
  facet normal 0 0 -1
    outer loop
      vertex 17.9765 50.3574 0
      vertex -17.9765 50.3574 0
      vertex 18.1368 50.3893 0
    endloop
  endfacet
  facet normal 0 0 -1
    outer loop
      vertex -18.1368 50.3893 0
      vertex 18.1368 50.3893 0
      vertex -17.9765 50.3574 0
    endloop
  endfacet
  facet normal 0 0 -1
    outer loop
      vertex -18.3 50.4 0
      vertex 18.1368 50.3893 0
      vertex -18.1368 50.3893 0
    endloop
  endfacet
  facet normal 0 0 -1
    outer loop
      vertex 18.3 50.4 0
      vertex -18.3 50.4 0
      vertex 63 54 0
    endloop
  endfacet
  facet normal 0 0 -1
    outer loop
      vertex -63 54 0
      vertex -18.3 50.4 0
      vertex -21.8 50.4 0
    endloop
  endfacet
  facet normal 0 0 -1
    outer loop
      vertex -40.2058 40.5 0
      vertex -22.8825 48.525 0
      vertex -39.6851 39.4441 0
    endloop
  endfacet
  facet normal -0 0 -1
    outer loop
      vertex -22.8825 48.525 0
      vertex -40.2058 40.5 0
      vertex -22.9548 48.6716 0
    endloop
  endfacet
  facet normal 0 0 -1
    outer loop
      vertex -39 36 0
      vertex -28.5 23.5 0
      vertex -28.6958 23.4872 0
    endloop
  endfacet
  facet normal 0 0 -1
    outer loop
      vertex -39 36 0
      vertex -28.6958 23.4872 0
      vertex -28.8882 23.4489 0
    endloop
  endfacet
  facet normal 0 0 -1
    outer loop
      vertex -39 36 0
      vertex -28.8882 23.4489 0
      vertex -29.074 23.3858 0
    endloop
  endfacet
  facet normal 0 0 -1
    outer loop
      vertex -39 36 0
      vertex -29.074 23.3858 0
      vertex -29.25 23.299 0
    endloop
  endfacet
  facet normal 0 0 -1
    outer loop
      vertex -39 36 0
      vertex -29.25 23.299 0
      vertex -29.4131 23.19 0
    endloop
  endfacet
  facet normal 0 0 -1
    outer loop
      vertex -39 36 0
      vertex -29.4131 23.19 0
      vertex -29.5607 23.0607 0
    endloop
  endfacet
  facet normal 0 0 -1
    outer loop
      vertex -39 36 0
      vertex -29.5607 23.0607 0
      vertex -29.69 22.9131 0
    endloop
  endfacet
  facet normal 0 0 -1
    outer loop
      vertex -39 36 0
      vertex -29.69 22.9131 0
      vertex -29.799 22.75 0
    endloop
  endfacet
  facet normal 0 0 -1
    outer loop
      vertex -39 36 0
      vertex -29.799 22.75 0
      vertex -29.8858 22.574 0
    endloop
  endfacet
  facet normal 0 0 -1
    outer loop
      vertex -39 36 0
      vertex -29.8858 22.574 0
      vertex -29.9489 22.3882 0
    endloop
  endfacet
  facet normal 0 0 -1
    outer loop
      vertex -29.9872 21.8042 0
      vertex -39 36 0
      vertex -30 22 0
    endloop
  endfacet
  facet normal 0 0 -1
    outer loop
      vertex -30 22 0
      vertex -39 36 0
      vertex -29.9872 22.1958 0
    endloop
  endfacet
  facet normal 0 0 -1
    outer loop
      vertex -39 36 0
      vertex -29.9489 22.3882 0
      vertex -29.9872 22.1958 0
    endloop
  endfacet
  facet normal -0 0 -1
    outer loop
      vertex -22.9548 48.6716 0
      vertex -40.2058 40.5 0
      vertex -23.0074 48.8265 0
    endloop
  endfacet
  facet normal 0 0 -1
    outer loop
      vertex -40.8598 41.4789 0
      vertex -23.0074 48.8265 0
      vertex -40.2058 40.5 0
    endloop
  endfacet
  facet normal -0 0 -1
    outer loop
      vertex -23.0074 48.8265 0
      vertex -40.8598 41.4789 0
      vertex -23.0393 48.9868 0
    endloop
  endfacet
  facet normal -0 0 -1
    outer loop
      vertex -23.0393 48.9868 0
      vertex -40.8598 41.4789 0
      vertex -23.05 49.15 0
    endloop
  endfacet
  facet normal 0 0 -1
    outer loop
      vertex -41.636 42.364 0
      vertex -23.05 49.15 0
      vertex -40.8598 41.4789 0
    endloop
  endfacet
  facet normal -0 0 -1
    outer loop
      vertex -23.05 49.15 0
      vertex -41.636 42.364 0
      vertex -23.0393 49.3132 0
    endloop
  endfacet
  facet normal 0 0 -1
    outer loop
      vertex -44.9607 49.3132 0
      vertex -23.0393 49.3132 0
      vertex -41.636 42.364 0
    endloop
  endfacet
  facet normal 0 0 -1
    outer loop
      vertex -23.0393 49.3132 0
      vertex -44.9607 49.3132 0
      vertex -23.0074 49.4735 0
    endloop
  endfacet
  facet normal 0 0 -1
    outer loop
      vertex -44.9926 49.4735 0
      vertex -23.0074 49.4735 0
      vertex -44.9607 49.3132 0
    endloop
  endfacet
  facet normal 0 0 -1
    outer loop
      vertex -23.0074 49.4735 0
      vertex -44.9926 49.4735 0
      vertex -22.9548 49.6284 0
    endloop
  endfacet
  facet normal 0 0 -1
    outer loop
      vertex -45.0452 49.6284 0
      vertex -22.9548 49.6284 0
      vertex -44.9926 49.4735 0
    endloop
  endfacet
  facet normal 0 0 -1
    outer loop
      vertex -22.9548 49.6284 0
      vertex -45.0452 49.6284 0
      vertex -22.8825 49.775 0
    endloop
  endfacet
  facet normal 0 0 -1
    outer loop
      vertex -45.1175 49.775 0
      vertex -22.8825 49.775 0
      vertex -45.0452 49.6284 0
    endloop
  endfacet
  facet normal 0 0 -1
    outer loop
      vertex -22.8825 49.775 0
      vertex -45.1175 49.775 0
      vertex -22.7917 49.9109 0
    endloop
  endfacet
  facet normal 0 0 -1
    outer loop
      vertex -44.95 49.15 0
      vertex -41.636 42.364 0
      vertex -42.5211 43.1402 0
    endloop
  endfacet
  facet normal 0 0 -1
    outer loop
      vertex -44.9607 48.9868 0
      vertex -42.5211 43.1402 0
      vertex -43.5 43.7942 0
    endloop
  endfacet
  facet normal 0 0 -1
    outer loop
      vertex -41.636 42.364 0
      vertex -44.95 49.15 0
      vertex -44.9607 49.3132 0
    endloop
  endfacet
  facet normal 0 0 -1
    outer loop
      vertex -45.2083 48.389 0
      vertex -43.5 43.7942 0
      vertex -44.5558 44.3149 0
    endloop
  endfacet
  facet normal 0 0 -1
    outer loop
      vertex -45.2083 49.9109 0
      vertex -22.7917 49.9109 0
      vertex -45.1175 49.775 0
    endloop
  endfacet
  facet normal 0 0 -1
    outer loop
      vertex -22.7917 49.9109 0
      vertex -45.2083 49.9109 0
      vertex -22.6839 50.0339 0
    endloop
  endfacet
  facet normal 0 0 -1
    outer loop
      vertex -45.3161 50.0339 0
      vertex -22.6839 50.0339 0
      vertex -45.2083 49.9109 0
    endloop
  endfacet
  facet normal 0 0 -1
    outer loop
      vertex -22.6839 50.0339 0
      vertex -45.3161 50.0339 0
      vertex -22.561 50.1417 0
    endloop
  endfacet
  facet normal 0 0 -1
    outer loop
      vertex -45.439 50.1417 0
      vertex -22.561 50.1417 0
      vertex -45.3161 50.0339 0
    endloop
  endfacet
  facet normal 0 0 -1
    outer loop
      vertex -22.561 50.1417 0
      vertex -45.439 50.1417 0
      vertex -22.425 50.2325 0
    endloop
  endfacet
  facet normal 0 0 -1
    outer loop
      vertex -45.575 50.2325 0
      vertex -22.425 50.2325 0
      vertex -45.439 50.1417 0
    endloop
  endfacet
  facet normal 0 0 -1
    outer loop
      vertex -22.425 50.2325 0
      vertex -45.575 50.2325 0
      vertex -22.2784 50.3048 0
    endloop
  endfacet
  facet normal 0 0 -1
    outer loop
      vertex -45.7216 50.3048 0
      vertex -22.2784 50.3048 0
      vertex -45.575 50.2325 0
    endloop
  endfacet
  facet normal 0 0 -1
    outer loop
      vertex -22.2784 50.3048 0
      vertex -45.7216 50.3048 0
      vertex -22.1235 50.3574 0
    endloop
  endfacet
  facet normal 0 0 -1
    outer loop
      vertex -45.8765 50.3574 0
      vertex -22.1235 50.3574 0
      vertex -45.7216 50.3048 0
    endloop
  endfacet
  facet normal 0 0 -1
    outer loop
      vertex -22.1235 50.3574 0
      vertex -45.8765 50.3574 0
      vertex -21.9632 50.3893 0
    endloop
  endfacet
  facet normal 0 0 -1
    outer loop
      vertex -46.0368 50.3893 0
      vertex -21.9632 50.3893 0
      vertex -45.8765 50.3574 0
    endloop
  endfacet
  facet normal 0 0 -1
    outer loop
      vertex -63 54 0
      vertex -21.9632 50.3893 0
      vertex -46.0368 50.3893 0
    endloop
  endfacet
  facet normal 0 0 -1
    outer loop
      vertex -21.9632 50.3893 0
      vertex -63 54 0
      vertex -21.8 50.4 0
    endloop
  endfacet
  facet normal 0 0 -1
    outer loop
      vertex -63 54 0
      vertex -46.0368 50.3893 0
      vertex -46.2 50.4 0
    endloop
  endfacet
  facet normal 0 0 -1
    outer loop
      vertex -63 54 0
      vertex -46.2 50.4 0
      vertex -49.7 50.4 0
    endloop
  endfacet
  facet normal -0 0 -1
    outer loop
      vertex -50.9074 48.8265 0
      vertex -53.4789 43.1402 0
      vertex -50.9393 48.9868 0
    endloop
  endfacet
  facet normal -0 0 -1
    outer loop
      vertex -50.9393 48.9868 0
      vertex -53.4789 43.1402 0
      vertex -50.95 49.15 0
    endloop
  endfacet
  facet normal 0 0 -1
    outer loop
      vertex -63 54 0
      vertex -50.95 49.15 0
      vertex -53.4789 43.1402 0
    endloop
  endfacet
  facet normal 0 0 -1
    outer loop
      vertex -50.95 49.15 0
      vertex -63 54 0
      vertex -50.9393 49.3132 0
    endloop
  endfacet
  facet normal 0 0 -1
    outer loop
      vertex -50.9393 49.3132 0
      vertex -63 54 0
      vertex -50.9074 49.4735 0
    endloop
  endfacet
  facet normal 0 0 -1
    outer loop
      vertex -63 54 0
      vertex -53.4789 43.1402 0
      vertex -54.364 42.364 0
    endloop
  endfacet
  facet normal 0 0 -1
    outer loop
      vertex -63 54 0
      vertex -54.364 42.364 0
      vertex -55.1402 41.4789 0
    endloop
  endfacet
  facet normal 0 0 -1
    outer loop
      vertex -50.9074 49.4735 0
      vertex -63 54 0
      vertex -50.8549 49.6284 0
    endloop
  endfacet
  facet normal 0 0 -1
    outer loop
      vertex -68 49 0
      vertex -55.1402 41.4789 0
      vertex -55.7942 40.5 0
    endloop
  endfacet
  facet normal 0 0 -1
    outer loop
      vertex -56.6933 33.6706 0
      vertex -68 49 0
      vertex -56.923 34.8253 0
    endloop
  endfacet
  facet normal 0 0 -1
    outer loop
      vertex -18.3 50.4 0
      vertex -63 54 0
      vertex 63 54 0
    endloop
  endfacet
  facet normal 0 0 -1
    outer loop
      vertex -49.8632 50.3893 0
      vertex -63 54 0
      vertex -49.7 50.4 0
    endloop
  endfacet
  facet normal 0 0 -1
    outer loop
      vertex -50.0235 50.3574 0
      vertex -63 54 0
      vertex -49.8632 50.3893 0
    endloop
  endfacet
  facet normal 0 0 -1
    outer loop
      vertex -50.1784 50.3048 0
      vertex -63 54 0
      vertex -50.0235 50.3574 0
    endloop
  endfacet
  facet normal 0 0 -1
    outer loop
      vertex -50.325 50.2325 0
      vertex -63 54 0
      vertex -50.1784 50.3048 0
    endloop
  endfacet
  facet normal 0 0 -1
    outer loop
      vertex -50.461 50.1417 0
      vertex -63 54 0
      vertex -50.325 50.2325 0
    endloop
  endfacet
  facet normal 0 0 -1
    outer loop
      vertex -50.5839 50.0339 0
      vertex -63 54 0
      vertex -50.461 50.1417 0
    endloop
  endfacet
  facet normal 0 0 -1
    outer loop
      vertex -50.6917 49.9109 0
      vertex -63 54 0
      vertex -50.5839 50.0339 0
    endloop
  endfacet
  facet normal 0 0 -1
    outer loop
      vertex -50.7825 49.775 0
      vertex -63 54 0
      vertex -50.6917 49.9109 0
    endloop
  endfacet
  facet normal 0 0 -1
    outer loop
      vertex -50.8549 49.6284 0
      vertex -63 54 0
      vertex -50.7825 49.775 0
    endloop
  endfacet
  facet normal 0 0 -1
    outer loop
      vertex -68 49 0
      vertex -55.7942 40.5 0
      vertex -56.3149 39.4441 0
    endloop
  endfacet
  facet normal 0 0 -1
    outer loop
      vertex -68 49 0
      vertex -56.3149 39.4441 0
      vertex -56.6933 38.3294 0
    endloop
  endfacet
  facet normal 0 0 -1
    outer loop
      vertex -68 49 0
      vertex -56.6933 38.3294 0
      vertex -56.923 37.1747 0
    endloop
  endfacet
  facet normal 0 0 -1
    outer loop
      vertex -56.923 34.8253 0
      vertex -68 49 0
      vertex -57 36 0
    endloop
  endfacet
  facet normal 0 0 -1
    outer loop
      vertex -68 -49 0
      vertex -63 -54 0
      vertex -63.6526 -53.9572 0
    endloop
  endfacet
  facet normal 0 0 -1
    outer loop
      vertex -57 36 0
      vertex -68 49 0
      vertex -56.923 37.1747 0
    endloop
  endfacet
  facet normal 0 0 -1
    outer loop
      vertex -68 -49 0
      vertex -63.6526 -53.9572 0
      vertex -64.2941 -53.8296 0
    endloop
  endfacet
  facet normal 0 0 -1
    outer loop
      vertex -55.1402 41.4789 0
      vertex -68 49 0
      vertex -63 54 0
    endloop
  endfacet
  facet normal 0 0 -1
    outer loop
      vertex -68 -49 0
      vertex -64.2941 -53.8296 0
      vertex -64.9134 -53.6194 0
    endloop
  endfacet
  facet normal 0 0 -1
    outer loop
      vertex -63 54 0
      vertex -68 49 0
      vertex -63.6526 53.9572 0
    endloop
  endfacet
  facet normal 0 0 -1
    outer loop
      vertex -68 -49 0
      vertex -64.9134 -53.6194 0
      vertex -65.5 -53.3301 0
    endloop
  endfacet
  facet normal 0 0 -1
    outer loop
      vertex -63.6526 53.9572 0
      vertex -68 49 0
      vertex -64.2941 53.8296 0
    endloop
  endfacet
  facet normal 0 0 -1
    outer loop
      vertex -68 -49 0
      vertex -65.5 -53.3301 0
      vertex -66.0438 -52.9668 0
    endloop
  endfacet
  facet normal 0 0 -1
    outer loop
      vertex -64.2941 53.8296 0
      vertex -68 49 0
      vertex -64.9134 53.6194 0
    endloop
  endfacet
  facet normal 0 0 -1
    outer loop
      vertex -68 -49 0
      vertex -66.0438 -52.9668 0
      vertex -66.5355 -52.5355 0
    endloop
  endfacet
  facet normal 0 0 -1
    outer loop
      vertex -64.9134 53.6194 0
      vertex -68 49 0
      vertex -65.5 53.3301 0
    endloop
  endfacet
  facet normal 0 0 -1
    outer loop
      vertex -68 -49 0
      vertex -66.5355 -52.5355 0
      vertex -66.9668 -52.0438 0
    endloop
  endfacet
  facet normal 0 0 -1
    outer loop
      vertex -65.5 53.3301 0
      vertex -68 49 0
      vertex -66.0438 52.9668 0
    endloop
  endfacet
  facet normal 0 0 -1
    outer loop
      vertex -68 -49 0
      vertex -66.9668 -52.0438 0
      vertex -67.3301 -51.5 0
    endloop
  endfacet
  facet normal 0 0 -1
    outer loop
      vertex -66.0438 52.9668 0
      vertex -68 49 0
      vertex -66.5355 52.5355 0
    endloop
  endfacet
  facet normal 0 0 -1
    outer loop
      vertex -68 -49 0
      vertex -67.3301 -51.5 0
      vertex -67.6194 -50.9134 0
    endloop
  endfacet
  facet normal 0 0 -1
    outer loop
      vertex -66.5355 52.5355 0
      vertex -68 49 0
      vertex -66.9668 52.0438 0
    endloop
  endfacet
  facet normal 0 0 -1
    outer loop
      vertex -68 -49 0
      vertex -67.6194 -50.9134 0
      vertex -67.8296 -50.2941 0
    endloop
  endfacet
  facet normal 0 0 -1
    outer loop
      vertex -66.9668 52.0438 0
      vertex -68 49 0
      vertex -67.3301 51.5 0
    endloop
  endfacet
  facet normal 0 0 -1
    outer loop
      vertex -68 -49 0
      vertex -67.8296 -50.2941 0
      vertex -67.9572 -49.6526 0
    endloop
  endfacet
  facet normal 0 0 -1
    outer loop
      vertex -67.3301 51.5 0
      vertex -68 49 0
      vertex -67.6194 50.9134 0
    endloop
  endfacet
  facet normal 0 0 -1
    outer loop
      vertex -67.6194 50.9134 0
      vertex -68 49 0
      vertex -67.8296 50.2941 0
    endloop
  endfacet
  facet normal 0 0 -1
    outer loop
      vertex -67.8296 50.2941 0
      vertex -68 49 0
      vertex -67.9572 49.6526 0
    endloop
  endfacet
  facet normal 0 0 -1
    outer loop
      vertex 53.4789 -43.1402 0
      vertex 50.9074 -48.8265 0
      vertex 52.5 -43.7942 0
    endloop
  endfacet
  facet normal 0 0 -1
    outer loop
      vertex 50.8549 -48.6716 0
      vertex 52.5 -43.7942 0
      vertex 50.9074 -48.8265 0
    endloop
  endfacet
  facet normal 0 0 -1
    outer loop
      vertex 50.7825 -48.525 0
      vertex 52.5 -43.7942 0
      vertex 50.8549 -48.6716 0
    endloop
  endfacet
  facet normal 0 0 -1
    outer loop
      vertex 52.5 -43.7942 0
      vertex 50.7825 -48.525 0
      vertex 51.4441 -44.3149 0
    endloop
  endfacet
  facet normal 0 0 -1
    outer loop
      vertex 50.6917 -48.389 0
      vertex 51.4441 -44.3149 0
      vertex 50.7825 -48.525 0
    endloop
  endfacet
  facet normal 0 0 -1
    outer loop
      vertex 50.5839 -48.2661 0
      vertex 51.4441 -44.3149 0
      vertex 50.6917 -48.389 0
    endloop
  endfacet
  facet normal 0 0 -1
    outer loop
      vertex 50.461 -48.1583 0
      vertex 51.4441 -44.3149 0
      vertex 50.5839 -48.2661 0
    endloop
  endfacet
  facet normal 0 0 -1
    outer loop
      vertex 50.325 -48.0675 0
      vertex 51.4441 -44.3149 0
      vertex 50.461 -48.1583 0
    endloop
  endfacet
  facet normal 0 0 -1
    outer loop
      vertex 51.4441 -44.3149 0
      vertex 50.325 -48.0675 0
      vertex 50.3294 -44.6933 0
    endloop
  endfacet
  facet normal 0 0 -1
    outer loop
      vertex 50.1784 -47.9952 0
      vertex 50.3294 -44.6933 0
      vertex 50.325 -48.0675 0
    endloop
  endfacet
  facet normal 0 0 -1
    outer loop
      vertex 50.0235 -47.9426 0
      vertex 50.3294 -44.6933 0
      vertex 50.1784 -47.9952 0
    endloop
  endfacet
  facet normal 0 0 -1
    outer loop
      vertex 49.8632 -47.9107 0
      vertex 50.3294 -44.6933 0
      vertex 50.0235 -47.9426 0
    endloop
  endfacet
  facet normal 0 0 -1
    outer loop
      vertex 49.1747 -44.923 0
      vertex 49.8632 -47.9107 0
      vertex 49.7 -47.9 0
    endloop
  endfacet
  facet normal 0 0 -1
    outer loop
      vertex 49.8632 -47.9107 0
      vertex 49.1747 -44.923 0
      vertex 50.3294 -44.6933 0
    endloop
  endfacet
  facet normal 0 0 -1
    outer loop
      vertex 49.7 -47.9 0
      vertex 48 -45 0
      vertex 49.1747 -44.923 0
    endloop
  endfacet
  facet normal 0 0 -1
    outer loop
      vertex 46.2 -47.9 0
      vertex 48 -45 0
      vertex 49.7 -47.9 0
    endloop
  endfacet
  facet normal -0 0 -1
    outer loop
      vertex 48 -45 0
      vertex 46.2 -47.9 0
      vertex 46.8253 -44.923 0
    endloop
  endfacet
  facet normal 0 0 -1
    outer loop
      vertex 46.0368 -47.9107 0
      vertex 46.8253 -44.923 0
      vertex 46.2 -47.9 0
    endloop
  endfacet
  facet normal 0 0 -1
    outer loop
      vertex 45.6706 -44.6933 0
      vertex 46.0368 -47.9107 0
      vertex 45.8765 -47.9426 0
    endloop
  endfacet
  facet normal 0 0 -1
    outer loop
      vertex 45.6706 -44.6933 0
      vertex 45.8765 -47.9426 0
      vertex 45.7216 -47.9952 0
    endloop
  endfacet
  facet normal 0 0 -1
    outer loop
      vertex 46.0368 -47.9107 0
      vertex 45.6706 -44.6933 0
      vertex 46.8253 -44.923 0
    endloop
  endfacet
  facet normal 0 0 -1
    outer loop
      vertex 45.575 -48.0675 0
      vertex 45.6706 -44.6933 0
      vertex 45.7216 -47.9952 0
    endloop
  endfacet
  facet normal 0 0 -1
    outer loop
      vertex 44.5558 -44.3149 0
      vertex 45.575 -48.0675 0
      vertex 45.439 -48.1583 0
    endloop
  endfacet
  facet normal 0 0 -1
    outer loop
      vertex 44.5558 -44.3149 0
      vertex 45.439 -48.1583 0
      vertex 45.3161 -48.2661 0
    endloop
  endfacet
  facet normal 0 0 -1
    outer loop
      vertex 44.5558 -44.3149 0
      vertex 45.3161 -48.2661 0
      vertex 45.2083 -48.389 0
    endloop
  endfacet
  facet normal 0 0 -1
    outer loop
      vertex 44.5558 -44.3149 0
      vertex 45.2083 -48.389 0
      vertex 45.1175 -48.525 0
    endloop
  endfacet
  facet normal 0 0 -1
    outer loop
      vertex 44.5558 -44.3149 0
      vertex 45.1175 -48.525 0
      vertex 45.0452 -48.6716 0
    endloop
  endfacet
  facet normal 0 0 -1
    outer loop
      vertex 44.5558 -44.3149 0
      vertex 45.0452 -48.6716 0
      vertex 44.9926 -48.8265 0
    endloop
  endfacet
  facet normal 0 0 -1
    outer loop
      vertex 44.5558 -44.3149 0
      vertex 44.9926 -48.8265 0
      vertex 44.9607 -48.9868 0
    endloop
  endfacet
  facet normal 0 0 -1
    outer loop
      vertex 45.575 -48.0675 0
      vertex 44.5558 -44.3149 0
      vertex 45.6706 -44.6933 0
    endloop
  endfacet
  facet normal 0 0 -1
    outer loop
      vertex 44.5558 -44.3149 0
      vertex 44.9607 -48.9868 0
      vertex 44.95 -49.15 0
    endloop
  endfacet
  facet normal 0 0 -1
    outer loop
      vertex 50.9074 23.1735 0
      vertex 53.4789 28.8598 0
      vertex 50.9393 23.0132 0
    endloop
  endfacet
  facet normal 0 0 -1
    outer loop
      vertex 53.4789 28.8598 0
      vertex 50.9074 23.1735 0
      vertex 52.5 28.2058 0
    endloop
  endfacet
  facet normal 0 0 -1
    outer loop
      vertex 50.8549 23.3284 0
      vertex 52.5 28.2058 0
      vertex 50.9074 23.1735 0
    endloop
  endfacet
  facet normal 0 0 -1
    outer loop
      vertex 50.7825 23.475 0
      vertex 52.5 28.2058 0
      vertex 50.8549 23.3284 0
    endloop
  endfacet
  facet normal 0 0 -1
    outer loop
      vertex 52.5 28.2058 0
      vertex 50.7825 23.475 0
      vertex 51.4441 27.6851 0
    endloop
  endfacet
  facet normal 0 0 -1
    outer loop
      vertex 50.6917 23.611 0
      vertex 51.4441 27.6851 0
      vertex 50.7825 23.475 0
    endloop
  endfacet
  facet normal 0 0 -1
    outer loop
      vertex 50.5839 23.7339 0
      vertex 51.4441 27.6851 0
      vertex 50.6917 23.611 0
    endloop
  endfacet
  facet normal 0 0 -1
    outer loop
      vertex 50.461 23.8417 0
      vertex 51.4441 27.6851 0
      vertex 50.5839 23.7339 0
    endloop
  endfacet
  facet normal 0 0 -1
    outer loop
      vertex 50.325 23.9325 0
      vertex 51.4441 27.6851 0
      vertex 50.461 23.8417 0
    endloop
  endfacet
  facet normal 0 0 -1
    outer loop
      vertex 51.4441 27.6851 0
      vertex 50.325 23.9325 0
      vertex 50.3294 27.3067 0
    endloop
  endfacet
  facet normal 0 0 -1
    outer loop
      vertex 50.1784 24.0048 0
      vertex 50.3294 27.3067 0
      vertex 50.325 23.9325 0
    endloop
  endfacet
  facet normal 0 0 -1
    outer loop
      vertex 50.0235 24.0574 0
      vertex 50.3294 27.3067 0
      vertex 50.1784 24.0048 0
    endloop
  endfacet
  facet normal 0 0 -1
    outer loop
      vertex 49.8632 24.0893 0
      vertex 50.3294 27.3067 0
      vertex 50.0235 24.0574 0
    endloop
  endfacet
  facet normal 0 0 -1
    outer loop
      vertex 49.1747 27.077 0
      vertex 49.8632 24.0893 0
      vertex 49.7 24.1 0
    endloop
  endfacet
  facet normal 0 0 -1
    outer loop
      vertex 49.8632 24.0893 0
      vertex 49.1747 27.077 0
      vertex 50.3294 27.3067 0
    endloop
  endfacet
  facet normal 0 0 -1
    outer loop
      vertex 49.7 24.1 0
      vertex 48 27 0
      vertex 49.1747 27.077 0
    endloop
  endfacet
  facet normal 0 0 -1
    outer loop
      vertex 46.2 24.1 0
      vertex 48 27 0
      vertex 49.7 24.1 0
    endloop
  endfacet
  facet normal -0 0 -1
    outer loop
      vertex 48 27 0
      vertex 46.2 24.1 0
      vertex 46.8253 27.077 0
    endloop
  endfacet
  facet normal 0 0 -1
    outer loop
      vertex 46.0368 24.0893 0
      vertex 46.8253 27.077 0
      vertex 46.2 24.1 0
    endloop
  endfacet
  facet normal 0 0 -1
    outer loop
      vertex 45.6706 27.3067 0
      vertex 46.0368 24.0893 0
      vertex 45.8765 24.0574 0
    endloop
  endfacet
  facet normal 0 0 -1
    outer loop
      vertex 45.6706 27.3067 0
      vertex 45.8765 24.0574 0
      vertex 45.7216 24.0048 0
    endloop
  endfacet
  facet normal 0 0 -1
    outer loop
      vertex 46.0368 24.0893 0
      vertex 45.6706 27.3067 0
      vertex 46.8253 27.077 0
    endloop
  endfacet
  facet normal 0 0 -1
    outer loop
      vertex 45.575 23.9325 0
      vertex 45.6706 27.3067 0
      vertex 45.7216 24.0048 0
    endloop
  endfacet
  facet normal 0 0 -1
    outer loop
      vertex 44.5558 27.6851 0
      vertex 45.575 23.9325 0
      vertex 45.439 23.8417 0
    endloop
  endfacet
  facet normal 0 0 -1
    outer loop
      vertex 44.5558 27.6851 0
      vertex 45.439 23.8417 0
      vertex 45.3161 23.7339 0
    endloop
  endfacet
  facet normal 0 0 -1
    outer loop
      vertex 44.5558 27.6851 0
      vertex 45.3161 23.7339 0
      vertex 45.2083 23.611 0
    endloop
  endfacet
  facet normal 0 0 -1
    outer loop
      vertex 43.5 28.2058 0
      vertex 45.2083 23.611 0
      vertex 45.1175 23.475 0
    endloop
  endfacet
  facet normal 0 0 -1
    outer loop
      vertex 43.5 28.2058 0
      vertex 45.1175 23.475 0
      vertex 45.0452 23.3284 0
    endloop
  endfacet
  facet normal 0 0 -1
    outer loop
      vertex 43.5 28.2058 0
      vertex 45.0452 23.3284 0
      vertex 44.9926 23.1735 0
    endloop
  endfacet
  facet normal 0 0 -1
    outer loop
      vertex 42.5211 28.8598 0
      vertex 44.9926 23.1735 0
      vertex 44.9607 23.0132 0
    endloop
  endfacet
  facet normal 0 0 -1
    outer loop
      vertex 45.575 23.9325 0
      vertex 44.5558 27.6851 0
      vertex 45.6706 27.3067 0
    endloop
  endfacet
  facet normal 0 0 -1
    outer loop
      vertex 42.5211 28.8598 0
      vertex 44.9607 23.0132 0
      vertex 44.95 22.85 0
    endloop
  endfacet
  facet normal -0 0 -1
    outer loop
      vertex 44.9607 -23.0132 0
      vertex 42.5211 -28.8598 0
      vertex 44.95 -22.85 0
    endloop
  endfacet
  facet normal -0 0 -1
    outer loop
      vertex 44.95 -22.85 0
      vertex 42.5211 -28.8598 0
      vertex 30 -22 0
    endloop
  endfacet
  facet normal 0 0 -1
    outer loop
      vertex 45.2083 23.611 0
      vertex 43.5 28.2058 0
      vertex 44.5558 27.6851 0
    endloop
  endfacet
  facet normal 0 0 -1
    outer loop
      vertex 30 -22 0
      vertex 42.5211 -28.8598 0
      vertex 41.636 -29.636 0
    endloop
  endfacet
  facet normal 0 0 -1
    outer loop
      vertex 44.9926 23.1735 0
      vertex 42.5211 28.8598 0
      vertex 43.5 28.2058 0
    endloop
  endfacet
  facet normal 0 0 -1
    outer loop
      vertex 30 -22 0
      vertex 41.636 -29.636 0
      vertex 40.8598 -30.5211 0
    endloop
  endfacet
  facet normal 0 0 -1
    outer loop
      vertex 29.9872 22.1958 0
      vertex 44.95 22.85 0
      vertex 30 22 0
    endloop
  endfacet
  facet normal 0 0 -1
    outer loop
      vertex 30 -22 0
      vertex 40.8598 -30.5211 0
      vertex 40.2058 -31.5 0
    endloop
  endfacet
  facet normal -0 0 -1
    outer loop
      vertex 44.95 22.85 0
      vertex 29.9872 22.1958 0
      vertex 42.5211 28.8598 0
    endloop
  endfacet
  facet normal -0 0 -1
    outer loop
      vertex 44.9926 22.5265 0
      vertex 30 22 0
      vertex 44.9607 22.6868 0
    endloop
  endfacet
  facet normal -0 0 -1
    outer loop
      vertex 44.9607 22.6868 0
      vertex 30 22 0
      vertex 44.95 22.85 0
    endloop
  endfacet
  facet normal 0 0 -1
    outer loop
      vertex 30 -22 0
      vertex 40.2058 -31.5 0
      vertex 39.6851 -32.5558 0
    endloop
  endfacet
  facet normal -0 0 -1
    outer loop
      vertex 42.5211 28.8598 0
      vertex 29.9872 22.1958 0
      vertex 41.636 29.636 0
    endloop
  endfacet
  facet normal 0 0 -1
    outer loop
      vertex 30 -22 0
      vertex 39.6851 -32.5558 0
      vertex 39.3067 -33.6706 0
    endloop
  endfacet
  facet normal 0 0 -1
    outer loop
      vertex 29.9489 22.3882 0
      vertex 41.636 29.636 0
      vertex 29.9872 22.1958 0
    endloop
  endfacet
  facet normal 0 0 -1
    outer loop
      vertex 30 -22 0
      vertex 39.3067 -33.6706 0
      vertex 39.077 -34.8253 0
    endloop
  endfacet
  facet normal 0 0 -1
    outer loop
      vertex 29.8858 22.574 0
      vertex 41.636 29.636 0
      vertex 29.9489 22.3882 0
    endloop
  endfacet
  facet normal 0 0 -1
    outer loop
      vertex 28.5 -23.5 0
      vertex 39.077 -34.8253 0
      vertex 39 -36 0
    endloop
  endfacet
  facet normal -0 0 -1
    outer loop
      vertex 41.636 29.636 0
      vertex 29.8858 22.574 0
      vertex 40.8598 30.5211 0
    endloop
  endfacet
  facet normal -0.751771 0.659424 0
    outer loop
      vertex -66.9668 52.0438 0
      vertex -66.5355 52.5355 3
      vertex -66.5355 52.5355 0
    endloop
  endfacet
  facet normal -0.751771 0.659424 0
    outer loop
      vertex -66.5355 52.5355 3
      vertex -66.9668 52.0438 0
      vertex -66.9668 52.0438 3
    endloop
  endfacet
  facet normal -0.946941 0.321407 0
    outer loop
      vertex -67.8296 50.2941 0
      vertex -67.6194 50.9134 3
      vertex -67.6194 50.9134 0
    endloop
  endfacet
  facet normal -0.946941 0.321407 0
    outer loop
      vertex -67.6194 50.9134 3
      vertex -67.8296 50.2941 0
      vertex -67.8296 50.2941 3
    endloop
  endfacet
  facet normal -0.89686 0.442314 0
    outer loop
      vertex -67.6194 50.9134 0
      vertex -67.3301 51.5 3
      vertex -67.3301 51.5 0
    endloop
  endfacet
  facet normal -0.89686 0.442314 0
    outer loop
      vertex -67.3301 51.5 3
      vertex -67.6194 50.9134 0
      vertex -67.6194 50.9134 3
    endloop
  endfacet
  facet normal -0.980786 0.195087 0
    outer loop
      vertex -67.9572 49.6526 0
      vertex -67.8296 50.2941 3
      vertex -67.8296 50.2941 0
    endloop
  endfacet
  facet normal -0.980786 0.195087 0
    outer loop
      vertex -67.8296 50.2941 3
      vertex -67.9572 49.6526 0
      vertex -67.9572 49.6526 3
    endloop
  endfacet
  facet normal 0.980786 -0.195087 0
    outer loop
      vertex 67.8296 -50.2941 3
      vertex 67.9572 -49.6526 0
      vertex 67.9572 -49.6526 3
    endloop
  endfacet
  facet normal 0.980786 -0.195087 0
    outer loop
      vertex 67.9572 -49.6526 0
      vertex 67.8296 -50.2941 3
      vertex 67.8296 -50.2941 0
    endloop
  endfacet
  facet normal 0.831509 -0.555512 0
    outer loop
      vertex 66.9668 -52.0438 3
      vertex 67.3301 -51.5 0
      vertex 67.3301 -51.5 3
    endloop
  endfacet
  facet normal 0.831509 -0.555512 0
    outer loop
      vertex 67.3301 -51.5 0
      vertex 66.9668 -52.0438 3
      vertex 66.9668 -52.0438 0
    endloop
  endfacet
  facet normal 0.751771 -0.659424 0
    outer loop
      vertex 66.5355 -52.5355 3
      vertex 66.9668 -52.0438 0
      vertex 66.9668 -52.0438 3
    endloop
  endfacet
  facet normal 0.751771 -0.659424 0
    outer loop
      vertex 66.9668 -52.0438 0
      vertex 66.5355 -52.5355 3
      vertex 66.5355 -52.5355 0
    endloop
  endfacet
  facet normal -0.831509 -0.555512 0
    outer loop
      vertex -66.9668 -52.0438 0
      vertex -67.3301 -51.5 3
      vertex -67.3301 -51.5 0
    endloop
  endfacet
  facet normal -0.831509 -0.555512 0
    outer loop
      vertex -67.3301 -51.5 3
      vertex -66.9668 -52.0438 0
      vertex -66.9668 -52.0438 3
    endloop
  endfacet
  facet normal -0.946941 -0.321407 0
    outer loop
      vertex -67.6194 -50.9134 0
      vertex -67.8296 -50.2941 3
      vertex -67.8296 -50.2941 0
    endloop
  endfacet
  facet normal -0.946941 -0.321407 0
    outer loop
      vertex -67.8296 -50.2941 3
      vertex -67.6194 -50.9134 0
      vertex -67.6194 -50.9134 3
    endloop
  endfacet
  facet normal -0.442314 -0.89686 0
    outer loop
      vertex -65.5 -53.3301 0
      vertex -64.9134 -53.6194 3
      vertex -65.5 -53.3301 3
    endloop
  endfacet
  facet normal -0.442314 -0.89686 -0
    outer loop
      vertex -64.9134 -53.6194 3
      vertex -65.5 -53.3301 0
      vertex -64.9134 -53.6194 0
    endloop
  endfacet
  facet normal -0.195087 -0.980786 0
    outer loop
      vertex -64.2941 -53.8296 0
      vertex -63.6526 -53.9572 3
      vertex -64.2941 -53.8296 3
    endloop
  endfacet
  facet normal -0.195087 -0.980786 -0
    outer loop
      vertex -63.6526 -53.9572 3
      vertex -64.2941 -53.8296 0
      vertex -63.6526 -53.9572 0
    endloop
  endfacet
  facet normal -0.0654432 -0.997856 0
    outer loop
      vertex -63.6526 -53.9572 0
      vertex -63 -54 3
      vertex -63.6526 -53.9572 3
    endloop
  endfacet
  facet normal -0.0654432 -0.997856 -0
    outer loop
      vertex -63 -54 3
      vertex -63.6526 -53.9572 0
      vertex -63 -54 0
    endloop
  endfacet
  facet normal 0.321407 -0.946941 0
    outer loop
      vertex 64.2941 -53.8296 0
      vertex 64.9134 -53.6194 3
      vertex 64.2941 -53.8296 3
    endloop
  endfacet
  facet normal 0.321407 -0.946941 0
    outer loop
      vertex 64.9134 -53.6194 3
      vertex 64.2941 -53.8296 0
      vertex 64.9134 -53.6194 0
    endloop
  endfacet
  facet normal 0.195087 -0.980786 0
    outer loop
      vertex 63.6526 -53.9572 0
      vertex 64.2941 -53.8296 3
      vertex 63.6526 -53.9572 3
    endloop
  endfacet
  facet normal 0.195087 -0.980786 0
    outer loop
      vertex 64.2941 -53.8296 3
      vertex 63.6526 -53.9572 0
      vertex 64.2941 -53.8296 0
    endloop
  endfacet
  facet normal -0.442314 0.89686 0
    outer loop
      vertex -64.9134 53.6194 0
      vertex -65.5 53.3301 3
      vertex -64.9134 53.6194 3
    endloop
  endfacet
  facet normal -0.442314 0.89686 0
    outer loop
      vertex -65.5 53.3301 3
      vertex -64.9134 53.6194 0
      vertex -65.5 53.3301 0
    endloop
  endfacet
  facet normal -0.195087 0.980786 0
    outer loop
      vertex -63.6526 53.9572 0
      vertex -64.2941 53.8296 3
      vertex -63.6526 53.9572 3
    endloop
  endfacet
  facet normal -0.195087 0.980786 0
    outer loop
      vertex -64.2941 53.8296 3
      vertex -63.6526 53.9572 0
      vertex -64.2941 53.8296 0
    endloop
  endfacet
  facet normal -0.0654432 0.997856 0
    outer loop
      vertex -63 54 0
      vertex -63.6526 53.9572 3
      vertex -63 54 3
    endloop
  endfacet
  facet normal -0.0654432 0.997856 0
    outer loop
      vertex -63.6526 53.9572 3
      vertex -63 54 0
      vertex -63.6526 53.9572 0
    endloop
  endfacet
  facet normal 0.831509 0.555512 0
    outer loop
      vertex 67.3301 51.5 3
      vertex 66.9668 52.0438 0
      vertex 66.9668 52.0438 3
    endloop
  endfacet
  facet normal 0.831509 0.555512 0
    outer loop
      vertex 66.9668 52.0438 0
      vertex 67.3301 51.5 3
      vertex 67.3301 51.5 0
    endloop
  endfacet
  facet normal 0.997856 0.0654432 0
    outer loop
      vertex 68 49 3
      vertex 67.9572 49.6526 0
      vertex 67.9572 49.6526 3
    endloop
  endfacet
  facet normal 0.997856 0.0654432 0
    outer loop
      vertex 67.9572 49.6526 0
      vertex 68 49 3
      vertex 68 49 0
    endloop
  endfacet
  facet normal 0.659424 0.751771 -0
    outer loop
      vertex 66.5355 52.5355 0
      vertex 66.0438 52.9668 3
      vertex 66.5355 52.5355 3
    endloop
  endfacet
  facet normal 0.659424 0.751771 0
    outer loop
      vertex 66.0438 52.9668 3
      vertex 66.5355 52.5355 0
      vertex 66.0438 52.9668 0
    endloop
  endfacet
  facet normal 0.195087 0.980786 -0
    outer loop
      vertex 64.2941 53.8296 0
      vertex 63.6526 53.9572 3
      vertex 64.2941 53.8296 3
    endloop
  endfacet
  facet normal 0.195087 0.980786 0
    outer loop
      vertex 63.6526 53.9572 3
      vertex 64.2941 53.8296 0
      vertex 63.6526 53.9572 0
    endloop
  endfacet
  facet normal 0.0654432 0.997856 -0
    outer loop
      vertex 63.6526 53.9572 0
      vertex 63 54 3
      vertex 63.6526 53.9572 3
    endloop
  endfacet
  facet normal 0.0654432 0.997856 0
    outer loop
      vertex 63 54 3
      vertex 63.6526 53.9572 0
      vertex 63 54 0
    endloop
  endfacet
  facet normal 0.946941 -0.321407 0
    outer loop
      vertex 67.6194 -50.9134 3
      vertex 67.8296 -50.2941 0
      vertex 67.8296 -50.2941 3
    endloop
  endfacet
  facet normal 0.946941 -0.321407 0
    outer loop
      vertex 67.8296 -50.2941 0
      vertex 67.6194 -50.9134 3
      vertex 67.6194 -50.9134 0
    endloop
  endfacet
  facet normal -0.751771 -0.659424 0
    outer loop
      vertex -66.5355 -52.5355 0
      vertex -66.9668 -52.0438 3
      vertex -66.9668 -52.0438 0
    endloop
  endfacet
  facet normal -0.751771 -0.659424 0
    outer loop
      vertex -66.9668 -52.0438 3
      vertex -66.5355 -52.5355 0
      vertex -66.5355 -52.5355 3
    endloop
  endfacet
  facet normal -0.555512 -0.831509 0
    outer loop
      vertex -66.0438 -52.9668 0
      vertex -65.5 -53.3301 3
      vertex -66.0438 -52.9668 3
    endloop
  endfacet
  facet normal -0.555512 -0.831509 -0
    outer loop
      vertex -65.5 -53.3301 3
      vertex -66.0438 -52.9668 0
      vertex -65.5 -53.3301 0
    endloop
  endfacet
  facet normal 0.442314 -0.89686 0
    outer loop
      vertex 64.9134 -53.6194 0
      vertex 65.5 -53.3301 3
      vertex 64.9134 -53.6194 3
    endloop
  endfacet
  facet normal 0.442314 -0.89686 0
    outer loop
      vertex 65.5 -53.3301 3
      vertex 64.9134 -53.6194 0
      vertex 65.5 -53.3301 0
    endloop
  endfacet
  facet normal 0.946941 0.321407 0
    outer loop
      vertex 67.8296 50.2941 3
      vertex 67.6194 50.9134 0
      vertex 67.6194 50.9134 3
    endloop
  endfacet
  facet normal 0.946941 0.321407 0
    outer loop
      vertex 67.6194 50.9134 0
      vertex 67.8296 50.2941 3
      vertex 67.8296 50.2941 0
    endloop
  endfacet
  facet normal -0.321407 0.946941 0
    outer loop
      vertex -64.2941 53.8296 0
      vertex -64.9134 53.6194 3
      vertex -64.2941 53.8296 3
    endloop
  endfacet
  facet normal -0.321407 0.946941 0
    outer loop
      vertex -64.9134 53.6194 3
      vertex -64.2941 53.8296 0
      vertex -64.9134 53.6194 0
    endloop
  endfacet
  facet normal 0 -1 0
    outer loop
      vertex -6 4 0
      vertex 6 4 3
      vertex -6 4 3
    endloop
  endfacet
  facet normal 0 -1 -0
    outer loop
      vertex 6 4 3
      vertex -6 4 0
      vertex 6 4 0
    endloop
  endfacet
  facet normal -0.195094 0.980784 0
    outer loop
      vertex 7.03528 -3.8637 0
      vertex 6.5221 -3.96578 3
      vertex 7.03528 -3.8637 3
    endloop
  endfacet
  facet normal -0.195094 0.980784 0
    outer loop
      vertex 6.5221 -3.96578 3
      vertex 7.03528 -3.8637 0
      vertex 6.5221 -3.96578 0
    endloop
  endfacet
  facet normal -0.831471 -0.555569 0
    outer loop
      vertex 9.4641 2 0
      vertex 9.17341 2.43505 3
      vertex 9.17341 2.43505 0
    endloop
  endfacet
  facet normal -0.831471 -0.555569 0
    outer loop
      vertex 9.17341 2.43505 3
      vertex 9.4641 2 0
      vertex 9.4641 2 3
    endloop
  endfacet
  facet normal -0.0654027 -0.997859 0
    outer loop
      vertex 6 4 0
      vertex 6.5221 3.96578 3
      vertex 6 4 3
    endloop
  endfacet
  facet normal -0.0654027 -0.997859 -0
    outer loop
      vertex 6.5221 3.96578 3
      vertex 6 4 0
      vertex 6.5221 3.96578 0
    endloop
  endfacet
  facet normal -0.555569 -0.831471 0
    outer loop
      vertex 8 3.4641 0
      vertex 8.43505 3.17341 3
      vertex 8 3.4641 3
    endloop
  endfacet
  facet normal -0.555569 -0.831471 -0
    outer loop
      vertex 8.43505 3.17341 3
      vertex 8 3.4641 0
      vertex 8.43505 3.17341 0
    endloop
  endfacet
  facet normal 0.980784 -0.195096 0
    outer loop
      vertex -9.96578 0.522104 3
      vertex -9.8637 1.03528 0
      vertex -9.8637 1.03528 3
    endloop
  endfacet
  facet normal 0.980784 -0.195096 0
    outer loop
      vertex -9.8637 1.03528 0
      vertex -9.96578 0.522104 3
      vertex -9.96578 0.522104 0
    endloop
  endfacet
  facet normal 0.442291 -0.896871 0
    outer loop
      vertex -8 3.4641 0
      vertex -7.53073 3.69552 3
      vertex -8 3.4641 3
    endloop
  endfacet
  facet normal 0.442291 -0.896871 0
    outer loop
      vertex -7.53073 3.69552 3
      vertex -8 3.4641 0
      vertex -7.53073 3.69552 0
    endloop
  endfacet
  facet normal -0.946932 0.321435 0
    outer loop
      vertex 9.69552 -1.53073 0
      vertex 9.8637 -1.03528 3
      vertex 9.8637 -1.03528 0
    endloop
  endfacet
  facet normal -0.946932 0.321435 0
    outer loop
      vertex 9.8637 -1.03528 3
      vertex 9.69552 -1.53073 0
      vertex 9.69552 -1.53073 3
    endloop
  endfacet
  facet normal -0.195094 -0.980784 0
    outer loop
      vertex 6.5221 3.96578 0
      vertex 7.03528 3.8637 3
      vertex 6.5221 3.96578 3
    endloop
  endfacet
  facet normal -0.195094 -0.980784 -0
    outer loop
      vertex 7.03528 3.8637 3
      vertex 6.5221 3.96578 0
      vertex 7.03528 3.8637 0
    endloop
  endfacet
  facet normal -0.65934 -0.751845 0
    outer loop
      vertex 8.43505 3.17341 0
      vertex 8.82843 2.82843 3
      vertex 8.43505 3.17341 3
    endloop
  endfacet
  facet normal -0.65934 -0.751845 -0
    outer loop
      vertex 8.82843 2.82843 3
      vertex 8.43505 3.17341 0
      vertex 8.82843 2.82843 0
    endloop
  endfacet
  facet normal -0.442291 -0.896871 0
    outer loop
      vertex 7.53073 3.69552 0
      vertex 8 3.4641 3
      vertex 7.53073 3.69552 3
    endloop
  endfacet
  facet normal -0.442291 -0.896871 -0
    outer loop
      vertex 8 3.4641 3
      vertex 7.53073 3.69552 0
      vertex 8 3.4641 0
    endloop
  endfacet
  facet normal 0.555569 -0.831471 0
    outer loop
      vertex -8.43505 3.17341 0
      vertex -8 3.4641 3
      vertex -8.43505 3.17341 3
    endloop
  endfacet
  facet normal 0.555569 -0.831471 0
    outer loop
      vertex -8 3.4641 3
      vertex -8.43505 3.17341 0
      vertex -8 3.4641 0
    endloop
  endfacet
  facet normal -0.321435 -0.946932 0
    outer loop
      vertex 7.03528 3.8637 0
      vertex 7.53073 3.69552 3
      vertex 7.03528 3.8637 3
    endloop
  endfacet
  facet normal -0.321435 -0.946932 -0
    outer loop
      vertex 7.53073 3.69552 3
      vertex 7.03528 3.8637 0
      vertex 7.53073 3.69552 0
    endloop
  endfacet
  facet normal -0.751845 -0.65934 0
    outer loop
      vertex 9.17341 2.43505 0
      vertex 8.82843 2.82843 3
      vertex 8.82843 2.82843 0
    endloop
  endfacet
  facet normal -0.751845 -0.65934 0
    outer loop
      vertex 8.82843 2.82843 3
      vertex 9.17341 2.43505 0
      vertex 9.17341 2.43505 3
    endloop
  endfacet
  facet normal 0.946932 -0.321435 0
    outer loop
      vertex -9.8637 1.03528 3
      vertex -9.69552 1.53073 0
      vertex -9.69552 1.53073 3
    endloop
  endfacet
  facet normal 0.946932 -0.321435 0
    outer loop
      vertex -9.69552 1.53073 0
      vertex -9.8637 1.03528 3
      vertex -9.8637 1.03528 0
    endloop
  endfacet
  facet normal 0.195094 -0.980784 0
    outer loop
      vertex -7.03528 3.8637 0
      vertex -6.5221 3.96578 3
      vertex -7.03528 3.8637 3
    endloop
  endfacet
  facet normal 0.195094 -0.980784 0
    outer loop
      vertex -6.5221 3.96578 3
      vertex -7.03528 3.8637 0
      vertex -6.5221 3.96578 0
    endloop
  endfacet
  facet normal 0.896871 -0.442291 0
    outer loop
      vertex -9.69552 1.53073 3
      vertex -9.4641 2 0
      vertex -9.4641 2 3
    endloop
  endfacet
  facet normal 0.896871 -0.442291 0
    outer loop
      vertex -9.4641 2 0
      vertex -9.69552 1.53073 3
      vertex -9.69552 1.53073 0
    endloop
  endfacet
  facet normal -0.65934 0.751845 0
    outer loop
      vertex 8.82843 -2.82843 0
      vertex 8.43505 -3.17341 3
      vertex 8.82843 -2.82843 3
    endloop
  endfacet
  facet normal -0.65934 0.751845 0
    outer loop
      vertex 8.43505 -3.17341 3
      vertex 8.82843 -2.82843 0
      vertex 8.43505 -3.17341 0
    endloop
  endfacet
  facet normal -0.896871 0.442291 0
    outer loop
      vertex 9.4641 -2 0
      vertex 9.69552 -1.53073 3
      vertex 9.69552 -1.53073 0
    endloop
  endfacet
  facet normal -0.896871 0.442291 0
    outer loop
      vertex 9.69552 -1.53073 3
      vertex 9.4641 -2 0
      vertex 9.4641 -2 3
    endloop
  endfacet
  facet normal 0.997859 -0.0654022 0
    outer loop
      vertex -10 0 3
      vertex -9.96578 0.522104 0
      vertex -9.96578 0.522104 3
    endloop
  endfacet
  facet normal 0.997859 -0.0654022 0
    outer loop
      vertex -9.96578 0.522104 0
      vertex -10 0 3
      vertex -10 0 0
    endloop
  endfacet
  facet normal 0 1 -0
    outer loop
      vertex 6 -4 0
      vertex -6 -4 3
      vertex 6 -4 3
    endloop
  endfacet
  facet normal 0 1 0
    outer loop
      vertex -6 -4 3
      vertex 6 -4 0
      vertex -6 -4 0
    endloop
  endfacet
  facet normal 0.321435 -0.946932 0
    outer loop
      vertex -7.53073 3.69552 0
      vertex -7.03528 3.8637 3
      vertex -7.53073 3.69552 3
    endloop
  endfacet
  facet normal 0.321435 -0.946932 0
    outer loop
      vertex -7.03528 3.8637 3
      vertex -7.53073 3.69552 0
      vertex -7.03528 3.8637 0
    endloop
  endfacet
  facet normal 0.0654027 -0.997859 0
    outer loop
      vertex -6.5221 3.96578 0
      vertex -6 4 3
      vertex -6.5221 3.96578 3
    endloop
  endfacet
  facet normal 0.0654027 -0.997859 0
    outer loop
      vertex -6 4 3
      vertex -6.5221 3.96578 0
      vertex -6 4 0
    endloop
  endfacet
  facet normal 0.751845 -0.65934 0
    outer loop
      vertex -9.17341 2.43505 3
      vertex -8.82843 2.82843 0
      vertex -8.82843 2.82843 3
    endloop
  endfacet
  facet normal 0.751845 -0.65934 0
    outer loop
      vertex -8.82843 2.82843 0
      vertex -9.17341 2.43505 3
      vertex -9.17341 2.43505 0
    endloop
  endfacet
  facet normal 0.65934 -0.751845 0
    outer loop
      vertex -8.82843 2.82843 0
      vertex -8.43505 3.17341 3
      vertex -8.82843 2.82843 3
    endloop
  endfacet
  facet normal 0.65934 -0.751845 0
    outer loop
      vertex -8.43505 3.17341 3
      vertex -8.82843 2.82843 0
      vertex -8.43505 3.17341 0
    endloop
  endfacet
  facet normal 0.831471 -0.555569 0
    outer loop
      vertex -9.4641 2 3
      vertex -9.17341 2.43505 0
      vertex -9.17341 2.43505 3
    endloop
  endfacet
  facet normal 0.831471 -0.555569 0
    outer loop
      vertex -9.17341 2.43505 0
      vertex -9.4641 2 3
      vertex -9.4641 2 0
    endloop
  endfacet
  facet normal -0.442291 0.896871 0
    outer loop
      vertex 8 -3.4641 0
      vertex 7.53073 -3.69552 3
      vertex 8 -3.4641 3
    endloop
  endfacet
  facet normal -0.442291 0.896871 0
    outer loop
      vertex 7.53073 -3.69552 3
      vertex 8 -3.4641 0
      vertex 7.53073 -3.69552 0
    endloop
  endfacet
  facet normal -0.831471 0.555569 0
    outer loop
      vertex 9.17341 -2.43505 0
      vertex 9.4641 -2 3
      vertex 9.4641 -2 0
    endloop
  endfacet
  facet normal -0.831471 0.555569 0
    outer loop
      vertex 9.4641 -2 3
      vertex 9.17341 -2.43505 0
      vertex 9.17341 -2.43505 3
    endloop
  endfacet
  facet normal -0.555569 0.831471 0
    outer loop
      vertex 8.43505 -3.17341 0
      vertex 8 -3.4641 3
      vertex 8.43505 -3.17341 3
    endloop
  endfacet
  facet normal -0.555569 0.831471 0
    outer loop
      vertex 8 -3.4641 3
      vertex 8.43505 -3.17341 0
      vertex 8 -3.4641 0
    endloop
  endfacet
  facet normal -0.997859 0.0654022 0
    outer loop
      vertex 9.96578 -0.522104 0
      vertex 10 0 3
      vertex 10 0 0
    endloop
  endfacet
  facet normal -0.997859 0.0654022 0
    outer loop
      vertex 10 0 3
      vertex 9.96578 -0.522104 0
      vertex 9.96578 -0.522104 3
    endloop
  endfacet
  facet normal -0.997859 -0.0654022 0
    outer loop
      vertex 10 0 0
      vertex 9.96578 0.522104 3
      vertex 9.96578 0.522104 0
    endloop
  endfacet
  facet normal -0.997859 -0.0654022 0
    outer loop
      vertex 9.96578 0.522104 3
      vertex 10 0 0
      vertex 10 0 3
    endloop
  endfacet
  facet normal -0.896871 -0.442291 0
    outer loop
      vertex 9.69552 1.53073 0
      vertex 9.4641 2 3
      vertex 9.4641 2 0
    endloop
  endfacet
  facet normal -0.896871 -0.442291 0
    outer loop
      vertex 9.4641 2 3
      vertex 9.69552 1.53073 0
      vertex 9.69552 1.53073 3
    endloop
  endfacet
  facet normal 0.980784 0.195096 0
    outer loop
      vertex -9.8637 -1.03528 3
      vertex -9.96578 -0.522104 0
      vertex -9.96578 -0.522104 3
    endloop
  endfacet
  facet normal 0.980784 0.195096 0
    outer loop
      vertex -9.96578 -0.522104 0
      vertex -9.8637 -1.03528 3
      vertex -9.8637 -1.03528 0
    endloop
  endfacet
  facet normal 0.997859 0.0654022 0
    outer loop
      vertex -9.96578 -0.522104 3
      vertex -10 0 0
      vertex -10 0 3
    endloop
  endfacet
  facet normal 0.997859 0.0654022 0
    outer loop
      vertex -10 0 0
      vertex -9.96578 -0.522104 3
      vertex -9.96578 -0.522104 0
    endloop
  endfacet
  facet normal 0.946932 0.321435 0
    outer loop
      vertex -9.69552 -1.53073 3
      vertex -9.8637 -1.03528 0
      vertex -9.8637 -1.03528 3
    endloop
  endfacet
  facet normal 0.946932 0.321435 0
    outer loop
      vertex -9.8637 -1.03528 0
      vertex -9.69552 -1.53073 3
      vertex -9.69552 -1.53073 0
    endloop
  endfacet
  facet normal 0.0654027 0.997859 -0
    outer loop
      vertex -6 -4 0
      vertex -6.5221 -3.96578 3
      vertex -6 -4 3
    endloop
  endfacet
  facet normal 0.0654027 0.997859 0
    outer loop
      vertex -6.5221 -3.96578 3
      vertex -6 -4 0
      vertex -6.5221 -3.96578 0
    endloop
  endfacet
  facet normal -0.0654027 0.997859 0
    outer loop
      vertex 6.5221 -3.96578 0
      vertex 6 -4 3
      vertex 6.5221 -3.96578 3
    endloop
  endfacet
  facet normal -0.0654027 0.997859 0
    outer loop
      vertex 6 -4 3
      vertex 6.5221 -3.96578 0
      vertex 6 -4 0
    endloop
  endfacet
  facet normal 0.896871 0.442291 0
    outer loop
      vertex -9.4641 -2 3
      vertex -9.69552 -1.53073 0
      vertex -9.69552 -1.53073 3
    endloop
  endfacet
  facet normal 0.896871 0.442291 0
    outer loop
      vertex -9.69552 -1.53073 0
      vertex -9.4641 -2 3
      vertex -9.4641 -2 0
    endloop
  endfacet
  facet normal 0.65934 0.751845 -0
    outer loop
      vertex -8.43505 -3.17341 0
      vertex -8.82843 -2.82843 3
      vertex -8.43505 -3.17341 3
    endloop
  endfacet
  facet normal 0.65934 0.751845 0
    outer loop
      vertex -8.82843 -2.82843 3
      vertex -8.43505 -3.17341 0
      vertex -8.82843 -2.82843 0
    endloop
  endfacet
  facet normal -0.751845 0.65934 0
    outer loop
      vertex 8.82843 -2.82843 0
      vertex 9.17341 -2.43505 3
      vertex 9.17341 -2.43505 0
    endloop
  endfacet
  facet normal -0.751845 0.65934 0
    outer loop
      vertex 9.17341 -2.43505 3
      vertex 8.82843 -2.82843 0
      vertex 8.82843 -2.82843 3
    endloop
  endfacet
  facet normal -0.321435 0.946932 0
    outer loop
      vertex 7.53073 -3.69552 0
      vertex 7.03528 -3.8637 3
      vertex 7.53073 -3.69552 3
    endloop
  endfacet
  facet normal -0.321435 0.946932 0
    outer loop
      vertex 7.03528 -3.8637 3
      vertex 7.53073 -3.69552 0
      vertex 7.03528 -3.8637 0
    endloop
  endfacet
  facet normal -0.980784 0.195096 0
    outer loop
      vertex 9.8637 -1.03528 0
      vertex 9.96578 -0.522104 3
      vertex 9.96578 -0.522104 0
    endloop
  endfacet
  facet normal -0.980784 0.195096 0
    outer loop
      vertex 9.96578 -0.522104 3
      vertex 9.8637 -1.03528 0
      vertex 9.8637 -1.03528 3
    endloop
  endfacet
  facet normal -0.946932 -0.321435 0
    outer loop
      vertex 9.8637 1.03528 0
      vertex 9.69552 1.53073 3
      vertex 9.69552 1.53073 0
    endloop
  endfacet
  facet normal -0.946932 -0.321435 0
    outer loop
      vertex 9.69552 1.53073 3
      vertex 9.8637 1.03528 0
      vertex 9.8637 1.03528 3
    endloop
  endfacet
  facet normal -0.980784 -0.195096 0
    outer loop
      vertex 9.96578 0.522104 0
      vertex 9.8637 1.03528 3
      vertex 9.8637 1.03528 0
    endloop
  endfacet
  facet normal -0.980784 -0.195096 0
    outer loop
      vertex 9.8637 1.03528 3
      vertex 9.96578 0.522104 0
      vertex 9.96578 0.522104 3
    endloop
  endfacet
  facet normal 0.831471 0.555569 0
    outer loop
      vertex -9.17341 -2.43505 3
      vertex -9.4641 -2 0
      vertex -9.4641 -2 3
    endloop
  endfacet
  facet normal 0.831471 0.555569 0
    outer loop
      vertex -9.4641 -2 0
      vertex -9.17341 -2.43505 3
      vertex -9.17341 -2.43505 0
    endloop
  endfacet
  facet normal 0.751845 0.65934 0
    outer loop
      vertex -8.82843 -2.82843 3
      vertex -9.17341 -2.43505 0
      vertex -9.17341 -2.43505 3
    endloop
  endfacet
  facet normal 0.751845 0.65934 0
    outer loop
      vertex -9.17341 -2.43505 0
      vertex -8.82843 -2.82843 3
      vertex -8.82843 -2.82843 0
    endloop
  endfacet
  facet normal 0.555569 0.831471 -0
    outer loop
      vertex -8 -3.4641 0
      vertex -8.43505 -3.17341 3
      vertex -8 -3.4641 3
    endloop
  endfacet
  facet normal 0.555569 0.831471 0
    outer loop
      vertex -8.43505 -3.17341 3
      vertex -8 -3.4641 0
      vertex -8.43505 -3.17341 0
    endloop
  endfacet
  facet normal 0.321435 0.946932 -0
    outer loop
      vertex -7.03528 -3.8637 0
      vertex -7.53073 -3.69552 3
      vertex -7.03528 -3.8637 3
    endloop
  endfacet
  facet normal 0.321435 0.946932 0
    outer loop
      vertex -7.53073 -3.69552 3
      vertex -7.03528 -3.8637 0
      vertex -7.53073 -3.69552 0
    endloop
  endfacet
  facet normal 0.442291 0.896871 -0
    outer loop
      vertex -7.53073 -3.69552 0
      vertex -8 -3.4641 3
      vertex -7.53073 -3.69552 3
    endloop
  endfacet
  facet normal 0.442291 0.896871 0
    outer loop
      vertex -8 -3.4641 3
      vertex -7.53073 -3.69552 0
      vertex -8 -3.4641 0
    endloop
  endfacet
  facet normal 0.195094 0.980784 -0
    outer loop
      vertex -6.5221 -3.96578 0
      vertex -7.03528 -3.8637 3
      vertex -6.5221 -3.96578 3
    endloop
  endfacet
  facet normal 0.195094 0.980784 0
    outer loop
      vertex -7.03528 -3.8637 3
      vertex -6.5221 -3.96578 0
      vertex -7.03528 -3.8637 0
    endloop
  endfacet
endsolid OpenSCAD_Model
