solid OpenSCAD_Model
  facet normal 0.123217 0.362994 0.923609
    outer loop
      vertex 1.35405 3.26897 15.175
      vertex 0.665557 2.48389 15.5754
      vertex 0.984076 2.37577 15.5754
    endloop
  endfacet
  facet normal -0.255216 0.751849 -0.607937
    outer loop
      vertex -1.55672 5.80977 2.72523
      vertex -2.54552 6.14542 3.55544
      vertex -1.7216 6.4251 3.55544
    endloop
  endfacet
  facet normal -0.778868 -0.154927 0.607752
    outer loop
      vertex -6.00485 -0.869419 13.2
      vertex -5.80977 -1.55672 13.2748
      vertex -5.96326 -0.785078 13.2748
    endloop
  endfacet
  facet normal -0.778834 -0.154912 0.6078
    outer loop
      vertex -5.80977 -1.55672 13.2748
      vertex -6.00485 -0.869419 13.2
      vertex -5.86519 -1.57157 13.2
    endloop
  endfacet
  facet normal -0.466725 0.532197 -0.706353
    outer loop
      vertex -3.72982 3.72982 1.98528
      vertex -4.25305 4.25305 2.72523
      vertex -3.66153 4.7718 2.72523
    endloop
  endfacet
  facet normal 0.875127 0.297062 0.381977
    outer loop
      vertex 6.99879 2.899 10.5715
      vertex 6.62882 2.74575 11.5383
      vertex 6.9305 1.85702 11.5383
    endloop
  endfacet
  facet normal 0.828864 -0.408752 0.381976
    outer loop
      vertex 6.99879 -2.899 10.5715
      vertex 6.21372 -3.58749 11.5383
      vertex 6.56052 -3.78772 10.5715
    endloop
  endfacet
  facet normal 0.938862 -0.318705 -0.130249
    outer loop
      vertex 7.37521 -3.05491 7.47678
      vertex 7.24902 -3.00264 6.43928
      vertex 7.57893 -2.03077 6.43928
    endloop
  endfacet
  facet normal -0.278229 0.416402 -0.865562
    outer loop
      vertex -2.15399 2.80713 0.825019
      vertex -2.70568 3.52611 1.34824
      vertex -1.76915 3.06427 0.825019
    endloop
  endfacet
  facet normal -0.318705 0.938862 -0.130249
    outer loop
      vertex -3.00264 7.24902 6.43928
      vertex -3.05491 7.37521 7.47678
      vertex -2.03077 7.57893 6.43928
    endloop
  endfacet
  facet normal 0.254405 -0.0506066 0.965773
    outer loop
      vertex 1.54737 -0.203714 15.8463
      vertex 1.50754 -0.403944 15.8463
      vertex 2.48389 -0.665557 15.5754
    endloop
  endfacet
  facet normal 0.130532 0.00855416 0.991407
    outer loop
      vertex 1.54737 0.203714 15.8463
      vertex 0.523225 0 15.9829
      vertex 1.56072 0 15.8463
    endloop
  endfacet
  facet normal -0.40875 0.828863 -0.381981
    outer loop
      vertex -2.74575 6.62882 4.46169
      vertex -3.58749 6.21372 4.46169
      vertex -2.899 6.99879 5.42848
    endloop
  endfacet
  facet normal 0.694831 0.609344 0.381982
    outer loop
      vertex 6.01 4.61164 10.5715
      vertex 5.35665 5.35665 10.5715
      vertex 5.6923 4.36785 11.5383
    endloop
  endfacet
  facet normal 0.19596 -0.577269 0.792692
    outer loop
      vertex 1.70086 -4.10624 14.6518
      vertex 1.15034 -4.29312 14.6518
      vertex 1.36521 -5.09503 14.0147
    endloop
  endfacet
  facet normal -0.938864 0.318698 0.13025
    outer loop
      vertex -7.37521 3.05491 8.52322
      vertex -7.66541 2.2 8.52322
      vertex -7.54526 2.2 9.38928
    endloop
  endfacet
  facet normal 0.831468 0.555573 0
    outer loop
      vertex 6.91337 3.99144 8.52322
      vertex 6.33324 4.85966 7.47678
      vertex 6.33324 4.85966 8.52322
    endloop
  endfacet
  facet normal 0.831468 0.555573 0
    outer loop
      vertex 6.33324 4.85966 7.47678
      vertex 6.91337 3.99144 8.52322
      vertex 6.91337 3.99144 7.47678
    endloop
  endfacet
  facet normal 0.536712 -0.803255 -0.258303
    outer loop
      vertex 3.92314 -6.79508 6.43928
      vertex 3.78772 -6.56052 5.42848
      vertex 4.61164 -6.01 5.42848
    endloop
  endfacet
  facet normal -0.777129 0.383237 -0.499199
    outer loop
      vertex -6.14542 2.54552 3.55544
      vertex -6.21372 3.58749 4.46169
      vertex -5.76059 3.32588 3.55544
    endloop
  endfacet
  facet normal 0.947499 0.18847 0.258311
    outer loop
      vertex 7.57893 2.03077 9.56072
      vertex 7.51063 0.988793 10.5715
      vertex 7.77916 1.02415 9.56072
    endloop
  endfacet
  facet normal 0.0833584 0.245576 -0.965787
    outer loop
      vertex 0.597262 1.44192 0.153718
      vertex 0.403944 1.50754 0.153718
      vertex 0.665557 2.48389 0.42456
    endloop
  endfacet
  facet normal -0.768418 0.513441 -0.381984
    outer loop
      vertex -5.6923 4.36785 4.46169
      vertex -6.21372 3.58749 4.46169
      vertex -6.01 4.61164 5.42848
    endloop
  endfacet
  facet normal 0.338688 0.506879 0.792694
    outer loop
      vertex 2.63738 4.56808 14.0147
      vertex 2.22228 3.8491 14.6518
      vertex 3.21107 4.18475 14.0147
    endloop
  endfacet
  facet normal 0.393255 0.588544 0.706376
    outer loop
      vertex 3.00736 5.2089 13.2748
      vertex 2.63738 4.56808 14.0147
      vertex 3.21107 4.18475 14.0147
    endloop
  endfacet
  facet normal 0.597907 -0.118934 0.792693
    outer loop
      vertex 5.22964 -0.688495 14.0147
      vertex 4.40654 -0.580132 14.6518
      vertex 5.09503 -1.36521 14.0147
    endloop
  endfacet
  facet normal -0.792407 -0.0519894 0.607773
    outer loop
      vertex -5.96326 -0.785078 13.2748
      vertex -6.02527 -0.714376 13.2
      vertex -6.02014 -0.792566 13.2
    endloop
  endfacet
  facet normal -0.258834 -0.0169621 0.965773
    outer loop
      vertex -1.56072 0 15.8463
      vertex -2.54952 -0.335649 15.5754
      vertex -1.54737 -0.203714 15.8463
    endloop
  endfacet
  facet normal 0.255213 0.751852 -0.607935
    outer loop
      vertex 2.30173 5.55688 2.72523
      vertex 1.55672 5.80977 2.72523
      vertex 2.54552 6.14542 3.55544
    endloop
  endfacet
  facet normal -0.571321 -0.651468 0.499181
    outer loop
      vertex -4.04933 -5.27719 12.4446
      vertex -5.07348 -5.07348 11.5383
      vertex -4.36785 -5.6923 11.5383
    endloop
  endfacet
  facet normal 0.506879 -0.338688 0.792694
    outer loop
      vertex 4.56808 -2.63738 14.0147
      vertex 3.8491 -2.22228 14.6518
      vertex 4.18475 -3.21107 14.0147
    endloop
  endfacet
  facet normal -0.536722 -0.803252 -0.258294
    outer loop
      vertex -3.92314 -6.79508 6.43928
      vertex -4.77651 -6.22487 6.43928
      vertex -4.61164 -6.01 5.42848
    endloop
  endfacet
  facet normal 0.72633 -0.636968 -0.258294
    outer loop
      vertex 6.22487 -4.77651 6.43928
      vertex 5.35665 -5.35665 5.42848
      vertex 6.01 -4.61164 5.42848
    endloop
  endfacet
  facet normal 0.938864 0.318702 0.130246
    outer loop
      vertex 7.71086 2.06612 8.52322
      vertex 7.37521 3.05491 8.52322
      vertex 7.57893 2.03077 9.56072
    endloop
  endfacet
  facet normal -0.866436 -0.427278 0.258307
    outer loop
      vertex -6.99879 -2.899 10.5715
      vertex -7.24902 -3.00264 9.56072
      vertex -6.79508 -3.92314 9.56072
    endloop
  endfacet
  facet normal -0.170987 0.194986 -0.965787
    outer loop
      vertex -1.1036 1.1036 0.153718
      vertex -1.81834 1.81834 0.42456
      vertex -0.950108 1.2382 0.153718
    endloop
  endfacet
  facet normal 0.820515 -0.278524 0.499179
    outer loop
      vertex 6.9305 -1.85702 11.5383
      vertex 6.14542 -2.54552 12.4446
      vertex 6.62882 -2.74575 11.5383
    endloop
  endfacet
  facet normal 0.438521 -0.889233 -0.130249
    outer loop
      vertex 3.05491 -7.37521 7.47678
      vertex 3.00264 -7.24902 6.43928
      vertex 3.92314 -6.79508 6.43928
    endloop
  endfacet
  facet normal -0.0169617 0.258781 -0.965787
    outer loop
      vertex 0 1.56072 0.153718
      vertex -0.335649 2.54952 0.42456
      vertex 0 2.57152 0.42456
    endloop
  endfacet
  facet normal 0.318705 0.938862 -0.130249
    outer loop
      vertex 3.00264 7.24902 6.43928
      vertex 2.03077 7.57893 6.43928
      vertex 3.05491 7.37521 7.47678
    endloop
  endfacet
  facet normal 0.706348 -0.0462994 -0.706349
    outer loop
      vertex 5.96326 -0.785078 2.72523
      vertex 5.22964 -0.688495 1.98528
      vertex 6.01472 0 2.72523
    endloop
  endfacet
  facet normal 0.474207 -0.160975 0.865572
    outer loop
      vertex 4.29312 -1.15034 14.6518
      vertex 3.26897 -1.35405 15.175
      vertex 4.10624 -1.70086 14.6518
    endloop
  endfacet
  facet normal 0.318731 0.212973 0.923609
    outer loop
      vertex 3.06427 1.76915 15.175
      vertex 2.04012 1.56544 15.5754
      vertex 2.227 1.28576 15.5754
    endloop
  endfacet
  facet normal -0.0631926 0.963995 0.258303
    outer loop
      vertex -0.208841 7.82574 9.58631
      vertex -0.988793 7.51063 10.5715
      vertex -0.0361072 7.83403 9.59763
    endloop
  endfacet
  facet normal -0.0632174 0.963998 0.258284
    outer loop
      vertex -0.337486 7.82416 9.56072
      vertex -0.988793 7.51063 10.5715
      vertex -0.208841 7.82574 9.58631
    endloop
  endfacet
  facet normal -0.0631746 0.963994 0.25831
    outer loop
      vertex -0.988793 7.51063 10.5715
      vertex -0.337486 7.82416 9.56072
      vertex -1.02415 7.77916 9.56072
    endloop
  endfacet
  facet normal -0.11473 0.232635 0.965773
    outer loop
      vertex -0.597262 1.44192 15.8463
      vertex -1.28576 2.227 15.5754
      vertex -0.780361 1.35162 15.8463
    endloop
  endfacet
  facet normal 0.169047 0.849849 0.499179
    outer loop
      vertex 1.85702 6.9305 11.5383
      vertex 0.936522 7.1136 11.5383
      vertex 1.7216 6.4251 12.4446
    endloop
  endfacet
  facet normal 0.72633 -0.636966 0.2583
    outer loop
      vertex 6.22487 -4.77651 9.56072
      vertex 5.35665 -5.35665 10.5715
      vertex 5.54816 -5.54816 9.56072
    endloop
  endfacet
  facet normal 0.938862 0.318705 -0.130249
    outer loop
      vertex 7.57893 2.03077 6.43928
      vertex 7.24902 3.00264 6.43928
      vertex 7.37521 3.05491 7.47678
    endloop
  endfacet
  facet normal 0.828864 0.40875 0.381978
    outer loop
      vertex 6.99879 2.899 10.5715
      vertex 6.21372 3.58749 11.5383
      vertex 6.62882 2.74575 11.5383
    endloop
  endfacet
  facet normal 0.408752 0.828863 -0.38198
    outer loop
      vertex 3.58749 6.21372 4.46169
      vertex 2.899 6.99879 5.42848
      vertex 3.78772 6.56052 5.42848
    endloop
  endfacet
  facet normal 0.828863 -0.40875 -0.381981
    outer loop
      vertex 6.99879 -2.899 5.42848
      vertex 6.21372 -3.58749 4.46169
      vertex 6.62882 -2.74575 4.46169
    endloop
  endfacet
  facet normal 0.318702 -0.938864 0.130246
    outer loop
      vertex 3.05491 -7.37521 8.52322
      vertex 2.03077 -7.57893 9.56072
      vertex 2.06612 -7.71086 8.52322
    endloop
  endfacet
  facet normal -0.438517 -0.889234 0.130254
    outer loop
      vertex -3.92314 -6.79508 9.56072
      vertex -3.99144 -6.91337 8.52322
      vertex -3.05491 -7.37521 8.52322
    endloop
  endfacet
  facet normal -0.0462987 -0.706325 0.706372
    outer loop
      vertex 0 -5.27477 14.0147
      vertex -0.688495 -5.22964 14.0147
      vertex 0 -6.01472 13.2748
    endloop
  endfacet
  facet normal -0.130531 -0.0085569 0.991407
    outer loop
      vertex -0.523225 0 15.9829
      vertex -1.54737 -0.203714 15.8463
      vertex -0.518748 -0.0682945 15.9829
    endloop
  endfacet
  facet normal 0.441115 -0.660178 -0.607933
    outer loop
      vertex 4.04933 -5.27719 3.55544
      vertex 3.00736 -5.2089 2.72523
      vertex 3.66153 -4.7718 2.72523
    endloop
  endfacet
  facet normal 0.362994 -0.123217 0.923609
    outer loop
      vertex 2.48389 -0.665557 15.5754
      vertex 2.37577 -0.984076 15.5754
      vertex 3.26897 -1.35405 15.175
    endloop
  endfacet
  facet normal 0.258782 0.0169588 -0.965787
    outer loop
      vertex 1.56072 0 0.153718
      vertex 1.54737 0.203714 0.153718
      vertex 2.54952 0.335649 0.42456
    endloop
  endfacet
  facet normal -0.0648341 -0.989316 0.130578
    outer loop
      vertex -1.02415 -7.77916 9.56072
      vertex -0.41411 -7.82115 9.54548
      vertex -0.337486 -7.82416 9.56072
    endloop
  endfacet
  facet normal -0.0648482 -0.98937 0.130159
    outer loop
      vertex -1.02415 -7.77916 9.56072
      vertex -0.612293 -7.81701 9.47821
      vertex -0.41411 -7.82115 9.54548
    endloop
  endfacet
  facet normal -0.0648247 -0.989357 0.130271
    outer loop
      vertex -1.02415 -7.77916 9.56072
      vertex -0.799999 -7.8169 9.38564
      vertex -0.612293 -7.81701 9.47821
    endloop
  endfacet
  facet normal -0.0648477 -0.989359 0.130242
    outer loop
      vertex -1.02415 -7.77916 9.56072
      vertex -0.974018 -7.8208 9.26937
      vertex -0.799999 -7.8169 9.38564
    endloop
  endfacet
  facet normal -0.0649136 -0.989357 0.13023
    outer loop
      vertex -0.974018 -7.8208 9.26937
      vertex -1.02415 -7.77916 9.56072
      vertex -1.03 -7.82359 9.22027
    endloop
  endfacet
  facet normal 0.255214 -0.751846 0.607942
    outer loop
      vertex 2.54552 -6.14542 12.4446
      vertex 1.55672 -5.80977 13.2748
      vertex 1.7216 -6.4251 12.4446
    endloop
  endfacet
  facet normal -0.180298 -0.906413 0.381979
    outer loop
      vertex -1.85702 -6.9305 11.5383
      vertex -1.96067 -7.31731 10.5715
      vertex -0.988793 -7.51063 10.5715
    endloop
  endfacet
  facet normal 0.571321 -0.651468 0.499181
    outer loop
      vertex 5.07348 -5.07348 11.5383
      vertex 4.04933 -5.27719 12.4446
      vertex 4.36785 -5.6923 11.5383
    endloop
  endfacet
  facet normal 0.751838 -0.659348 0
    outer loop
      vertex 5.64474 -5.64474 8.52322
      vertex 6.33324 -4.85966 7.47678
      vertex 6.33324 -4.85966 8.52322
    endloop
  endfacet
  facet normal 0.751838 -0.659348 0
    outer loop
      vertex 6.33324 -4.85966 7.47678
      vertex 5.64474 -5.64474 8.52322
      vertex 5.64474 -5.64474 7.47678
    endloop
  endfacet
  facet normal 0.0604447 -0.922192 0.381979
    outer loop
      vertex 0.936522 -7.1136 11.5383
      vertex 0 -7.57544 10.5715
      vertex 0.988793 -7.51063 10.5715
    endloop
  endfacet
  facet normal 0.824384 -0.55084 0.130254
    outer loop
      vertex 6.79508 -3.92314 9.56072
      vertex 6.33324 -4.85966 8.52322
      vertex 6.91337 -3.99144 8.52322
    endloop
  endfacet
  facet normal 0.820504 -0.27852 -0.4992
    outer loop
      vertex 6.9305 -1.85702 4.46169
      vertex 6.14542 -2.54552 3.55544
      vertex 6.4251 -1.7216 3.55544
    endloop
  endfacet
  facet normal 0.550841 -0.824383 0.130256
    outer loop
      vertex 4.77651 -6.22487 9.56072
      vertex 3.92314 -6.79508 9.56072
      vertex 4.85966 -6.33324 8.52322
    endloop
  endfacet
  facet normal 0.0566743 -0.864632 -0.499198
    outer loop
      vertex 0.936522 -7.1136 4.46169
      vertex 0 -6.65176 3.55544
      vertex 0.868228 -6.59485 3.55544
    endloop
  endfacet
  facet normal 0.532197 -0.466723 -0.706354
    outer loop
      vertex 4.7718 -3.66153 2.72523
      vertex 3.72982 -3.72982 1.98528
      vertex 4.18475 -3.21107 1.98528
    endloop
  endfacet
  facet normal 0.875124 -0.297064 -0.381983
    outer loop
      vertex 6.99879 -2.899 5.42848
      vertex 6.9305 -1.85702 4.46169
      vertex 7.31731 -1.96067 5.42848
    endloop
  endfacet
  facet normal 0.777129 0.383237 -0.4992
    outer loop
      vertex 6.62882 2.74575 4.46169
      vertex 6.14542 2.54552 3.55544
      vertex 6.21372 3.58749 4.46169
    endloop
  endfacet
  facet normal 0.383237 -0.777129 -0.499199
    outer loop
      vertex 3.58749 -6.21372 4.46169
      vertex 2.54552 -6.14542 3.55544
      vertex 3.32588 -5.76059 3.55544
    endloop
  endfacet
  facet normal 0.442284 0.896875 -0
    outer loop
      vertex 3.99144 6.91337 7.47678
      vertex 3.05491 7.37521 8.52322
      vertex 3.99144 6.91337 8.52322
    endloop
  endfacet
  facet normal 0.442284 0.896875 0
    outer loop
      vertex 3.05491 7.37521 8.52322
      vertex 3.99144 6.91337 7.47678
      vertex 3.05491 7.37521 7.47678
    endloop
  endfacet
  facet normal -0.831468 -0.555573 0
    outer loop
      vertex -6.33324 -4.85966 7.47678
      vertex -6.91337 -3.99144 8.52322
      vertex -6.91337 -3.99144 7.47678
    endloop
  endfacet
  facet normal -0.831468 -0.555573 0
    outer loop
      vertex -6.91337 -3.99144 8.52322
      vertex -6.33324 -4.85966 7.47678
      vertex -6.33324 -4.85966 8.52322
    endloop
  endfacet
  facet normal -0.252788 0.288242 -0.923588
    outer loop
      vertex -1.81834 1.81834 0.42456
      vertex -2.50196 2.50196 0.825019
      vertex -2.15399 2.80713 0.825019
    endloop
  endfacet
  facet normal 0.160974 0.474221 -0.865564
    outer loop
      vertex 1.35405 3.26897 0.825019
      vertex 0.915781 3.41774 0.825019
      vertex 1.15034 4.29312 1.34824
    endloop
  endfacet
  facet normal 0.0327532 0.499729 -0.865563
    outer loop
      vertex 0.461842 3.50804 0.825019
      vertex 0 3.53831 0.825019
      vertex 0.580132 4.40654 1.34824
    endloop
  endfacet
  facet normal 0.449142 -0.221487 0.865572
    outer loop
      vertex 3.26897 -1.35405 15.175
      vertex 3.06427 -1.76915 15.175
      vertex 4.10624 -1.70086 14.6518
    endloop
  endfacet
  facet normal -0.577268 -0.195951 0.792695
    outer loop
      vertex -4.10624 -1.70086 14.6518
      vertex -5.09503 -1.36521 14.0147
      vertex -4.87325 -2.01857 14.0147
    endloop
  endfacet
  facet normal 0.382516 0.0250708 0.923609
    outer loop
      vertex 3.50804 0.461842 15.175
      vertex 2.54952 0.335649 15.5754
      vertex 3.53831 0 15.175
    endloop
  endfacet
  facet normal 0.382516 -0.0250708 0.923609
    outer loop
      vertex 3.53831 0 15.175
      vertex 2.54952 -0.335649 15.5754
      vertex 3.50804 -0.461842 15.175
    endloop
  endfacet
  facet normal 0.343806 0.169542 0.923609
    outer loop
      vertex 3.06427 1.76915 15.175
      vertex 2.227 1.28576 15.5754
      vertex 2.37577 0.984076 15.5754
    endloop
  endfacet
  facet normal 0.499714 0.0327522 0.865571
    outer loop
      vertex 4.40654 0.580132 14.6518
      vertex 3.50804 0.461842 15.175
      vertex 3.53831 0 15.175
    endloop
  endfacet
  facet normal -0.438521 0.889233 0.130249
    outer loop
      vertex -3.05491 7.37521 8.52322
      vertex -3.92314 6.79508 9.56072
      vertex -3.00264 7.24902 9.56072
    endloop
  endfacet
  facet normal 0.278218 0.416393 0.86557
    outer loop
      vertex 2.22228 3.8491 14.6518
      vertex 1.76915 3.06427 15.175
      vertex 2.70568 3.52611 14.6518
    endloop
  endfacet
  facet normal 0.751858 0.255218 0.607925
    outer loop
      vertex 6 2.11712 12.8043
      vertex 6.4251 1.7216 12.4446
      vertex 6.14542 2.54552 12.4446
    endloop
  endfacet
  facet normal 0.751841 0.255157 0.607973
    outer loop
      vertex 6.4251 1.7216 12.4446
      vertex 6 2.11712 12.8043
      vertex 6 1.60769 13.0181
    endloop
  endfacet
  facet normal 0.751941 0.255275 0.607799
    outer loop
      vertex 5.84 1.64577 13.2
      vertex 5.80977 1.55672 13.2748
      vertex 5.86519 1.57157 13.2
    endloop
  endfacet
  facet normal 0.706325 0.0462987 0.706372
    outer loop
      vertex 6.01472 0 13.2748
      vertex 5.22964 0.688495 14.0147
      vertex 5.27477 0 14.0147
    endloop
  endfacet
  facet normal 0.636967 0.726331 -0.258296
    outer loop
      vertex 5.35665 5.35665 5.42848
      vertex 4.77651 6.22487 6.43928
      vertex 5.54816 5.54816 6.43928
    endloop
  endfacet
  facet normal 0.989359 0.0648399 -0.13025
    outer loop
      vertex 7.84628 0 6.43928
      vertex 7.77916 1.02415 6.43928
      vertex 7.91458 1.04197 7.47678
    endloop
  endfacet
  facet normal 0.393251 0.588545 0.706378
    outer loop
      vertex 3.66153 4.7718 13.2748
      vertex 3.00736 5.2089 13.2748
      vertex 3.21107 4.18475 14.0147
    endloop
  endfacet
  facet normal 0.745434 0.653731 -0.130247
    outer loop
      vertex 6.33324 4.85966 7.47678
      vertex 5.54816 5.54816 6.43928
      vertex 5.64474 5.64474 7.47678
    endloop
  endfacet
  facet normal 0.481399 0.720455 -0.499199
    outer loop
      vertex 4.04933 5.27719 3.55544
      vertex 3.32588 5.76059 3.55544
      vertex 3.58749 6.21372 4.46169
    endloop
  endfacet
  facet normal 0.72633 0.636966 0.2583
    outer loop
      vertex 5.54816 5.54816 9.56072
      vertex 5.35665 5.35665 10.5715
      vertex 6.22487 4.77651 9.56072
    endloop
  endfacet
  facet normal 0.441115 0.660178 -0.607933
    outer loop
      vertex 3.66153 4.7718 2.72523
      vertex 3.00736 5.2089 2.72523
      vertex 4.04933 5.27719 3.55544
    endloop
  endfacet
  facet normal 0.555573 0.831468 -0
    outer loop
      vertex 4.85966 6.33324 7.47678
      vertex 3.99144 6.91337 8.52322
      vertex 4.85966 6.33324 8.52322
    endloop
  endfacet
  facet normal 0.555573 0.831468 0
    outer loop
      vertex 3.99144 6.91337 8.52322
      vertex 4.85966 6.33324 7.47678
      vertex 3.99144 6.91337 7.47678
    endloop
  endfacet
  facet normal 0.215672 -0.144111 0.965773
    outer loop
      vertex 2.227 -1.28576 15.5754
      vertex 1.2382 -0.950108 15.8463
      vertex 2.04012 -1.56544 15.5754
    endloop
  endfacet
  facet normal -0.232635 0.11473 0.965773
    outer loop
      vertex -1.35162 0.780361 15.8463
      vertex -2.227 1.28576 15.5754
      vertex -1.44192 0.597262 15.8463
    endloop
  endfacet
  facet normal -0.596952 0.523512 -0.607934
    outer loop
      vertex -4.25305 4.25305 2.72523
      vertex -5.27719 4.04933 3.55544
      vertex -4.7035 4.7035 3.55544
    endloop
  endfacet
  facet normal -0.745439 0.653724 -0.130256
    outer loop
      vertex -6.22487 4.77651 6.43928
      vertex -6.33324 4.85966 7.47678
      vertex -5.54816 5.54816 6.43928
    endloop
  endfacet
  facet normal -0.55084 -0.824384 -0.130254
    outer loop
      vertex -3.99144 -6.91337 7.47678
      vertex -4.85966 -6.33324 7.47678
      vertex -3.92314 -6.79508 6.43928
    endloop
  endfacet
  facet normal -0.889234 -0.438517 -0.130254
    outer loop
      vertex -6.91337 -3.99144 7.47678
      vertex -7.37521 -3.05491 7.47678
      vertex -6.79508 -3.92314 6.43928
    endloop
  endfacet
  facet normal -0.712101 -0.351168 0.607942
    outer loop
      vertex -5.2089 -3.00736 13.2748
      vertex -6.14542 -2.54552 12.4446
      vertex -5.76059 -3.32588 12.4446
    endloop
  endfacet
  facet normal -0.828863 -0.408752 -0.38198
    outer loop
      vertex -6.56052 -3.78772 5.42848
      vertex -6.99879 -2.899 5.42848
      vertex -6.21372 -3.58749 4.46169
    endloop
  endfacet
  facet normal -0.0463003 -0.706348 -0.706348
    outer loop
      vertex 0 -6.01472 2.72523
      vertex -0.688495 -5.22964 1.98528
      vertex 0 -5.27477 1.98528
    endloop
  endfacet
  facet normal -0.195091 -0.980785 -2.0219e-05
    outer loop
      vertex -2.06612 -7.71086 8.52322
      vertex -1.54548 -7.81442 8.41411
      vertex -1.50844 -7.82179 8.52322
    endloop
  endfacet
  facet normal -0.195086 -0.980786 6.67796e-06
    outer loop
      vertex -2.06612 -7.71086 8.52322
      vertex -1.58631 -7.8063 8.20884
      vertex -1.54548 -7.81442 8.41411
    endloop
  endfacet
  facet normal -0.195081 -0.980787 1.39872e-05
    outer loop
      vertex -2.06612 -7.71086 8.52322
      vertex -1.6 -7.80358 8
      vertex -1.58631 -7.8063 8.20884
    endloop
  endfacet
  facet normal -0.195096 -0.980784 0
    outer loop
      vertex -2.06612 -7.71086 7.47678
      vertex -1.6 -7.80358 8
      vertex -2.06612 -7.71086 8.52322
    endloop
  endfacet
  facet normal -0.195081 -0.980787 -1.39872e-05
    outer loop
      vertex -1.6 -7.80358 8
      vertex -2.06612 -7.71086 7.47678
      vertex -1.58631 -7.8063 7.79116
    endloop
  endfacet
  facet normal -0.195086 -0.980786 -6.67796e-06
    outer loop
      vertex -1.58631 -7.8063 7.79116
      vertex -2.06612 -7.71086 7.47678
      vertex -1.54548 -7.81442 7.58589
    endloop
  endfacet
  facet normal -0.195091 -0.980785 2.0219e-05
    outer loop
      vertex -1.54548 -7.81442 7.58589
      vertex -2.06612 -7.71086 7.47678
      vertex -1.50844 -7.82179 7.47678
    endloop
  endfacet
  facet normal -0.318705 -0.938862 0.130249
    outer loop
      vertex -3.00264 -7.24902 9.56072
      vertex -3.05491 -7.37521 8.52322
      vertex -2.03077 -7.57893 9.56072
    endloop
  endfacet
  facet normal 0.188471 -0.9475 -0.258307
    outer loop
      vertex 2.03077 -7.57893 6.43928
      vertex 0.988793 -7.51063 5.42848
      vertex 1.96067 -7.31731 5.42848
    endloop
  endfacet
  facet normal -0.634839 -0.313075 0.706373
    outer loop
      vertex -4.87325 -2.01857 14.0147
      vertex -5.55688 -2.30173 13.2748
      vertex -4.56808 -2.63738 14.0147
    endloop
  endfacet
  facet normal -0.255211 -0.751849 0.607939
    outer loop
      vertex -2.30173 -5.55688 13.2748
      vertex -2.54552 -6.14542 12.4446
      vertex -1.55672 -5.80977 13.2748
    endloop
  endfacet
  facet normal 0.0462987 -0.706325 0.706372
    outer loop
      vertex 0 -5.27477 14.0147
      vertex 0 -6.01472 13.2748
      vertex 0.688495 -5.22964 14.0147
    endloop
  endfacet
  facet normal 0.31053 -0.914793 0.258312
    outer loop
      vertex 2.899 -6.99879 10.5715
      vertex 1.96067 -7.31731 10.5715
      vertex 2.03077 -7.57893 9.56072
    endloop
  endfacet
  facet normal 0.546748 -0.269632 0.792694
    outer loop
      vertex 4.87325 -2.01857 14.0147
      vertex 3.8491 -2.22228 14.6518
      vertex 4.56808 -2.63738 14.0147
    endloop
  endfacet
  facet normal 0.97243 -0.193429 -0.130246
    outer loop
      vertex 7.71086 -2.06612 7.47678
      vertex 7.57893 -2.03077 6.43928
      vertex 7.77916 -1.02415 6.43928
    endloop
  endfacet
  facet normal 0.297065 -0.875125 0.38198
    outer loop
      vertex 2.899 -6.99879 10.5715
      vertex 1.85702 -6.9305 11.5383
      vertex 1.96067 -7.31731 10.5715
    endloop
  endfacet
  facet normal -0.0566693 -0.864647 0.499173
    outer loop
      vertex 0 -6.65176 12.4446
      vertex -0.936522 -7.1136 11.5383
      vertex 0 -7.17498 11.5383
    endloop
  endfacet
  facet normal 0.849849 0.169047 0.499179
    outer loop
      vertex 6.9305 1.85702 11.5383
      vertex 6.4251 1.7216 12.4446
      vertex 7.1136 0.936522 11.5383
    endloop
  endfacet
  facet normal 0.546748 -0.269631 0.792695
    outer loop
      vertex 4.10624 -1.70086 14.6518
      vertex 3.8491 -2.22228 14.6518
      vertex 4.87325 -2.01857 14.0147
    endloop
  endfacet
  facet normal -0.160969 -0.474207 0.865573
    outer loop
      vertex -0.915781 -3.41774 15.175
      vertex -1.35405 -3.26897 15.175
      vertex -1.15034 -4.29312 14.6518
    endloop
  endfacet
  facet normal 0.0519318 -0.79228 0.607943
    outer loop
      vertex 0.785078 -5.96326 13.2748
      vertex 0 -6.65176 12.4446
      vertex 0.868228 -6.59485 12.4446
    endloop
  endfacet
  facet normal 0.0632166 -0.964 -0.25828
    outer loop
      vertex 0.988793 -7.51063 5.42848
      vertex 0.337486 -7.82416 6.43928
      vertex 0.208841 -7.82574 6.41369
    endloop
  endfacet
  facet normal 0.0631924 -0.963996 -0.258298
    outer loop
      vertex 0.988793 -7.51063 5.42848
      vertex 0.208841 -7.82574 6.41369
      vertex 0.0361072 -7.83403 6.40237
    endloop
  endfacet
  facet normal 0.0631747 -0.963995 -0.258306
    outer loop
      vertex 0.337486 -7.82416 6.43928
      vertex 0.988793 -7.51063 5.42848
      vertex 1.02415 -7.77916 6.43928
    endloop
  endfacet
  facet normal 0.0519321 -0.792284 -0.607939
    outer loop
      vertex 0.868228 -6.59485 3.55544
      vertex 0 -6.65176 3.55544
      vertex 0.785078 -5.96326 2.72523
    endloop
  endfacet
  facet normal 0.866437 -0.427279 -0.258302
    outer loop
      vertex 7.24902 -3.00264 6.43928
      vertex 6.79508 -3.92314 6.43928
      vertex 6.99879 -2.899 5.42848
    endloop
  endfacet
  facet normal 0.0649136 -0.989357 -0.13023
    outer loop
      vertex 0.974018 -7.8208 6.73063
      vertex 1.02415 -7.77916 6.43928
      vertex 1.03 -7.82359 6.77973
    endloop
  endfacet
  facet normal 0.0648477 -0.989359 -0.130242
    outer loop
      vertex 0.799999 -7.8169 6.61436
      vertex 1.02415 -7.77916 6.43928
      vertex 0.974018 -7.8208 6.73063
    endloop
  endfacet
  facet normal 0.0648247 -0.989357 -0.130271
    outer loop
      vertex 0.612293 -7.81701 6.52179
      vertex 1.02415 -7.77916 6.43928
      vertex 0.799999 -7.8169 6.61436
    endloop
  endfacet
  facet normal 0.0648482 -0.98937 -0.130159
    outer loop
      vertex 0.41411 -7.82115 6.45452
      vertex 1.02415 -7.77916 6.43928
      vertex 0.612293 -7.81701 6.52179
    endloop
  endfacet
  facet normal 0.0648341 -0.989316 -0.130578
    outer loop
      vertex 1.02415 -7.77916 6.43928
      vertex 0.41411 -7.82115 6.45452
      vertex 0.337486 -7.82416 6.43928
    endloop
  endfacet
  facet normal -0.376016 0.0747992 -0.923589
    outer loop
      vertex -2.48389 0.665557 0.42456
      vertex -3.50804 0.461842 0.825019
      vertex -3.41774 0.915781 0.825019
    endloop
  endfacet
  facet normal -0.0604407 0.92219 -0.381986
    outer loop
      vertex 0 7.17498 4.46169
      vertex -0.936522 7.1136 4.46169
      vertex 0 7.57544 5.42848
    endloop
  endfacet
  facet normal 0.466723 0.532197 -0.706354
    outer loop
      vertex 3.72982 3.72982 1.98528
      vertex 3.21107 4.18475 1.98528
      vertex 3.66153 4.7718 2.72523
    endloop
  endfacet
  facet normal 0.651459 -0.571313 -0.499201
    outer loop
      vertex 5.07348 -5.07348 4.46169
      vertex 4.7035 -4.7035 3.55544
      vertex 5.27719 -4.04933 3.55544
    endloop
  endfacet
  facet normal -0.138098 -0.694262 -0.706349
    outer loop
      vertex -0.785078 -5.96326 2.72523
      vertex -1.55672 -5.80977 2.72523
      vertex -0.688495 -5.22964 1.98528
    endloop
  endfacet
  facet normal 0.864632 0.0566743 -0.499198
    outer loop
      vertex 6.65176 0 3.55544
      vertex 6.59485 0.868228 3.55544
      vertex 7.1136 0.936522 4.46169
    endloop
  endfacet
  facet normal 0.97243 0.193429 -0.130246
    outer loop
      vertex 7.77916 1.02415 6.43928
      vertex 7.57893 2.03077 6.43928
      vertex 7.71086 2.06612 7.47678
    endloop
  endfacet
  facet normal 0.597874 -0.118923 -0.792719
    outer loop
      vertex 5.09503 -1.36521 1.98528
      vertex 4.29312 -1.15034 1.34824
      vertex 4.40654 -0.580132 1.34824
    endloop
  endfacet
  facet normal 0.9475 -0.188471 -0.258307
    outer loop
      vertex 7.57893 -2.03077 6.43928
      vertex 7.31731 -1.96067 5.42848
      vertex 7.51063 -0.988793 5.42848
    endloop
  endfacet
  facet normal -0.914795 0.310532 -0.258303
    outer loop
      vertex -7.46585 2.2 6.24226
      vertex -7.24902 3.00264 6.43928
      vertex -6.99879 2.899 5.42848
    endloop
  endfacet
  facet normal -0.914796 0.310532 -0.258299
    outer loop
      vertex -7.24902 3.00264 6.43928
      vertex -7.46585 2.2 6.24226
      vertex -7.52148 2.2 6.43928
    endloop
  endfacet
  facet normal -0.946931 0.321437 0
    outer loop
      vertex -7.66541 2.2 7.47678
      vertex -7.37521 3.05491 8.52322
      vertex -7.37521 3.05491 7.47678
    endloop
  endfacet
  facet normal -0.946931 0.321437 0
    outer loop
      vertex -7.37521 3.05491 8.52322
      vertex -7.66541 2.2 7.47678
      vertex -7.66541 2.2 8.52322
    endloop
  endfacet
  facet normal -0.938864 0.318698 -0.13025
    outer loop
      vertex -7.54526 2.2 6.61072
      vertex -7.66541 2.2 7.47678
      vertex -7.37521 3.05491 7.47678
    endloop
  endfacet
  facet normal -0.42728 0.866434 0.258309
    outer loop
      vertex -2.899 6.99879 10.5715
      vertex -3.92314 6.79508 9.56072
      vertex -3.78772 6.56052 10.5715
    endloop
  endfacet
  facet normal -0.416405 0.278226 -0.865562
    outer loop
      vertex -3.06427 1.76915 0.825019
      vertex -3.8491 2.22228 1.34824
      vertex -3.52611 2.70568 1.34824
    endloop
  endfacet
  facet normal -0.025074 -0.382564 -0.923589
    outer loop
      vertex 0 -3.53831 0.825019
      vertex -0.461842 -3.50804 0.825019
      vertex -0.335649 -2.54952 0.42456
    endloop
  endfacet
  facet normal -0.532197 -0.466725 -0.706353
    outer loop
      vertex -4.25305 -4.25305 2.72523
      vertex -4.7718 -3.66153 2.72523
      vertex -3.72982 -3.72982 1.98528
    endloop
  endfacet
  facet normal -0.651459 0.571313 -0.499201
    outer loop
      vertex -4.7035 4.7035 3.55544
      vertex -5.27719 4.04933 3.55544
      vertex -5.07348 5.07348 4.46169
    endloop
  endfacet
  facet normal -0.634861 0.313086 -0.706349
    outer loop
      vertex -4.87325 2.01857 1.98528
      vertex -5.55688 2.30173 2.72523
      vertex -4.56808 2.63738 1.98528
    endloop
  endfacet
  facet normal 0.215629 0.144082 -0.965787
    outer loop
      vertex 2.227 1.28576 0.42456
      vertex 1.2382 0.950108 0.153718
      vertex 2.04012 1.56544 0.42456
    endloop
  endfacet
  facet normal 0.506849 0.338668 -0.792722
    outer loop
      vertex 4.56808 2.63738 1.98528
      vertex 3.8491 2.22228 1.34824
      vertex 4.18475 3.21107 1.98528
    endloop
  endfacet
  facet normal 0.751955 -0.25526 0.607788
    outer loop
      vertex 5.80977 -1.55672 13.2748
      vertex 5.65186 -2.2 13.2
      vertex 5.84 -1.64577 13.2
    endloop
  endfacet
  facet normal 0.751875 -0.254913 0.608032
    outer loop
      vertex 5.65186 -2.2 13.2
      vertex 5.55688 -2.30173 13.2748
      vertex 6 -2.2 12.7695
    endloop
  endfacet
  facet normal 0.752007 -0.255265 0.607721
    outer loop
      vertex 5.55688 -2.30173 13.2748
      vertex 5.65186 -2.2 13.2
      vertex 5.80977 -1.55672 13.2748
    endloop
  endfacet
  facet normal 0.751799 -0.255278 0.607973
    outer loop
      vertex 6 -2.2 12.7695
      vertex 6.14542 -2.54552 12.4446
      vertex 6 -2.11712 12.8043
    endloop
  endfacet
  facet normal 0.751843 -0.255229 0.60794
    outer loop
      vertex 6.14542 -2.54552 12.4446
      vertex 6 -2.2 12.7695
      vertex 5.55688 -2.30173 13.2748
    endloop
  endfacet
  facet normal 0.726329 -0.636968 0.258299
    outer loop
      vertex 6.01 -4.61164 10.5715
      vertex 5.35665 -5.35665 10.5715
      vertex 6.22487 -4.77651 9.56072
    endloop
  endfacet
  facet normal 0.670276 -0.227522 0.706374
    outer loop
      vertex 5.09503 -1.36521 14.0147
      vertex 4.87325 -2.01857 14.0147
      vertex 5.55688 -2.30173 13.2748
    endloop
  endfacet
  facet normal 0.27822 0.416389 0.865571
    outer loop
      vertex 2.70568 3.52611 14.6518
      vertex 1.76915 3.06427 15.175
      vertex 2.15399 2.80713 15.175
    endloop
  endfacet
  facet normal 0.31307 -0.634839 0.706376
    outer loop
      vertex 2.63738 -4.56808 14.0147
      vertex 2.30173 -5.55688 13.2748
      vertex 3.00736 -5.2089 13.2748
    endloop
  endfacet
  facet normal 0.449142 -0.221496 0.86557
    outer loop
      vertex 4.10624 -1.70086 14.6518
      vertex 3.06427 -1.76915 15.175
      vertex 3.8491 -2.22228 14.6518
    endloop
  endfacet
  facet normal 0.128298 -0.02552 0.991407
    outer loop
      vertex 0.518748 -0.0682945 15.9829
      vertex 0.505396 -0.13542 15.9829
      vertex 1.50754 -0.403944 15.8463
    endloop
  endfacet
  facet normal 0.76842 -0.513442 0.381981
    outer loop
      vertex 6.21372 -3.58749 11.5383
      vertex 5.6923 -4.36785 11.5383
      vertex 6.01 -4.61164 10.5715
    endloop
  endfacet
  facet normal 0.820515 -0.278524 0.499179
    outer loop
      vertex 6.4251 -1.7216 12.4446
      vertex 6.14542 -2.54552 12.4446
      vertex 6.9305 -1.85702 11.5383
    endloop
  endfacet
  facet normal 0.288206 0.252757 0.923608
    outer loop
      vertex 2.50196 2.50196 15.175
      vertex 1.81834 1.81834 15.5754
      vertex 2.80713 2.15399 15.175
    endloop
  endfacet
  facet normal -0.393255 0.588544 0.706376
    outer loop
      vertex -3.00736 5.2089 13.2748
      vertex -3.21107 4.18475 14.0147
      vertex -2.63738 4.56808 14.0147
    endloop
  endfacet
  facet normal -0.31053 0.914793 0.258312
    outer loop
      vertex -2.03077 7.57893 9.56072
      vertex -2.899 6.99879 10.5715
      vertex -1.96067 7.31731 10.5715
    endloop
  endfacet
  facet normal -0.555573 0.831468 0
    outer loop
      vertex -3.99144 6.91337 7.47678
      vertex -4.85966 6.33324 8.52322
      vertex -3.99144 6.91337 8.52322
    endloop
  endfacet
  facet normal -0.555573 0.831468 0
    outer loop
      vertex -4.85966 6.33324 8.52322
      vertex -3.99144 6.91337 7.47678
      vertex -4.85966 6.33324 7.47678
    endloop
  endfacet
  facet normal 0.653724 0.745439 0.130256
    outer loop
      vertex 4.85966 6.33324 8.52322
      vertex 4.77651 6.22487 9.56072
      vertex 5.54816 5.54816 9.56072
    endloop
  endfacet
  facet normal -0.310535 0.914793 0.258308
    outer loop
      vertex -2.03077 7.57893 9.56072
      vertex -3.00264 7.24902 9.56072
      vertex -2.899 6.99879 10.5715
    endloop
  endfacet
  facet normal 0.634839 0.313075 0.706373
    outer loop
      vertex 5.55688 2.30173 13.2748
      vertex 4.56808 2.63738 14.0147
      vertex 4.87325 2.01857 14.0147
    endloop
  endfacet
  facet normal 0.258834 0.0169621 0.965773
    outer loop
      vertex 2.54952 0.335649 15.5754
      vertex 1.54737 0.203714 15.8463
      vertex 1.56072 0 15.8463
    endloop
  endfacet
  facet normal 0.571321 0.651468 0.499181
    outer loop
      vertex 4.36785 5.6923 11.5383
      vertex 4.04933 5.27719 12.4446
      vertex 5.07348 5.07348 11.5383
    endloop
  endfacet
  facet normal 0.513439 0.768423 0.381977
    outer loop
      vertex 3.78772 6.56052 10.5715
      vertex 3.58749 6.21372 11.5383
      vertex 4.61164 6.01 10.5715
    endloop
  endfacet
  facet normal 0.59695 0.523509 0.607939
    outer loop
      vertex 4.7035 4.7035 12.4446
      vertex 4.25305 4.25305 13.2748
      vertex 5.27719 4.04933 12.4446
    endloop
  endfacet
  facet normal 0.820515 0.278524 0.499179
    outer loop
      vertex 6.9305 1.85702 11.5383
      vertex 6.14542 2.54552 12.4446
      vertex 6.4251 1.7216 12.4446
    endloop
  endfacet
  facet normal 0.660176 0.441113 0.607937
    outer loop
      vertex 5.27719 4.04933 12.4446
      vertex 4.7718 3.66153 13.2748
      vertex 5.2089 3.00736 13.2748
    endloop
  endfacet
  facet normal 0.778727 0.154902 -0.607938
    outer loop
      vertex 6.59485 0.868228 3.55544
      vertex 5.96326 0.785078 2.72523
      vertex 6.4251 1.7216 3.55544
    endloop
  endfacet
  facet normal 0.989359 -0.0648399 -0.13025
    outer loop
      vertex 7.91458 -1.04197 7.47678
      vertex 7.77916 -1.02415 6.43928
      vertex 7.84628 0 6.43928
    endloop
  endfacet
  facet normal 0.706348 0.0462994 -0.706349
    outer loop
      vertex 6.01472 0 2.72523
      vertex 5.22964 0.688495 1.98528
      vertex 5.96326 0.785078 2.72523
    endloop
  endfacet
  facet normal 0.343848 0.169563 -0.923589
    outer loop
      vertex 3.26897 1.35405 0.825019
      vertex 2.37577 0.984076 0.42456
      vertex 3.06427 1.76915 0.825019
    endloop
  endfacet
  facet normal 0.889233 0.438521 0.130249
    outer loop
      vertex 7.37521 3.05491 8.52322
      vertex 6.79508 3.92314 9.56072
      vertex 7.24902 3.00264 9.56072
    endloop
  endfacet
  facet normal 0.745439 0.653724 0.130256
    outer loop
      vertex 6.33324 4.85966 8.52322
      vertex 5.54816 5.54816 9.56072
      vertex 6.22487 4.77651 9.56072
    endloop
  endfacet
  facet normal 0.310535 0.914793 0.258308
    outer loop
      vertex 3.00264 7.24902 9.56072
      vertex 2.03077 7.57893 9.56072
      vertex 2.899 6.99879 10.5715
    endloop
  endfacet
  facet normal 0.0631747 0.963995 -0.258306
    outer loop
      vertex 0.988793 7.51063 5.42848
      vertex 0.337486 7.82416 6.43928
      vertex 1.02415 7.77916 6.43928
    endloop
  endfacet
  facet normal 0.0632166 0.964 -0.25828
    outer loop
      vertex 0.337486 7.82416 6.43928
      vertex 0.988793 7.51063 5.42848
      vertex 0.208841 7.82574 6.41369
    endloop
  endfacet
  facet normal 0.0631924 0.963996 -0.258298
    outer loop
      vertex 0.208841 7.82574 6.41369
      vertex 0.988793 7.51063 5.42848
      vertex 0.0361072 7.83403 6.40237
    endloop
  endfacet
  facet normal -0.1549 0.778729 -0.607937
    outer loop
      vertex -1.55672 5.80977 2.72523
      vertex -1.7216 6.4251 3.55544
      vertex -0.785078 5.96326 2.72523
    endloop
  endfacet
  facet normal 0.824384 0.55084 -0.130254
    outer loop
      vertex 6.79508 3.92314 6.43928
      vertex 6.33324 4.85966 7.47678
      vertex 6.91337 3.99144 7.47678
    endloop
  endfacet
  facet normal 0.609343 0.69483 -0.381985
    outer loop
      vertex 5.35665 5.35665 5.42848
      vertex 4.36785 5.6923 4.46169
      vertex 4.61164 6.01 5.42848
    endloop
  endfacet
  facet normal 0.169542 -0.343805 0.923609
    outer loop
      vertex 1.76915 -3.06427 15.175
      vertex 0.984076 -2.37577 15.5754
      vertex 1.35405 -3.26897 15.175
    endloop
  endfacet
  facet normal -0.195025 -0.171021 0.965773
    outer loop
      vertex -1.2382 -0.950108 15.8463
      vertex -1.81834 -1.81834 15.5754
      vertex -1.1036 -1.1036 15.8463
    endloop
  endfacet
  facet normal -0.828864 -0.408752 0.381976
    outer loop
      vertex -6.21372 -3.58749 11.5383
      vertex -6.99879 -2.899 10.5715
      vertex -6.56052 -3.78772 10.5715
    endloop
  endfacet
  facet normal -0.651468 -0.571321 0.499181
    outer loop
      vertex -5.27719 -4.04933 12.4446
      vertex -5.6923 -4.36785 11.5383
      vertex -5.07348 -5.07348 11.5383
    endloop
  endfacet
  facet normal -0.608315 -0.0398743 0.792693
    outer loop
      vertex -4.40654 -0.580132 14.6518
      vertex -5.27477 0 14.0147
      vertex -5.22964 -0.688495 14.0147
    endloop
  endfacet
  facet normal -0.694831 0.609344 0.381982
    outer loop
      vertex -5.35665 5.35665 10.5715
      vertex -6.01 4.61164 10.5715
      vertex -5.6923 4.36785 11.5383
    endloop
  endfacet
  facet normal -0.706325 -0.0462987 0.706372
    outer loop
      vertex -5.27477 0 14.0147
      vertex -6.01472 0 13.2748
      vertex -5.22964 -0.688495 14.0147
    endloop
  endfacet
  facet normal -0.660178 0.441115 -0.607933
    outer loop
      vertex -5.2089 3.00736 2.72523
      vertex -5.27719 4.04933 3.55544
      vertex -4.7718 3.66153 2.72523
    endloop
  endfacet
  facet normal -0.820504 0.27852 -0.4992
    outer loop
      vertex -6.53941 2.2 4.01024
      vertex -6.62882 2.74575 4.46169
      vertex -6.14542 2.54552 3.55544
    endloop
  endfacet
  facet normal -0.820509 0.278515 -0.499194
    outer loop
      vertex -6.62882 2.74575 4.46169
      vertex -6.53941 2.2 4.01024
      vertex -6.81407 2.2 4.46169
    endloop
  endfacet
  facet normal -0.726331 -0.636967 -0.258296
    outer loop
      vertex -5.54816 -5.54816 6.43928
      vertex -6.22487 -4.77651 6.43928
      vertex -5.35665 -5.35665 5.42848
    endloop
  endfacet
  facet normal -0.491174 0.0977069 -0.865565
    outer loop
      vertex -3.50804 0.461842 0.825019
      vertex -4.29312 1.15034 1.34824
      vertex -3.41774 0.915781 0.825019
    endloop
  endfacet
  facet normal -0.72633 -0.636968 -0.258294
    outer loop
      vertex -5.35665 -5.35665 5.42848
      vertex -6.22487 -4.77651 6.43928
      vertex -6.01 -4.61164 5.42848
    endloop
  endfacet
  facet normal -0.609344 -0.694831 0.381982
    outer loop
      vertex -4.36785 -5.6923 11.5383
      vertex -5.35665 -5.35665 10.5715
      vertex -4.61164 -6.01 10.5715
    endloop
  endfacet
  facet normal -0.536721 -0.803251 0.258299
    outer loop
      vertex -4.61164 -6.01 10.5715
      vertex -4.77651 -6.22487 9.56072
      vertex -3.92314 -6.79508 9.56072
    endloop
  endfacet
  facet normal -0.438521 -0.889233 0.130249
    outer loop
      vertex -3.00264 -7.24902 9.56072
      vertex -3.92314 -6.79508 9.56072
      vertex -3.05491 -7.37521 8.52322
    endloop
  endfacet
  facet normal -0.653724 -0.745439 0.130256
    outer loop
      vertex -4.77651 -6.22487 9.56072
      vertex -5.54816 -5.54816 9.56072
      vertex -4.85966 -6.33324 8.52322
    endloop
  endfacet
  facet normal -0.745439 -0.653724 -0.130256
    outer loop
      vertex -5.54816 -5.54816 6.43928
      vertex -6.33324 -4.85966 7.47678
      vertex -6.22487 -4.77651 6.43928
    endloop
  endfacet
  facet normal -0.255213 -0.751852 -0.607935
    outer loop
      vertex -1.55672 -5.80977 2.72523
      vertex -2.54552 -6.14542 3.55544
      vertex -2.30173 -5.55688 2.72523
    endloop
  endfacet
  facet normal -0.318705 -0.938862 -0.130249
    outer loop
      vertex -2.03077 -7.57893 6.43928
      vertex -3.05491 -7.37521 7.47678
      vertex -3.00264 -7.24902 6.43928
    endloop
  endfacet
  facet normal 0.169045 -0.849837 -0.4992
    outer loop
      vertex 1.85702 -6.9305 4.46169
      vertex 0.936522 -7.1136 4.46169
      vertex 1.7216 -6.4251 3.55544
    endloop
  endfacet
  facet normal 0.513441 -0.768418 -0.381984
    outer loop
      vertex 4.61164 -6.01 5.42848
      vertex 3.58749 -6.21372 4.46169
      vertex 4.36785 -5.6923 4.46169
    endloop
  endfacet
  facet normal -0.712101 -0.351171 0.60794
    outer loop
      vertex -5.55688 -2.30173 13.2748
      vertex -6.14542 -2.54552 12.4446
      vertex -5.2089 -3.00736 13.2748
    endloop
  endfacet
  facet normal -0.0519321 -0.79228 0.607943
    outer loop
      vertex 0 -6.01472 13.2748
      vertex -0.785078 -5.96326 13.2748
      vertex 0 -6.65176 12.4446
    endloop
  endfacet
  facet normal 0.383242 -0.77714 0.499178
    outer loop
      vertex 3.32588 -5.76059 12.4446
      vertex 2.54552 -6.14542 12.4446
      vertex 3.58749 -6.21372 11.5383
    endloop
  endfacet
  facet normal 0.130531 -0.0085569 0.991407
    outer loop
      vertex 0.523225 0 15.9829
      vertex 0.518748 -0.0682945 15.9829
      vertex 1.54737 -0.203714 15.8463
    endloop
  endfacet
  facet normal -0.0631845 -0.963994 0.25831
    outer loop
      vertex -0.0361072 -7.83403 9.59763
      vertex 0 -7.57544 10.5715
      vertex -0.988793 -7.51063 10.5715
    endloop
  endfacet
  facet normal -0.0631427 -0.963997 0.258309
    outer loop
      vertex 0 -7.57544 10.5715
      vertex -0.0361072 -7.83403 9.59763
      vertex 0 -7.83576 9.6
    endloop
  endfacet
  facet normal 0.0604446 -0.922191 -0.381983
    outer loop
      vertex 0.988793 -7.51063 5.42848
      vertex 0 -7.57544 5.42848
      vertex 0.936522 -7.1136 4.46169
    endloop
  endfacet
  facet normal 0.154901 -0.778724 0.607943
    outer loop
      vertex 1.7216 -6.4251 12.4446
      vertex 0.785078 -5.96326 13.2748
      vertex 0.868228 -6.59485 12.4446
    endloop
  endfacet
  facet normal -0.297062 -0.875127 0.381977
    outer loop
      vertex -2.74575 -6.62882 11.5383
      vertex -2.899 -6.99879 10.5715
      vertex -1.85702 -6.9305 11.5383
    endloop
  endfacet
  facet normal 0.720465 0.481406 0.499178
    outer loop
      vertex 6.21372 3.58749 11.5383
      vertex 5.27719 4.04933 12.4446
      vertex 5.76059 3.32588 12.4446
    endloop
  endfacet
  facet normal 0.906413 -0.180298 0.381979
    outer loop
      vertex 7.1136 -0.936522 11.5383
      vertex 6.9305 -1.85702 11.5383
      vertex 7.51063 -0.988793 10.5715
    endloop
  endfacet
  facet normal 0.653731 -0.745434 0.130247
    outer loop
      vertex 5.54816 -5.54816 9.56072
      vertex 4.85966 -6.33324 8.52322
      vertex 5.64474 -5.64474 8.52322
    endloop
  endfacet
  facet normal 0.438517 -0.889234 0.130254
    outer loop
      vertex 3.92314 -6.79508 9.56072
      vertex 3.05491 -7.37521 8.52322
      vertex 3.99144 -6.91337 8.52322
    endloop
  endfacet
  facet normal 0.609344 -0.694831 0.381982
    outer loop
      vertex 5.35665 -5.35665 10.5715
      vertex 4.36785 -5.6923 11.5383
      vertex 4.61164 -6.01 10.5715
    endloop
  endfacet
  facet normal 0.720465 -0.481406 0.499178
    outer loop
      vertex 5.76059 -3.32588 12.4446
      vertex 5.27719 -4.04933 12.4446
      vertex 6.21372 -3.58749 11.5383
    endloop
  endfacet
  facet normal 0.0566685 -0.864635 -0.499194
    outer loop
      vertex 0.936522 -7.1136 4.46169
      vertex 0 -7.17498 4.46169
      vertex 0 -6.65176 3.55544
    endloop
  endfacet
  facet normal 0.254353 -0.0505995 -0.965787
    outer loop
      vertex 2.48389 -0.665557 0.42456
      vertex 1.54737 -0.203714 0.153718
      vertex 2.54952 -0.335649 0.42456
    endloop
  endfacet
  facet normal 0.824383 -0.550841 -0.130256
    outer loop
      vertex 6.33324 -4.85966 7.47678
      vertex 6.22487 -4.77651 6.43928
      vertex 6.79508 -3.92314 6.43928
    endloop
  endfacet
  facet normal 0.889233 -0.438521 -0.130249
    outer loop
      vertex 7.37521 -3.05491 7.47678
      vertex 6.79508 -3.92314 6.43928
      vertex 7.24902 -3.00264 6.43928
    endloop
  endfacet
  facet normal 0.255213 -0.751852 -0.607935
    outer loop
      vertex 2.54552 -6.14542 3.55544
      vertex 1.55672 -5.80977 2.72523
      vertex 2.30173 -5.55688 2.72523
    endloop
  endfacet
  facet normal 0.351173 -0.712104 -0.607935
    outer loop
      vertex 2.54552 -6.14542 3.55544
      vertex 2.30173 -5.55688 2.72523
      vertex 3.00736 -5.2089 2.72523
    endloop
  endfacet
  facet normal -0.523513 -0.596952 -0.607933
    outer loop
      vertex -4.04933 -5.27719 3.55544
      vertex -4.25305 -4.25305 2.72523
      vertex -3.66153 -4.7718 2.72523
    endloop
  endfacet
  facet normal 0.130522 0.00855348 -0.991409
    outer loop
      vertex 1.56072 0 0.153718
      vertex 0.523225 0 0.0171289
      vertex 1.54737 0.203714 0.153718
    endloop
  endfacet
  facet normal -0.427279 -0.866437 -0.258302
    outer loop
      vertex -3.00264 -7.24902 6.43928
      vertex -3.92314 -6.79508 6.43928
      vertex -2.899 -6.99879 5.42848
    endloop
  endfacet
  facet normal -0.318702 -0.938864 -0.130246
    outer loop
      vertex -2.06612 -7.71086 7.47678
      vertex -3.05491 -7.37521 7.47678
      vertex -2.03077 -7.57893 6.43928
    endloop
  endfacet
  facet normal 0.221502 -0.449155 -0.865561
    outer loop
      vertex 2.22228 -3.8491 1.34824
      vertex 1.70086 -4.10624 1.34824
      vertex 1.76915 -3.06427 0.825019
    endloop
  endfacet
  facet normal 0.382564 -0.025075 -0.923589
    outer loop
      vertex 3.53831 0 0.825019
      vertex 2.54952 -0.335649 0.42456
      vertex 2.57152 0 0.42456
    endloop
  endfacet
  facet normal 0.828863 0.408752 -0.38198
    outer loop
      vertex 6.99879 2.899 5.42848
      vertex 6.21372 3.58749 4.46169
      vertex 6.56052 3.78772 5.42848
    endloop
  endfacet
  facet normal 0.9475 0.18847 -0.258306
    outer loop
      vertex 7.77916 1.02415 6.43928
      vertex 7.51063 0.988793 5.42848
      vertex 7.57893 2.03077 6.43928
    endloop
  endfacet
  facet normal 0.474221 -0.160974 -0.865564
    outer loop
      vertex 4.29312 -1.15034 1.34824
      vertex 3.26897 -1.35405 0.825019
      vertex 3.41774 -0.915781 0.825019
    endloop
  endfacet
  facet normal 0.532197 -0.466725 -0.706353
    outer loop
      vertex 4.25305 -4.25305 2.72523
      vertex 3.72982 -3.72982 1.98528
      vertex 4.7718 -3.66153 2.72523
    endloop
  endfacet
  facet normal 0.989358 0.0648419 0.130252
    outer loop
      vertex 7.91458 1.04197 8.52322
      vertex 7.84628 0 9.56072
      vertex 7.98287 0 8.52322
    endloop
  endfacet
  facet normal 0.914793 -0.310535 0.258308
    outer loop
      vertex 7.57893 -2.03077 9.56072
      vertex 6.99879 -2.899 10.5715
      vertex 7.24902 -3.00264 9.56072
    endloop
  endfacet
  facet normal 0.866434 -0.42728 0.258309
    outer loop
      vertex 6.99879 -2.899 10.5715
      vertex 6.56052 -3.78772 10.5715
      vertex 6.79508 -3.92314 9.56072
    endloop
  endfacet
  facet normal 0.97243 -0.193432 0.130249
    outer loop
      vertex 7.77916 -1.02415 9.56072
      vertex 7.71086 -2.06612 8.52322
      vertex 7.91458 -1.04197 8.52322
    endloop
  endfacet
  facet normal -0.820504 -0.27852 -0.4992
    outer loop
      vertex -6.62882 -2.74575 4.46169
      vertex -6.53941 -2.2 4.01024
      vertex -6.14542 -2.54552 3.55544
    endloop
  endfacet
  facet normal -0.820509 -0.278515 -0.499194
    outer loop
      vertex -6.53941 -2.2 4.01024
      vertex -6.62882 -2.74575 4.46169
      vertex -6.81407 -2.2 4.46169
    endloop
  endfacet
  facet normal -0.914793 0.310532 0.258309
    outer loop
      vertex -6.99879 2.899 10.5715
      vertex -7.46585 2.2 9.75774
      vertex -7.23607 2.2 10.5715
    endloop
  endfacet
  facet normal -0.634839 0.31307 0.706376
    outer loop
      vertex -5.2089 3.00736 13.2748
      vertex -5.55688 2.30173 13.2748
      vertex -4.56808 2.63738 14.0147
    endloop
  endfacet
  facet normal -0.828863 0.408752 -0.38198
    outer loop
      vertex -6.21372 3.58749 4.46169
      vertex -6.99879 2.899 5.42848
      vertex -6.56052 3.78772 5.42848
    endloop
  endfacet
  facet normal -0.777129 0.383237 -0.4992
    outer loop
      vertex -6.14542 2.54552 3.55544
      vertex -6.62882 2.74575 4.46169
      vertex -6.21372 3.58749 4.46169
    endloop
  endfacet
  facet normal -0.269616 0.546716 -0.792722
    outer loop
      vertex -2.22228 3.8491 1.34824
      vertex -2.63738 4.56808 1.98528
      vertex -2.01857 4.87325 1.98528
    endloop
  endfacet
  facet normal 0.449155 0.221502 -0.865561
    outer loop
      vertex 4.10624 1.70086 1.34824
      vertex 3.06427 1.76915 0.825019
      vertex 3.8491 2.22228 1.34824
    endloop
  endfacet
  facet normal -0.588564 0.393268 -0.706352
    outer loop
      vertex -4.56808 2.63738 1.98528
      vertex -5.2089 3.00736 2.72523
      vertex -4.18475 3.21107 1.98528
    endloop
  endfacet
  facet normal -0.0632166 0.964 -0.25828
    outer loop
      vertex -0.988793 7.51063 5.42848
      vertex -0.337486 7.82416 6.43928
      vertex -0.208841 7.82574 6.41369
    endloop
  endfacet
  facet normal -0.0631924 0.963996 -0.258298
    outer loop
      vertex -0.988793 7.51063 5.42848
      vertex -0.208841 7.82574 6.41369
      vertex -0.0361072 7.83403 6.40237
    endloop
  endfacet
  facet normal -0.0631747 0.963995 -0.258306
    outer loop
      vertex -0.337486 7.82416 6.43928
      vertex -0.988793 7.51063 5.42848
      vertex -1.02415 7.77916 6.43928
    endloop
  endfacet
  facet normal -0.720455 0.481399 -0.499199
    outer loop
      vertex -5.76059 3.32588 3.55544
      vertex -6.21372 3.58749 4.46169
      vertex -5.27719 4.04933 3.55544
    endloop
  endfacet
  facet normal -0.351173 0.712104 -0.607935
    outer loop
      vertex -2.30173 5.55688 2.72523
      vertex -3.00736 5.2089 2.72523
      vertex -2.54552 6.14542 3.55544
    endloop
  endfacet
  facet normal -0.401928 0.458313 -0.792719
    outer loop
      vertex -2.70568 3.52611 1.34824
      vertex -3.72982 3.72982 1.98528
      vertex -3.21107 4.18475 1.98528
    endloop
  endfacet
  facet normal -0.546716 0.269616 -0.792722
    outer loop
      vertex -3.8491 2.22228 1.34824
      vertex -4.87325 2.01857 1.98528
      vertex -4.56808 2.63738 1.98528
    endloop
  endfacet
  facet normal -0.506857 0.338663 -0.792719
    outer loop
      vertex -3.8491 2.22228 1.34824
      vertex -4.18475 3.21107 1.98528
      vertex -3.52611 2.70568 1.34824
    endloop
  endfacet
  facet normal -0.466723 0.532197 -0.706354
    outer loop
      vertex -3.21107 4.18475 1.98528
      vertex -3.72982 3.72982 1.98528
      vertex -3.66153 4.7718 2.72523
    endloop
  endfacet
  facet normal -0.338668 0.506849 -0.792722
    outer loop
      vertex -2.22228 3.8491 1.34824
      vertex -3.21107 4.18475 1.98528
      vertex -2.63738 4.56808 1.98528
    endloop
  endfacet
  facet normal 0.351173 0.712104 -0.607935
    outer loop
      vertex 3.00736 5.2089 2.72523
      vertex 2.30173 5.55688 2.72523
      vertex 2.54552 6.14542 3.55544
    endloop
  endfacet
  facet normal 0.376521 0.330203 -0.865562
    outer loop
      vertex 3.52611 2.70568 1.34824
      vertex 2.80713 2.15399 0.825019
      vertex 3.14278 3.14278 1.34824
    endloop
  endfacet
  facet normal -0.416393 -0.278218 0.86557
    outer loop
      vertex -3.06427 -1.76915 15.175
      vertex -3.8491 -2.22228 14.6518
      vertex -3.52611 -2.70568 14.6518
    endloop
  endfacet
  facet normal 0.351171 -0.712101 0.60794
    outer loop
      vertex 3.00736 -5.2089 13.2748
      vertex 2.30173 -5.55688 13.2748
      vertex 2.54552 -6.14542 12.4446
    endloop
  endfacet
  facet normal 0.351168 -0.712101 0.607942
    outer loop
      vertex 3.00736 -5.2089 13.2748
      vertex 2.54552 -6.14542 12.4446
      vertex 3.32588 -5.76059 12.4446
    endloop
  endfacet
  facet normal 0.297062 -0.875127 0.381977
    outer loop
      vertex 2.74575 -6.62882 11.5383
      vertex 1.85702 -6.9305 11.5383
      vertex 2.899 -6.99879 10.5715
    endloop
  endfacet
  facet normal 0.362993 0.123218 0.923609
    outer loop
      vertex 3.26897 1.35405 15.175
      vertex 2.48389 0.665557 15.5754
      vertex 3.41774 0.915781 15.175
    endloop
  endfacet
  facet normal 0.128298 0.0255212 0.991407
    outer loop
      vertex 1.50754 0.403944 15.8463
      vertex 0.518748 0.0682945 15.9829
      vertex 1.54737 0.203714 15.8463
    endloop
  endfacet
  facet normal 0.254405 0.0506066 0.965773
    outer loop
      vertex 2.48389 0.665557 15.5754
      vertex 1.50754 0.403944 15.8463
      vertex 1.54737 0.203714 15.8463
    endloop
  endfacet
  facet normal 0.491159 -0.097704 0.865573
    outer loop
      vertex 3.50804 -0.461842 15.175
      vertex 3.41774 -0.915781 15.175
      vertex 4.29312 -1.15034 14.6518
    endloop
  endfacet
  facet normal 0.712101 -0.351171 0.60794
    outer loop
      vertex 5.55688 -2.30173 13.2748
      vertex 5.2089 -3.00736 13.2748
      vertex 6.14542 -2.54552 12.4446
    endloop
  endfacet
  facet normal 0.914793 -0.31053 0.258312
    outer loop
      vertex 7.31731 -1.96067 10.5715
      vertex 6.99879 -2.899 10.5715
      vertex 7.57893 -2.03077 9.56072
    endloop
  endfacet
  facet normal 0.577268 -0.195951 0.792695
    outer loop
      vertex 5.09503 -1.36521 14.0147
      vertex 4.10624 -1.70086 14.6518
      vertex 4.87325 -2.01857 14.0147
    endloop
  endfacet
  facet normal 0.588544 -0.393255 0.706376
    outer loop
      vertex 4.56808 -2.63738 14.0147
      vertex 4.18475 -3.21107 14.0147
      vertex 5.2089 -3.00736 13.2748
    endloop
  endfacet
  facet normal 0.532179 -0.466709 0.706377
    outer loop
      vertex 4.7718 -3.66153 13.2748
      vertex 3.72982 -3.72982 14.0147
      vertex 4.25305 -4.25305 13.2748
    endloop
  endfacet
  facet normal 0.59695 -0.523509 0.607939
    outer loop
      vertex 5.27719 -4.04933 12.4446
      vertex 4.25305 -4.25305 13.2748
      vertex 4.7035 -4.7035 12.4446
    endloop
  endfacet
  facet normal -0.824383 0.550841 -0.130256
    outer loop
      vertex -6.22487 4.77651 6.43928
      vertex -6.79508 3.92314 6.43928
      vertex -6.33324 4.85966 7.47678
    endloop
  endfacet
  facet normal 0.0604447 0.922192 0.381979
    outer loop
      vertex 0.988793 7.51063 10.5715
      vertex 0 7.57544 10.5715
      vertex 0.936522 7.1136 11.5383
    endloop
  endfacet
  facet normal 0.0604407 0.922191 0.381982
    outer loop
      vertex 0 7.57544 10.5715
      vertex 0 7.17498 11.5383
      vertex 0.936522 7.1136 11.5383
    endloop
  endfacet
  facet normal 0.193429 0.97243 0.130246
    outer loop
      vertex 2.06612 7.71086 8.52322
      vertex 1.02415 7.77916 9.56072
      vertex 2.03077 7.57893 9.56072
    endloop
  endfacet
  facet normal 0.536712 0.803254 0.258308
    outer loop
      vertex 3.92314 6.79508 9.56072
      vertex 3.78772 6.56052 10.5715
      vertex 4.61164 6.01 10.5715
    endloop
  endfacet
  facet normal 0.427278 0.866436 0.258307
    outer loop
      vertex 3.00264 7.24902 9.56072
      vertex 2.899 6.99879 10.5715
      vertex 3.92314 6.79508 9.56072
    endloop
  endfacet
  facet normal 0.536722 0.803252 -0.258294
    outer loop
      vertex 4.61164 6.01 5.42848
      vertex 3.92314 6.79508 6.43928
      vertex 4.77651 6.22487 6.43928
    endloop
  endfacet
  facet normal 0.588544 0.393255 0.706376
    outer loop
      vertex 5.2089 3.00736 13.2748
      vertex 4.18475 3.21107 14.0147
      vertex 4.56808 2.63738 14.0147
    endloop
  endfacet
  facet normal 0.670276 0.227522 0.706374
    outer loop
      vertex 5.55688 2.30173 13.2748
      vertex 4.87325 2.01857 14.0147
      vertex 5.09503 1.36521 14.0147
    endloop
  endfacet
  facet normal 0.401952 0.45834 0.792691
    outer loop
      vertex 3.21107 4.18475 14.0147
      vertex 2.70568 3.52611 14.6518
      vertex 3.72982 3.72982 14.0147
    endloop
  endfacet
  facet normal 0.651468 0.571321 0.499181
    outer loop
      vertex 5.6923 4.36785 11.5383
      vertex 5.07348 5.07348 11.5383
      vertex 5.27719 4.04933 12.4446
    endloop
  endfacet
  facet normal 0.726329 0.636968 0.258299
    outer loop
      vertex 6.22487 4.77651 9.56072
      vertex 5.35665 5.35665 10.5715
      vertex 6.01 4.61164 10.5715
    endloop
  endfacet
  facet normal 0.694827 0.609346 0.381985
    outer loop
      vertex 5.35665 5.35665 10.5715
      vertex 5.07348 5.07348 11.5383
      vertex 5.6923 4.36785 11.5383
    endloop
  endfacet
  facet normal 0.188471 0.947499 0.258312
    outer loop
      vertex 2.03077 7.57893 9.56072
      vertex 0.988793 7.51063 10.5715
      vertex 1.96067 7.31731 10.5715
    endloop
  endfacet
  facet normal -0.536712 0.803254 0.258308
    outer loop
      vertex -3.92314 6.79508 9.56072
      vertex -4.61164 6.01 10.5715
      vertex -3.78772 6.56052 10.5715
    endloop
  endfacet
  facet normal 0.481406 0.720465 0.499178
    outer loop
      vertex 3.58749 6.21372 11.5383
      vertex 3.32588 5.76059 12.4446
      vertex 4.04933 5.27719 12.4446
    endloop
  endfacet
  facet normal -0.636966 0.72633 0.2583
    outer loop
      vertex -4.77651 6.22487 9.56072
      vertex -5.54816 5.54816 9.56072
      vertex -5.35665 5.35665 10.5715
    endloop
  endfacet
  facet normal 0.532179 0.466707 0.706378
    outer loop
      vertex 4.7718 3.66153 13.2748
      vertex 3.72982 3.72982 14.0147
      vertex 4.18475 3.21107 14.0147
    endloop
  endfacet
  facet normal 0.37597 -0.0747933 0.923609
    outer loop
      vertex 2.54952 -0.335649 15.5754
      vertex 2.48389 -0.665557 15.5754
      vertex 3.50804 -0.461842 15.175
    endloop
  endfacet
  facet normal 0.441113 0.660176 0.607937
    outer loop
      vertex 4.04933 5.27719 12.4446
      vertex 3.00736 5.2089 13.2748
      vertex 3.66153 4.7718 13.2748
    endloop
  endfacet
  facet normal 0.376509 0.330193 0.865571
    outer loop
      vertex 3.14278 3.14278 14.6518
      vertex 2.80713 2.15399 15.175
      vertex 3.52611 2.70568 14.6518
    endloop
  endfacet
  facet normal 0.416393 0.278218 0.86557
    outer loop
      vertex 3.52611 2.70568 14.6518
      vertex 3.06427 1.76915 15.175
      vertex 3.8491 2.22228 14.6518
    endloop
  endfacet
  facet normal 0.382516 0.0250719 0.923609
    outer loop
      vertex 3.53831 0 15.175
      vertex 2.54952 0.335649 15.5754
      vertex 2.57152 0 15.5754
    endloop
  endfacet
  facet normal 0.449142 0.221496 0.86557
    outer loop
      vertex 3.8491 2.22228 14.6518
      vertex 3.06427 1.76915 15.175
      vertex 4.10624 1.70086 14.6518
    endloop
  endfacet
  facet normal 0.980785 -0.195094 0
    outer loop
      vertex 7.71086 -2.06612 8.52322
      vertex 7.91458 -1.04197 7.47678
      vertex 7.91458 -1.04197 8.52322
    endloop
  endfacet
  facet normal 0.980785 -0.195094 0
    outer loop
      vertex 7.91458 -1.04197 7.47678
      vertex 7.71086 -2.06612 8.52322
      vertex 7.71086 -2.06612 7.47678
    endloop
  endfacet
  facet normal 0.92219 0.0604407 -0.381986
    outer loop
      vertex 7.17498 0 4.46169
      vertex 7.1136 0.936522 4.46169
      vertex 7.57544 0 5.42848
    endloop
  endfacet
  facet normal 0.914794 -0.310535 -0.258303
    outer loop
      vertex 7.24902 -3.00264 6.43928
      vertex 6.99879 -2.899 5.42848
      vertex 7.57893 -2.03077 6.43928
    endloop
  endfacet
  facet normal 0.980785 0.195094 0
    outer loop
      vertex 7.91458 1.04197 8.52322
      vertex 7.71086 2.06612 7.47678
      vertex 7.71086 2.06612 8.52322
    endloop
  endfacet
  facet normal 0.980785 0.195094 0
    outer loop
      vertex 7.71086 2.06612 7.47678
      vertex 7.91458 1.04197 8.52322
      vertex 7.91458 1.04197 7.47678
    endloop
  endfacet
  facet normal 0.97243 0.193432 -0.130249
    outer loop
      vertex 7.77916 1.02415 6.43928
      vertex 7.71086 2.06612 7.47678
      vertex 7.91458 1.04197 7.47678
    endloop
  endfacet
  facet normal 0.922191 0.0604446 -0.381983
    outer loop
      vertex 7.57544 0 5.42848
      vertex 7.1136 0.936522 4.46169
      vertex 7.51063 0.988793 5.42848
    endloop
  endfacet
  facet normal 0.889234 0.438517 -0.130254
    outer loop
      vertex 7.37521 3.05491 7.47678
      vertex 6.79508 3.92314 6.43928
      vertex 6.91337 3.99144 7.47678
    endloop
  endfacet
  facet normal 0.803251 0.536721 0.258299
    outer loop
      vertex 6.22487 4.77651 9.56072
      vertex 6.01 4.61164 10.5715
      vertex 6.79508 3.92314 9.56072
    endloop
  endfacet
  facet normal 0.896875 0.442284 0
    outer loop
      vertex 7.37521 3.05491 8.52322
      vertex 6.91337 3.99144 7.47678
      vertex 6.91337 3.99144 8.52322
    endloop
  endfacet
  facet normal 0.896875 0.442284 0
    outer loop
      vertex 6.91337 3.99144 7.47678
      vertex 7.37521 3.05491 8.52322
      vertex 7.37521 3.05491 7.47678
    endloop
  endfacet
  facet normal 0.963994 0.0631775 0.25831
    outer loop
      vertex 7.77916 1.02415 9.56072
      vertex 7.51063 0.988793 10.5715
      vertex 7.84628 0 9.56072
    endloop
  endfacet
  facet normal 0.989359 0.0648399 0.13025
    outer loop
      vertex 7.91458 1.04197 8.52322
      vertex 7.77916 1.02415 9.56072
      vertex 7.84628 0 9.56072
    endloop
  endfacet
  facet normal 0.193429 0.972426 -0.130281
    outer loop
      vertex 2.06612 7.71086 7.47678
      vertex 1.47821 7.81587 7.38771
      vertex 1.50844 7.82179 7.47678
    endloop
  endfacet
  facet normal 0.193425 0.97243 -0.130253
    outer loop
      vertex 2.06612 7.71086 7.47678
      vertex 1.38564 7.80914 7.2
      vertex 1.47821 7.81587 7.38771
    endloop
  endfacet
  facet normal 0.193419 0.972434 -0.130237
    outer loop
      vertex 2.06612 7.71086 7.47678
      vertex 1.26937 7.80896 7.02598
      vertex 1.38564 7.80914 7.2
    endloop
  endfacet
  facet normal 0.193417 0.972434 -0.130234
    outer loop
      vertex 1.02415 7.77916 6.43928
      vertex 1.26937 7.80896 7.02598
      vertex 2.06612 7.71086 7.47678
    endloop
  endfacet
  facet normal 0.193482 0.972418 -0.13026
    outer loop
      vertex 1.26937 7.80896 7.02598
      vertex 1.02415 7.77916 6.43928
      vertex 1.13137 7.81534 6.86863
    endloop
  endfacet
  facet normal 0.193353 0.972448 -0.13023
    outer loop
      vertex 1.13137 7.81534 6.86863
      vertex 1.02415 7.77916 6.43928
      vertex 1.03 7.82359 6.77973
    endloop
  endfacet
  facet normal 0.180298 0.906412 -0.381983
    outer loop
      vertex 1.85702 6.9305 4.46169
      vertex 0.936522 7.1136 4.46169
      vertex 0.988793 7.51063 5.42848
    endloop
  endfacet
  facet normal 0.188471 0.9475 -0.258307
    outer loop
      vertex 1.96067 7.31731 5.42848
      vertex 0.988793 7.51063 5.42848
      vertex 2.03077 7.57893 6.43928
    endloop
  endfacet
  facet normal 0.458309 0.40193 -0.79272
    outer loop
      vertex 3.52611 2.70568 1.34824
      vertex 3.14278 3.14278 1.34824
      vertex 3.72982 3.72982 1.98528
    endloop
  endfacet
  facet normal -0.0631425 0.963998 -0.258304
    outer loop
      vertex 0 7.57544 5.42848
      vertex -0.0361072 7.83403 6.40237
      vertex 0 7.83576 6.4
    endloop
  endfacet
  facet normal -0.0631846 0.963995 -0.258305
    outer loop
      vertex -0.0361072 7.83403 6.40237
      vertex 0 7.57544 5.42848
      vertex -0.988793 7.51063 5.42848
    endloop
  endfacet
  facet normal -0.0649136 0.989357 -0.13023
    outer loop
      vertex -0.974018 7.8208 6.73063
      vertex -1.02415 7.77916 6.43928
      vertex -1.03 7.82359 6.77973
    endloop
  endfacet
  facet normal -0.0648477 0.989359 -0.130242
    outer loop
      vertex -0.799999 7.8169 6.61436
      vertex -1.02415 7.77916 6.43928
      vertex -0.974018 7.8208 6.73063
    endloop
  endfacet
  facet normal -0.0648247 0.989357 -0.130271
    outer loop
      vertex -0.612293 7.81701 6.52179
      vertex -1.02415 7.77916 6.43928
      vertex -0.799999 7.8169 6.61436
    endloop
  endfacet
  facet normal -0.0648482 0.98937 -0.130159
    outer loop
      vertex -0.41411 7.82115 6.45452
      vertex -1.02415 7.77916 6.43928
      vertex -0.612293 7.81701 6.52179
    endloop
  endfacet
  facet normal -0.0648341 0.989316 -0.130578
    outer loop
      vertex -1.02415 7.77916 6.43928
      vertex -0.41411 7.82115 6.45452
      vertex -0.337486 7.82416 6.43928
    endloop
  endfacet
  facet normal 0.828863 0.40875 -0.381981
    outer loop
      vertex 6.62882 2.74575 4.46169
      vertex 6.21372 3.58749 4.46169
      vertex 6.99879 2.899 5.42848
    endloop
  endfacet
  facet normal 0.297064 0.875124 -0.381983
    outer loop
      vertex 2.899 6.99879 5.42848
      vertex 1.85702 6.9305 4.46169
      vertex 1.96067 7.31731 5.42848
    endloop
  endfacet
  facet normal 0.55084 0.824384 0.130254
    outer loop
      vertex 3.99144 6.91337 8.52322
      vertex 3.92314 6.79508 9.56072
      vertex 4.85966 6.33324 8.52322
    endloop
  endfacet
  facet normal 0.653731 0.745434 0.130247
    outer loop
      vertex 5.64474 5.64474 8.52322
      vertex 4.85966 6.33324 8.52322
      vertex 5.54816 5.54816 9.56072
    endloop
  endfacet
  facet normal -0.751838 -0.659348 0
    outer loop
      vertex -5.64474 -5.64474 7.47678
      vertex -6.33324 -4.85966 8.52322
      vertex -6.33324 -4.85966 7.47678
    endloop
  endfacet
  facet normal -0.751838 -0.659348 0
    outer loop
      vertex -6.33324 -4.85966 8.52322
      vertex -5.64474 -5.64474 7.47678
      vertex -5.64474 -5.64474 8.52322
    endloop
  endfacet
  facet normal -0.138096 0.694237 0.706374
    outer loop
      vertex -0.688495 5.22964 14.0147
      vertex -1.55672 5.80977 13.2748
      vertex -1.36521 5.09503 14.0147
    endloop
  endfacet
  facet normal 0.19596 0.577269 0.792692
    outer loop
      vertex 1.36521 5.09503 14.0147
      vertex 1.15034 4.29312 14.6518
      vertex 1.70086 4.10624 14.6518
    endloop
  endfacet
  facet normal -0.768423 0.513439 0.381977
    outer loop
      vertex -6.01 4.61164 10.5715
      vertex -6.56052 3.78772 10.5715
      vertex -6.21372 3.58749 11.5383
    endloop
  endfacet
  facet normal -0.712101 0.351171 0.60794
    outer loop
      vertex -5.2089 3.00736 13.2748
      vertex -6.14542 2.54552 12.4446
      vertex -5.55688 2.30173 13.2748
    endloop
  endfacet
  facet normal -0.824384 -0.55084 -0.130254
    outer loop
      vertex -6.33324 -4.85966 7.47678
      vertex -6.91337 -3.99144 7.47678
      vertex -6.79508 -3.92314 6.43928
    endloop
  endfacet
  facet normal -0.706348 0.0463003 -0.706348
    outer loop
      vertex -5.27477 0 1.98528
      vertex -6.01472 0 2.72523
      vertex -5.22964 0.688495 1.98528
    endloop
  endfacet
  facet normal -0.866437 0.427279 -0.258302
    outer loop
      vertex -6.99879 2.899 5.42848
      vertex -7.24902 3.00264 6.43928
      vertex -6.79508 3.92314 6.43928
    endloop
  endfacet
  facet normal -0.792299 -0.051927 -0.60792
    outer loop
      vertex -6.01472 0 2.72523
      vertex -6.02527 -0.714376 2.8
      vertex -6.07209 0 2.8
    endloop
  endfacet
  facet normal -0.792269 -0.0519314 -0.607957
    outer loop
      vertex -6.02527 -0.714376 2.8
      vertex -6.01472 0 2.72523
      vertex -5.96326 -0.785078 2.72523
    endloop
  endfacet
  facet normal -0.694261 0.1381 -0.70635
    outer loop
      vertex -5.22964 0.688495 1.98528
      vertex -5.80977 1.55672 2.72523
      vertex -5.09503 1.36521 1.98528
    endloop
  endfacet
  facet normal -0.889233 0.438521 0.130249
    outer loop
      vertex -6.79508 3.92314 9.56072
      vertex -7.37521 3.05491 8.52322
      vertex -7.24902 3.00264 9.56072
    endloop
  endfacet
  facet normal -0.536722 0.803252 -0.258294
    outer loop
      vertex -4.61164 6.01 5.42848
      vertex -4.77651 6.22487 6.43928
      vertex -3.92314 6.79508 6.43928
    endloop
  endfacet
  facet normal -0.40193 -0.458309 -0.79272
    outer loop
      vertex -2.70568 -3.52611 1.34824
      vertex -3.72982 -3.72982 1.98528
      vertex -3.14278 -3.14278 1.34824
    endloop
  endfacet
  facet normal -0.651459 -0.571313 -0.499202
    outer loop
      vertex -5.07348 -5.07348 4.46169
      vertex -5.6923 -4.36785 4.46169
      vertex -5.27719 -4.04933 3.55544
    endloop
  endfacet
  facet normal -0.481394 -0.720456 -0.499202
    outer loop
      vertex -3.58749 -6.21372 4.46169
      vertex -4.36785 -5.6923 4.46169
      vertex -4.04933 -5.27719 3.55544
    endloop
  endfacet
  facet normal -0.636967 -0.726331 -0.258296
    outer loop
      vertex -4.77651 -6.22487 6.43928
      vertex -5.54816 -5.54816 6.43928
      vertex -5.35665 -5.35665 5.42848
    endloop
  endfacet
  facet normal -0.393264 -0.588564 -0.706354
    outer loop
      vertex -3.00736 -5.2089 2.72523
      vertex -3.66153 -4.7718 2.72523
      vertex -3.21107 -4.18475 1.98528
    endloop
  endfacet
  facet normal -0.636966 -0.72633 0.2583
    outer loop
      vertex -5.35665 -5.35665 10.5715
      vertex -5.54816 -5.54816 9.56072
      vertex -4.77651 -6.22487 9.56072
    endloop
  endfacet
  facet normal -0.76842 -0.513442 0.381981
    outer loop
      vertex -5.6923 -4.36785 11.5383
      vertex -6.21372 -3.58749 11.5383
      vertex -6.01 -4.61164 10.5715
    endloop
  endfacet
  facet normal -0.193353 -0.972448 0.13023
    outer loop
      vertex -1.02415 -7.77916 9.56072
      vertex -1.13137 -7.81534 9.13137
      vertex -1.03 -7.82359 9.22027
    endloop
  endfacet
  facet normal -0.193482 -0.972418 0.13026
    outer loop
      vertex -1.02415 -7.77916 9.56072
      vertex -1.26937 -7.80896 8.97402
      vertex -1.13137 -7.81534 9.13137
    endloop
  endfacet
  facet normal -0.193417 -0.972434 0.130234
    outer loop
      vertex -2.06612 -7.71086 8.52322
      vertex -1.26937 -7.80896 8.97402
      vertex -1.02415 -7.77916 9.56072
    endloop
  endfacet
  facet normal -0.193419 -0.972434 0.130237
    outer loop
      vertex -1.26937 -7.80896 8.97402
      vertex -2.06612 -7.71086 8.52322
      vertex -1.38564 -7.80914 8.8
    endloop
  endfacet
  facet normal -0.193425 -0.97243 0.130253
    outer loop
      vertex -1.38564 -7.80914 8.8
      vertex -2.06612 -7.71086 8.52322
      vertex -1.47821 -7.81587 8.61229
    endloop
  endfacet
  facet normal -0.193429 -0.972426 0.130281
    outer loop
      vertex -1.47821 -7.81587 8.61229
      vertex -2.06612 -7.71086 8.52322
      vertex -1.50844 -7.82179 8.52322
    endloop
  endfacet
  facet normal -0.438517 -0.889234 -0.130254
    outer loop
      vertex -3.05491 -7.37521 7.47678
      vertex -3.99144 -6.91337 7.47678
      vertex -3.92314 -6.79508 6.43928
    endloop
  endfacet
  facet normal -0.659348 -0.751838 0
    outer loop
      vertex -5.64474 -5.64474 7.47678
      vertex -4.85966 -6.33324 8.52322
      vertex -5.64474 -5.64474 8.52322
    endloop
  endfacet
  facet normal -0.659348 -0.751838 -0
    outer loop
      vertex -4.85966 -6.33324 8.52322
      vertex -5.64474 -5.64474 7.47678
      vertex -4.85966 -6.33324 7.47678
    endloop
  endfacet
  facet normal -0.555573 -0.831468 0
    outer loop
      vertex -4.85966 -6.33324 7.47678
      vertex -3.99144 -6.91337 8.52322
      vertex -4.85966 -6.33324 8.52322
    endloop
  endfacet
  facet normal -0.555573 -0.831468 -0
    outer loop
      vertex -3.99144 -6.91337 8.52322
      vertex -4.85966 -6.33324 7.47678
      vertex -3.99144 -6.91337 7.47678
    endloop
  endfacet
  facet normal -0.745439 -0.653724 0.130256
    outer loop
      vertex -6.22487 -4.77651 9.56072
      vertex -6.33324 -4.85966 8.52322
      vertex -5.54816 -5.54816 9.56072
    endloop
  endfacet
  facet normal -0.42728 -0.866436 -0.258304
    outer loop
      vertex -2.899 -6.99879 5.42848
      vertex -3.92314 -6.79508 6.43928
      vertex -3.78772 -6.56052 5.42848
    endloop
  endfacet
  facet normal -0.768418 -0.513441 -0.381984
    outer loop
      vertex -6.01 -4.61164 5.42848
      vertex -6.21372 -3.58749 4.46169
      vertex -5.6923 -4.36785 4.46169
    endloop
  endfacet
  facet normal -0.188471 -0.9475 -0.258307
    outer loop
      vertex -0.988793 -7.51063 5.42848
      vertex -2.03077 -7.57893 6.43928
      vertex -1.96067 -7.31731 5.42848
    endloop
  endfacet
  facet normal 0.0631425 -0.963998 -0.258304
    outer loop
      vertex 0 -7.57544 5.42848
      vertex 0.0361072 -7.83403 6.40237
      vertex 0 -7.83576 6.4
    endloop
  endfacet
  facet normal 0.0631846 -0.963995 -0.258305
    outer loop
      vertex 0.0361072 -7.83403 6.40237
      vertex 0 -7.57544 5.42848
      vertex 0.988793 -7.51063 5.42848
    endloop
  endfacet
  facet normal 0.18847 -0.9475 -0.258306
    outer loop
      vertex 1.02415 -7.77916 6.43928
      vertex 0.988793 -7.51063 5.42848
      vertex 2.03077 -7.57893 6.43928
    endloop
  endfacet
  facet normal -0.0604407 -0.92219 -0.381986
    outer loop
      vertex 0 -7.57544 5.42848
      vertex -0.936522 -7.1136 4.46169
      vertex 0 -7.17498 4.46169
    endloop
  endfacet
  facet normal -0.0519321 -0.792284 -0.607939
    outer loop
      vertex 0 -6.65176 3.55544
      vertex -0.868228 -6.59485 3.55544
      vertex -0.785078 -5.96326 2.72523
    endloop
  endfacet
  facet normal -0.169045 -0.849837 -0.4992
    outer loop
      vertex -0.936522 -7.1136 4.46169
      vertex -1.85702 -6.9305 4.46169
      vertex -1.7216 -6.4251 3.55544
    endloop
  endfacet
  facet normal 0.523511 -0.596949 0.607937
    outer loop
      vertex 4.25305 -4.25305 13.2748
      vertex 3.66153 -4.7718 13.2748
      vertex 4.04933 -5.27719 12.4446
    endloop
  endfacet
  facet normal -0.828864 -0.40875 0.381978
    outer loop
      vertex -6.62882 -2.74575 11.5383
      vertex -6.99879 -2.899 10.5715
      vertex -6.21372 -3.58749 11.5383
    endloop
  endfacet
  facet normal -0.694237 -0.138096 0.706374
    outer loop
      vertex -5.22964 -0.688495 14.0147
      vertex -5.80977 -1.55672 13.2748
      vertex -5.09503 -1.36521 14.0147
    endloop
  endfacet
  facet normal -0.660169 -0.441117 0.607942
    outer loop
      vertex -5.2089 -3.00736 13.2748
      vertex -5.76059 -3.32588 12.4446
      vertex -5.27719 -4.04933 12.4446
    endloop
  endfacet
  facet normal -0.889233 -0.438521 0.130249
    outer loop
      vertex -7.24902 -3.00264 9.56072
      vertex -7.37521 -3.05491 8.52322
      vertex -6.79508 -3.92314 9.56072
    endloop
  endfacet
  facet normal -0.11732 -0.0578596 0.991407
    outer loop
      vertex -0.453126 -0.261612 15.9829
      vertex -1.44192 -0.597262 15.8463
      vertex -1.35162 -0.780361 15.8463
    endloop
  endfacet
  facet normal -0.338683 -0.506887 0.792691
    outer loop
      vertex -2.70568 -3.52611 14.6518
      vertex -3.21107 -4.18475 14.0147
      vertex -2.22228 -3.8491 14.6518
    endloop
  endfacet
  facet normal -0.458336 -0.401954 0.792693
    outer loop
      vertex -3.52611 -2.70568 14.6518
      vertex -3.72982 -3.72982 14.0147
      vertex -3.14278 -3.14278 14.6518
    endloop
  endfacet
  facet normal 0.318732 -0.212968 0.923609
    outer loop
      vertex 3.06427 -1.76915 15.175
      vertex 2.04012 -1.56544 15.5754
      vertex 2.80713 -2.15399 15.175
    endloop
  endfacet
  facet normal -0.215674 -0.144107 0.965773
    outer loop
      vertex -1.35162 -0.780361 15.8463
      vertex -2.227 -1.28576 15.5754
      vertex -1.2382 -0.950108 15.8463
    endloop
  endfacet
  facet normal -0.351171 -0.712101 0.60794
    outer loop
      vertex -2.30173 -5.55688 13.2748
      vertex -3.00736 -5.2089 13.2748
      vertex -2.54552 -6.14542 12.4446
    endloop
  endfacet
  facet normal -0.0604407 -0.922191 0.381982
    outer loop
      vertex 0 -7.17498 11.5383
      vertex -0.936522 -7.1136 11.5383
      vertex 0 -7.57544 10.5715
    endloop
  endfacet
  facet normal 0.169047 -0.849849 0.499179
    outer loop
      vertex 1.7216 -6.4251 12.4446
      vertex 0.936522 -7.1136 11.5383
      vertex 1.85702 -6.9305 11.5383
    endloop
  endfacet
  facet normal -0.188471 -0.947499 0.258312
    outer loop
      vertex -1.96067 -7.31731 10.5715
      vertex -2.03077 -7.57893 9.56072
      vertex -0.988793 -7.51063 10.5715
    endloop
  endfacet
  facet normal 0.0566693 -0.864647 0.499173
    outer loop
      vertex 0 -6.65176 12.4446
      vertex 0 -7.17498 11.5383
      vertex 0.936522 -7.1136 11.5383
    endloop
  endfacet
  facet normal -0.180298 -0.906413 0.381979
    outer loop
      vertex -0.936522 -7.1136 11.5383
      vertex -1.85702 -6.9305 11.5383
      vertex -0.988793 -7.51063 10.5715
    endloop
  endfacet
  facet normal -0.31053 -0.914793 0.258312
    outer loop
      vertex -1.96067 -7.31731 10.5715
      vertex -2.899 -6.99879 10.5715
      vertex -2.03077 -7.57893 9.56072
    endloop
  endfacet
  facet normal -0.481406 -0.720465 0.499178
    outer loop
      vertex -3.32588 -5.76059 12.4446
      vertex -4.04933 -5.27719 12.4446
      vertex -3.58749 -6.21372 11.5383
    endloop
  endfacet
  facet normal -0.169049 -0.84985 0.499177
    outer loop
      vertex -0.868228 -6.59485 12.4446
      vertex -1.7216 -6.4251 12.4446
      vertex -0.936522 -7.1136 11.5383
    endloop
  endfacet
  facet normal -0.513442 -0.76842 0.381981
    outer loop
      vertex -4.36785 -5.6923 11.5383
      vertex -4.61164 -6.01 10.5715
      vertex -3.58749 -6.21372 11.5383
    endloop
  endfacet
  facet normal -0.383243 -0.777139 0.499179
    outer loop
      vertex -2.54552 -6.14542 12.4446
      vertex -3.58749 -6.21372 11.5383
      vertex -2.74575 -6.62882 11.5383
    endloop
  endfacet
  facet normal 0.653724 -0.745439 0.130256
    outer loop
      vertex 5.54816 -5.54816 9.56072
      vertex 4.77651 -6.22487 9.56072
      vertex 4.85966 -6.33324 8.52322
    endloop
  endfacet
  facet normal 0.745434 -0.653731 0.130247
    outer loop
      vertex 6.33324 -4.85966 8.52322
      vertex 5.54816 -5.54816 9.56072
      vertex 5.64474 -5.64474 8.52322
    endloop
  endfacet
  facet normal 0.513438 -0.768422 -0.38198
    outer loop
      vertex 3.78772 -6.56052 5.42848
      vertex 3.58749 -6.21372 4.46169
      vertex 4.61164 -6.01 5.42848
    endloop
  endfacet
  facet normal 0.889234 -0.438517 -0.130254
    outer loop
      vertex 6.91337 -3.99144 7.47678
      vertex 6.79508 -3.92314 6.43928
      vertex 7.37521 -3.05491 7.47678
    endloop
  endfacet
  facet normal 0.40875 -0.828863 -0.381981
    outer loop
      vertex 2.899 -6.99879 5.42848
      vertex 2.74575 -6.62882 4.46169
      vertex 3.58749 -6.21372 4.46169
    endloop
  endfacet
  facet normal 0.0519323 -0.792284 -0.607938
    outer loop
      vertex 0.785078 -5.96326 2.72523
      vertex 0 -6.65176 3.55544
      vertex 0 -6.01472 2.72523
    endloop
  endfacet
  facet normal 0.670299 -0.22753 -0.70635
    outer loop
      vertex 5.55688 -2.30173 2.72523
      vertex 4.87325 -2.01857 1.98528
      vertex 5.09503 -1.36521 1.98528
    endloop
  endfacet
  facet normal 0.118923 -0.597874 -0.792719
    outer loop
      vertex 1.36521 -5.09503 1.98528
      vertex 0.580132 -4.40654 1.34824
      vertex 1.15034 -4.29312 1.34824
    endloop
  endfacet
  facet normal 0.720455 -0.481399 -0.499199
    outer loop
      vertex 6.21372 -3.58749 4.46169
      vertex 5.27719 -4.04933 3.55544
      vertex 5.76059 -3.32588 3.55544
    endloop
  endfacet
  facet normal 0.820504 -0.27852 -0.4992
    outer loop
      vertex 6.62882 -2.74575 4.46169
      vertex 6.14542 -2.54552 3.55544
      vertex 6.9305 -1.85702 4.46169
    endloop
  endfacet
  facet normal 0.745434 -0.653731 -0.130247
    outer loop
      vertex 5.64474 -5.64474 7.47678
      vertex 5.54816 -5.54816 6.43928
      vertex 6.33324 -4.85966 7.47678
    endloop
  endfacet
  facet normal 0.803252 -0.536722 -0.258294
    outer loop
      vertex 6.22487 -4.77651 6.43928
      vertex 6.01 -4.61164 5.42848
      vertex 6.79508 -3.92314 6.43928
    endloop
  endfacet
  facet normal 0.523512 -0.596952 -0.607934
    outer loop
      vertex 4.7035 -4.7035 3.55544
      vertex 4.04933 -5.27719 3.55544
      vertex 4.25305 -4.25305 2.72523
    endloop
  endfacet
  facet normal 0.636967 -0.726331 -0.258296
    outer loop
      vertex 5.54816 -5.54816 6.43928
      vertex 4.77651 -6.22487 6.43928
      vertex 5.35665 -5.35665 5.42848
    endloop
  endfacet
  facet normal 0.726331 -0.636967 -0.258296
    outer loop
      vertex 5.54816 -5.54816 6.43928
      vertex 5.35665 -5.35665 5.42848
      vertex 6.22487 -4.77651 6.43928
    endloop
  endfacet
  facet normal -0.449156 0.221494 -0.865563
    outer loop
      vertex -3.26897 1.35405 0.825019
      vertex -4.10624 1.70086 1.34824
      vertex -3.06427 1.76915 0.825019
    endloop
  endfacet
  facet normal 0.597871 0.118927 -0.792721
    outer loop
      vertex 5.22964 0.688495 1.98528
      vertex 4.40654 0.580132 1.34824
      vertex 5.09503 1.36521 1.98528
    endloop
  endfacet
  facet normal 0.22753 -0.670299 -0.70635
    outer loop
      vertex 2.30173 -5.55688 2.72523
      vertex 1.36521 -5.09503 1.98528
      vertex 2.01857 -4.87325 1.98528
    endloop
  endfacet
  facet normal -0.330205 -0.376516 -0.865564
    outer loop
      vertex -2.15399 -2.80713 0.825019
      vertex -3.14278 -3.14278 1.34824
      vertex -2.50196 -2.50196 0.825019
    endloop
  endfacet
  facet normal 0.608279 0.0398719 -0.792721
    outer loop
      vertex 5.27477 0 1.98528
      vertex 4.40654 0.580132 1.34824
      vertex 5.22964 0.688495 1.98528
    endloop
  endfacet
  facet normal 0.906412 -0.180298 -0.381983
    outer loop
      vertex 7.31731 -1.96067 5.42848
      vertex 6.9305 -1.85702 4.46169
      vertex 7.51063 -0.988793 5.42848
    endloop
  endfacet
  facet normal 0.382564 -0.025074 -0.923589
    outer loop
      vertex 3.50804 -0.461842 0.825019
      vertex 2.54952 -0.335649 0.42456
      vertex 3.53831 0 0.825019
    endloop
  endfacet
  facet normal 0.382564 0.025075 -0.923589
    outer loop
      vertex 2.57152 0 0.42456
      vertex 2.54952 0.335649 0.42456
      vertex 3.53831 0 0.825019
    endloop
  endfacet
  facet normal 0.466725 0.532197 -0.706353
    outer loop
      vertex 3.72982 3.72982 1.98528
      vertex 3.66153 4.7718 2.72523
      vertex 4.25305 4.25305 2.72523
    endloop
  endfacet
  facet normal 0.712104 0.351173 -0.607935
    outer loop
      vertex 5.55688 2.30173 2.72523
      vertex 5.2089 3.00736 2.72523
      vertex 6.14542 2.54552 3.55544
    endloop
  endfacet
  facet normal 0.571313 -0.651459 -0.499201
    outer loop
      vertex 5.07348 -5.07348 4.46169
      vertex 4.04933 -5.27719 3.55544
      vertex 4.7035 -4.7035 3.55544
    endloop
  endfacet
  facet normal 0.596952 -0.523513 -0.607933
    outer loop
      vertex 5.27719 -4.04933 3.55544
      vertex 4.25305 -4.25305 2.72523
      vertex 4.7718 -3.66153 2.72523
    endloop
  endfacet
  facet normal 0.777129 -0.383237 -0.4992
    outer loop
      vertex 6.21372 -3.58749 4.46169
      vertex 6.14542 -2.54552 3.55544
      vertex 6.62882 -2.74575 4.46169
    endloop
  endfacet
  facet normal 0.828863 -0.408752 -0.38198
    outer loop
      vertex 6.56052 -3.78772 5.42848
      vertex 6.21372 -3.58749 4.46169
      vertex 6.99879 -2.899 5.42848
    endloop
  endfacet
  facet normal 0.922192 -0.0604447 0.381979
    outer loop
      vertex 7.57544 0 10.5715
      vertex 7.1136 -0.936522 11.5383
      vertex 7.51063 -0.988793 10.5715
    endloop
  endfacet
  facet normal 0.906413 0.180298 0.381979
    outer loop
      vertex 7.51063 0.988793 10.5715
      vertex 6.9305 1.85702 11.5383
      vertex 7.1136 0.936522 11.5383
    endloop
  endfacet
  facet normal 0.989358 0.0648419 -0.130252
    outer loop
      vertex 7.98287 0 7.47678
      vertex 7.84628 0 6.43928
      vertex 7.91458 1.04197 7.47678
    endloop
  endfacet
  facet normal 0.989358 -0.0648419 0.130252
    outer loop
      vertex 7.98287 0 8.52322
      vertex 7.84628 0 9.56072
      vertex 7.91458 -1.04197 8.52322
    endloop
  endfacet
  facet normal 0.751841 -0.255157 0.607973
    outer loop
      vertex 6 -2.11712 12.8043
      vertex 6.4251 -1.7216 12.4446
      vertex 6 -1.60769 13.0181
    endloop
  endfacet
  facet normal 0.751858 -0.255218 0.607925
    outer loop
      vertex 6.4251 -1.7216 12.4446
      vertex 6 -2.11712 12.8043
      vertex 6.14542 -2.54552 12.4446
    endloop
  endfacet
  facet normal 0.751941 -0.255275 0.607799
    outer loop
      vertex 5.86519 -1.57157 13.2
      vertex 5.80977 -1.55672 13.2748
      vertex 5.84 -1.64577 13.2
    endloop
  endfacet
  facet normal 0.866436 -0.427278 0.258307
    outer loop
      vertex 6.99879 -2.899 10.5715
      vertex 6.79508 -3.92314 9.56072
      vertex 7.24902 -3.00264 9.56072
    endloop
  endfacet
  facet normal -0.634861 -0.313086 -0.706349
    outer loop
      vertex -4.56808 -2.63738 1.98528
      vertex -5.55688 -2.30173 2.72523
      vertex -4.87325 -2.01857 1.98528
    endloop
  endfacet
  facet normal -0.670299 -0.22753 -0.70635
    outer loop
      vertex -5.55688 -2.30173 2.72523
      vertex -5.80977 -1.55672 2.72523
      vertex -5.09503 -1.36521 1.98528
    endloop
  endfacet
  facet normal -0.820532 0.278522 0.499152
    outer loop
      vertex -6.53941 2.2 11.9898
      vertex -6.62882 2.74575 11.5383
      vertex -6.81407 2.2 11.5383
    endloop
  endfacet
  facet normal -0.820506 0.278549 0.49918
    outer loop
      vertex -6.62882 2.74575 11.5383
      vertex -6.53941 2.2 11.9898
      vertex -6.14542 2.54552 12.4446
    endloop
  endfacet
  facet normal -0.824383 0.550841 0.130256
    outer loop
      vertex -6.33324 4.85966 8.52322
      vertex -6.79508 3.92314 9.56072
      vertex -6.22487 4.77651 9.56072
    endloop
  endfacet
  facet normal -0.778733 0.15493 -0.607924
    outer loop
      vertex -5.96326 0.785078 2.72523
      vertex -6.02014 0.792566 2.8
      vertex -6.00485 0.869419 2.8
    endloop
  endfacet
  facet normal -0.866436 0.42728 -0.258304
    outer loop
      vertex -6.56052 3.78772 5.42848
      vertex -6.99879 2.899 5.42848
      vertex -6.79508 3.92314 6.43928
    endloop
  endfacet
  facet normal -0.318771 0.213 -0.923589
    outer loop
      vertex -2.227 1.28576 0.42456
      vertex -3.06427 1.76915 0.825019
      vertex -2.04012 1.56544 0.42456
    endloop
  endfacet
  facet normal -0.318772 0.212995 -0.923589
    outer loop
      vertex -2.04012 1.56544 0.42456
      vertex -3.06427 1.76915 0.825019
      vertex -2.80713 2.15399 0.825019
    endloop
  endfacet
  facet normal -0.123232 0.363039 -0.923589
    outer loop
      vertex -0.984076 2.37577 0.42456
      vertex -1.35405 3.26897 0.825019
      vertex -0.665557 2.48389 0.42456
    endloop
  endfacet
  facet normal -0.16098 0.474222 -0.865563
    outer loop
      vertex -1.35405 3.26897 0.825019
      vertex -1.70086 4.10624 1.34824
      vertex -1.15034 4.29312 1.34824
    endloop
  endfacet
  facet normal -0.768422 0.513438 -0.38198
    outer loop
      vertex -6.21372 3.58749 4.46169
      vertex -6.56052 3.78772 5.42848
      vertex -6.01 4.61164 5.42848
    endloop
  endfacet
  facet normal -0.720456 0.481394 -0.499202
    outer loop
      vertex -5.27719 4.04933 3.55544
      vertex -6.21372 3.58749 4.46169
      vertex -5.6923 4.36785 4.46169
    endloop
  endfacet
  facet normal -0.523513 0.596952 -0.607933
    outer loop
      vertex -3.66153 4.7718 2.72523
      vertex -4.25305 4.25305 2.72523
      vertex -4.04933 5.27719 3.55544
    endloop
  endfacet
  facet normal -0.803255 0.536712 -0.258303
    outer loop
      vertex -6.56052 3.78772 5.42848
      vertex -6.79508 3.92314 6.43928
      vertex -6.01 4.61164 5.42848
    endloop
  endfacet
  facet normal -0.660172 0.441118 -0.607937
    outer loop
      vertex -5.2089 3.00736 2.72523
      vertex -5.76059 3.32588 3.55544
      vertex -5.27719 4.04933 3.55544
    endloop
  endfacet
  facet normal -0.651459 0.571313 -0.499202
    outer loop
      vertex -5.27719 4.04933 3.55544
      vertex -5.6923 4.36785 4.46169
      vertex -5.07348 5.07348 4.46169
    endloop
  endfacet
  facet normal 0.1381 0.694261 -0.70635
    outer loop
      vertex 1.36521 5.09503 1.98528
      vertex 0.688495 5.22964 1.98528
      vertex 1.55672 5.80977 2.72523
    endloop
  endfacet
  facet normal 0.0747992 0.376016 -0.923589
    outer loop
      vertex 0.665557 2.48389 0.42456
      vertex 0.461842 3.50804 0.825019
      vertex 0.915781 3.41774 0.825019
    endloop
  endfacet
  facet normal -0.330205 0.376516 -0.865564
    outer loop
      vertex -2.50196 2.50196 0.825019
      vertex -3.14278 3.14278 1.34824
      vertex -2.15399 2.80713 0.825019
    endloop
  endfacet
  facet normal -0.458309 0.40193 -0.79272
    outer loop
      vertex -3.52611 2.70568 1.34824
      vertex -3.72982 3.72982 1.98528
      vertex -3.14278 3.14278 1.34824
    endloop
  endfacet
  facet normal -0.255213 0.751852 -0.607935
    outer loop
      vertex -2.30173 5.55688 2.72523
      vertex -2.54552 6.14542 3.55544
      vertex -1.55672 5.80977 2.72523
    endloop
  endfacet
  facet normal -0.27852 0.820504 -0.4992
    outer loop
      vertex -1.7216 6.4251 3.55544
      vertex -2.54552 6.14542 3.55544
      vertex -1.85702 6.9305 4.46169
    endloop
  endfacet
  facet normal 0.0604407 -0.922191 0.381982
    outer loop
      vertex 0 -7.17498 11.5383
      vertex 0 -7.57544 10.5715
      vertex 0.936522 -7.1136 11.5383
    endloop
  endfacet
  facet normal 0.42728 -0.866434 0.258309
    outer loop
      vertex 3.78772 -6.56052 10.5715
      vertex 2.899 -6.99879 10.5715
      vertex 3.92314 -6.79508 9.56072
    endloop
  endfacet
  facet normal 0.0747933 -0.37597 0.923609
    outer loop
      vertex 0.665557 -2.48389 15.5754
      vertex 0.335649 -2.54952 15.5754
      vertex 0.461842 -3.50804 15.175
    endloop
  endfacet
  facet normal 0.154899 -0.778726 0.607941
    outer loop
      vertex 1.55672 -5.80977 13.2748
      vertex 0.785078 -5.96326 13.2748
      vertex 1.7216 -6.4251 12.4446
    endloop
  endfacet
  facet normal 0.215674 -0.144107 0.965773
    outer loop
      vertex 1.35162 -0.780361 15.8463
      vertex 1.2382 -0.950108 15.8463
      vertex 2.227 -1.28576 15.5754
    endloop
  endfacet
  facet normal 0.254404 -0.0506096 0.965773
    outer loop
      vertex 2.54952 -0.335649 15.5754
      vertex 1.54737 -0.203714 15.8463
      vertex 2.48389 -0.665557 15.5754
    endloop
  endfacet
  facet normal 0.491163 -0.0976973 0.865571
    outer loop
      vertex 4.40654 -0.580132 14.6518
      vertex 3.50804 -0.461842 15.175
      vertex 4.29312 -1.15034 14.6518
    endloop
  endfacet
  facet normal 0.474207 -0.160969 0.865573
    outer loop
      vertex 3.41774 -0.915781 15.175
      vertex 3.26897 -1.35405 15.175
      vertex 4.29312 -1.15034 14.6518
    endloop
  endfacet
  facet normal 0.37597 0.0747933 0.923609
    outer loop
      vertex 3.50804 0.461842 15.175
      vertex 2.48389 0.665557 15.5754
      vertex 2.54952 0.335649 15.5754
    endloop
  endfacet
  facet normal 0.258833 0.0169651 0.965773
    outer loop
      vertex 2.54952 0.335649 15.5754
      vertex 1.56072 0 15.8463
      vertex 2.57152 0 15.5754
    endloop
  endfacet
  facet normal 0.706325 -0.0462987 0.706372
    outer loop
      vertex 5.27477 0 14.0147
      vertex 5.22964 -0.688495 14.0147
      vertex 6.01472 0 13.2748
    endloop
  endfacet
  facet normal 0.864644 -0.0566751 0.499178
    outer loop
      vertex 6.65176 0 12.4446
      vertex 6.59485 -0.868228 12.4446
      vertex 7.1136 -0.936522 11.5383
    endloop
  endfacet
  facet normal 0.706324 -0.0462979 0.706373
    outer loop
      vertex 6.01472 0 13.2748
      vertex 5.22964 -0.688495 14.0147
      vertex 5.96326 -0.785078 13.2748
    endloop
  endfacet
  facet normal 0.634839 -0.313075 0.706373
    outer loop
      vertex 4.87325 -2.01857 14.0147
      vertex 4.56808 -2.63738 14.0147
      vertex 5.55688 -2.30173 13.2748
    endloop
  endfacet
  facet normal 0.670276 -0.227522 0.706374
    outer loop
      vertex 5.80977 -1.55672 13.2748
      vertex 5.09503 -1.36521 14.0147
      vertex 5.55688 -2.30173 13.2748
    endloop
  endfacet
  facet normal 0.694237 -0.138096 0.706374
    outer loop
      vertex 5.22964 -0.688495 14.0147
      vertex 5.09503 -1.36521 14.0147
      vertex 5.80977 -1.55672 13.2748
    endloop
  endfacet
  facet normal 0.596949 -0.523511 0.607937
    outer loop
      vertex 4.7718 -3.66153 13.2748
      vertex 4.25305 -4.25305 13.2748
      vertex 5.27719 -4.04933 12.4446
    endloop
  endfacet
  facet normal 0.720466 -0.4814 0.499182
    outer loop
      vertex 6.21372 -3.58749 11.5383
      vertex 5.27719 -4.04933 12.4446
      vertex 5.6923 -4.36785 11.5383
    endloop
  endfacet
  facet normal 0.441117 -0.660169 0.607942
    outer loop
      vertex 4.04933 -5.27719 12.4446
      vertex 3.00736 -5.2089 13.2748
      vertex 3.32588 -5.76059 12.4446
    endloop
  endfacet
  facet normal 0.441113 -0.660176 0.607937
    outer loop
      vertex 3.66153 -4.7718 13.2748
      vertex 3.00736 -5.2089 13.2748
      vertex 4.04933 -5.27719 12.4446
    endloop
  endfacet
  facet normal 0.634839 -0.31307 0.706376
    outer loop
      vertex 5.55688 -2.30173 13.2748
      vertex 4.56808 -2.63738 14.0147
      vertex 5.2089 -3.00736 13.2748
    endloop
  endfacet
  facet normal 0.660176 -0.441113 0.607937
    outer loop
      vertex 5.2089 -3.00736 13.2748
      vertex 4.7718 -3.66153 13.2748
      vertex 5.27719 -4.04933 12.4446
    endloop
  endfacet
  facet normal -0.245625 0.0833763 0.965773
    outer loop
      vertex -2.37577 0.984076 15.5754
      vertex -2.48389 0.665557 15.5754
      vertex -1.44192 0.597262 15.8463
    endloop
  endfacet
  facet normal -0.362993 0.123218 0.923609
    outer loop
      vertex -3.26897 1.35405 15.175
      vertex -3.41774 0.915781 15.175
      vertex -2.48389 0.665557 15.5754
    endloop
  endfacet
  facet normal -0.193429 0.97243 -0.130246
    outer loop
      vertex -2.03077 7.57893 6.43928
      vertex -2.06612 7.71086 7.47678
      vertex -1.02415 7.77916 6.43928
    endloop
  endfacet
  facet normal -0.745434 0.653731 -0.130247
    outer loop
      vertex -5.54816 5.54816 6.43928
      vertex -6.33324 4.85966 7.47678
      vertex -5.64474 5.64474 7.47678
    endloop
  endfacet
  facet normal -0.889234 0.438517 -0.130254
    outer loop
      vertex -6.79508 3.92314 6.43928
      vertex -7.37521 3.05491 7.47678
      vertex -6.91337 3.99144 7.47678
    endloop
  endfacet
  facet normal -0.588545 0.393251 0.706378
    outer loop
      vertex -4.7718 3.66153 13.2748
      vertex -5.2089 3.00736 13.2748
      vertex -4.18475 3.21107 14.0147
    endloop
  endfacet
  facet normal -0.0462979 0.706324 0.706373
    outer loop
      vertex 0 6.01472 13.2748
      vertex -0.785078 5.96326 13.2748
      vertex -0.688495 5.22964 14.0147
    endloop
  endfacet
  facet normal 0.550841 0.824383 0.130256
    outer loop
      vertex 4.85966 6.33324 8.52322
      vertex 3.92314 6.79508 9.56072
      vertex 4.77651 6.22487 9.56072
    endloop
  endfacet
  facet normal 0.536721 0.803251 0.258299
    outer loop
      vertex 4.77651 6.22487 9.56072
      vertex 3.92314 6.79508 9.56072
      vertex 4.61164 6.01 10.5715
    endloop
  endfacet
  facet normal 0.438517 0.889234 -0.130254
    outer loop
      vertex 3.92314 6.79508 6.43928
      vertex 3.05491 7.37521 7.47678
      vertex 3.99144 6.91337 7.47678
    endloop
  endfacet
  facet normal 0.255214 0.751846 0.607942
    outer loop
      vertex 1.7216 6.4251 12.4446
      vertex 1.55672 5.80977 13.2748
      vertex 2.54552 6.14542 12.4446
    endloop
  endfacet
  facet normal 0.42728 0.866434 0.258309
    outer loop
      vertex 3.92314 6.79508 9.56072
      vertex 2.899 6.99879 10.5715
      vertex 3.78772 6.56052 10.5715
    endloop
  endfacet
  facet normal 0.0631845 0.963994 0.25831
    outer loop
      vertex 0.0361072 7.83403 9.59763
      vertex 0 7.57544 10.5715
      vertex 0.988793 7.51063 10.5715
    endloop
  endfacet
  facet normal 0.0631427 0.963997 0.258309
    outer loop
      vertex 0 7.57544 10.5715
      vertex 0.0361072 7.83403 9.59763
      vertex 0 7.83576 9.6
    endloop
  endfacet
  facet normal 0.318702 0.938864 0.130246
    outer loop
      vertex 2.06612 7.71086 8.52322
      vertex 2.03077 7.57893 9.56072
      vertex 3.05491 7.37521 8.52322
    endloop
  endfacet
  facet normal 0.0631846 0.963995 -0.258305
    outer loop
      vertex 0 7.57544 5.42848
      vertex 0.0361072 7.83403 6.40237
      vertex 0.988793 7.51063 5.42848
    endloop
  endfacet
  facet normal 0.0631425 0.963998 -0.258304
    outer loop
      vertex 0.0361072 7.83403 6.40237
      vertex 0 7.57544 5.42848
      vertex 0 7.83576 6.4
    endloop
  endfacet
  facet normal -0.653731 0.745434 0.130247
    outer loop
      vertex -4.85966 6.33324 8.52322
      vertex -5.64474 5.64474 8.52322
      vertex -5.54816 5.54816 9.56072
    endloop
  endfacet
  facet normal 0.79228 -0.0519321 0.607943
    outer loop
      vertex 6.01472 0 13.2748
      vertex 5.96326 -0.785078 13.2748
      vertex 6.65176 0 12.4446
    endloop
  endfacet
  facet normal 0.849849 -0.169047 0.499179
    outer loop
      vertex 7.1136 -0.936522 11.5383
      vertex 6.4251 -1.7216 12.4446
      vertex 6.9305 -1.85702 11.5383
    endloop
  endfacet
  facet normal 0.864647 -0.0566693 0.499173
    outer loop
      vertex 7.17498 0 11.5383
      vertex 6.65176 0 12.4446
      vertex 7.1136 -0.936522 11.5383
    endloop
  endfacet
  facet normal 0.803254 0.536712 0.258308
    outer loop
      vertex 6.79508 3.92314 9.56072
      vertex 6.01 4.61164 10.5715
      vertex 6.56052 3.78772 10.5715
    endloop
  endfacet
  facet normal 0.712101 0.351171 0.60794
    outer loop
      vertex 6.14542 2.54552 12.4446
      vertex 5.2089 3.00736 13.2748
      vertex 5.55688 2.30173 13.2748
    endloop
  endfacet
  facet normal 0.596949 0.523511 0.607937
    outer loop
      vertex 5.27719 4.04933 12.4446
      vertex 4.25305 4.25305 13.2748
      vertex 4.7718 3.66153 13.2748
    endloop
  endfacet
  facet normal 0.588545 0.393251 0.706378
    outer loop
      vertex 4.7718 3.66153 13.2748
      vertex 4.18475 3.21107 14.0147
      vertex 5.2089 3.00736 13.2748
    endloop
  endfacet
  facet normal 0.79228 0.0519318 0.607943
    outer loop
      vertex 6.59485 0.868228 12.4446
      vertex 5.96326 0.785078 13.2748
      vertex 6.65176 0 12.4446
    endloop
  endfacet
  facet normal 0.636966 0.72633 0.2583
    outer loop
      vertex 5.54816 5.54816 9.56072
      vertex 4.77651 6.22487 9.56072
      vertex 5.35665 5.35665 10.5715
    endloop
  endfacet
  facet normal 0.636968 0.726329 0.258299
    outer loop
      vertex 4.77651 6.22487 9.56072
      vertex 4.61164 6.01 10.5715
      vertex 5.35665 5.35665 10.5715
    endloop
  endfacet
  facet normal 0.720466 0.4814 0.499182
    outer loop
      vertex 5.6923 4.36785 11.5383
      vertex 5.27719 4.04933 12.4446
      vertex 6.21372 3.58749 11.5383
    endloop
  endfacet
  facet normal 0.76842 0.513442 0.381981
    outer loop
      vertex 6.01 4.61164 10.5715
      vertex 5.6923 4.36785 11.5383
      vertex 6.21372 3.58749 11.5383
    endloop
  endfacet
  facet normal 0.866436 0.427278 0.258307
    outer loop
      vertex 7.24902 3.00264 9.56072
      vertex 6.79508 3.92314 9.56072
      vertex 6.99879 2.899 10.5715
    endloop
  endfacet
  facet normal 0.866434 0.42728 0.258309
    outer loop
      vertex 6.79508 3.92314 9.56072
      vertex 6.56052 3.78772 10.5715
      vertex 6.99879 2.899 10.5715
    endloop
  endfacet
  facet normal -0.0631427 0.963997 0.258309
    outer loop
      vertex -0.0361072 7.83403 9.59763
      vertex 0 7.57544 10.5715
      vertex 0 7.83576 9.6
    endloop
  endfacet
  facet normal -0.0631845 0.963994 0.25831
    outer loop
      vertex 0 7.57544 10.5715
      vertex -0.0361072 7.83403 9.59763
      vertex -0.988793 7.51063 10.5715
    endloop
  endfacet
  facet normal 0.651468 0.571321 0.499181
    outer loop
      vertex 5.07348 5.07348 11.5383
      vertex 4.7035 4.7035 12.4446
      vertex 5.27719 4.04933 12.4446
    endloop
  endfacet
  facet normal 0.441117 0.660169 0.607942
    outer loop
      vertex 3.32588 5.76059 12.4446
      vertex 3.00736 5.2089 13.2748
      vertex 4.04933 5.27719 12.4446
    endloop
  endfacet
  facet normal 0.474207 0.160975 0.865572
    outer loop
      vertex 4.10624 1.70086 14.6518
      vertex 3.26897 1.35405 15.175
      vertex 4.29312 1.15034 14.6518
    endloop
  endfacet
  facet normal 0.449142 0.221487 0.865572
    outer loop
      vertex 4.10624 1.70086 14.6518
      vertex 3.06427 1.76915 15.175
      vertex 3.26897 1.35405 15.175
    endloop
  endfacet
  facet normal 0.195025 0.171021 0.965773
    outer loop
      vertex 1.81834 1.81834 15.5754
      vertex 1.1036 1.1036 15.8463
      vertex 1.2382 0.950108 15.8463
    endloop
  endfacet
  facet normal 0.221496 0.449142 0.86557
    outer loop
      vertex 2.22228 3.8491 14.6518
      vertex 1.70086 4.10624 14.6518
      vertex 1.76915 3.06427 15.175
    endloop
  endfacet
  facet normal 0.523511 0.596949 0.607937
    outer loop
      vertex 4.04933 5.27719 12.4446
      vertex 3.66153 4.7718 13.2748
      vertex 4.25305 4.25305 13.2748
    endloop
  endfacet
  facet normal 0.154899 0.778726 0.607941
    outer loop
      vertex 1.7216 6.4251 12.4446
      vertex 0.785078 5.96326 13.2748
      vertex 1.55672 5.80977 13.2748
    endloop
  endfacet
  facet normal 0.0398668 0.608312 0.792696
    outer loop
      vertex 0 5.27477 14.0147
      vertex 0 4.44456 14.6518
      vertex 0.580132 4.40654 14.6518
    endloop
  endfacet
  facet normal 0.12387 0.0420469 0.991407
    outer loop
      vertex 1.50754 0.403944 15.8463
      vertex 0.483397 0.200229 15.9829
      vertex 0.505396 0.13542 15.9829
    endloop
  endfacet
  facet normal 0.597907 0.118934 0.792693
    outer loop
      vertex 5.09503 1.36521 14.0147
      vertex 4.40654 0.580132 14.6518
      vertex 5.22964 0.688495 14.0147
    endloop
  endfacet
  facet normal 0.546748 0.269631 0.792695
    outer loop
      vertex 4.87325 2.01857 14.0147
      vertex 3.8491 2.22228 14.6518
      vertex 4.10624 1.70086 14.6518
    endloop
  endfacet
  facet normal 0.866436 0.42728 -0.258304
    outer loop
      vertex 6.99879 2.899 5.42848
      vertex 6.56052 3.78772 5.42848
      vertex 6.79508 3.92314 6.43928
    endloop
  endfacet
  facet normal 0.712104 0.35117 -0.607937
    outer loop
      vertex 6.14542 2.54552 3.55544
      vertex 5.2089 3.00736 2.72523
      vertex 5.76059 3.32588 3.55544
    endloop
  endfacet
  facet normal 0.92219 -0.0604407 -0.381986
    outer loop
      vertex 7.57544 0 5.42848
      vertex 7.1136 -0.936522 4.46169
      vertex 7.17498 0 4.46169
    endloop
  endfacet
  facet normal 0.849837 0.169045 -0.4992
    outer loop
      vertex 7.1136 0.936522 4.46169
      vertex 6.4251 1.7216 3.55544
      vertex 6.9305 1.85702 4.46169
    endloop
  endfacet
  facet normal 0.824384 0.55084 0.130254
    outer loop
      vertex 6.91337 3.99144 8.52322
      vertex 6.33324 4.85966 8.52322
      vertex 6.79508 3.92314 9.56072
    endloop
  endfacet
  facet normal 0.824383 0.550841 -0.130256
    outer loop
      vertex 6.79508 3.92314 6.43928
      vertex 6.22487 4.77651 6.43928
      vertex 6.33324 4.85966 7.47678
    endloop
  endfacet
  facet normal 0.889233 0.438521 -0.130249
    outer loop
      vertex 7.24902 3.00264 6.43928
      vertex 6.79508 3.92314 6.43928
      vertex 7.37521 3.05491 7.47678
    endloop
  endfacet
  facet normal 0.745434 0.653731 0.130247
    outer loop
      vertex 5.64474 5.64474 8.52322
      vertex 5.54816 5.54816 9.56072
      vertex 6.33324 4.85966 8.52322
    endloop
  endfacet
  facet normal 0.889234 0.438517 0.130254
    outer loop
      vertex 6.91337 3.99144 8.52322
      vertex 6.79508 3.92314 9.56072
      vertex 7.37521 3.05491 8.52322
    endloop
  endfacet
  facet normal 0.824383 0.550841 0.130256
    outer loop
      vertex 6.33324 4.85966 8.52322
      vertex 6.22487 4.77651 9.56072
      vertex 6.79508 3.92314 9.56072
    endloop
  endfacet
  facet normal 0.180298 0.906412 -0.381983
    outer loop
      vertex 1.85702 6.9305 4.46169
      vertex 0.988793 7.51063 5.42848
      vertex 1.96067 7.31731 5.42848
    endloop
  endfacet
  facet normal 0.536712 0.803255 -0.258303
    outer loop
      vertex 4.61164 6.01 5.42848
      vertex 3.78772 6.56052 5.42848
      vertex 3.92314 6.79508 6.43928
    endloop
  endfacet
  facet normal 0.0649136 0.989357 -0.13023
    outer loop
      vertex 1.02415 7.77916 6.43928
      vertex 0.974018 7.8208 6.73063
      vertex 1.03 7.82359 6.77973
    endloop
  endfacet
  facet normal 0.0648477 0.989359 -0.130242
    outer loop
      vertex 1.02415 7.77916 6.43928
      vertex 0.799999 7.8169 6.61436
      vertex 0.974018 7.8208 6.73063
    endloop
  endfacet
  facet normal 0.0648247 0.989357 -0.130271
    outer loop
      vertex 1.02415 7.77916 6.43928
      vertex 0.612293 7.81701 6.52179
      vertex 0.799999 7.8169 6.61436
    endloop
  endfacet
  facet normal 0.0648482 0.98937 -0.130159
    outer loop
      vertex 1.02415 7.77916 6.43928
      vertex 0.41411 7.82115 6.45452
      vertex 0.612293 7.81701 6.52179
    endloop
  endfacet
  facet normal 0.0648341 0.989316 -0.130578
    outer loop
      vertex 0.41411 7.82115 6.45452
      vertex 1.02415 7.77916 6.43928
      vertex 0.337486 7.82416 6.43928
    endloop
  endfacet
  facet normal 0.310535 0.914794 -0.258303
    outer loop
      vertex 2.899 6.99879 5.42848
      vertex 2.03077 7.57893 6.43928
      vertex 3.00264 7.24902 6.43928
    endloop
  endfacet
  facet normal 0.383237 0.777129 -0.499199
    outer loop
      vertex 3.32588 5.76059 3.55544
      vertex 2.54552 6.14542 3.55544
      vertex 3.58749 6.21372 4.46169
    endloop
  endfacet
  facet normal 0.42728 0.866436 -0.258304
    outer loop
      vertex 3.78772 6.56052 5.42848
      vertex 2.899 6.99879 5.42848
      vertex 3.92314 6.79508 6.43928
    endloop
  endfacet
  facet normal 0.313086 0.634861 -0.706349
    outer loop
      vertex 2.63738 4.56808 1.98528
      vertex 2.01857 4.87325 1.98528
      vertex 2.30173 5.55688 2.72523
    endloop
  endfacet
  facet normal 0.40193 0.458309 -0.79272
    outer loop
      vertex 3.14278 3.14278 1.34824
      vertex 2.70568 3.52611 1.34824
      vertex 3.72982 3.72982 1.98528
    endloop
  endfacet
  facet normal -0.0519323 0.792284 -0.607938
    outer loop
      vertex 0 6.01472 2.72523
      vertex -0.785078 5.96326 2.72523
      vertex 0 6.65176 3.55544
    endloop
  endfacet
  facet normal 0.255216 0.751849 -0.607937
    outer loop
      vertex 2.54552 6.14542 3.55544
      vertex 1.55672 5.80977 2.72523
      vertex 1.7216 6.4251 3.55544
    endloop
  endfacet
  facet normal -0.609343 0.69483 -0.381985
    outer loop
      vertex -4.36785 5.6923 4.46169
      vertex -5.35665 5.35665 5.42848
      vertex -4.61164 6.01 5.42848
    endloop
  endfacet
  facet normal -0.383237 0.777129 -0.4992
    outer loop
      vertex -2.54552 6.14542 3.55544
      vertex -3.58749 6.21372 4.46169
      vertex -2.74575 6.62882 4.46169
    endloop
  endfacet
  facet normal 0.571313 0.651459 -0.499202
    outer loop
      vertex 5.07348 5.07348 4.46169
      vertex 4.04933 5.27719 3.55544
      vertex 4.36785 5.6923 4.46169
    endloop
  endfacet
  facet normal 0.609345 0.694826 -0.381988
    outer loop
      vertex 5.07348 5.07348 4.46169
      vertex 4.36785 5.6923 4.46169
      vertex 5.35665 5.35665 5.42848
    endloop
  endfacet
  facet normal 0.653724 0.745439 -0.130256
    outer loop
      vertex 5.54816 5.54816 6.43928
      vertex 4.77651 6.22487 6.43928
      vertex 4.85966 6.33324 7.47678
    endloop
  endfacet
  facet normal 0.653731 0.745434 -0.130247
    outer loop
      vertex 5.54816 5.54816 6.43928
      vertex 4.85966 6.33324 7.47678
      vertex 5.64474 5.64474 7.47678
    endloop
  endfacet
  facet normal 0.55084 0.824384 -0.130254
    outer loop
      vertex 4.85966 6.33324 7.47678
      vertex 3.92314 6.79508 6.43928
      vertex 3.99144 6.91337 7.47678
    endloop
  endfacet
  facet normal 0.550841 0.824383 -0.130256
    outer loop
      vertex 4.77651 6.22487 6.43928
      vertex 3.92314 6.79508 6.43928
      vertex 4.85966 6.33324 7.47678
    endloop
  endfacet
  facet normal -0.751941 -0.255275 0.607799
    outer loop
      vertex -5.80977 -1.55672 13.2748
      vertex -5.86519 -1.57157 13.2
      vertex -5.84 -1.64577 13.2
    endloop
  endfacet
  facet normal -0.751838 -0.255219 0.60795
    outer loop
      vertex -6.02813 -2.2 12.7347
      vertex -6.26271 -2.2 12.4446
      vertex -6.14542 -2.54552 12.4446
    endloop
  endfacet
  facet normal -0.694239 -0.138094 0.706373
    outer loop
      vertex -5.22964 -0.688495 14.0147
      vertex -5.96326 -0.785078 13.2748
      vertex -5.80977 -1.55672 13.2748
    endloop
  endfacet
  facet normal -0.875131 -0.297069 0.381963
    outer loop
      vertex -6.95298 -2.2 11.2201
      vertex -7.23607 -2.2 10.5715
      vertex -6.99879 -2.899 10.5715
    endloop
  endfacet
  facet normal -0.938864 -0.318698 0.13025
    outer loop
      vertex -7.54526 -2.2 9.38928
      vertex -7.66541 -2.2 8.52322
      vertex -7.37521 -3.05491 8.52322
    endloop
  endfacet
  facet normal -0.875109 -0.297048 0.382028
    outer loop
      vertex -6.95298 -2.2 11.2201
      vertex -6.62882 -2.74575 11.5383
      vertex -6.81407 -2.2 11.5383
    endloop
  endfacet
  facet normal -0.87512 -0.297084 0.381978
    outer loop
      vertex -6.62882 -2.74575 11.5383
      vertex -6.95298 -2.2 11.2201
      vertex -6.99879 -2.899 10.5715
    endloop
  endfacet
  facet normal -0.130532 0.00855416 0.991407
    outer loop
      vertex -1.54737 0.203714 15.8463
      vertex -1.56072 0 15.8463
      vertex -0.523225 0 15.9829
    endloop
  endfacet
  facet normal -0.634839 0.313075 0.706373
    outer loop
      vertex -4.56808 2.63738 14.0147
      vertex -5.55688 2.30173 13.2748
      vertex -4.87325 2.01857 14.0147
    endloop
  endfacet
  facet normal -0.278218 0.416393 0.86557
    outer loop
      vertex -2.22228 3.8491 14.6518
      vertex -2.70568 3.52611 14.6518
      vertex -1.76915 3.06427 15.175
    endloop
  endfacet
  facet normal -0.375969 0.0747898 0.923609
    outer loop
      vertex -3.41774 0.915781 15.175
      vertex -3.50804 0.461842 15.175
      vertex -2.48389 0.665557 15.5754
    endloop
  endfacet
  facet normal -0.351168 0.712101 0.607942
    outer loop
      vertex -2.54552 6.14542 12.4446
      vertex -3.32588 5.76059 12.4446
      vertex -3.00736 5.2089 13.2748
    endloop
  endfacet
  facet normal 0.227522 0.670276 0.706374
    outer loop
      vertex 2.30173 5.55688 13.2748
      vertex 1.36521 5.09503 14.0147
      vertex 2.01857 4.87325 14.0147
    endloop
  endfacet
  facet normal -0.318705 0.938862 0.130249
    outer loop
      vertex -2.03077 7.57893 9.56072
      vertex -3.05491 7.37521 8.52322
      vertex -3.00264 7.24902 9.56072
    endloop
  endfacet
  facet normal -0.550841 0.824383 0.130256
    outer loop
      vertex -3.92314 6.79508 9.56072
      vertex -4.85966 6.33324 8.52322
      vertex -4.77651 6.22487 9.56072
    endloop
  endfacet
  facet normal 0.0327522 0.499714 0.865571
    outer loop
      vertex 0.580132 4.40654 14.6518
      vertex 0 3.53831 15.175
      vertex 0.461842 3.50804 15.175
    endloop
  endfacet
  facet normal 0.0250708 0.382516 0.923609
    outer loop
      vertex 0.461842 3.50804 15.175
      vertex 0 3.53831 15.175
      vertex 0.335649 2.54952 15.5754
    endloop
  endfacet
  facet normal -0.706325 0.0462987 0.706372
    outer loop
      vertex -5.22964 0.688495 14.0147
      vertex -6.01472 0 13.2748
      vertex -5.27477 0 14.0147
    endloop
  endfacet
  facet normal -0.499715 -0.0327497 0.865571
    outer loop
      vertex -3.53831 0 15.175
      vertex -4.44456 0 14.6518
      vertex -4.40654 -0.580132 14.6518
    endloop
  endfacet
  facet normal -0.597871 -0.118927 -0.792721
    outer loop
      vertex -5.09503 -1.36521 1.98528
      vertex -5.22964 -0.688495 1.98528
      vertex -4.40654 -0.580132 1.34824
    endloop
  endfacet
  facet normal -0.751896 0.255227 -0.607875
    outer loop
      vertex -5.80977 1.55672 2.72523
      vertex -5.65186 2.2 2.8
      vertex -5.55688 2.30173 2.72523
    endloop
  endfacet
  facet normal -0.751844 0.255222 -0.607941
    outer loop
      vertex -5.65186 2.2 2.8
      vertex -5.80977 1.55672 2.72523
      vertex -5.84 1.64577 2.8
    endloop
  endfacet
  facet normal -0.751864 0.255141 -0.607951
    outer loop
      vertex -6.02813 2.2 3.26534
      vertex -5.55688 2.30173 2.72523
      vertex -5.65186 2.2 2.8
    endloop
  endfacet
  facet normal -0.751857 0.255199 -0.607934
    outer loop
      vertex -5.55688 2.30173 2.72523
      vertex -6.02813 2.2 3.26534
      vertex -6.14542 2.54552 3.55544
    endloop
  endfacet
  facet normal -0.597871 0.118927 -0.792721
    outer loop
      vertex -4.40654 0.580132 1.34824
      vertex -5.22964 0.688495 1.98528
      vertex -5.09503 1.36521 1.98528
    endloop
  endfacet
  facet normal -0.608276 0.0398645 -0.792724
    outer loop
      vertex -4.44456 0 1.34824
      vertex -5.27477 0 1.98528
      vertex -4.40654 0.580132 1.34824
    endloop
  endfacet
  facet normal -0.597874 0.118923 -0.792719
    outer loop
      vertex -4.40654 0.580132 1.34824
      vertex -5.09503 1.36521 1.98528
      vertex -4.29312 1.15034 1.34824
    endloop
  endfacet
  facet normal -0.751838 0.255219 -0.60795
    outer loop
      vertex -6.02813 2.2 3.26534
      vertex -6.26271 2.2 3.55544
      vertex -6.14542 2.54552 3.55544
    endloop
  endfacet
  facet normal -0.751829 0.255237 -0.607953
    outer loop
      vertex -5.80977 1.55672 2.72523
      vertex -5.86519 1.57157 2.8
      vertex -5.84 1.64577 2.8
    endloop
  endfacet
  facet normal -0.828863 0.40875 -0.381981
    outer loop
      vertex -6.62882 2.74575 4.46169
      vertex -6.99879 2.899 5.42848
      vertex -6.21372 3.58749 4.46169
    endloop
  endfacet
  facet normal -0.108758 -0.0726691 -0.991409
    outer loop
      vertex -1.2382 -0.950108 0.153718
      vertex -1.35162 -0.780361 0.153718
      vertex -0.453126 -0.261612 0.0171289
    endloop
  endfacet
  facet normal -0.27852 -0.820504 -0.4992
    outer loop
      vertex -1.85702 -6.9305 4.46169
      vertex -2.54552 -6.14542 3.55544
      vertex -1.7216 -6.4251 3.55544
    endloop
  endfacet
  facet normal -0.449156 -0.221494 -0.865563
    outer loop
      vertex -3.06427 -1.76915 0.825019
      vertex -4.10624 -1.70086 1.34824
      vertex -3.26897 -1.35405 0.825019
    endloop
  endfacet
  facet normal -0.588564 -0.393268 -0.706352
    outer loop
      vertex -4.18475 -3.21107 1.98528
      vertex -5.2089 -3.00736 2.72523
      vertex -4.56808 -2.63738 1.98528
    endloop
  endfacet
  facet normal -0.12386 0.0420433 -0.991409
    outer loop
      vertex -0.483397 0.200229 0.0171289
      vertex -1.50754 0.403944 0.153718
      vertex -1.44192 0.597262 0.153718
    endloop
  endfacet
  facet normal -0.634861 -0.31308 -0.706352
    outer loop
      vertex -5.2089 -3.00736 2.72523
      vertex -5.55688 -2.30173 2.72523
      vertex -4.56808 -2.63738 1.98528
    endloop
  endfacet
  facet normal -0.866436 -0.42728 -0.258304
    outer loop
      vertex -6.79508 -3.92314 6.43928
      vertex -6.99879 -2.899 5.42848
      vertex -6.56052 -3.78772 5.42848
    endloop
  endfacet
  facet normal -0.914795 -0.310532 -0.258303
    outer loop
      vertex -7.24902 -3.00264 6.43928
      vertex -7.46585 -2.2 6.24226
      vertex -6.99879 -2.899 5.42848
    endloop
  endfacet
  facet normal -0.914796 -0.310532 -0.258299
    outer loop
      vertex -7.46585 -2.2 6.24226
      vertex -7.24902 -3.00264 6.43928
      vertex -7.52148 -2.2 6.43928
    endloop
  endfacet
  facet normal -0.653731 -0.745434 -0.130247
    outer loop
      vertex -4.85966 -6.33324 7.47678
      vertex -5.64474 -5.64474 7.47678
      vertex -5.54816 -5.54816 6.43928
    endloop
  endfacet
  facet normal -0.745434 -0.653731 -0.130247
    outer loop
      vertex -5.64474 -5.64474 7.47678
      vertex -6.33324 -4.85966 7.47678
      vertex -5.54816 -5.54816 6.43928
    endloop
  endfacet
  facet normal -0.720456 -0.481394 -0.499202
    outer loop
      vertex -5.6923 -4.36785 4.46169
      vertex -6.21372 -3.58749 4.46169
      vertex -5.27719 -4.04933 3.55544
    endloop
  endfacet
  facet normal -0.712104 -0.35117 -0.607937
    outer loop
      vertex -5.76059 -3.32588 3.55544
      vertex -6.14542 -2.54552 3.55544
      vertex -5.2089 -3.00736 2.72523
    endloop
  endfacet
  facet normal -0.777129 -0.383237 -0.499199
    outer loop
      vertex -5.76059 -3.32588 3.55544
      vertex -6.21372 -3.58749 4.46169
      vertex -6.14542 -2.54552 3.55544
    endloop
  endfacet
  facet normal -0.777129 -0.383237 -0.4992
    outer loop
      vertex -6.21372 -3.58749 4.46169
      vertex -6.62882 -2.74575 4.46169
      vertex -6.14542 -2.54552 3.55544
    endloop
  endfacet
  facet normal -0.896875 -0.442284 0
    outer loop
      vertex -6.91337 -3.99144 7.47678
      vertex -7.37521 -3.05491 8.52322
      vertex -7.37521 -3.05491 7.47678
    endloop
  endfacet
  facet normal -0.896875 -0.442284 0
    outer loop
      vertex -7.37521 -3.05491 8.52322
      vertex -6.91337 -3.99144 7.47678
      vertex -6.91337 -3.99144 8.52322
    endloop
  endfacet
  facet normal -0.310535 -0.914793 0.258308
    outer loop
      vertex -2.899 -6.99879 10.5715
      vertex -3.00264 -7.24902 9.56072
      vertex -2.03077 -7.57893 9.56072
    endloop
  endfacet
  facet normal -0.383242 -0.77714 0.499178
    outer loop
      vertex -3.32588 -5.76059 12.4446
      vertex -3.58749 -6.21372 11.5383
      vertex -2.54552 -6.14542 12.4446
    endloop
  endfacet
  facet normal 0.193429 -0.97243 0.130246
    outer loop
      vertex 2.03077 -7.57893 9.56072
      vertex 1.02415 -7.77916 9.56072
      vertex 2.06612 -7.71086 8.52322
    endloop
  endfacet
  facet normal -0.550841 -0.824383 0.130256
    outer loop
      vertex -4.77651 -6.22487 9.56072
      vertex -4.85966 -6.33324 8.52322
      vertex -3.92314 -6.79508 9.56072
    endloop
  endfacet
  facet normal -0.55084 -0.824384 0.130254
    outer loop
      vertex -3.92314 -6.79508 9.56072
      vertex -4.85966 -6.33324 8.52322
      vertex -3.99144 -6.91337 8.52322
    endloop
  endfacet
  facet normal -0.297062 -0.875126 -0.381981
    outer loop
      vertex -1.85702 -6.9305 4.46169
      vertex -2.899 -6.99879 5.42848
      vertex -2.74575 -6.62882 4.46169
    endloop
  endfacet
  facet normal -0.35117 -0.712104 -0.607937
    outer loop
      vertex -2.54552 -6.14542 3.55544
      vertex -3.32588 -5.76059 3.55544
      vertex -3.00736 -5.2089 2.72523
    endloop
  endfacet
  facet normal -0.438521 -0.889233 -0.130249
    outer loop
      vertex -3.05491 -7.37521 7.47678
      vertex -3.92314 -6.79508 6.43928
      vertex -3.00264 -7.24902 6.43928
    endloop
  endfacet
  facet normal -0.180298 -0.906412 -0.381983
    outer loop
      vertex -0.988793 -7.51063 5.42848
      vertex -1.96067 -7.31731 5.42848
      vertex -1.85702 -6.9305 4.46169
    endloop
  endfacet
  facet normal -0.408752 -0.828863 -0.38198
    outer loop
      vertex -2.899 -6.99879 5.42848
      vertex -3.78772 -6.56052 5.42848
      vertex -3.58749 -6.21372 4.46169
    endloop
  endfacet
  facet normal -0.40875 -0.828863 -0.381981
    outer loop
      vertex -2.899 -6.99879 5.42848
      vertex -3.58749 -6.21372 4.46169
      vertex -2.74575 -6.62882 4.46169
    endloop
  endfacet
  facet normal 0.427279 -0.866437 -0.258302
    outer loop
      vertex 3.00264 -7.24902 6.43928
      vertex 2.899 -6.99879 5.42848
      vertex 3.92314 -6.79508 6.43928
    endloop
  endfacet
  facet normal 0.318705 -0.938862 -0.130249
    outer loop
      vertex 3.05491 -7.37521 7.47678
      vertex 2.03077 -7.57893 6.43928
      vertex 3.00264 -7.24902 6.43928
    endloop
  endfacet
  facet normal -0.180298 -0.906412 -0.381983
    outer loop
      vertex -0.988793 -7.51063 5.42848
      vertex -1.85702 -6.9305 4.46169
      vertex -0.936522 -7.1136 4.46169
    endloop
  endfacet
  facet normal -0.0977002 -0.491178 -0.865563
    outer loop
      vertex -0.580132 -4.40654 1.34824
      vertex -1.15034 -4.29312 1.34824
      vertex -0.461842 -3.50804 0.825019
    endloop
  endfacet
  facet normal -0.255216 -0.751849 -0.607937
    outer loop
      vertex -1.7216 -6.4251 3.55544
      vertex -2.54552 -6.14542 3.55544
      vertex -1.55672 -5.80977 2.72523
    endloop
  endfacet
  facet normal -0.169047 -0.849838 -0.499198
    outer loop
      vertex -0.936522 -7.1136 4.46169
      vertex -1.7216 -6.4251 3.55544
      vertex -0.868228 -6.59485 3.55544
    endloop
  endfacet
  facet normal 0.442284 -0.896875 0
    outer loop
      vertex 3.05491 -7.37521 7.47678
      vertex 3.99144 -6.91337 8.52322
      vertex 3.05491 -7.37521 8.52322
    endloop
  endfacet
  facet normal 0.442284 -0.896875 0
    outer loop
      vertex 3.99144 -6.91337 8.52322
      vertex 3.05491 -7.37521 7.47678
      vertex 3.99144 -6.91337 7.47678
    endloop
  endfacet
  facet normal 0.653731 -0.745434 -0.130247
    outer loop
      vertex 5.64474 -5.64474 7.47678
      vertex 4.85966 -6.33324 7.47678
      vertex 5.54816 -5.54816 6.43928
    endloop
  endfacet
  facet normal -0.751881 -0.25493 0.608017
    outer loop
      vertex -6.02813 -2.2 12.7347
      vertex -5.55688 -2.30173 13.2748
      vertex -5.65186 -2.2 13.2
    endloop
  endfacet
  facet normal -0.751851 -0.255205 0.607939
    outer loop
      vertex -5.55688 -2.30173 13.2748
      vertex -6.02813 -2.2 12.7347
      vertex -6.14542 -2.54552 12.4446
    endloop
  endfacet
  facet normal -0.751955 -0.25526 0.607788
    outer loop
      vertex -5.65186 -2.2 13.2
      vertex -5.80977 -1.55672 13.2748
      vertex -5.84 -1.64577 13.2
    endloop
  endfacet
  facet normal -0.752007 -0.255265 0.607721
    outer loop
      vertex -5.80977 -1.55672 13.2748
      vertex -5.65186 -2.2 13.2
      vertex -5.55688 -2.30173 13.2748
    endloop
  endfacet
  facet normal -0.382516 -0.0250719 0.923609
    outer loop
      vertex -2.57152 0 15.5754
      vertex -3.53831 0 15.175
      vertex -2.54952 -0.335649 15.5754
    endloop
  endfacet
  facet normal -0.634839 -0.31307 0.706376
    outer loop
      vertex -4.56808 -2.63738 14.0147
      vertex -5.55688 -2.30173 13.2748
      vertex -5.2089 -3.00736 13.2748
    endloop
  endfacet
  facet normal -0.889234 -0.438517 0.130254
    outer loop
      vertex -6.79508 -3.92314 9.56072
      vertex -7.37521 -3.05491 8.52322
      vertex -6.91337 -3.99144 8.52322
    endloop
  endfacet
  facet normal -0.768423 -0.513439 0.381977
    outer loop
      vertex -6.21372 -3.58749 11.5383
      vertex -6.56052 -3.78772 10.5715
      vertex -6.01 -4.61164 10.5715
    endloop
  endfacet
  facet normal -0.449142 -0.221496 0.86557
    outer loop
      vertex -3.06427 -1.76915 15.175
      vertex -4.10624 -1.70086 14.6518
      vertex -3.8491 -2.22228 14.6518
    endloop
  endfacet
  facet normal -0.651468 -0.571321 0.499181
    outer loop
      vertex -4.7035 -4.7035 12.4446
      vertex -5.27719 -4.04933 12.4446
      vertex -5.07348 -5.07348 11.5383
    endloop
  endfacet
  facet normal 0.401952 -0.45834 0.792691
    outer loop
      vertex 3.72982 -3.72982 14.0147
      vertex 2.70568 -3.52611 14.6518
      vertex 3.21107 -4.18475 14.0147
    endloop
  endfacet
  facet normal 0.0398743 -0.608315 0.792693
    outer loop
      vertex 0.580132 -4.40654 14.6518
      vertex 0 -5.27477 14.0147
      vertex 0.688495 -5.22964 14.0147
    endloop
  endfacet
  facet normal 0.252757 -0.288206 0.923608
    outer loop
      vertex 2.50196 -2.50196 15.175
      vertex 1.81834 -1.81834 15.5754
      vertex 2.15399 -2.80713 15.175
    endloop
  endfacet
  facet normal 0.11893 -0.597909 0.792692
    outer loop
      vertex 1.15034 -4.29312 14.6518
      vertex 0.580132 -4.40654 14.6518
      vertex 1.36521 -5.09503 14.0147
    endloop
  endfacet
  facet normal -0.128298 -0.02552 0.991407
    outer loop
      vertex -0.518748 -0.0682945 15.9829
      vertex -1.50754 -0.403944 15.8463
      vertex -0.505396 -0.13542 15.9829
    endloop
  endfacet
  facet normal -0.086247 -0.0983523 0.991407
    outer loop
      vertex -0.318519 -0.415102 15.9829
      vertex -1.1036 -1.1036 15.8463
      vertex -0.950108 -1.2382 15.8463
    endloop
  endfacet
  facet normal 0.0506096 -0.254404 0.965773
    outer loop
      vertex 0.665557 -2.48389 15.5754
      vertex 0.203714 -1.54737 15.8463
      vertex 0.335649 -2.54952 15.5754
    endloop
  endfacet
  facet normal -0.232641 -0.114723 0.965773
    outer loop
      vertex -1.44192 -0.597262 15.8463
      vertex -2.37577 -0.984076 15.5754
      vertex -2.227 -1.28576 15.5754
    endloop
  endfacet
  facet normal -0.12387 -0.0420466 0.991407
    outer loop
      vertex -0.483397 -0.200229 15.9829
      vertex -1.50754 -0.403944 15.8463
      vertex -1.44192 -0.597262 15.8463
    endloop
  endfacet
  facet normal 0.0631926 -0.963995 0.258303
    outer loop
      vertex 0.208841 -7.82574 9.58631
      vertex 0.988793 -7.51063 10.5715
      vertex 0.0361072 -7.83403 9.59763
    endloop
  endfacet
  facet normal 0.0632174 -0.963998 0.258284
    outer loop
      vertex 0.337486 -7.82416 9.56072
      vertex 0.988793 -7.51063 10.5715
      vertex 0.208841 -7.82574 9.58631
    endloop
  endfacet
  facet normal 0.0631746 -0.963994 0.25831
    outer loop
      vertex 0.988793 -7.51063 10.5715
      vertex 0.337486 -7.82416 9.56072
      vertex 1.02415 -7.77916 9.56072
    endloop
  endfacet
  facet normal -0.193429 -0.97243 0.130246
    outer loop
      vertex -2.03077 -7.57893 9.56072
      vertex -2.06612 -7.71086 8.52322
      vertex -1.02415 -7.77916 9.56072
    endloop
  endfacet
  facet normal 0.536712 -0.803254 0.258308
    outer loop
      vertex 4.61164 -6.01 10.5715
      vertex 3.78772 -6.56052 10.5715
      vertex 3.92314 -6.79508 9.56072
    endloop
  endfacet
  facet normal 0.278524 -0.820515 0.499179
    outer loop
      vertex 2.54552 -6.14542 12.4446
      vertex 1.7216 -6.4251 12.4446
      vertex 1.85702 -6.9305 11.5383
    endloop
  endfacet
  facet normal 0.180298 -0.906413 0.381979
    outer loop
      vertex 1.85702 -6.9305 11.5383
      vertex 0.988793 -7.51063 10.5715
      vertex 1.96067 -7.31731 10.5715
    endloop
  endfacet
  facet normal 0.180298 -0.906413 0.381979
    outer loop
      vertex 1.85702 -6.9305 11.5383
      vertex 0.936522 -7.1136 11.5383
      vertex 0.988793 -7.51063 10.5715
    endloop
  endfacet
  facet normal -0.154899 -0.778726 0.607941
    outer loop
      vertex -1.55672 -5.80977 13.2748
      vertex -1.7216 -6.4251 12.4446
      vertex -0.785078 -5.96326 13.2748
    endloop
  endfacet
  facet normal -0.0566751 -0.864644 0.499178
    outer loop
      vertex -0.868228 -6.59485 12.4446
      vertex -0.936522 -7.1136 11.5383
      vertex 0 -6.65176 12.4446
    endloop
  endfacet
  facet normal -0.0604447 -0.922192 0.381979
    outer loop
      vertex -0.936522 -7.1136 11.5383
      vertex -0.988793 -7.51063 10.5715
      vertex 0 -7.57544 10.5715
    endloop
  endfacet
  facet normal -0.255214 -0.751846 0.607942
    outer loop
      vertex -1.55672 -5.80977 13.2748
      vertex -2.54552 -6.14542 12.4446
      vertex -1.7216 -6.4251 12.4446
    endloop
  endfacet
  facet normal -0.278524 -0.820515 0.499179
    outer loop
      vertex -2.54552 -6.14542 12.4446
      vertex -2.74575 -6.62882 11.5383
      vertex -1.85702 -6.9305 11.5383
    endloop
  endfacet
  facet normal -0.297065 -0.875125 0.38198
    outer loop
      vertex -1.85702 -6.9305 11.5383
      vertex -2.899 -6.99879 10.5715
      vertex -1.96067 -7.31731 10.5715
    endloop
  endfacet
  facet normal -0.171021 -0.195025 0.965773
    outer loop
      vertex -1.1036 -1.1036 15.8463
      vertex -1.81834 -1.81834 15.5754
      vertex -0.950108 -1.2382 15.8463
    endloop
  endfacet
  facet normal -0.169542 -0.343805 0.923609
    outer loop
      vertex -0.984076 -2.37577 15.5754
      vertex -1.76915 -3.06427 15.175
      vertex -1.35405 -3.26897 15.175
    endloop
  endfacet
  facet normal -0.118934 -0.597907 0.792693
    outer loop
      vertex -0.580132 -4.40654 14.6518
      vertex -1.36521 -5.09503 14.0147
      vertex -0.688495 -5.22964 14.0147
    endloop
  endfacet
  facet normal -0.351168 -0.712101 0.607942
    outer loop
      vertex -3.00736 -5.2089 13.2748
      vertex -3.32588 -5.76059 12.4446
      vertex -2.54552 -6.14542 12.4446
    endloop
  endfacet
  facet normal -0.523511 -0.596949 0.607937
    outer loop
      vertex -3.66153 -4.7718 13.2748
      vertex -4.25305 -4.25305 13.2748
      vertex -4.04933 -5.27719 12.4446
    endloop
  endfacet
  facet normal -0.466709 -0.532179 0.706377
    outer loop
      vertex -3.72982 -3.72982 14.0147
      vertex -4.25305 -4.25305 13.2748
      vertex -3.66153 -4.7718 13.2748
    endloop
  endfacet
  facet normal -0.596949 -0.523511 0.607937
    outer loop
      vertex -4.7718 -3.66153 13.2748
      vertex -5.27719 -4.04933 12.4446
      vertex -4.25305 -4.25305 13.2748
    endloop
  endfacet
  facet normal -0.523509 -0.59695 0.607939
    outer loop
      vertex -4.25305 -4.25305 13.2748
      vertex -4.7035 -4.7035 12.4446
      vertex -4.04933 -5.27719 12.4446
    endloop
  endfacet
  facet normal 0.636966 -0.72633 0.2583
    outer loop
      vertex 5.35665 -5.35665 10.5715
      vertex 4.77651 -6.22487 9.56072
      vertex 5.54816 -5.54816 9.56072
    endloop
  endfacet
  facet normal 0.745439 -0.653724 0.130256
    outer loop
      vertex 6.22487 -4.77651 9.56072
      vertex 5.54816 -5.54816 9.56072
      vertex 6.33324 -4.85966 8.52322
    endloop
  endfacet
  facet normal 0.651468 -0.571321 0.499181
    outer loop
      vertex 5.27719 -4.04933 12.4446
      vertex 5.07348 -5.07348 11.5383
      vertex 5.6923 -4.36785 11.5383
    endloop
  endfacet
  facet normal 0.609346 -0.694827 0.381985
    outer loop
      vertex 5.07348 -5.07348 11.5383
      vertex 4.36785 -5.6923 11.5383
      vertex 5.35665 -5.35665 10.5715
    endloop
  endfacet
  facet normal 0.636968 -0.726329 0.258299
    outer loop
      vertex 5.35665 -5.35665 10.5715
      vertex 4.61164 -6.01 10.5715
      vertex 4.77651 -6.22487 9.56072
    endloop
  endfacet
  facet normal 0.536721 -0.803251 0.258299
    outer loop
      vertex 4.61164 -6.01 10.5715
      vertex 3.92314 -6.79508 9.56072
      vertex 4.77651 -6.22487 9.56072
    endloop
  endfacet
  facet normal 0.659348 -0.751838 0
    outer loop
      vertex 4.85966 -6.33324 7.47678
      vertex 5.64474 -5.64474 8.52322
      vertex 4.85966 -6.33324 8.52322
    endloop
  endfacet
  facet normal 0.659348 -0.751838 0
    outer loop
      vertex 5.64474 -5.64474 8.52322
      vertex 4.85966 -6.33324 7.47678
      vertex 5.64474 -5.64474 7.47678
    endloop
  endfacet
  facet normal 0.27852 -0.820504 -0.4992
    outer loop
      vertex 2.74575 -6.62882 4.46169
      vertex 1.85702 -6.9305 4.46169
      vertex 2.54552 -6.14542 3.55544
    endloop
  endfacet
  facet normal 0.169047 -0.849838 -0.499198
    outer loop
      vertex 0.936522 -7.1136 4.46169
      vertex 0.868228 -6.59485 3.55544
      vertex 1.7216 -6.4251 3.55544
    endloop
  endfacet
  facet normal 0.27852 -0.820504 -0.4992
    outer loop
      vertex 1.85702 -6.9305 4.46169
      vertex 1.7216 -6.4251 3.55544
      vertex 2.54552 -6.14542 3.55544
    endloop
  endfacet
  facet normal 0.383237 -0.777129 -0.4992
    outer loop
      vertex 2.74575 -6.62882 4.46169
      vertex 2.54552 -6.14542 3.55544
      vertex 3.58749 -6.21372 4.46169
    endloop
  endfacet
  facet normal 0.0463003 -0.706348 -0.706348
    outer loop
      vertex 0.688495 -5.22964 1.98528
      vertex 0 -6.01472 2.72523
      vertex 0 -5.27477 1.98528
    endloop
  endfacet
  facet normal 0.118927 -0.597871 -0.792721
    outer loop
      vertex 0.688495 -5.22964 1.98528
      vertex 0.580132 -4.40654 1.34824
      vertex 1.36521 -5.09503 1.98528
    endloop
  endfacet
  facet normal -0.269615 -0.546716 -0.792723
    outer loop
      vertex -2.01857 -4.87325 1.98528
      vertex -2.22228 -3.8491 1.34824
      vertex -1.70086 -4.10624 1.34824
    endloop
  endfacet
  facet normal -0.376521 -0.330203 -0.865562
    outer loop
      vertex -3.14278 -3.14278 1.34824
      vertex -3.52611 -2.70568 1.34824
      vertex -2.80713 -2.15399 0.825019
    endloop
  endfacet
  facet normal 0.269615 -0.546716 -0.792723
    outer loop
      vertex 2.01857 -4.87325 1.98528
      vertex 1.70086 -4.10624 1.34824
      vertex 2.22228 -3.8491 1.34824
    endloop
  endfacet
  facet normal 0.195939 -0.577234 -0.792723
    outer loop
      vertex 2.01857 -4.87325 1.98528
      vertex 1.36521 -5.09503 1.98528
      vertex 1.70086 -4.10624 1.34824
    endloop
  endfacet
  facet normal 0.864635 0.0566685 -0.499194
    outer loop
      vertex 7.17498 0 4.46169
      vertex 6.65176 0 3.55544
      vertex 7.1136 0.936522 4.46169
    endloop
  endfacet
  facet normal 0.864635 -0.0566685 -0.499194
    outer loop
      vertex 7.1136 -0.936522 4.46169
      vertex 6.65176 0 3.55544
      vertex 7.17498 0 4.46169
    endloop
  endfacet
  facet normal 0.768422 -0.513438 -0.38198
    outer loop
      vertex 6.56052 -3.78772 5.42848
      vertex 6.01 -4.61164 5.42848
      vertex 6.21372 -3.58749 4.46169
    endloop
  endfacet
  facet normal 0.849837 -0.169045 -0.4992
    outer loop
      vertex 6.9305 -1.85702 4.46169
      vertex 6.4251 -1.7216 3.55544
      vertex 7.1136 -0.936522 4.46169
    endloop
  endfacet
  facet normal 0.720456 -0.481394 -0.499202
    outer loop
      vertex 5.6923 -4.36785 4.46169
      vertex 5.27719 -4.04933 3.55544
      vertex 6.21372 -3.58749 4.46169
    endloop
  endfacet
  facet normal 0.768418 -0.513441 -0.381984
    outer loop
      vertex 6.01 -4.61164 5.42848
      vertex 5.6923 -4.36785 4.46169
      vertex 6.21372 -3.58749 4.46169
    endloop
  endfacet
  facet normal 0.94693 -0.32144 0
    outer loop
      vertex 7.37521 -3.05491 8.52322
      vertex 7.71086 -2.06612 7.47678
      vertex 7.71086 -2.06612 8.52322
    endloop
  endfacet
  facet normal 0.94693 -0.32144 0
    outer loop
      vertex 7.71086 -2.06612 7.47678
      vertex 7.37521 -3.05491 8.52322
      vertex 7.37521 -3.05491 7.47678
    endloop
  endfacet
  facet normal 0.938864 -0.318702 -0.130246
    outer loop
      vertex 7.71086 -2.06612 7.47678
      vertex 7.37521 -3.05491 7.47678
      vertex 7.57893 -2.03077 6.43928
    endloop
  endfacet
  facet normal 0.947499 -0.188471 0.258312
    outer loop
      vertex 7.51063 -0.988793 10.5715
      vertex 7.31731 -1.96067 10.5715
      vertex 7.57893 -2.03077 9.56072
    endloop
  endfacet
  facet normal 0.896875 -0.442284 0
    outer loop
      vertex 6.91337 -3.99144 8.52322
      vertex 7.37521 -3.05491 7.47678
      vertex 7.37521 -3.05491 8.52322
    endloop
  endfacet
  facet normal 0.896875 -0.442284 0
    outer loop
      vertex 7.37521 -3.05491 7.47678
      vertex 6.91337 -3.99144 8.52322
      vertex 6.91337 -3.99144 7.47678
    endloop
  endfacet
  facet normal -0.130521 0.00855623 -0.991409
    outer loop
      vertex -0.523225 0 0.0171289
      vertex -1.54737 0.203714 0.153718
      vertex -0.518748 0.0682945 0.0171289
    endloop
  endfacet
  facet normal 0.215629 -0.144082 -0.965787
    outer loop
      vertex 2.04012 -1.56544 0.42456
      vertex 1.2382 -0.950108 0.153718
      vertex 2.227 -1.28576 0.42456
    endloop
  endfacet
  facet normal -0.0169588 -0.258782 -0.965787
    outer loop
      vertex 0 -1.56072 0.153718
      vertex -0.335649 -2.54952 0.42456
      vertex -0.203714 -1.54737 0.153718
    endloop
  endfacet
  facet normal -0.16098 -0.474222 -0.865563
    outer loop
      vertex -1.15034 -4.29312 1.34824
      vertex -1.70086 -4.10624 1.34824
      vertex -1.35405 -3.26897 0.825019
    endloop
  endfacet
  facet normal 0.194983 0.170989 -0.965787
    outer loop
      vertex 2.04012 1.56544 0.42456
      vertex 1.2382 0.950108 0.153718
      vertex 1.81834 1.81834 0.42456
    endloop
  endfacet
  facet normal -0.0833584 0.245576 -0.965787
    outer loop
      vertex -0.597262 1.44192 0.153718
      vertex -0.665557 2.48389 0.42456
      vertex -0.403944 1.50754 0.153718
    endloop
  endfacet
  facet normal 0.118923 0.597874 -0.792719
    outer loop
      vertex 1.15034 4.29312 1.34824
      vertex 0.580132 4.40654 1.34824
      vertex 1.36521 5.09503 1.98528
    endloop
  endfacet
  facet normal 0.474221 0.160974 -0.865564
    outer loop
      vertex 3.41774 0.915781 0.825019
      vertex 3.26897 1.35405 0.825019
      vertex 4.29312 1.15034 1.34824
    endloop
  endfacet
  facet normal 0.252788 0.288242 -0.923588
    outer loop
      vertex 2.50196 2.50196 0.825019
      vertex 1.81834 1.81834 0.42456
      vertex 2.15399 2.80713 0.825019
    endloop
  endfacet
  facet normal 0.117311 0.057855 -0.991409
    outer loop
      vertex 1.44192 0.597262 0.153718
      vertex 0.453126 0.261612 0.0171289
      vertex 1.35162 0.780361 0.153718
    endloop
  endfacet
  facet normal 0.213 -0.318771 -0.923589
    outer loop
      vertex 1.76915 -3.06427 0.825019
      vertex 1.28576 -2.227 0.42456
      vertex 1.56544 -2.04012 0.42456
    endloop
  endfacet
  facet normal 0.114707 -0.232588 -0.965787
    outer loop
      vertex 1.28576 -2.227 0.42456
      vertex 0.597262 -1.44192 0.153718
      vertex 0.780361 -1.35162 0.153718
    endloop
  endfacet
  facet normal 0.634861 -0.313086 -0.706349
    outer loop
      vertex 5.55688 -2.30173 2.72523
      vertex 4.56808 -2.63738 1.98528
      vertex 4.87325 -2.01857 1.98528
    endloop
  endfacet
  facet normal 0.221494 -0.449156 -0.865563
    outer loop
      vertex 1.70086 -4.10624 1.34824
      vertex 1.35405 -3.26897 0.825019
      vertex 1.76915 -3.06427 0.825019
    endloop
  endfacet
  facet normal 0.288246 -0.252777 -0.92359
    outer loop
      vertex 2.80713 -2.15399 0.825019
      vertex 1.81834 -1.81834 0.42456
      vertex 2.04012 -1.56544 0.42456
    endloop
  endfacet
  facet normal 0.245576 -0.0833597 -0.965787
    outer loop
      vertex 2.37577 -0.984076 0.42456
      vertex 1.44192 -0.597262 0.153718
      vertex 2.48389 -0.665557 0.42456
    endloop
  endfacet
  facet normal 0.588564 -0.393264 -0.706354
    outer loop
      vertex 4.7718 -3.66153 2.72523
      vertex 4.18475 -3.21107 1.98528
      vertex 5.2089 -3.00736 2.72523
    endloop
  endfacet
  facet normal 0.376516 -0.330205 -0.865564
    outer loop
      vertex 3.14278 -3.14278 1.34824
      vertex 2.50196 -2.50196 0.825019
      vertex 2.80713 -2.15399 0.825019
    endloop
  endfacet
  facet normal 0.706348 0.0463003 -0.706348
    outer loop
      vertex 5.27477 0 1.98528
      vertex 5.22964 0.688495 1.98528
      vertex 6.01472 0 2.72523
    endloop
  endfacet
  facet normal 0.792284 -0.0519323 -0.607938
    outer loop
      vertex 6.65176 0 3.55544
      vertex 5.96326 -0.785078 2.72523
      vertex 6.01472 0 2.72523
    endloop
  endfacet
  facet normal 0.376016 0.0747992 -0.923589
    outer loop
      vertex 3.50804 0.461842 0.825019
      vertex 2.48389 0.665557 0.42456
      vertex 3.41774 0.915781 0.825019
    endloop
  endfacet
  facet normal 0.288246 0.252777 -0.92359
    outer loop
      vertex 2.04012 1.56544 0.42456
      vertex 1.81834 1.81834 0.42456
      vertex 2.80713 2.15399 0.825019
    endloop
  endfacet
  facet normal 0.694826 0.609345 -0.381988
    outer loop
      vertex 5.6923 4.36785 4.46169
      vertex 5.07348 5.07348 4.46169
      vertex 5.35665 5.35665 5.42848
    endloop
  endfacet
  facet normal 0.651459 0.571313 -0.499202
    outer loop
      vertex 5.27719 4.04933 3.55544
      vertex 5.07348 5.07348 4.46169
      vertex 5.6923 4.36785 4.46169
    endloop
  endfacet
  facet normal 0.720456 0.481394 -0.499202
    outer loop
      vertex 6.21372 3.58749 4.46169
      vertex 5.27719 4.04933 3.55544
      vertex 5.6923 4.36785 4.46169
    endloop
  endfacet
  facet normal 0.778729 0.154899 -0.607937
    outer loop
      vertex 6.4251 1.7216 3.55544
      vertex 6 0.893821 2.8
      vertex 6 1.60769 2.98189
    endloop
  endfacet
  facet normal 0.778711 0.154924 -0.607954
    outer loop
      vertex 6 0.893821 2.8
      vertex 6.4251 1.7216 3.55544
      vertex 5.96326 0.785078 2.72523
    endloop
  endfacet
  facet normal 0.778717 0.154893 -0.607953
    outer loop
      vertex 6 0.893821 2.8
      vertex 5.80977 1.55672 2.72523
      vertex 5.86519 1.57157 2.8
    endloop
  endfacet
  facet normal 0.778733 0.154901 -0.607931
    outer loop
      vertex 5.80977 1.55672 2.72523
      vertex 6 0.893821 2.8
      vertex 5.96326 0.785078 2.72523
    endloop
  endfacet
  facet normal 0.588564 0.393268 -0.706352
    outer loop
      vertex 4.56808 2.63738 1.98528
      vertex 4.18475 3.21107 1.98528
      vertex 5.2089 3.00736 2.72523
    endloop
  endfacet
  facet normal 0.694262 0.138098 -0.706349
    outer loop
      vertex 5.96326 0.785078 2.72523
      vertex 5.22964 0.688495 1.98528
      vertex 5.80977 1.55672 2.72523
    endloop
  endfacet
  facet normal 0.31308 -0.634861 -0.706352
    outer loop
      vertex 3.00736 -5.2089 2.72523
      vertex 2.30173 -5.55688 2.72523
      vertex 2.63738 -4.56808 1.98528
    endloop
  endfacet
  facet normal 0.596952 -0.523512 -0.607934
    outer loop
      vertex 4.7035 -4.7035 3.55544
      vertex 4.25305 -4.25305 2.72523
      vertex 5.27719 -4.04933 3.55544
    endloop
  endfacet
  facet normal 0.660178 -0.441115 -0.607933
    outer loop
      vertex 5.27719 -4.04933 3.55544
      vertex 4.7718 -3.66153 2.72523
      vertex 5.2089 -3.00736 2.72523
    endloop
  endfacet
  facet normal 0.712104 -0.351173 -0.607935
    outer loop
      vertex 6.14542 -2.54552 3.55544
      vertex 5.2089 -3.00736 2.72523
      vertex 5.55688 -2.30173 2.72523
    endloop
  endfacet
  facet normal 0.989359 -0.0648399 0.13025
    outer loop
      vertex 7.84628 0 9.56072
      vertex 7.77916 -1.02415 9.56072
      vertex 7.91458 -1.04197 8.52322
    endloop
  endfacet
  facet normal 0.906413 -0.180298 0.381979
    outer loop
      vertex 7.51063 -0.988793 10.5715
      vertex 6.9305 -1.85702 11.5383
      vertex 7.31731 -1.96067 10.5715
    endloop
  endfacet
  facet normal 0.963995 -0.0631846 0.258304
    outer loop
      vertex 7.57544 0 10.5715
      vertex 7.51063 -0.988793 10.5715
      vertex 7.84628 0 9.56072
    endloop
  endfacet
  facet normal 0.963995 0.0631846 0.258304
    outer loop
      vertex 7.84628 0 9.56072
      vertex 7.51063 0.988793 10.5715
      vertex 7.57544 0 10.5715
    endloop
  endfacet
  facet normal 0.997859 0.065399 0
    outer loop
      vertex 7.98287 0 8.52322
      vertex 7.91458 1.04197 7.47678
      vertex 7.91458 1.04197 8.52322
    endloop
  endfacet
  facet normal 0.997859 0.065399 0
    outer loop
      vertex 7.91458 1.04197 7.47678
      vertex 7.98287 0 8.52322
      vertex 7.98287 0 7.47678
    endloop
  endfacet
  facet normal 0.997859 -0.065399 0
    outer loop
      vertex 7.91458 -1.04197 8.52322
      vertex 7.98287 0 7.47678
      vertex 7.98287 0 8.52322
    endloop
  endfacet
  facet normal 0.997859 -0.065399 0
    outer loop
      vertex 7.98287 0 7.47678
      vertex 7.91458 -1.04197 8.52322
      vertex 7.91458 -1.04197 7.47678
    endloop
  endfacet
  facet normal 0.989358 -0.0648419 -0.130252
    outer loop
      vertex 7.91458 -1.04197 7.47678
      vertex 7.84628 0 6.43928
      vertex 7.98287 0 7.47678
    endloop
  endfacet
  facet normal 0.768423 -0.513439 0.381977
    outer loop
      vertex 6.21372 -3.58749 11.5383
      vertex 6.01 -4.61164 10.5715
      vertex 6.56052 -3.78772 10.5715
    endloop
  endfacet
  facet normal 0.803254 -0.536712 0.258308
    outer loop
      vertex 6.56052 -3.78772 10.5715
      vertex 6.01 -4.61164 10.5715
      vertex 6.79508 -3.92314 9.56072
    endloop
  endfacet
  facet normal -0.875123 -0.297066 -0.381983
    outer loop
      vertex -6.99879 -2.899 5.42848
      vertex -7.23607 -2.2 5.42848
      vertex -6.95298 -2.2 4.77992
    endloop
  endfacet
  facet normal -0.889233 0.438521 -0.130249
    outer loop
      vertex -7.24902 3.00264 6.43928
      vertex -7.37521 3.05491 7.47678
      vertex -6.79508 3.92314 6.43928
    endloop
  endfacet
  facet normal -0.938866 0.318703 -0.130228
    outer loop
      vertex -7.54526 2.2 6.61072
      vertex -7.24902 3.00264 6.43928
      vertex -7.52148 2.2 6.43928
    endloop
  endfacet
  facet normal -0.938865 0.318697 -0.130249
    outer loop
      vertex -7.24902 3.00264 6.43928
      vertex -7.54526 2.2 6.61072
      vertex -7.37521 3.05491 7.47678
    endloop
  endfacet
  facet normal -0.025074 0.382564 -0.923589
    outer loop
      vertex -0.335649 2.54952 0.42456
      vertex -0.461842 3.50804 0.825019
      vertex 0 3.53831 0.825019
    endloop
  endfacet
  facet normal -0.0833597 0.245576 -0.965787
    outer loop
      vertex -0.597262 1.44192 0.153718
      vertex -0.984076 2.37577 0.42456
      vertex -0.665557 2.48389 0.42456
    endloop
  endfacet
  facet normal -0.0748027 0.376017 -0.923589
    outer loop
      vertex -0.335649 2.54952 0.42456
      vertex -0.665557 2.48389 0.42456
      vertex -0.461842 3.50804 0.825019
    endloop
  endfacet
  facet normal -0.169563 0.343849 -0.923589
    outer loop
      vertex -1.28576 2.227 0.42456
      vertex -1.76915 3.06427 0.825019
      vertex -0.984076 2.37577 0.42456
    endloop
  endfacet
  facet normal -0.170989 0.194983 -0.965787
    outer loop
      vertex -0.950108 1.2382 0.153718
      vertex -1.81834 1.81834 0.42456
      vertex -1.56544 2.04012 0.42456
    endloop
  endfacet
  facet normal -0.69483 0.609343 -0.381985
    outer loop
      vertex -5.6923 4.36785 4.46169
      vertex -6.01 4.61164 5.42848
      vertex -5.35665 5.35665 5.42848
    endloop
  endfacet
  facet normal -0.609345 0.694826 -0.381988
    outer loop
      vertex -5.07348 5.07348 4.46169
      vertex -5.35665 5.35665 5.42848
      vertex -4.36785 5.6923 4.46169
    endloop
  endfacet
  facet normal -0.803252 0.536722 -0.258294
    outer loop
      vertex -6.01 4.61164 5.42848
      vertex -6.79508 3.92314 6.43928
      vertex -6.22487 4.77651 6.43928
    endloop
  endfacet
  facet normal -0.694826 0.609345 -0.381988
    outer loop
      vertex -5.07348 5.07348 4.46169
      vertex -5.6923 4.36785 4.46169
      vertex -5.35665 5.35665 5.42848
    endloop
  endfacet
  facet normal -0.458313 0.401928 -0.792719
    outer loop
      vertex -3.52611 2.70568 1.34824
      vertex -4.18475 3.21107 1.98528
      vertex -3.72982 3.72982 1.98528
    endloop
  endfacet
  facet normal -0.634861 0.31308 -0.706352
    outer loop
      vertex -4.56808 2.63738 1.98528
      vertex -5.55688 2.30173 2.72523
      vertex -5.2089 3.00736 2.72523
    endloop
  endfacet
  facet normal -0.712104 0.351173 -0.607935
    outer loop
      vertex -5.55688 2.30173 2.72523
      vertex -6.14542 2.54552 3.55544
      vertex -5.2089 3.00736 2.72523
    endloop
  endfacet
  facet normal -0.712104 0.35117 -0.607937
    outer loop
      vertex -5.2089 3.00736 2.72523
      vertex -6.14542 2.54552 3.55544
      vertex -5.76059 3.32588 3.55544
    endloop
  endfacet
  facet normal -0.0977002 0.491178 -0.865563
    outer loop
      vertex -0.461842 3.50804 0.825019
      vertex -1.15034 4.29312 1.34824
      vertex -0.580132 4.40654 1.34824
    endloop
  endfacet
  facet normal -0.393264 0.588564 -0.706354
    outer loop
      vertex -3.21107 4.18475 1.98528
      vertex -3.66153 4.7718 2.72523
      vertex -3.00736 5.2089 2.72523
    endloop
  endfacet
  facet normal -0.22753 0.670299 -0.70635
    outer loop
      vertex -2.01857 4.87325 1.98528
      vertex -2.30173 5.55688 2.72523
      vertex -1.36521 5.09503 1.98528
    endloop
  endfacet
  facet normal -0.313086 0.634861 -0.706349
    outer loop
      vertex -2.01857 4.87325 1.98528
      vertex -2.63738 4.56808 1.98528
      vertex -2.30173 5.55688 2.72523
    endloop
  endfacet
  facet normal -0.416402 0.278229 -0.865562
    outer loop
      vertex -3.06427 1.76915 0.825019
      vertex -3.52611 2.70568 1.34824
      vertex -2.80713 2.15399 0.825019
    endloop
  endfacet
  facet normal -0.288242 0.252788 -0.923588
    outer loop
      vertex -1.81834 1.81834 0.42456
      vertex -2.80713 2.15399 0.825019
      vertex -2.50196 2.50196 0.825019
    endloop
  endfacet
  facet normal -0.506849 0.338668 -0.792722
    outer loop
      vertex -3.8491 2.22228 1.34824
      vertex -4.56808 2.63738 1.98528
      vertex -4.18475 3.21107 1.98528
    endloop
  endfacet
  facet normal -0.363039 0.123233 -0.923589
    outer loop
      vertex -2.48389 0.665557 0.42456
      vertex -3.41774 0.915781 0.825019
      vertex -3.26897 1.35405 0.825019
    endloop
  endfacet
  facet normal -0.338663 0.506857 -0.792719
    outer loop
      vertex -2.70568 3.52611 1.34824
      vertex -3.21107 4.18475 1.98528
      vertex -2.22228 3.8491 1.34824
    endloop
  endfacet
  facet normal -0.195939 0.577234 -0.792723
    outer loop
      vertex -1.70086 4.10624 1.34824
      vertex -2.01857 4.87325 1.98528
      vertex -1.36521 5.09503 1.98528
    endloop
  endfacet
  facet normal 0.0631427 -0.963997 0.258309
    outer loop
      vertex 0.0361072 -7.83403 9.59763
      vertex 0 -7.57544 10.5715
      vertex 0 -7.83576 9.6
    endloop
  endfacet
  facet normal 0.0631845 -0.963994 0.25831
    outer loop
      vertex 0 -7.57544 10.5715
      vertex 0.0361072 -7.83403 9.59763
      vertex 0.988793 -7.51063 10.5715
    endloop
  endfacet
  facet normal 0.188471 -0.947499 0.258312
    outer loop
      vertex 1.96067 -7.31731 10.5715
      vertex 0.988793 -7.51063 10.5715
      vertex 2.03077 -7.57893 9.56072
    endloop
  endfacet
  facet normal -0.0327497 -0.499715 0.865571
    outer loop
      vertex 0 -3.53831 15.175
      vertex -0.580132 -4.40654 14.6518
      vertex 0 -4.44456 14.6518
    endloop
  endfacet
  facet normal 0.0519321 -0.79228 0.607943
    outer loop
      vertex 0 -6.01472 13.2748
      vertex 0 -6.65176 12.4446
      vertex 0.785078 -5.96326 13.2748
    endloop
  endfacet
  facet normal 0.138094 -0.694239 0.706373
    outer loop
      vertex 1.55672 -5.80977 13.2748
      vertex 0.688495 -5.22964 14.0147
      vertex 0.785078 -5.96326 13.2748
    endloop
  endfacet
  facet normal 0.255211 -0.751849 0.607939
    outer loop
      vertex 2.30173 -5.55688 13.2748
      vertex 1.55672 -5.80977 13.2748
      vertex 2.54552 -6.14542 12.4446
    endloop
  endfacet
  facet normal 0.608315 -0.0398743 0.792693
    outer loop
      vertex 5.27477 0 14.0147
      vertex 4.40654 -0.580132 14.6518
      vertex 5.22964 -0.688495 14.0147
    endloop
  endfacet
  facet normal 0.608312 -0.0398668 0.792696
    outer loop
      vertex 4.44456 0 14.6518
      vertex 4.40654 -0.580132 14.6518
      vertex 5.27477 0 14.0147
    endloop
  endfacet
  facet normal 0.375969 -0.0747898 0.923609
    outer loop
      vertex 3.50804 -0.461842 15.175
      vertex 2.48389 -0.665557 15.5754
      vertex 3.41774 -0.915781 15.175
    endloop
  endfacet
  facet normal 0.362993 -0.123218 0.923609
    outer loop
      vertex 3.41774 -0.915781 15.175
      vertex 2.48389 -0.665557 15.5754
      vertex 3.26897 -1.35405 15.175
    endloop
  endfacet
  facet normal 0.499715 0.0327497 0.865571
    outer loop
      vertex 4.40654 0.580132 14.6518
      vertex 3.53831 0 15.175
      vertex 4.44456 0 14.6518
    endloop
  endfacet
  facet normal 0.491163 0.0976973 0.865571
    outer loop
      vertex 4.29312 1.15034 14.6518
      vertex 3.50804 0.461842 15.175
      vertex 4.40654 0.580132 14.6518
    endloop
  endfacet
  facet normal 0.258833 -0.0169651 0.965773
    outer loop
      vertex 2.57152 0 15.5754
      vertex 1.56072 0 15.8463
      vertex 2.54952 -0.335649 15.5754
    endloop
  endfacet
  facet normal 0.128298 -0.0255212 0.991407
    outer loop
      vertex 1.54737 -0.203714 15.8463
      vertex 0.518748 -0.0682945 15.9829
      vertex 1.50754 -0.403944 15.8463
    endloop
  endfacet
  facet normal 0.864644 0.0566751 0.499178
    outer loop
      vertex 7.1136 0.936522 11.5383
      vertex 6.59485 0.868228 12.4446
      vertex 6.65176 0 12.4446
    endloop
  endfacet
  facet normal 0.84985 -0.169049 0.499177
    outer loop
      vertex 6.59485 -0.868228 12.4446
      vertex 6.4251 -1.7216 12.4446
      vertex 7.1136 -0.936522 11.5383
    endloop
  endfacet
  facet normal 0.597909 -0.11893 0.792692
    outer loop
      vertex 4.40654 -0.580132 14.6518
      vertex 4.29312 -1.15034 14.6518
      vertex 5.09503 -1.36521 14.0147
    endloop
  endfacet
  facet normal 0.577269 -0.19596 0.792692
    outer loop
      vertex 4.29312 -1.15034 14.6518
      vertex 4.10624 -1.70086 14.6518
      vertex 5.09503 -1.36521 14.0147
    endloop
  endfacet
  facet normal 0.523509 -0.59695 0.607939
    outer loop
      vertex 4.25305 -4.25305 13.2748
      vertex 4.04933 -5.27719 12.4446
      vertex 4.7035 -4.7035 12.4446
    endloop
  endfacet
  facet normal 0.466709 -0.532179 0.706377
    outer loop
      vertex 3.72982 -3.72982 14.0147
      vertex 3.66153 -4.7718 13.2748
      vertex 4.25305 -4.25305 13.2748
    endloop
  endfacet
  facet normal 0.532179 -0.466707 0.706378
    outer loop
      vertex 4.18475 -3.21107 14.0147
      vertex 3.72982 -3.72982 14.0147
      vertex 4.7718 -3.66153 13.2748
    endloop
  endfacet
  facet normal 0.588545 -0.393251 0.706378
    outer loop
      vertex 5.2089 -3.00736 13.2748
      vertex 4.18475 -3.21107 14.0147
      vertex 4.7718 -3.66153 13.2748
    endloop
  endfacet
  facet normal -0.097704 0.491159 0.865573
    outer loop
      vertex -0.461842 3.50804 15.175
      vertex -1.15034 4.29312 14.6518
      vertex -0.915781 3.41774 15.175
    endloop
  endfacet
  facet normal -0.195025 0.171021 0.965773
    outer loop
      vertex -1.1036 1.1036 15.8463
      vertex -1.81834 1.81834 15.5754
      vertex -1.2382 0.950108 15.8463
    endloop
  endfacet
  facet normal -0.343806 0.169542 0.923609
    outer loop
      vertex -2.227 1.28576 15.5754
      vertex -3.06427 1.76915 15.175
      vertex -2.37577 0.984076 15.5754
    endloop
  endfacet
  facet normal -0.195021 0.171024 0.965773
    outer loop
      vertex -1.81834 1.81834 15.5754
      vertex -2.04012 1.56544 15.5754
      vertex -1.2382 0.950108 15.8463
    endloop
  endfacet
  facet normal -0.427279 0.866437 -0.258302
    outer loop
      vertex -2.899 6.99879 5.42848
      vertex -3.92314 6.79508 6.43928
      vertex -3.00264 7.24902 6.43928
    endloop
  endfacet
  facet normal -0.0604446 0.922191 -0.381983
    outer loop
      vertex -0.936522 7.1136 4.46169
      vertex -0.988793 7.51063 5.42848
      vertex 0 7.57544 5.42848
    endloop
  endfacet
  facet normal -0.318702 0.938864 0.130246
    outer loop
      vertex -2.06612 7.71086 8.52322
      vertex -3.05491 7.37521 8.52322
      vertex -2.03077 7.57893 9.56072
    endloop
  endfacet
  facet normal -0.32144 0.94693 0
    outer loop
      vertex -2.06612 7.71086 7.47678
      vertex -3.05491 7.37521 8.52322
      vertex -2.06612 7.71086 8.52322
    endloop
  endfacet
  facet normal -0.32144 0.94693 0
    outer loop
      vertex -3.05491 7.37521 8.52322
      vertex -2.06612 7.71086 7.47678
      vertex -3.05491 7.37521 7.47678
    endloop
  endfacet
  facet normal -0.751838 0.659348 0
    outer loop
      vertex -6.33324 4.85966 7.47678
      vertex -5.64474 5.64474 8.52322
      vertex -5.64474 5.64474 7.47678
    endloop
  endfacet
  facet normal -0.751838 0.659348 0
    outer loop
      vertex -5.64474 5.64474 8.52322
      vertex -6.33324 4.85966 7.47678
      vertex -6.33324 4.85966 8.52322
    endloop
  endfacet
  facet normal -0.45834 0.401952 0.792691
    outer loop
      vertex -3.72982 3.72982 14.0147
      vertex -4.18475 3.21107 14.0147
      vertex -3.52611 2.70568 14.6518
    endloop
  endfacet
  facet normal -0.875131 0.297069 0.381963
    outer loop
      vertex -6.99879 2.899 10.5715
      vertex -7.23607 2.2 10.5715
      vertex -6.95298 2.2 11.2201
    endloop
  endfacet
  facet normal -0.438521 0.889233 -0.130249
    outer loop
      vertex -3.00264 7.24902 6.43928
      vertex -3.92314 6.79508 6.43928
      vertex -3.05491 7.37521 7.47678
    endloop
  endfacet
  facet normal -0.442284 0.896875 0
    outer loop
      vertex -3.05491 7.37521 7.47678
      vertex -3.99144 6.91337 8.52322
      vertex -3.05491 7.37521 8.52322
    endloop
  endfacet
  facet normal -0.442284 0.896875 0
    outer loop
      vertex -3.99144 6.91337 8.52322
      vertex -3.05491 7.37521 7.47678
      vertex -3.99144 6.91337 7.47678
    endloop
  endfacet
  facet normal -0.0604407 0.922191 0.381982
    outer loop
      vertex 0 7.57544 10.5715
      vertex -0.936522 7.1136 11.5383
      vertex 0 7.17498 11.5383
    endloop
  endfacet
  facet normal 0.0566751 0.864644 0.499178
    outer loop
      vertex 0.936522 7.1136 11.5383
      vertex 0 6.65176 12.4446
      vertex 0.868228 6.59485 12.4446
    endloop
  endfacet
  facet normal 0.408752 0.828864 0.381976
    outer loop
      vertex 3.78772 6.56052 10.5715
      vertex 2.899 6.99879 10.5715
      vertex 3.58749 6.21372 11.5383
    endloop
  endfacet
  facet normal 0.383243 0.777139 0.499179
    outer loop
      vertex 2.74575 6.62882 11.5383
      vertex 2.54552 6.14542 12.4446
      vertex 3.58749 6.21372 11.5383
    endloop
  endfacet
  facet normal 0.40875 0.828864 0.381978
    outer loop
      vertex 2.899 6.99879 10.5715
      vertex 2.74575 6.62882 11.5383
      vertex 3.58749 6.21372 11.5383
    endloop
  endfacet
  facet normal 0.278524 0.820515 0.499179
    outer loop
      vertex 1.85702 6.9305 11.5383
      vertex 1.7216 6.4251 12.4446
      vertex 2.54552 6.14542 12.4446
    endloop
  endfacet
  facet normal 0.32144 0.94693 -0
    outer loop
      vertex 3.05491 7.37521 7.47678
      vertex 2.06612 7.71086 8.52322
      vertex 3.05491 7.37521 8.52322
    endloop
  endfacet
  facet normal 0.32144 0.94693 0
    outer loop
      vertex 2.06612 7.71086 8.52322
      vertex 3.05491 7.37521 7.47678
      vertex 2.06612 7.71086 7.47678
    endloop
  endfacet
  facet normal 0.438517 0.889234 0.130254
    outer loop
      vertex 3.99144 6.91337 8.52322
      vertex 3.05491 7.37521 8.52322
      vertex 3.92314 6.79508 9.56072
    endloop
  endfacet
  facet normal 0.0604446 0.922191 -0.381983
    outer loop
      vertex 0.936522 7.1136 4.46169
      vertex 0 7.57544 5.42848
      vertex 0.988793 7.51063 5.42848
    endloop
  endfacet
  facet normal -0.310535 0.914794 -0.258303
    outer loop
      vertex -2.899 6.99879 5.42848
      vertex -3.00264 7.24902 6.43928
      vertex -2.03077 7.57893 6.43928
    endloop
  endfacet
  facet normal 0.864647 0.0566693 0.499173
    outer loop
      vertex 7.1136 0.936522 11.5383
      vertex 6.65176 0 12.4446
      vertex 7.17498 0 11.5383
    endloop
  endfacet
  facet normal 0.820515 0.278524 0.499179
    outer loop
      vertex 6.62882 2.74575 11.5383
      vertex 6.14542 2.54552 12.4446
      vertex 6.9305 1.85702 11.5383
    endloop
  endfacet
  facet normal 0.712101 0.351168 0.607942
    outer loop
      vertex 5.76059 3.32588 12.4446
      vertex 5.2089 3.00736 13.2748
      vertex 6.14542 2.54552 12.4446
    endloop
  endfacet
  facet normal 0.660169 0.441117 0.607942
    outer loop
      vertex 5.27719 4.04933 12.4446
      vertex 5.2089 3.00736 13.2748
      vertex 5.76059 3.32588 12.4446
    endloop
  endfacet
  facet normal 0.768423 0.513439 0.381977
    outer loop
      vertex 6.56052 3.78772 10.5715
      vertex 6.01 4.61164 10.5715
      vertex 6.21372 3.58749 11.5383
    endloop
  endfacet
  facet normal 0.828864 0.408752 0.381976
    outer loop
      vertex 6.56052 3.78772 10.5715
      vertex 6.21372 3.58749 11.5383
      vertex 6.99879 2.899 10.5715
    endloop
  endfacet
  facet normal 0.875125 0.297065 0.38198
    outer loop
      vertex 6.99879 2.899 10.5715
      vertex 6.9305 1.85702 11.5383
      vertex 7.31731 1.96067 10.5715
    endloop
  endfacet
  facet normal 0.906413 0.180298 0.381979
    outer loop
      vertex 7.31731 1.96067 10.5715
      vertex 6.9305 1.85702 11.5383
      vertex 7.51063 0.988793 10.5715
    endloop
  endfacet
  facet normal 0.0648341 0.989316 0.130578
    outer loop
      vertex 1.02415 7.77916 9.56072
      vertex 0.41411 7.82115 9.54548
      vertex 0.337486 7.82416 9.56072
    endloop
  endfacet
  facet normal 0.0648482 0.98937 0.130159
    outer loop
      vertex 1.02415 7.77916 9.56072
      vertex 0.612293 7.81701 9.47821
      vertex 0.41411 7.82115 9.54548
    endloop
  endfacet
  facet normal 0.0648247 0.989357 0.130271
    outer loop
      vertex 1.02415 7.77916 9.56072
      vertex 0.799999 7.8169 9.38564
      vertex 0.612293 7.81701 9.47821
    endloop
  endfacet
  facet normal 0.0648477 0.989359 0.130242
    outer loop
      vertex 1.02415 7.77916 9.56072
      vertex 0.974018 7.8208 9.26937
      vertex 0.799999 7.8169 9.38564
    endloop
  endfacet
  facet normal 0.0649136 0.989357 0.13023
    outer loop
      vertex 0.974018 7.8208 9.26937
      vertex 1.02415 7.77916 9.56072
      vertex 1.03 7.82359 9.22027
    endloop
  endfacet
  facet normal -0.180298 0.906413 0.381979
    outer loop
      vertex -0.988793 7.51063 10.5715
      vertex -1.85702 6.9305 11.5383
      vertex -0.936522 7.1136 11.5383
    endloop
  endfacet
  facet normal 0.278524 0.820515 0.499179
    outer loop
      vertex 2.74575 6.62882 11.5383
      vertex 1.85702 6.9305 11.5383
      vertex 2.54552 6.14542 12.4446
    endloop
  endfacet
  facet normal 0.31053 0.914793 0.258312
    outer loop
      vertex 2.03077 7.57893 9.56072
      vertex 1.96067 7.31731 10.5715
      vertex 2.899 6.99879 10.5715
    endloop
  endfacet
  facet normal 0.0631926 0.963995 0.258303
    outer loop
      vertex 0.988793 7.51063 10.5715
      vertex 0.208841 7.82574 9.58631
      vertex 0.0361072 7.83403 9.59763
    endloop
  endfacet
  facet normal 0.0631746 0.963994 0.25831
    outer loop
      vertex 0.337486 7.82416 9.56072
      vertex 0.988793 7.51063 10.5715
      vertex 1.02415 7.77916 9.56072
    endloop
  endfacet
  facet normal 0.0632174 0.963998 0.258284
    outer loop
      vertex 0.988793 7.51063 10.5715
      vertex 0.337486 7.82416 9.56072
      vertex 0.208841 7.82574 9.58631
    endloop
  endfacet
  facet normal 0.18847 0.947499 0.258311
    outer loop
      vertex 1.02415 7.77916 9.56072
      vertex 0.988793 7.51063 10.5715
      vertex 2.03077 7.57893 9.56072
    endloop
  endfacet
  facet normal 0.571321 0.651468 0.499181
    outer loop
      vertex 5.07348 5.07348 11.5383
      vertex 4.04933 5.27719 12.4446
      vertex 4.7035 4.7035 12.4446
    endloop
  endfacet
  facet normal 0.523509 0.59695 0.607939
    outer loop
      vertex 4.7035 4.7035 12.4446
      vertex 4.04933 5.27719 12.4446
      vertex 4.25305 4.25305 13.2748
    endloop
  endfacet
  facet normal 0.212968 0.318732 0.923609
    outer loop
      vertex 1.76915 3.06427 15.175
      vertex 1.56544 2.04012 15.5754
      vertex 2.15399 2.80713 15.175
    endloop
  endfacet
  facet normal 0.144111 0.215672 0.965773
    outer loop
      vertex 1.28576 2.227 15.5754
      vertex 0.950108 1.2382 15.8463
      vertex 1.56544 2.04012 15.5754
    endloop
  endfacet
  facet normal 0.338683 0.506887 0.792691
    outer loop
      vertex 3.21107 4.18475 14.0147
      vertex 2.22228 3.8491 14.6518
      vertex 2.70568 3.52611 14.6518
    endloop
  endfacet
  facet normal 0.269631 0.546748 0.792695
    outer loop
      vertex 2.01857 4.87325 14.0147
      vertex 1.70086 4.10624 14.6518
      vertex 2.22228 3.8491 14.6518
    endloop
  endfacet
  facet normal 0.45834 0.401952 0.792691
    outer loop
      vertex 3.72982 3.72982 14.0147
      vertex 3.52611 2.70568 14.6518
      vertex 4.18475 3.21107 14.0147
    endloop
  endfacet
  facet normal 0.532179 0.466709 0.706377
    outer loop
      vertex 4.25305 4.25305 13.2748
      vertex 3.72982 3.72982 14.0147
      vertex 4.7718 3.66153 13.2748
    endloop
  endfacet
  facet normal 0.466707 0.532179 0.706378
    outer loop
      vertex 3.66153 4.7718 13.2748
      vertex 3.21107 4.18475 14.0147
      vertex 3.72982 3.72982 14.0147
    endloop
  endfacet
  facet normal 0.466709 0.532179 0.706377
    outer loop
      vertex 4.25305 4.25305 13.2748
      vertex 3.66153 4.7718 13.2748
      vertex 3.72982 3.72982 14.0147
    endloop
  endfacet
  facet normal 0.254404 0.0506096 0.965773
    outer loop
      vertex 2.48389 0.665557 15.5754
      vertex 1.54737 0.203714 15.8463
      vertex 2.54952 0.335649 15.5754
    endloop
  endfacet
  facet normal 0.086247 0.0983523 0.991407
    outer loop
      vertex 0.950108 1.2382 15.8463
      vertex 0.318519 0.415102 15.9829
      vertex 1.1036 1.1036 15.8463
    endloop
  endfacet
  facet normal 0.416389 0.27822 0.865571
    outer loop
      vertex 3.52611 2.70568 14.6518
      vertex 2.80713 2.15399 15.175
      vertex 3.06427 1.76915 15.175
    endloop
  endfacet
  facet normal 0.474207 0.160969 0.865573
    outer loop
      vertex 4.29312 1.15034 14.6518
      vertex 3.26897 1.35405 15.175
      vertex 3.41774 0.915781 15.175
    endloop
  endfacet
  facet normal 0.382516 -0.0250719 0.923609
    outer loop
      vertex 2.57152 0 15.5754
      vertex 2.54952 -0.335649 15.5754
      vertex 3.53831 0 15.175
    endloop
  endfacet
  facet normal 0.597909 0.11893 0.792692
    outer loop
      vertex 5.09503 1.36521 14.0147
      vertex 4.29312 1.15034 14.6518
      vertex 4.40654 0.580132 14.6518
    endloop
  endfacet
  facet normal 0.866437 0.427279 -0.258302
    outer loop
      vertex 6.99879 2.899 5.42848
      vertex 6.79508 3.92314 6.43928
      vertex 7.24902 3.00264 6.43928
    endloop
  endfacet
  facet normal 0.914794 0.310535 -0.258303
    outer loop
      vertex 7.57893 2.03077 6.43928
      vertex 6.99879 2.899 5.42848
      vertex 7.24902 3.00264 6.43928
    endloop
  endfacet
  facet normal 0.94693 0.32144 0
    outer loop
      vertex 7.71086 2.06612 8.52322
      vertex 7.37521 3.05491 7.47678
      vertex 7.37521 3.05491 8.52322
    endloop
  endfacet
  facet normal 0.94693 0.32144 0
    outer loop
      vertex 7.37521 3.05491 7.47678
      vertex 7.71086 2.06612 8.52322
      vertex 7.71086 2.06612 7.47678
    endloop
  endfacet
  facet normal 0.938864 0.318702 -0.130246
    outer loop
      vertex 7.57893 2.03077 6.43928
      vertex 7.37521 3.05491 7.47678
      vertex 7.71086 2.06612 7.47678
    endloop
  endfacet
  facet normal 0.97243 0.193429 0.130246
    outer loop
      vertex 7.71086 2.06612 8.52322
      vertex 7.57893 2.03077 9.56072
      vertex 7.77916 1.02415 9.56072
    endloop
  endfacet
  facet normal 0.97243 0.193432 0.130249
    outer loop
      vertex 7.91458 1.04197 8.52322
      vertex 7.71086 2.06612 8.52322
      vertex 7.77916 1.02415 9.56072
    endloop
  endfacet
  facet normal 0.659348 0.751838 -0
    outer loop
      vertex 5.64474 5.64474 7.47678
      vertex 4.85966 6.33324 8.52322
      vertex 5.64474 5.64474 8.52322
    endloop
  endfacet
  facet normal 0.659348 0.751838 0
    outer loop
      vertex 4.85966 6.33324 8.52322
      vertex 5.64474 5.64474 7.47678
      vertex 4.85966 6.33324 7.47678
    endloop
  endfacet
  facet normal 0.751838 0.659348 0
    outer loop
      vertex 6.33324 4.85966 8.52322
      vertex 5.64474 5.64474 7.47678
      vertex 5.64474 5.64474 8.52322
    endloop
  endfacet
  facet normal 0.751838 0.659348 0
    outer loop
      vertex 5.64474 5.64474 7.47678
      vertex 6.33324 4.85966 8.52322
      vertex 6.33324 4.85966 7.47678
    endloop
  endfacet
  facet normal 0.636968 0.72633 -0.258294
    outer loop
      vertex 5.35665 5.35665 5.42848
      vertex 4.61164 6.01 5.42848
      vertex 4.77651 6.22487 6.43928
    endloop
  endfacet
  facet normal 0.481394 0.720456 -0.499202
    outer loop
      vertex 4.04933 5.27719 3.55544
      vertex 3.58749 6.21372 4.46169
      vertex 4.36785 5.6923 4.46169
    endloop
  endfacet
  facet normal 0.18847 0.9475 -0.258306
    outer loop
      vertex 2.03077 7.57893 6.43928
      vertex 0.988793 7.51063 5.42848
      vertex 1.02415 7.77916 6.43928
    endloop
  endfacet
  facet normal 0.310531 0.914794 -0.258307
    outer loop
      vertex 2.899 6.99879 5.42848
      vertex 1.96067 7.31731 5.42848
      vertex 2.03077 7.57893 6.43928
    endloop
  endfacet
  facet normal 0.35117 0.712104 -0.607937
    outer loop
      vertex 3.00736 5.2089 2.72523
      vertex 2.54552 6.14542 3.55544
      vertex 3.32588 5.76059 3.55544
    endloop
  endfacet
  facet normal 0.441118 0.660172 -0.607937
    outer loop
      vertex 4.04933 5.27719 3.55544
      vertex 3.00736 5.2089 2.72523
      vertex 3.32588 5.76059 3.55544
    endloop
  endfacet
  facet normal -0.0327532 0.499729 -0.865563
    outer loop
      vertex -0.461842 3.50804 0.825019
      vertex -0.580132 4.40654 1.34824
      vertex 0 3.53831 0.825019
    endloop
  endfacet
  facet normal 0.0462994 0.706348 -0.706349
    outer loop
      vertex 0.688495 5.22964 1.98528
      vertex 0 6.01472 2.72523
      vertex 0.785078 5.96326 2.72523
    endloop
  endfacet
  facet normal -0.0566743 0.864632 -0.499198
    outer loop
      vertex -0.868228 6.59485 3.55544
      vertex -0.936522 7.1136 4.46169
      vertex 0 6.65176 3.55544
    endloop
  endfacet
  facet normal -0.0519321 0.792284 -0.607939
    outer loop
      vertex -0.785078 5.96326 2.72523
      vertex -0.868228 6.59485 3.55544
      vertex 0 6.65176 3.55544
    endloop
  endfacet
  facet normal 0.27852 0.820504 -0.4992
    outer loop
      vertex 2.54552 6.14542 3.55544
      vertex 1.85702 6.9305 4.46169
      vertex 2.74575 6.62882 4.46169
    endloop
  endfacet
  facet normal 0.297062 0.875126 -0.381981
    outer loop
      vertex 2.74575 6.62882 4.46169
      vertex 1.85702 6.9305 4.46169
      vertex 2.899 6.99879 5.42848
    endloop
  endfacet
  facet normal -0.0462994 0.706348 -0.706349
    outer loop
      vertex -0.688495 5.22964 1.98528
      vertex -0.785078 5.96326 2.72523
      vertex 0 6.01472 2.72523
    endloop
  endfacet
  facet normal 0.0519323 0.792284 -0.607938
    outer loop
      vertex 0.785078 5.96326 2.72523
      vertex 0 6.01472 2.72523
      vertex 0 6.65176 3.55544
    endloop
  endfacet
  facet normal -0.169045 0.849837 -0.4992
    outer loop
      vertex -1.7216 6.4251 3.55544
      vertex -1.85702 6.9305 4.46169
      vertex -0.936522 7.1136 4.46169
    endloop
  endfacet
  facet normal -0.297062 0.875126 -0.381981
    outer loop
      vertex -2.74575 6.62882 4.46169
      vertex -2.899 6.99879 5.42848
      vertex -1.85702 6.9305 4.46169
    endloop
  endfacet
  facet normal -0.571313 0.651459 -0.499201
    outer loop
      vertex -4.7035 4.7035 3.55544
      vertex -5.07348 5.07348 4.46169
      vertex -4.04933 5.27719 3.55544
    endloop
  endfacet
  facet normal -0.523512 0.596952 -0.607934
    outer loop
      vertex -4.25305 4.25305 2.72523
      vertex -4.7035 4.7035 3.55544
      vertex -4.04933 5.27719 3.55544
    endloop
  endfacet
  facet normal 0.513441 0.768418 -0.381984
    outer loop
      vertex 4.36785 5.6923 4.46169
      vertex 3.58749 6.21372 4.46169
      vertex 4.61164 6.01 5.42848
    endloop
  endfacet
  facet normal 0.513438 0.768422 -0.38198
    outer loop
      vertex 4.61164 6.01 5.42848
      vertex 3.58749 6.21372 4.46169
      vertex 3.78772 6.56052 5.42848
    endloop
  endfacet
  facet normal 0.571313 0.651459 -0.499201
    outer loop
      vertex 4.7035 4.7035 3.55544
      vertex 4.04933 5.27719 3.55544
      vertex 5.07348 5.07348 4.46169
    endloop
  endfacet
  facet normal 0.532197 0.466723 -0.706354
    outer loop
      vertex 4.18475 3.21107 1.98528
      vertex 3.72982 3.72982 1.98528
      vertex 4.7718 3.66153 2.72523
    endloop
  endfacet
  facet normal 0.72633 0.636968 -0.258294
    outer loop
      vertex 6.01 4.61164 5.42848
      vertex 5.35665 5.35665 5.42848
      vertex 6.22487 4.77651 6.43928
    endloop
  endfacet
  facet normal 0.803252 0.536722 -0.258294
    outer loop
      vertex 6.79508 3.92314 6.43928
      vertex 6.01 4.61164 5.42848
      vertex 6.22487 4.77651 6.43928
    endloop
  endfacet
  facet normal 0.427279 0.866437 -0.258302
    outer loop
      vertex 3.92314 6.79508 6.43928
      vertex 2.899 6.99879 5.42848
      vertex 3.00264 7.24902 6.43928
    endloop
  endfacet
  facet normal 0.438521 0.889233 -0.130249
    outer loop
      vertex 3.92314 6.79508 6.43928
      vertex 3.00264 7.24902 6.43928
      vertex 3.05491 7.37521 7.47678
    endloop
  endfacet
  facet normal -0.820504 -0.278528 0.499194
    outer loop
      vertex -6.26271 -2.2 12.4446
      vertex -6.53941 -2.2 11.9898
      vertex -6.14542 -2.54552 12.4446
    endloop
  endfacet
  facet normal -0.820532 -0.278522 0.499152
    outer loop
      vertex -6.62882 -2.74575 11.5383
      vertex -6.53941 -2.2 11.9898
      vertex -6.81407 -2.2 11.5383
    endloop
  endfacet
  facet normal -0.820506 -0.278549 0.49918
    outer loop
      vertex -6.53941 -2.2 11.9898
      vertex -6.62882 -2.74575 11.5383
      vertex -6.14542 -2.54552 12.4446
    endloop
  endfacet
  facet normal -0.694237 0.138096 0.706374
    outer loop
      vertex -5.09503 1.36521 14.0147
      vertex -5.80977 1.55672 13.2748
      vertex -5.22964 0.688495 14.0147
    endloop
  endfacet
  facet normal -0.577269 -0.19596 0.792692
    outer loop
      vertex -4.29312 -1.15034 14.6518
      vertex -5.09503 -1.36521 14.0147
      vertex -4.10624 -1.70086 14.6518
    endloop
  endfacet
  facet normal -0.491159 0.097704 0.865573
    outer loop
      vertex -3.41774 0.915781 15.175
      vertex -4.29312 1.15034 14.6518
      vertex -3.50804 0.461842 15.175
    endloop
  endfacet
  facet normal -0.254405 0.0506066 0.965773
    outer loop
      vertex -1.50754 0.403944 15.8463
      vertex -2.48389 0.665557 15.5754
      vertex -1.54737 0.203714 15.8463
    endloop
  endfacet
  facet normal 0.0862511 0.0983477 0.991407
    outer loop
      vertex 1.1036 1.1036 15.8463
      vertex 0.318519 0.415102 15.9829
      vertex 0.369975 0.369975 15.9829
    endloop
  endfacet
  facet normal 0.0169621 0.258834 0.965773
    outer loop
      vertex 0.335649 2.54952 15.5754
      vertex 0 1.56072 15.8463
      vertex 0.203714 1.54737 15.8463
    endloop
  endfacet
  facet normal -0.278524 0.820515 0.499179
    outer loop
      vertex -1.85702 6.9305 11.5383
      vertex -2.54552 6.14542 12.4446
      vertex -1.7216 6.4251 12.4446
    endloop
  endfacet
  facet normal -0.712101 0.351168 0.607942
    outer loop
      vertex -5.76059 3.32588 12.4446
      vertex -6.14542 2.54552 12.4446
      vertex -5.2089 3.00736 13.2748
    endloop
  endfacet
  facet normal 0.138094 0.694239 0.706373
    outer loop
      vertex 0.785078 5.96326 13.2748
      vertex 0.688495 5.22964 14.0147
      vertex 1.55672 5.80977 13.2748
    endloop
  endfacet
  facet normal -0.0519321 0.79228 0.607943
    outer loop
      vertex 0 6.65176 12.4446
      vertex -0.785078 5.96326 13.2748
      vertex 0 6.01472 13.2748
    endloop
  endfacet
  facet normal 0.297065 0.875125 0.38198
    outer loop
      vertex 1.96067 7.31731 10.5715
      vertex 1.85702 6.9305 11.5383
      vertex 2.899 6.99879 10.5715
    endloop
  endfacet
  facet normal 0.297062 0.875127 0.381977
    outer loop
      vertex 2.899 6.99879 10.5715
      vertex 1.85702 6.9305 11.5383
      vertex 2.74575 6.62882 11.5383
    endloop
  endfacet
  facet normal 0.0519318 0.79228 0.607943
    outer loop
      vertex 0.868228 6.59485 12.4446
      vertex 0 6.65176 12.4446
      vertex 0.785078 5.96326 13.2748
    endloop
  endfacet
  facet normal 0.0566693 0.864647 0.499173
    outer loop
      vertex 0 7.17498 11.5383
      vertex 0 6.65176 12.4446
      vertex 0.936522 7.1136 11.5383
    endloop
  endfacet
  facet normal -0.193429 0.97243 0.130246
    outer loop
      vertex -1.02415 7.77916 9.56072
      vertex -2.06612 7.71086 8.52322
      vertex -2.03077 7.57893 9.56072
    endloop
  endfacet
  facet normal -0.441113 0.660176 0.607937
    outer loop
      vertex -3.00736 5.2089 13.2748
      vertex -4.04933 5.27719 12.4446
      vertex -3.66153 4.7718 13.2748
    endloop
  endfacet
  facet normal -0.532179 0.466709 0.706377
    outer loop
      vertex -4.25305 4.25305 13.2748
      vertex -4.7718 3.66153 13.2748
      vertex -3.72982 3.72982 14.0147
    endloop
  endfacet
  facet normal -0.596949 0.523511 0.607937
    outer loop
      vertex -4.25305 4.25305 13.2748
      vertex -5.27719 4.04933 12.4446
      vertex -4.7718 3.66153 13.2748
    endloop
  endfacet
  facet normal -0.160969 0.474207 0.865573
    outer loop
      vertex -1.15034 4.29312 14.6518
      vertex -1.35405 3.26897 15.175
      vertex -0.915781 3.41774 15.175
    endloop
  endfacet
  facet normal -0.278524 0.820515 0.499179
    outer loop
      vertex -1.85702 6.9305 11.5383
      vertex -2.74575 6.62882 11.5383
      vertex -2.54552 6.14542 12.4446
    endloop
  endfacet
  facet normal -0.0169621 0.258834 0.965773
    outer loop
      vertex 0 1.56072 15.8463
      vertex -0.335649 2.54952 15.5754
      vertex -0.203714 1.54737 15.8463
    endloop
  endfacet
  facet normal -0.338683 0.506887 0.792691
    outer loop
      vertex -2.22228 3.8491 14.6518
      vertex -3.21107 4.18475 14.0147
      vertex -2.70568 3.52611 14.6518
    endloop
  endfacet
  facet normal 0.169542 0.343805 0.923609
    outer loop
      vertex 1.35405 3.26897 15.175
      vertex 0.984076 2.37577 15.5754
      vertex 1.76915 3.06427 15.175
    endloop
  endfacet
  facet normal 0.221487 0.449142 0.865572
    outer loop
      vertex 1.70086 4.10624 14.6518
      vertex 1.35405 3.26897 15.175
      vertex 1.76915 3.06427 15.175
    endloop
  endfacet
  facet normal -0.706324 0.0462979 0.706373
    outer loop
      vertex -5.96326 0.785078 13.2748
      vertex -6.01472 0 13.2748
      vertex -5.22964 0.688495 14.0147
    endloop
  endfacet
  facet normal -0.608315 0.0398743 0.792693
    outer loop
      vertex -5.22964 0.688495 14.0147
      vertex -5.27477 0 14.0147
      vertex -4.40654 0.580132 14.6518
    endloop
  endfacet
  facet normal -0.506887 0.338683 0.792691
    outer loop
      vertex -3.52611 2.70568 14.6518
      vertex -4.18475 3.21107 14.0147
      vertex -3.8491 2.22228 14.6518
    endloop
  endfacet
  facet normal -0.751851 0.255205 0.607939
    outer loop
      vertex -6.02813 2.2 12.7347
      vertex -5.55688 2.30173 13.2748
      vertex -6.14542 2.54552 12.4446
    endloop
  endfacet
  facet normal -0.751881 0.25493 0.608017
    outer loop
      vertex -5.65186 2.2 13.2
      vertex -5.55688 2.30173 13.2748
      vertex -6.02813 2.2 12.7347
    endloop
  endfacet
  facet normal -0.751955 0.25526 0.607788
    outer loop
      vertex -5.80977 1.55672 13.2748
      vertex -5.65186 2.2 13.2
      vertex -5.84 1.64577 13.2
    endloop
  endfacet
  facet normal -0.752007 0.255265 0.607721
    outer loop
      vertex -5.65186 2.2 13.2
      vertex -5.80977 1.55672 13.2748
      vertex -5.55688 2.30173 13.2748
    endloop
  endfacet
  facet normal -0.636968 0.726329 0.258299
    outer loop
      vertex -4.77651 6.22487 9.56072
      vertex -5.35665 5.35665 10.5715
      vertex -4.61164 6.01 10.5715
    endloop
  endfacet
  facet normal -0.720465 0.481406 0.499178
    outer loop
      vertex -5.27719 4.04933 12.4446
      vertex -6.21372 3.58749 11.5383
      vertex -5.76059 3.32588 12.4446
    endloop
  endfacet
  facet normal -0.694239 0.138094 0.706373
    outer loop
      vertex -5.80977 1.55672 13.2748
      vertex -5.96326 0.785078 13.2748
      vertex -5.22964 0.688495 14.0147
    endloop
  endfacet
  facet normal -0.778718 0.154889 -0.607953
    outer loop
      vertex -5.80977 1.55672 2.72523
      vertex -6.00485 0.869419 2.8
      vertex -5.86519 1.57157 2.8
    endloop
  endfacet
  facet normal -0.778752 0.154904 -0.607906
    outer loop
      vertex -6.00485 0.869419 2.8
      vertex -5.80977 1.55672 2.72523
      vertex -5.96326 0.785078 2.72523
    endloop
  endfacet
  facet normal -0.694262 0.138098 -0.706349
    outer loop
      vertex -5.22964 0.688495 1.98528
      vertex -5.96326 0.785078 2.72523
      vertex -5.80977 1.55672 2.72523
    endloop
  endfacet
  facet normal -0.670299 0.22753 -0.70635
    outer loop
      vertex -5.09503 1.36521 1.98528
      vertex -5.80977 1.55672 2.72523
      vertex -5.55688 2.30173 2.72523
    endloop
  endfacet
  facet normal -0.670299 0.22753 -0.70635
    outer loop
      vertex -5.09503 1.36521 1.98528
      vertex -5.55688 2.30173 2.72523
      vertex -4.87325 2.01857 1.98528
    endloop
  endfacet
  facet normal -0.491178 0.0977002 -0.865563
    outer loop
      vertex -3.50804 0.461842 0.825019
      vertex -4.40654 0.580132 1.34824
      vertex -4.29312 1.15034 1.34824
    endloop
  endfacet
  facet normal -0.474221 0.160974 -0.865564
    outer loop
      vertex -3.41774 0.915781 0.825019
      vertex -4.29312 1.15034 1.34824
      vertex -3.26897 1.35405 0.825019
    endloop
  endfacet
  facet normal -0.577235 0.195949 -0.792719
    outer loop
      vertex -4.29312 1.15034 1.34824
      vertex -5.09503 1.36521 1.98528
      vertex -4.10624 1.70086 1.34824
    endloop
  endfacet
  facet normal -0.577234 0.195939 -0.792723
    outer loop
      vertex -4.10624 1.70086 1.34824
      vertex -5.09503 1.36521 1.98528
      vertex -4.87325 2.01857 1.98528
    endloop
  endfacet
  facet normal -0.474222 0.16098 -0.865563
    outer loop
      vertex -3.26897 1.35405 0.825019
      vertex -4.29312 1.15034 1.34824
      vertex -4.10624 1.70086 1.34824
    endloop
  endfacet
  facet normal -0.245576 0.0833584 -0.965787
    outer loop
      vertex -1.50754 0.403944 0.153718
      vertex -2.48389 0.665557 0.42456
      vertex -1.44192 0.597262 0.153718
    endloop
  endfacet
  facet normal -0.820504 0.278528 -0.499194
    outer loop
      vertex -6.26271 2.2 3.55544
      vertex -6.53941 2.2 4.01024
      vertex -6.14542 2.54552 3.55544
    endloop
  endfacet
  facet normal -0.670299 -0.22753 -0.70635
    outer loop
      vertex -4.87325 -2.01857 1.98528
      vertex -5.55688 -2.30173 2.72523
      vertex -5.09503 -1.36521 1.98528
    endloop
  endfacet
  facet normal -0.546716 -0.269615 -0.792723
    outer loop
      vertex -3.8491 -2.22228 1.34824
      vertex -4.87325 -2.01857 1.98528
      vertex -4.10624 -1.70086 1.34824
    endloop
  endfacet
  facet normal -0.596952 -0.523513 -0.607933
    outer loop
      vertex -4.25305 -4.25305 2.72523
      vertex -5.27719 -4.04933 3.55544
      vertex -4.7718 -3.66153 2.72523
    endloop
  endfacet
  facet normal -0.254353 -0.0505995 -0.965787
    outer loop
      vertex -2.48389 -0.665557 0.42456
      vertex -2.54952 -0.335649 0.42456
      vertex -1.54737 -0.203714 0.153718
    endloop
  endfacet
  facet normal -0.778752 -0.154904 -0.607906
    outer loop
      vertex -5.80977 -1.55672 2.72523
      vertex -6.00485 -0.869419 2.8
      vertex -5.96326 -0.785078 2.72523
    endloop
  endfacet
  facet normal -0.778718 -0.154889 -0.607953
    outer loop
      vertex -6.00485 -0.869419 2.8
      vertex -5.80977 -1.55672 2.72523
      vertex -5.86519 -1.57157 2.8
    endloop
  endfacet
  facet normal -0.706348 -0.0462994 -0.706349
    outer loop
      vertex -5.96326 -0.785078 2.72523
      vertex -6.01472 0 2.72523
      vertex -5.22964 -0.688495 1.98528
    endloop
  endfacet
  facet normal -0.22753 -0.670299 -0.70635
    outer loop
      vertex -1.36521 -5.09503 1.98528
      vertex -2.30173 -5.55688 2.72523
      vertex -2.01857 -4.87325 1.98528
    endloop
  endfacet
  facet normal -0.313086 -0.634861 -0.706349
    outer loop
      vertex -2.30173 -5.55688 2.72523
      vertex -2.63738 -4.56808 1.98528
      vertex -2.01857 -4.87325 1.98528
    endloop
  endfacet
  facet normal -0.466723 -0.532197 -0.706354
    outer loop
      vertex -3.66153 -4.7718 2.72523
      vertex -3.72982 -3.72982 1.98528
      vertex -3.21107 -4.18475 1.98528
    endloop
  endfacet
  facet normal -0.466725 -0.532197 -0.706353
    outer loop
      vertex -3.66153 -4.7718 2.72523
      vertex -4.25305 -4.25305 2.72523
      vertex -3.72982 -3.72982 1.98528
    endloop
  endfacet
  facet normal -0.69483 -0.609343 -0.381985
    outer loop
      vertex -5.35665 -5.35665 5.42848
      vertex -6.01 -4.61164 5.42848
      vertex -5.6923 -4.36785 4.46169
    endloop
  endfacet
  facet normal -0.536712 -0.803255 -0.258303
    outer loop
      vertex -3.92314 -6.79508 6.43928
      vertex -4.61164 -6.01 5.42848
      vertex -3.78772 -6.56052 5.42848
    endloop
  endfacet
  facet normal -0.532197 -0.466723 -0.706354
    outer loop
      vertex -3.72982 -3.72982 1.98528
      vertex -4.7718 -3.66153 2.72523
      vertex -4.18475 -3.21107 1.98528
    endloop
  endfacet
  facet normal -0.609345 -0.694826 -0.381988
    outer loop
      vertex -4.36785 -5.6923 4.46169
      vertex -5.35665 -5.35665 5.42848
      vertex -5.07348 -5.07348 4.46169
    endloop
  endfacet
  facet normal -0.712104 -0.351173 -0.607935
    outer loop
      vertex -5.2089 -3.00736 2.72523
      vertex -6.14542 -2.54552 3.55544
      vertex -5.55688 -2.30173 2.72523
    endloop
  endfacet
  facet normal -0.820504 -0.278528 -0.499194
    outer loop
      vertex -6.14542 -2.54552 3.55544
      vertex -6.53941 -2.2 4.01024
      vertex -6.26271 -2.2 3.55544
    endloop
  endfacet
  facet normal -0.40875 -0.828864 0.381978
    outer loop
      vertex -2.74575 -6.62882 11.5383
      vertex -3.58749 -6.21372 11.5383
      vertex -2.899 -6.99879 10.5715
    endloop
  endfacet
  facet normal -0.42728 -0.866434 0.258309
    outer loop
      vertex -3.78772 -6.56052 10.5715
      vertex -3.92314 -6.79508 9.56072
      vertex -2.899 -6.99879 10.5715
    endloop
  endfacet
  facet normal -0.427278 -0.866436 0.258307
    outer loop
      vertex -2.899 -6.99879 10.5715
      vertex -3.92314 -6.79508 9.56072
      vertex -3.00264 -7.24902 9.56072
    endloop
  endfacet
  facet normal -0.536712 -0.803254 0.258308
    outer loop
      vertex -3.78772 -6.56052 10.5715
      vertex -4.61164 -6.01 10.5715
      vertex -3.92314 -6.79508 9.56072
    endloop
  endfacet
  facet normal -0.383237 -0.777129 -0.4992
    outer loop
      vertex -2.74575 -6.62882 4.46169
      vertex -3.58749 -6.21372 4.46169
      vertex -2.54552 -6.14542 3.55544
    endloop
  endfacet
  facet normal -0.27852 -0.820504 -0.4992
    outer loop
      vertex -1.85702 -6.9305 4.46169
      vertex -2.74575 -6.62882 4.46169
      vertex -2.54552 -6.14542 3.55544
    endloop
  endfacet
  facet normal -0.32144 -0.94693 0
    outer loop
      vertex -3.05491 -7.37521 7.47678
      vertex -2.06612 -7.71086 8.52322
      vertex -3.05491 -7.37521 8.52322
    endloop
  endfacet
  facet normal -0.32144 -0.94693 -0
    outer loop
      vertex -2.06612 -7.71086 8.52322
      vertex -3.05491 -7.37521 7.47678
      vertex -2.06612 -7.71086 7.47678
    endloop
  endfacet
  facet normal -0.442284 -0.896875 0
    outer loop
      vertex -3.99144 -6.91337 7.47678
      vertex -3.05491 -7.37521 8.52322
      vertex -3.99144 -6.91337 8.52322
    endloop
  endfacet
  facet normal -0.442284 -0.896875 -0
    outer loop
      vertex -3.05491 -7.37521 8.52322
      vertex -3.99144 -6.91337 7.47678
      vertex -3.05491 -7.37521 7.47678
    endloop
  endfacet
  facet normal -0.193429 -0.97243 -0.130246
    outer loop
      vertex -1.02415 -7.77916 6.43928
      vertex -2.06612 -7.71086 7.47678
      vertex -2.03077 -7.57893 6.43928
    endloop
  endfacet
  facet normal -0.310535 -0.914794 -0.258303
    outer loop
      vertex -2.03077 -7.57893 6.43928
      vertex -3.00264 -7.24902 6.43928
      vertex -2.899 -6.99879 5.42848
    endloop
  endfacet
  facet normal -0.653724 -0.745439 -0.130256
    outer loop
      vertex -4.85966 -6.33324 7.47678
      vertex -5.54816 -5.54816 6.43928
      vertex -4.77651 -6.22487 6.43928
    endloop
  endfacet
  facet normal -0.513438 -0.768422 -0.38198
    outer loop
      vertex -3.78772 -6.56052 5.42848
      vertex -4.61164 -6.01 5.42848
      vertex -3.58749 -6.21372 4.46169
    endloop
  endfacet
  facet normal 0.310535 -0.914794 -0.258303
    outer loop
      vertex 3.00264 -7.24902 6.43928
      vertex 2.03077 -7.57893 6.43928
      vertex 2.899 -6.99879 5.42848
    endloop
  endfacet
  facet normal 0.310531 -0.914794 -0.258307
    outer loop
      vertex 2.03077 -7.57893 6.43928
      vertex 1.96067 -7.31731 5.42848
      vertex 2.899 -6.99879 5.42848
    endloop
  endfacet
  facet normal 0.318702 -0.938864 -0.130246
    outer loop
      vertex 2.06612 -7.71086 7.47678
      vertex 2.03077 -7.57893 6.43928
      vertex 3.05491 -7.37521 7.47678
    endloop
  endfacet
  facet normal 0.32144 -0.94693 0
    outer loop
      vertex 2.06612 -7.71086 7.47678
      vertex 3.05491 -7.37521 8.52322
      vertex 2.06612 -7.71086 8.52322
    endloop
  endfacet
  facet normal 0.32144 -0.94693 0
    outer loop
      vertex 3.05491 -7.37521 8.52322
      vertex 2.06612 -7.71086 7.47678
      vertex 3.05491 -7.37521 7.47678
    endloop
  endfacet
  facet normal 0.193429 -0.97243 -0.130246
    outer loop
      vertex 2.06612 -7.71086 7.47678
      vertex 1.02415 -7.77916 6.43928
      vertex 2.03077 -7.57893 6.43928
    endloop
  endfacet
  facet normal 0.193429 -0.972426 -0.130281
    outer loop
      vertex 1.47821 -7.81587 7.38771
      vertex 2.06612 -7.71086 7.47678
      vertex 1.50844 -7.82179 7.47678
    endloop
  endfacet
  facet normal 0.193425 -0.97243 -0.130253
    outer loop
      vertex 1.38564 -7.80914 7.2
      vertex 2.06612 -7.71086 7.47678
      vertex 1.47821 -7.81587 7.38771
    endloop
  endfacet
  facet normal 0.193419 -0.972434 -0.130237
    outer loop
      vertex 1.26937 -7.80896 7.02598
      vertex 2.06612 -7.71086 7.47678
      vertex 1.38564 -7.80914 7.2
    endloop
  endfacet
  facet normal 0.193482 -0.972418 -0.13026
    outer loop
      vertex 1.02415 -7.77916 6.43928
      vertex 1.26937 -7.80896 7.02598
      vertex 1.13137 -7.81534 6.86863
    endloop
  endfacet
  facet normal 0.193353 -0.972448 -0.13023
    outer loop
      vertex 1.02415 -7.77916 6.43928
      vertex 1.13137 -7.81534 6.86863
      vertex 1.03 -7.82359 6.77973
    endloop
  endfacet
  facet normal 0.193417 -0.972434 -0.130234
    outer loop
      vertex 1.26937 -7.80896 7.02598
      vertex 1.02415 -7.77916 6.43928
      vertex 2.06612 -7.71086 7.47678
    endloop
  endfacet
  facet normal 0.55084 -0.824384 -0.130254
    outer loop
      vertex 3.99144 -6.91337 7.47678
      vertex 3.92314 -6.79508 6.43928
      vertex 4.85966 -6.33324 7.47678
    endloop
  endfacet
  facet normal 0.555573 -0.831468 0
    outer loop
      vertex 3.99144 -6.91337 7.47678
      vertex 4.85966 -6.33324 8.52322
      vertex 3.99144 -6.91337 8.52322
    endloop
  endfacet
  facet normal 0.555573 -0.831468 0
    outer loop
      vertex 4.85966 -6.33324 8.52322
      vertex 3.99144 -6.91337 7.47678
      vertex 4.85966 -6.33324 7.47678
    endloop
  endfacet
  facet normal 0.55084 -0.824384 0.130254
    outer loop
      vertex 4.85966 -6.33324 8.52322
      vertex 3.92314 -6.79508 9.56072
      vertex 3.99144 -6.91337 8.52322
    endloop
  endfacet
  facet normal -0.77714 -0.383242 0.499178
    outer loop
      vertex -6.14542 -2.54552 12.4446
      vertex -6.21372 -3.58749 11.5383
      vertex -5.76059 -3.32588 12.4446
    endloop
  endfacet
  facet normal -0.777139 -0.383243 0.499179
    outer loop
      vertex -6.14542 -2.54552 12.4446
      vertex -6.62882 -2.74575 11.5383
      vertex -6.21372 -3.58749 11.5383
    endloop
  endfacet
  facet normal -0.491159 -0.097704 0.865573
    outer loop
      vertex -3.50804 -0.461842 15.175
      vertex -4.29312 -1.15034 14.6518
      vertex -3.41774 -0.915781 15.175
    endloop
  endfacet
  facet normal -0.597907 -0.118934 0.792693
    outer loop
      vertex -4.40654 -0.580132 14.6518
      vertex -5.22964 -0.688495 14.0147
      vertex -5.09503 -1.36521 14.0147
    endloop
  endfacet
  facet normal -0.37597 -0.0747933 0.923609
    outer loop
      vertex -2.54952 -0.335649 15.5754
      vertex -3.50804 -0.461842 15.175
      vertex -2.48389 -0.665557 15.5754
    endloop
  endfacet
  facet normal -0.382516 0.0250719 0.923609
    outer loop
      vertex -2.54952 0.335649 15.5754
      vertex -3.53831 0 15.175
      vertex -2.57152 0 15.5754
    endloop
  endfacet
  facet normal -0.824383 -0.550841 0.130256
    outer loop
      vertex -6.22487 -4.77651 9.56072
      vertex -6.79508 -3.92314 9.56072
      vertex -6.33324 -4.85966 8.52322
    endloop
  endfacet
  facet normal -0.609346 -0.694827 0.381985
    outer loop
      vertex -5.07348 -5.07348 11.5383
      vertex -5.35665 -5.35665 10.5715
      vertex -4.36785 -5.6923 11.5383
    endloop
  endfacet
  facet normal -0.803254 -0.536712 0.258308
    outer loop
      vertex -6.56052 -3.78772 10.5715
      vertex -6.79508 -3.92314 9.56072
      vertex -6.01 -4.61164 10.5715
    endloop
  endfacet
  facet normal -0.866434 -0.42728 0.258309
    outer loop
      vertex -6.56052 -3.78772 10.5715
      vertex -6.99879 -2.899 10.5715
      vertex -6.79508 -3.92314 9.56072
    endloop
  endfacet
  facet normal -0.588545 -0.393251 0.706378
    outer loop
      vertex -4.18475 -3.21107 14.0147
      vertex -5.2089 -3.00736 13.2748
      vertex -4.7718 -3.66153 13.2748
    endloop
  endfacet
  facet normal -0.45834 -0.401952 0.792691
    outer loop
      vertex -3.52611 -2.70568 14.6518
      vertex -4.18475 -3.21107 14.0147
      vertex -3.72982 -3.72982 14.0147
    endloop
  endfacet
  facet normal 0.0983523 -0.086247 0.991407
    outer loop
      vertex 1.2382 -0.950108 15.8463
      vertex 0.415102 -0.318519 15.9829
      vertex 1.1036 -1.1036 15.8463
    endloop
  endfacet
  facet normal 0.401954 -0.458336 0.792693
    outer loop
      vertex 3.14278 -3.14278 14.6518
      vertex 2.70568 -3.52611 14.6518
      vertex 3.72982 -3.72982 14.0147
    endloop
  endfacet
  facet normal 0.195025 -0.171021 0.965773
    outer loop
      vertex 1.2382 -0.950108 15.8463
      vertex 1.1036 -1.1036 15.8463
      vertex 1.81834 -1.81834 15.5754
    endloop
  endfacet
  facet normal 0.27822 -0.416389 0.865571
    outer loop
      vertex 2.15399 -2.80713 15.175
      vertex 1.76915 -3.06427 15.175
      vertex 2.70568 -3.52611 14.6518
    endloop
  endfacet
  facet normal -0.0327522 -0.499714 0.865571
    outer loop
      vertex -0.461842 -3.50804 15.175
      vertex -0.580132 -4.40654 14.6518
      vertex 0 -3.53831 15.175
    endloop
  endfacet
  facet normal 0.0462979 -0.706324 0.706373
    outer loop
      vertex 0.688495 -5.22964 14.0147
      vertex 0 -6.01472 13.2748
      vertex 0.785078 -5.96326 13.2748
    endloop
  endfacet
  facet normal 0.330193 -0.376509 0.865571
    outer loop
      vertex 3.14278 -3.14278 14.6518
      vertex 2.15399 -2.80713 15.175
      vertex 2.70568 -3.52611 14.6518
    endloop
  endfacet
  facet normal 0.376505 -0.330195 0.865572
    outer loop
      vertex 2.80713 -2.15399 15.175
      vertex 2.50196 -2.50196 15.175
      vertex 3.14278 -3.14278 14.6518
    endloop
  endfacet
  facet normal -0.27822 -0.416389 0.865571
    outer loop
      vertex -2.15399 -2.80713 15.175
      vertex -2.70568 -3.52611 14.6518
      vertex -1.76915 -3.06427 15.175
    endloop
  endfacet
  facet normal 0.0250708 -0.382516 0.923609
    outer loop
      vertex 0.335649 -2.54952 15.5754
      vertex 0 -3.53831 15.175
      vertex 0.461842 -3.50804 15.175
    endloop
  endfacet
  facet normal 0.0833763 -0.245625 0.965773
    outer loop
      vertex 0.984076 -2.37577 15.5754
      vertex 0.597262 -1.44192 15.8463
      vertex 0.665557 -2.48389 15.5754
    endloop
  endfacet
  facet normal -0.108767 -0.0726748 0.991407
    outer loop
      vertex -0.453126 -0.261612 15.9829
      vertex -1.35162 -0.780361 15.8463
      vertex -1.2382 -0.950108 15.8463
    endloop
  endfacet
  facet normal -0.128298 -0.0255212 0.991407
    outer loop
      vertex -0.518748 -0.0682945 15.9829
      vertex -1.54737 -0.203714 15.8463
      vertex -1.50754 -0.403944 15.8463
    endloop
  endfacet
  facet normal -0.245625 -0.0833751 0.965773
    outer loop
      vertex -1.50754 -0.403944 15.8463
      vertex -2.48389 -0.665557 15.5754
      vertex -1.44192 -0.597262 15.8463
    endloop
  endfacet
  facet normal 0.318705 -0.938862 0.130249
    outer loop
      vertex 3.00264 -7.24902 9.56072
      vertex 2.03077 -7.57893 9.56072
      vertex 3.05491 -7.37521 8.52322
    endloop
  endfacet
  facet normal 0.438521 -0.889233 0.130249
    outer loop
      vertex 3.92314 -6.79508 9.56072
      vertex 3.00264 -7.24902 9.56072
      vertex 3.05491 -7.37521 8.52322
    endloop
  endfacet
  facet normal 0.18847 -0.947499 0.258311
    outer loop
      vertex 2.03077 -7.57893 9.56072
      vertex 0.988793 -7.51063 10.5715
      vertex 1.02415 -7.77916 9.56072
    endloop
  endfacet
  facet normal 0.513439 -0.768423 0.381977
    outer loop
      vertex 4.61164 -6.01 10.5715
      vertex 3.58749 -6.21372 11.5383
      vertex 3.78772 -6.56052 10.5715
    endloop
  endfacet
  facet normal 0.513442 -0.76842 0.381981
    outer loop
      vertex 4.36785 -5.6923 11.5383
      vertex 3.58749 -6.21372 11.5383
      vertex 4.61164 -6.01 10.5715
    endloop
  endfacet
  facet normal -0.278218 -0.416393 0.86557
    outer loop
      vertex -1.76915 -3.06427 15.175
      vertex -2.70568 -3.52611 14.6518
      vertex -2.22228 -3.8491 14.6518
    endloop
  endfacet
  facet normal -0.393251 -0.588545 0.706378
    outer loop
      vertex -3.21107 -4.18475 14.0147
      vertex -3.66153 -4.7718 13.2748
      vertex -3.00736 -5.2089 13.2748
    endloop
  endfacet
  facet normal -0.278524 -0.820515 0.499179
    outer loop
      vertex -1.7216 -6.4251 12.4446
      vertex -2.54552 -6.14542 12.4446
      vertex -1.85702 -6.9305 11.5383
    endloop
  endfacet
  facet normal -0.169047 -0.849849 0.499179
    outer loop
      vertex -1.7216 -6.4251 12.4446
      vertex -1.85702 -6.9305 11.5383
      vertex -0.936522 -7.1136 11.5383
    endloop
  endfacet
  facet normal -0.694827 -0.609346 0.381985
    outer loop
      vertex -5.07348 -5.07348 11.5383
      vertex -5.6923 -4.36785 11.5383
      vertex -5.35665 -5.35665 10.5715
    endloop
  endfacet
  facet normal -0.694831 -0.609344 0.381982
    outer loop
      vertex -5.6923 -4.36785 11.5383
      vertex -6.01 -4.61164 10.5715
      vertex -5.35665 -5.35665 10.5715
    endloop
  endfacet
  facet normal -0.59695 -0.523509 0.607939
    outer loop
      vertex -4.25305 -4.25305 13.2748
      vertex -5.27719 -4.04933 12.4446
      vertex -4.7035 -4.7035 12.4446
    endloop
  endfacet
  facet normal -0.4814 -0.720466 0.499182
    outer loop
      vertex -4.04933 -5.27719 12.4446
      vertex -4.36785 -5.6923 11.5383
      vertex -3.58749 -6.21372 11.5383
    endloop
  endfacet
  facet normal 0.653724 -0.745439 -0.130256
    outer loop
      vertex 4.85966 -6.33324 7.47678
      vertex 4.77651 -6.22487 6.43928
      vertex 5.54816 -5.54816 6.43928
    endloop
  endfacet
  facet normal 0.550841 -0.824383 -0.130256
    outer loop
      vertex 4.85966 -6.33324 7.47678
      vertex 3.92314 -6.79508 6.43928
      vertex 4.77651 -6.22487 6.43928
    endloop
  endfacet
  facet normal 0.745439 -0.653724 -0.130256
    outer loop
      vertex 6.33324 -4.85966 7.47678
      vertex 5.54816 -5.54816 6.43928
      vertex 6.22487 -4.77651 6.43928
    endloop
  endfacet
  facet normal 0.609345 -0.694826 -0.381988
    outer loop
      vertex 5.35665 -5.35665 5.42848
      vertex 4.36785 -5.6923 4.46169
      vertex 5.07348 -5.07348 4.46169
    endloop
  endfacet
  facet normal 0.255216 -0.751849 -0.607937
    outer loop
      vertex 1.7216 -6.4251 3.55544
      vertex 1.55672 -5.80977 2.72523
      vertex 2.54552 -6.14542 3.55544
    endloop
  endfacet
  facet normal 0.0462994 -0.706348 -0.706349
    outer loop
      vertex 0.785078 -5.96326 2.72523
      vertex 0 -6.01472 2.72523
      vertex 0.688495 -5.22964 1.98528
    endloop
  endfacet
  facet normal 0.0604407 -0.92219 -0.381986
    outer loop
      vertex 0.936522 -7.1136 4.46169
      vertex 0 -7.57544 5.42848
      vertex 0 -7.17498 4.46169
    endloop
  endfacet
  facet normal -0.0566685 -0.864635 -0.499194
    outer loop
      vertex 0 -7.17498 4.46169
      vertex -0.936522 -7.1136 4.46169
      vertex 0 -6.65176 3.55544
    endloop
  endfacet
  facet normal -0.154902 -0.778727 -0.607938
    outer loop
      vertex -0.868228 -6.59485 3.55544
      vertex -1.7216 -6.4251 3.55544
      vertex -0.785078 -5.96326 2.72523
    endloop
  endfacet
  facet normal 0.138098 -0.694262 -0.706349
    outer loop
      vertex 0.785078 -5.96326 2.72523
      vertex 0.688495 -5.22964 1.98528
      vertex 1.55672 -5.80977 2.72523
    endloop
  endfacet
  facet normal -0.118923 -0.597874 -0.792719
    outer loop
      vertex -0.580132 -4.40654 1.34824
      vertex -1.36521 -5.09503 1.98528
      vertex -1.15034 -4.29312 1.34824
    endloop
  endfacet
  facet normal -0.118927 -0.597871 -0.792721
    outer loop
      vertex -0.688495 -5.22964 1.98528
      vertex -1.36521 -5.09503 1.98528
      vertex -0.580132 -4.40654 1.34824
    endloop
  endfacet
  facet normal 0.0977069 -0.491174 -0.865565
    outer loop
      vertex 1.15034 -4.29312 1.34824
      vertex 0.461842 -3.50804 0.825019
      vertex 0.915781 -3.41774 0.825019
    endloop
  endfacet
  facet normal -0.025075 -0.382564 -0.923589
    outer loop
      vertex 0 -3.53831 0.825019
      vertex -0.335649 -2.54952 0.42456
      vertex 0 -2.57152 0.42456
    endloop
  endfacet
  facet normal 0.338668 -0.506849 -0.792722
    outer loop
      vertex 2.63738 -4.56808 1.98528
      vertex 2.22228 -3.8491 1.34824
      vertex 3.21107 -4.18475 1.98528
    endloop
  endfacet
  facet normal 0.393268 -0.588564 -0.706352
    outer loop
      vertex 3.00736 -5.2089 2.72523
      vertex 2.63738 -4.56808 1.98528
      vertex 3.21107 -4.18475 1.98528
    endloop
  endfacet
  facet normal 0.0747992 -0.376016 -0.923589
    outer loop
      vertex 0.915781 -3.41774 0.825019
      vertex 0.461842 -3.50804 0.825019
      vertex 0.665557 -2.48389 0.42456
    endloop
  endfacet
  facet normal 0.195949 -0.577235 -0.792719
    outer loop
      vertex 1.36521 -5.09503 1.98528
      vertex 1.15034 -4.29312 1.34824
      vertex 1.70086 -4.10624 1.34824
    endloop
  endfacet
  facet normal 0.849838 -0.169047 -0.499198
    outer loop
      vertex 7.1136 -0.936522 4.46169
      vertex 6.4251 -1.7216 3.55544
      vertex 6.59485 -0.868228 3.55544
    endloop
  endfacet
  facet normal 0.778727 -0.154902 -0.607938
    outer loop
      vertex 6.4251 -1.7216 3.55544
      vertex 5.96326 -0.785078 2.72523
      vertex 6.59485 -0.868228 3.55544
    endloop
  endfacet
  facet normal 0.963995 0.0631776 -0.258306
    outer loop
      vertex 7.84628 0 6.43928
      vertex 7.51063 0.988793 5.42848
      vertex 7.77916 1.02415 6.43928
    endloop
  endfacet
  facet normal 0.922191 -0.0604446 -0.381983
    outer loop
      vertex 7.51063 -0.988793 5.42848
      vertex 7.1136 -0.936522 4.46169
      vertex 7.57544 0 5.42848
    endloop
  endfacet
  facet normal 0.792284 -0.0519321 -0.607939
    outer loop
      vertex 6.59485 -0.868228 3.55544
      vertex 5.96326 -0.785078 2.72523
      vertex 6.65176 0 3.55544
    endloop
  endfacet
  facet normal 0.864632 -0.0566743 -0.499198
    outer loop
      vertex 7.1136 -0.936522 4.46169
      vertex 6.59485 -0.868228 3.55544
      vertex 6.65176 0 3.55544
    endloop
  endfacet
  facet normal 0.866436 -0.42728 -0.258304
    outer loop
      vertex 6.79508 -3.92314 6.43928
      vertex 6.56052 -3.78772 5.42848
      vertex 6.99879 -2.899 5.42848
    endloop
  endfacet
  facet normal 0.803255 -0.536712 -0.258303
    outer loop
      vertex 6.79508 -3.92314 6.43928
      vertex 6.01 -4.61164 5.42848
      vertex 6.56052 -3.78772 5.42848
    endloop
  endfacet
  facet normal 0.636968 -0.72633 -0.258294
    outer loop
      vertex 4.77651 -6.22487 6.43928
      vertex 4.61164 -6.01 5.42848
      vertex 5.35665 -5.35665 5.42848
    endloop
  endfacet
  facet normal 0.651459 -0.571313 -0.499202
    outer loop
      vertex 5.6923 -4.36785 4.46169
      vertex 5.07348 -5.07348 4.46169
      vertex 5.27719 -4.04933 3.55544
    endloop
  endfacet
  facet normal 0.889234 -0.438517 0.130254
    outer loop
      vertex 7.37521 -3.05491 8.52322
      vertex 6.79508 -3.92314 9.56072
      vertex 6.91337 -3.99144 8.52322
    endloop
  endfacet
  facet normal 0.889233 -0.438521 0.130249
    outer loop
      vertex 7.24902 -3.00264 9.56072
      vertex 6.79508 -3.92314 9.56072
      vertex 7.37521 -3.05491 8.52322
    endloop
  endfacet
  facet normal 0.0748027 -0.376017 -0.923589
    outer loop
      vertex 0.461842 -3.50804 0.825019
      vertex 0.335649 -2.54952 0.42456
      vertex 0.665557 -2.48389 0.42456
    endloop
  endfacet
  facet normal 0.169563 -0.343849 -0.923589
    outer loop
      vertex 1.76915 -3.06427 0.825019
      vertex 0.984076 -2.37577 0.42456
      vertex 1.28576 -2.227 0.42456
    endloop
  endfacet
  facet normal -0.288246 0.252777 -0.92359
    outer loop
      vertex -2.04012 1.56544 0.42456
      vertex -2.80713 2.15399 0.825019
      vertex -1.81834 1.81834 0.42456
    endloop
  endfacet
  facet normal -0.343849 0.169563 -0.923589
    outer loop
      vertex -2.37577 0.984076 0.42456
      vertex -3.06427 1.76915 0.825019
      vertex -2.227 1.28576 0.42456
    endloop
  endfacet
  facet normal -0.057855 0.117311 -0.991409
    outer loop
      vertex -0.261612 0.453126 0.0171289
      vertex -0.780361 1.35162 0.153718
      vertex -0.597262 1.44192 0.153718
    endloop
  endfacet
  facet normal -0.215629 0.144082 -0.965787
    outer loop
      vertex -1.2382 0.950108 0.153718
      vertex -2.227 1.28576 0.42456
      vertex -2.04012 1.56544 0.42456
    endloop
  endfacet
  facet normal 0.330205 0.376516 -0.865564
    outer loop
      vertex 2.50196 2.50196 0.825019
      vertex 2.15399 2.80713 0.825019
      vertex 3.14278 3.14278 1.34824
    endloop
  endfacet
  facet normal 0.416405 0.278226 -0.865562
    outer loop
      vertex 3.8491 2.22228 1.34824
      vertex 3.06427 1.76915 0.825019
      vertex 3.52611 2.70568 1.34824
    endloop
  endfacet
  facet normal 0.330203 0.376521 -0.865562
    outer loop
      vertex 3.14278 3.14278 1.34824
      vertex 2.15399 2.80713 0.825019
      vertex 2.70568 3.52611 1.34824
    endloop
  endfacet
  facet normal 0.195949 0.577235 -0.792719
    outer loop
      vertex 1.70086 4.10624 1.34824
      vertex 1.15034 4.29312 1.34824
      vertex 1.36521 5.09503 1.98528
    endloop
  endfacet
  facet normal 0.170987 0.194986 -0.965787
    outer loop
      vertex 1.1036 1.1036 0.153718
      vertex 0.950108 1.2382 0.153718
      vertex 1.81834 1.81834 0.42456
    endloop
  endfacet
  facet normal 0.376017 0.0748027 -0.923589
    outer loop
      vertex 2.54952 0.335649 0.42456
      vertex 2.48389 0.665557 0.42456
      vertex 3.50804 0.461842 0.825019
    endloop
  endfacet
  facet normal 0.608276 -0.0398645 -0.792724
    outer loop
      vertex 5.27477 0 1.98528
      vertex 4.40654 -0.580132 1.34824
      vertex 4.44456 0 1.34824
    endloop
  endfacet
  facet normal 0.108758 -0.0726695 -0.991409
    outer loop
      vertex 1.2382 -0.950108 0.153718
      vertex 0.415102 -0.318519 0.0171289
      vertex 0.453126 -0.261612 0.0171289
    endloop
  endfacet
  facet normal 0.40193 -0.458309 -0.79272
    outer loop
      vertex 3.72982 -3.72982 1.98528
      vertex 2.70568 -3.52611 1.34824
      vertex 3.14278 -3.14278 1.34824
    endloop
  endfacet
  facet normal 0.458309 -0.40193 -0.79272
    outer loop
      vertex 3.72982 -3.72982 1.98528
      vertex 3.14278 -3.14278 1.34824
      vertex 3.52611 -2.70568 1.34824
    endloop
  endfacet
  facet normal 0.343848 -0.169563 -0.923589
    outer loop
      vertex 3.06427 -1.76915 0.825019
      vertex 2.37577 -0.984076 0.42456
      vertex 3.26897 -1.35405 0.825019
    endloop
  endfacet
  facet normal 0.474222 -0.16098 -0.865563
    outer loop
      vertex 4.10624 -1.70086 1.34824
      vertex 3.26897 -1.35405 0.825019
      vertex 4.29312 -1.15034 1.34824
    endloop
  endfacet
  facet normal 0.144078 -0.215631 -0.965787
    outer loop
      vertex 1.28576 -2.227 0.42456
      vertex 0.780361 -1.35162 0.153718
      vertex 0.950108 -1.2382 0.153718
    endloop
  endfacet
  facet normal 0.706348 -0.0463003 -0.706348
    outer loop
      vertex 6.01472 0 2.72523
      vertex 5.22964 -0.688495 1.98528
      vertex 5.27477 0 1.98528
    endloop
  endfacet
  facet normal 0.670299 -0.22753 -0.70635
    outer loop
      vertex 5.55688 -2.30173 2.72523
      vertex 5.09503 -1.36521 1.98528
      vertex 5.80977 -1.55672 2.72523
    endloop
  endfacet
  facet normal 0.608279 -0.0398719 -0.792721
    outer loop
      vertex 5.22964 -0.688495 1.98528
      vertex 4.40654 -0.580132 1.34824
      vertex 5.27477 0 1.98528
    endloop
  endfacet
  facet normal 0.49973 0.0327507 -0.865562
    outer loop
      vertex 4.44456 0 1.34824
      vertex 3.53831 0 0.825019
      vertex 4.40654 0.580132 1.34824
    endloop
  endfacet
  facet normal 0.777129 0.383237 -0.499199
    outer loop
      vertex 6.14542 2.54552 3.55544
      vertex 5.76059 3.32588 3.55544
      vertex 6.21372 3.58749 4.46169
    endloop
  endfacet
  facet normal 0.694261 0.1381 -0.70635
    outer loop
      vertex 5.22964 0.688495 1.98528
      vertex 5.09503 1.36521 1.98528
      vertex 5.80977 1.55672 2.72523
    endloop
  endfacet
  facet normal 0.875124 0.297064 -0.381983
    outer loop
      vertex 7.31731 1.96067 5.42848
      vertex 6.9305 1.85702 4.46169
      vertex 6.99879 2.899 5.42848
    endloop
  endfacet
  facet normal 0.75185 0.255216 -0.607936
    outer loop
      vertex 6.4251 1.7216 3.55544
      vertex 6 2.11712 3.19575
      vertex 6.14542 2.54552 3.55544
    endloop
  endfacet
  facet normal 0.75185 0.255214 -0.607938
    outer loop
      vertex 6 2.11712 3.19575
      vertex 6.4251 1.7216 3.55544
      vertex 6 1.60769 2.98189
    endloop
  endfacet
  facet normal 0.751829 0.255237 -0.607953
    outer loop
      vertex 5.86519 1.57157 2.8
      vertex 5.80977 1.55672 2.72523
      vertex 5.84 1.64577 2.8
    endloop
  endfacet
  facet normal 0.532197 0.466725 -0.706353
    outer loop
      vertex 4.7718 3.66153 2.72523
      vertex 3.72982 3.72982 1.98528
      vertex 4.25305 4.25305 2.72523
    endloop
  endfacet
  facet normal 0.523513 0.596952 -0.607933
    outer loop
      vertex 4.25305 4.25305 2.72523
      vertex 3.66153 4.7718 2.72523
      vertex 4.04933 5.27719 3.55544
    endloop
  endfacet
  facet normal 0.577235 0.195949 -0.792719
    outer loop
      vertex 4.29312 1.15034 1.34824
      vertex 4.10624 1.70086 1.34824
      vertex 5.09503 1.36521 1.98528
    endloop
  endfacet
  facet normal 0.597874 0.118923 -0.792719
    outer loop
      vertex 4.40654 0.580132 1.34824
      vertex 4.29312 1.15034 1.34824
      vertex 5.09503 1.36521 1.98528
    endloop
  endfacet
  facet normal 0.22753 0.670299 -0.70635
    outer loop
      vertex 2.01857 4.87325 1.98528
      vertex 1.36521 5.09503 1.98528
      vertex 2.30173 5.55688 2.72523
    endloop
  endfacet
  facet normal 0.212995 0.318772 -0.923589
    outer loop
      vertex 2.15399 2.80713 0.825019
      vertex 1.56544 2.04012 0.42456
      vertex 1.76915 3.06427 0.825019
    endloop
  endfacet
  facet normal 0.577234 0.195939 -0.792723
    outer loop
      vertex 5.09503 1.36521 1.98528
      vertex 4.10624 1.70086 1.34824
      vertex 4.87325 2.01857 1.98528
    endloop
  endfacet
  facet normal 0.546716 0.269615 -0.792723
    outer loop
      vertex 4.10624 1.70086 1.34824
      vertex 3.8491 2.22228 1.34824
      vertex 4.87325 2.01857 1.98528
    endloop
  endfacet
  facet normal 0.571313 -0.651459 -0.499202
    outer loop
      vertex 4.36785 -5.6923 4.46169
      vertex 4.04933 -5.27719 3.55544
      vertex 5.07348 -5.07348 4.46169
    endloop
  endfacet
  facet normal 0.481394 -0.720456 -0.499202
    outer loop
      vertex 4.36785 -5.6923 4.46169
      vertex 3.58749 -6.21372 4.46169
      vertex 4.04933 -5.27719 3.55544
    endloop
  endfacet
  facet normal 0.75185 -0.255214 -0.607938
    outer loop
      vertex 6.4251 -1.7216 3.55544
      vertex 6 -2.11712 3.19575
      vertex 6 -1.60769 2.98189
    endloop
  endfacet
  facet normal 0.75185 -0.255216 -0.607936
    outer loop
      vertex 6 -2.11712 3.19575
      vertex 6.4251 -1.7216 3.55544
      vertex 6.14542 -2.54552 3.55544
    endloop
  endfacet
  facet normal 0.751829 -0.255237 -0.607953
    outer loop
      vertex 5.84 -1.64577 2.8
      vertex 5.80977 -1.55672 2.72523
      vertex 5.86519 -1.57157 2.8
    endloop
  endfacet
  facet normal 0.751859 -0.255128 -0.607962
    outer loop
      vertex 6 -2.2 3.23054
      vertex 5.55688 -2.30173 2.72523
      vertex 5.65186 -2.2 2.8
    endloop
  endfacet
  facet normal 0.751849 -0.255222 -0.607935
    outer loop
      vertex 6 -2.2 3.23054
      vertex 6.14542 -2.54552 3.55544
      vertex 5.55688 -2.30173 2.72523
    endloop
  endfacet
  facet normal 0.751889 -0.255176 -0.607905
    outer loop
      vertex 6.14542 -2.54552 3.55544
      vertex 6 -2.2 3.23054
      vertex 6 -2.11712 3.19575
    endloop
  endfacet
  facet normal 0.751844 -0.255222 -0.607941
    outer loop
      vertex 5.65186 -2.2 2.8
      vertex 5.80977 -1.55672 2.72523
      vertex 5.84 -1.64577 2.8
    endloop
  endfacet
  facet normal 0.751896 -0.255227 -0.607875
    outer loop
      vertex 5.80977 -1.55672 2.72523
      vertex 5.65186 -2.2 2.8
      vertex 5.55688 -2.30173 2.72523
    endloop
  endfacet
  facet normal 0.963994 -0.0631775 0.25831
    outer loop
      vertex 7.84628 0 9.56072
      vertex 7.51063 -0.988793 10.5715
      vertex 7.77916 -1.02415 9.56072
    endloop
  endfacet
  facet normal 0.875125 -0.297065 0.38198
    outer loop
      vertex 7.31731 -1.96067 10.5715
      vertex 6.9305 -1.85702 11.5383
      vertex 6.99879 -2.899 10.5715
    endloop
  endfacet
  facet normal 0.938862 -0.318705 0.130249
    outer loop
      vertex 7.57893 -2.03077 9.56072
      vertex 7.24902 -3.00264 9.56072
      vertex 7.37521 -3.05491 8.52322
    endloop
  endfacet
  facet normal 0.938864 -0.318702 0.130246
    outer loop
      vertex 7.57893 -2.03077 9.56072
      vertex 7.37521 -3.05491 8.52322
      vertex 7.71086 -2.06612 8.52322
    endloop
  endfacet
  facet normal 0.97243 -0.193432 -0.130249
    outer loop
      vertex 7.91458 -1.04197 7.47678
      vertex 7.71086 -2.06612 7.47678
      vertex 7.77916 -1.02415 6.43928
    endloop
  endfacet
  facet normal 0.77714 -0.383242 0.499178
    outer loop
      vertex 6.14542 -2.54552 12.4446
      vertex 5.76059 -3.32588 12.4446
      vertex 6.21372 -3.58749 11.5383
    endloop
  endfacet
  facet normal 0.777139 -0.383243 0.499179
    outer loop
      vertex 6.62882 -2.74575 11.5383
      vertex 6.14542 -2.54552 12.4446
      vertex 6.21372 -3.58749 11.5383
    endloop
  endfacet
  facet normal 0.694827 -0.609346 0.381985
    outer loop
      vertex 5.6923 -4.36785 11.5383
      vertex 5.07348 -5.07348 11.5383
      vertex 5.35665 -5.35665 10.5715
    endloop
  endfacet
  facet normal 0.694831 -0.609344 0.381982
    outer loop
      vertex 5.6923 -4.36785 11.5383
      vertex 5.35665 -5.35665 10.5715
      vertex 6.01 -4.61164 10.5715
    endloop
  endfacet
  facet normal -0.914795 0.310533 -0.258303
    outer loop
      vertex -7.23607 2.2 5.42848
      vertex -7.46585 2.2 6.24226
      vertex -6.99879 2.899 5.42848
    endloop
  endfacet
  facet normal -0.79229 0.0519817 -0.607927
    outer loop
      vertex -5.96326 0.785078 2.72523
      vertex -6.02527 0.714376 2.8
      vertex -6.02014 0.792566 2.8
    endloop
  endfacet
  facet normal -0.828863 -0.40875 -0.381981
    outer loop
      vertex -6.21372 -3.58749 4.46169
      vertex -6.99879 -2.899 5.42848
      vertex -6.62882 -2.74575 4.46169
    endloop
  endfacet
  facet normal -0.875122 -0.297052 -0.381998
    outer loop
      vertex -6.62882 -2.74575 4.46169
      vertex -6.95298 -2.2 4.77992
      vertex -6.81407 -2.2 4.46169
    endloop
  endfacet
  facet normal -0.875125 -0.297064 -0.381981
    outer loop
      vertex -6.95298 -2.2 4.77992
      vertex -6.62882 -2.74575 4.46169
      vertex -6.99879 -2.899 5.42848
    endloop
  endfacet
  facet normal -0.768422 -0.513438 -0.38198
    outer loop
      vertex -6.01 -4.61164 5.42848
      vertex -6.56052 -3.78772 5.42848
      vertex -6.21372 -3.58749 4.46169
    endloop
  endfacet
  facet normal -0.938866 -0.318703 -0.130228
    outer loop
      vertex -7.24902 -3.00264 6.43928
      vertex -7.54526 -2.2 6.61072
      vertex -7.52148 -2.2 6.43928
    endloop
  endfacet
  facet normal -0.938865 -0.318697 -0.130249
    outer loop
      vertex -7.54526 -2.2 6.61072
      vertex -7.24902 -3.00264 6.43928
      vertex -7.37521 -3.05491 7.47678
    endloop
  endfacet
  facet normal -0.914795 -0.310533 -0.258303
    outer loop
      vertex -6.99879 -2.899 5.42848
      vertex -7.46585 -2.2 6.24226
      vertex -7.23607 -2.2 5.42848
    endloop
  endfacet
  facet normal -0.803255 -0.536712 -0.258303
    outer loop
      vertex -6.01 -4.61164 5.42848
      vertex -6.79508 -3.92314 6.43928
      vertex -6.56052 -3.78772 5.42848
    endloop
  endfacet
  facet normal -0.896875 0.442284 0
    outer loop
      vertex -7.37521 3.05491 7.47678
      vertex -6.91337 3.99144 8.52322
      vertex -6.91337 3.99144 7.47678
    endloop
  endfacet
  facet normal -0.896875 0.442284 0
    outer loop
      vertex -6.91337 3.99144 8.52322
      vertex -7.37521 3.05491 7.47678
      vertex -7.37521 3.05491 8.52322
    endloop
  endfacet
  facet normal -0.0463003 0.706348 -0.706348
    outer loop
      vertex 0 5.27477 1.98528
      vertex -0.688495 5.22964 1.98528
      vertex 0 6.01472 2.72523
    endloop
  endfacet
  facet normal 0.0169617 0.258781 -0.965787
    outer loop
      vertex 0.335649 2.54952 0.42456
      vertex 0 1.56072 0.153718
      vertex 0 2.57152 0.42456
    endloop
  endfacet
  facet normal 0.221494 0.449156 -0.865563
    outer loop
      vertex 1.76915 3.06427 0.825019
      vertex 1.35405 3.26897 0.825019
      vertex 1.70086 4.10624 1.34824
    endloop
  endfacet
  facet normal 0.123233 0.363039 -0.923589
    outer loop
      vertex 1.35405 3.26897 0.825019
      vertex 0.665557 2.48389 0.42456
      vertex 0.915781 3.41774 0.825019
    endloop
  endfacet
  facet normal 0.057855 0.117311 -0.991409
    outer loop
      vertex 0.780361 1.35162 0.153718
      vertex 0.261612 0.453126 0.0171289
      vertex 0.597262 1.44192 0.153718
    endloop
  endfacet
  facet normal 0.252777 0.288246 -0.92359
    outer loop
      vertex 1.81834 1.81834 0.42456
      vertex 1.56544 2.04012 0.42456
      vertex 2.15399 2.80713 0.825019
    endloop
  endfacet
  facet normal -0.00855348 0.130522 -0.991409
    outer loop
      vertex 0 0.523225 0.0171289
      vertex -0.203714 1.54737 0.153718
      vertex 0 1.56072 0.153718
    endloop
  endfacet
  facet normal 0.318771 0.213 -0.923589
    outer loop
      vertex 2.227 1.28576 0.42456
      vertex 2.04012 1.56544 0.42456
      vertex 3.06427 1.76915 0.825019
    endloop
  endfacet
  facet normal -0.1147 0.232594 -0.965787
    outer loop
      vertex -0.597262 1.44192 0.153718
      vertex -1.28576 2.227 0.42456
      vertex -0.984076 2.37577 0.42456
    endloop
  endfacet
  facet normal -0.169563 0.343848 -0.923589
    outer loop
      vertex -0.984076 2.37577 0.42456
      vertex -1.76915 3.06427 0.825019
      vertex -1.35405 3.26897 0.825019
    endloop
  endfacet
  facet normal -0.72633 0.636968 -0.258294
    outer loop
      vertex -6.01 4.61164 5.42848
      vertex -6.22487 4.77651 6.43928
      vertex -5.35665 5.35665 5.42848
    endloop
  endfacet
  facet normal -0.726331 0.636967 -0.258296
    outer loop
      vertex -5.35665 5.35665 5.42848
      vertex -6.22487 4.77651 6.43928
      vertex -5.54816 5.54816 6.43928
    endloop
  endfacet
  facet normal -0.596952 0.523513 -0.607933
    outer loop
      vertex -4.7718 3.66153 2.72523
      vertex -5.27719 4.04933 3.55544
      vertex -4.25305 4.25305 2.72523
    endloop
  endfacet
  facet normal -0.532197 0.466725 -0.706353
    outer loop
      vertex -3.72982 3.72982 1.98528
      vertex -4.7718 3.66153 2.72523
      vertex -4.25305 4.25305 2.72523
    endloop
  endfacet
  facet normal -0.22753 0.670299 -0.70635
    outer loop
      vertex -1.36521 5.09503 1.98528
      vertex -2.30173 5.55688 2.72523
      vertex -1.55672 5.80977 2.72523
    endloop
  endfacet
  facet normal -0.118927 0.597871 -0.792721
    outer loop
      vertex -0.580132 4.40654 1.34824
      vertex -1.36521 5.09503 1.98528
      vertex -0.688495 5.22964 1.98528
    endloop
  endfacet
  facet normal -0.0977069 0.491174 -0.865565
    outer loop
      vertex -0.915781 3.41774 0.825019
      vertex -1.15034 4.29312 1.34824
      vertex -0.461842 3.50804 0.825019
    endloop
  endfacet
  facet normal -0.221502 0.449155 -0.865561
    outer loop
      vertex -1.76915 3.06427 0.825019
      vertex -2.22228 3.8491 1.34824
      vertex -1.70086 4.10624 1.34824
    endloop
  endfacet
  facet normal -0.376516 0.330205 -0.865564
    outer loop
      vertex -2.80713 2.15399 0.825019
      vertex -3.14278 3.14278 1.34824
      vertex -2.50196 2.50196 0.825019
    endloop
  endfacet
  facet normal -0.376521 0.330203 -0.865562
    outer loop
      vertex -2.80713 2.15399 0.825019
      vertex -3.52611 2.70568 1.34824
      vertex -3.14278 3.14278 1.34824
    endloop
  endfacet
  facet normal 0.169049 -0.84985 0.499177
    outer loop
      vertex 1.7216 -6.4251 12.4446
      vertex 0.868228 -6.59485 12.4446
      vertex 0.936522 -7.1136 11.5383
    endloop
  endfacet
  facet normal 0.0566751 -0.864644 0.499178
    outer loop
      vertex 0.868228 -6.59485 12.4446
      vertex 0 -6.65176 12.4446
      vertex 0.936522 -7.1136 11.5383
    endloop
  endfacet
  facet normal 0.0747898 -0.375969 0.923609
    outer loop
      vertex 0.665557 -2.48389 15.5754
      vertex 0.461842 -3.50804 15.175
      vertex 0.915781 -3.41774 15.175
    endloop
  endfacet
  facet normal 0.269631 -0.546748 0.792695
    outer loop
      vertex 2.22228 -3.8491 14.6518
      vertex 1.70086 -4.10624 14.6518
      vertex 2.01857 -4.87325 14.0147
    endloop
  endfacet
  facet normal -0.0462979 -0.706324 0.706373
    outer loop
      vertex -0.688495 -5.22964 14.0147
      vertex -0.785078 -5.96326 13.2748
      vertex 0 -6.01472 13.2748
    endloop
  endfacet
  facet normal -0.138094 -0.694239 0.706373
    outer loop
      vertex -0.688495 -5.22964 14.0147
      vertex -1.55672 -5.80977 13.2748
      vertex -0.785078 -5.96326 13.2748
    endloop
  endfacet
  facet normal 0.393255 -0.588544 0.706376
    outer loop
      vertex 3.21107 -4.18475 14.0147
      vertex 2.63738 -4.56808 14.0147
      vertex 3.00736 -5.2089 13.2748
    endloop
  endfacet
  facet normal 0.269632 -0.546748 0.792694
    outer loop
      vertex 2.22228 -3.8491 14.6518
      vertex 2.01857 -4.87325 14.0147
      vertex 2.63738 -4.56808 14.0147
    endloop
  endfacet
  facet normal 0.499714 -0.0327522 0.865571
    outer loop
      vertex 3.53831 0 15.175
      vertex 3.50804 -0.461842 15.175
      vertex 4.40654 -0.580132 14.6518
    endloop
  endfacet
  facet normal 0.499715 -0.0327497 0.865571
    outer loop
      vertex 4.44456 0 14.6518
      vertex 3.53831 0 15.175
      vertex 4.40654 -0.580132 14.6518
    endloop
  endfacet
  facet normal 0.706324 0.0462979 0.706373
    outer loop
      vertex 5.96326 0.785078 13.2748
      vertex 5.22964 0.688495 14.0147
      vertex 6.01472 0 13.2748
    endloop
  endfacet
  facet normal 0.79228 0.0519321 0.607943
    outer loop
      vertex 6.65176 0 12.4446
      vertex 5.96326 0.785078 13.2748
      vertex 6.01472 0 13.2748
    endloop
  endfacet
  facet normal 0.922191 -0.0604407 0.381982
    outer loop
      vertex 7.17498 0 11.5383
      vertex 7.1136 -0.936522 11.5383
      vertex 7.57544 0 10.5715
    endloop
  endfacet
  facet normal 0.84985 0.169049 0.499177
    outer loop
      vertex 7.1136 0.936522 11.5383
      vertex 6.4251 1.7216 12.4446
      vertex 6.59485 0.868228 12.4446
    endloop
  endfacet
  facet normal 0.481406 -0.720465 0.499178
    outer loop
      vertex 4.04933 -5.27719 12.4446
      vertex 3.32588 -5.76059 12.4446
      vertex 3.58749 -6.21372 11.5383
    endloop
  endfacet
  facet normal 0.4814 -0.720466 0.499182
    outer loop
      vertex 4.04933 -5.27719 12.4446
      vertex 3.58749 -6.21372 11.5383
      vertex 4.36785 -5.6923 11.5383
    endloop
  endfacet
  facet normal 0.45834 -0.401952 0.792691
    outer loop
      vertex 4.18475 -3.21107 14.0147
      vertex 3.52611 -2.70568 14.6518
      vertex 3.72982 -3.72982 14.0147
    endloop
  endfacet
  facet normal 0.506887 -0.338683 0.792691
    outer loop
      vertex 3.8491 -2.22228 14.6518
      vertex 3.52611 -2.70568 14.6518
      vertex 4.18475 -3.21107 14.0147
    endloop
  endfacet
  facet normal -0.318731 0.212973 0.923609
    outer loop
      vertex -2.04012 1.56544 15.5754
      vertex -3.06427 1.76915 15.175
      vertex -2.227 1.28576 15.5754
    endloop
  endfacet
  facet normal -0.195091 0.980785 -2.0219e-05
    outer loop
      vertex -1.54548 7.81442 8.41411
      vertex -2.06612 7.71086 8.52322
      vertex -1.50844 7.82179 8.52322
    endloop
  endfacet
  facet normal -0.195086 0.980786 6.67796e-06
    outer loop
      vertex -1.58631 7.8063 8.20884
      vertex -2.06612 7.71086 8.52322
      vertex -1.54548 7.81442 8.41411
    endloop
  endfacet
  facet normal -0.195081 0.980787 1.39872e-05
    outer loop
      vertex -1.6 7.80358 8
      vertex -2.06612 7.71086 8.52322
      vertex -1.58631 7.8063 8.20884
    endloop
  endfacet
  facet normal -0.195081 0.980787 -1.39872e-05
    outer loop
      vertex -2.06612 7.71086 7.47678
      vertex -1.6 7.80358 8
      vertex -1.58631 7.8063 7.79116
    endloop
  endfacet
  facet normal -0.195086 0.980786 -6.67796e-06
    outer loop
      vertex -2.06612 7.71086 7.47678
      vertex -1.58631 7.8063 7.79116
      vertex -1.54548 7.81442 7.58589
    endloop
  endfacet
  facet normal -0.195091 0.980785 2.0219e-05
    outer loop
      vertex -2.06612 7.71086 7.47678
      vertex -1.54548 7.81442 7.58589
      vertex -1.50844 7.82179 7.47678
    endloop
  endfacet
  facet normal -0.195096 0.980784 0
    outer loop
      vertex -1.6 7.80358 8
      vertex -2.06612 7.71086 7.47678
      vertex -2.06612 7.71086 8.52322
    endloop
  endfacet
  facet normal -0.481394 0.720456 -0.499202
    outer loop
      vertex -4.04933 5.27719 3.55544
      vertex -4.36785 5.6923 4.46169
      vertex -3.58749 6.21372 4.46169
    endloop
  endfacet
  facet normal -0.550841 0.824383 -0.130256
    outer loop
      vertex -4.77651 6.22487 6.43928
      vertex -4.85966 6.33324 7.47678
      vertex -3.92314 6.79508 6.43928
    endloop
  endfacet
  facet normal -0.438517 0.889234 0.130254
    outer loop
      vertex -3.05491 7.37521 8.52322
      vertex -3.99144 6.91337 8.52322
      vertex -3.92314 6.79508 9.56072
    endloop
  endfacet
  facet normal -0.427278 0.866436 0.258307
    outer loop
      vertex -3.00264 7.24902 9.56072
      vertex -3.92314 6.79508 9.56072
      vertex -2.899 6.99879 10.5715
    endloop
  endfacet
  facet normal -0.831468 0.555573 0
    outer loop
      vertex -6.91337 3.99144 7.47678
      vertex -6.33324 4.85966 8.52322
      vertex -6.33324 4.85966 7.47678
    endloop
  endfacet
  facet normal -0.831468 0.555573 0
    outer loop
      vertex -6.33324 4.85966 8.52322
      vertex -6.91337 3.99144 7.47678
      vertex -6.91337 3.99144 8.52322
    endloop
  endfacet
  facet normal -0.824384 0.55084 -0.130254
    outer loop
      vertex -6.79508 3.92314 6.43928
      vertex -6.91337 3.99144 7.47678
      vertex -6.33324 4.85966 7.47678
    endloop
  endfacet
  facet normal -0.866436 0.427278 0.258307
    outer loop
      vertex -6.79508 3.92314 9.56072
      vertex -7.24902 3.00264 9.56072
      vertex -6.99879 2.899 10.5715
    endloop
  endfacet
  facet normal -0.938865 0.318697 0.130249
    outer loop
      vertex -7.54526 2.2 9.38928
      vertex -7.24902 3.00264 9.56072
      vertex -7.37521 3.05491 8.52322
    endloop
  endfacet
  facet normal -0.938866 0.318703 0.130228
    outer loop
      vertex -7.24902 3.00264 9.56072
      vertex -7.54526 2.2 9.38928
      vertex -7.52148 2.2 9.56072
    endloop
  endfacet
  facet normal -0.87512 0.297084 0.381978
    outer loop
      vertex -6.95298 2.2 11.2201
      vertex -6.62882 2.74575 11.5383
      vertex -6.99879 2.899 10.5715
    endloop
  endfacet
  facet normal -0.875109 0.297048 0.382028
    outer loop
      vertex -6.62882 2.74575 11.5383
      vertex -6.95298 2.2 11.2201
      vertex -6.81407 2.2 11.5383
    endloop
  endfacet
  facet normal -0.651468 0.571321 0.499181
    outer loop
      vertex -5.07348 5.07348 11.5383
      vertex -5.6923 4.36785 11.5383
      vertex -5.27719 4.04933 12.4446
    endloop
  endfacet
  facet normal -0.653731 0.745434 -0.130247
    outer loop
      vertex -5.54816 5.54816 6.43928
      vertex -5.64474 5.64474 7.47678
      vertex -4.85966 6.33324 7.47678
    endloop
  endfacet
  facet normal -0.659348 0.751838 0
    outer loop
      vertex -4.85966 6.33324 7.47678
      vertex -5.64474 5.64474 8.52322
      vertex -4.85966 6.33324 8.52322
    endloop
  endfacet
  facet normal -0.659348 0.751838 0
    outer loop
      vertex -5.64474 5.64474 8.52322
      vertex -4.85966 6.33324 7.47678
      vertex -5.64474 5.64474 7.47678
    endloop
  endfacet
  facet normal -0.55084 0.824384 0.130254
    outer loop
      vertex -3.99144 6.91337 8.52322
      vertex -4.85966 6.33324 8.52322
      vertex -3.92314 6.79508 9.56072
    endloop
  endfacet
  facet normal -0.745434 0.653731 0.130247
    outer loop
      vertex -5.64474 5.64474 8.52322
      vertex -6.33324 4.85966 8.52322
      vertex -5.54816 5.54816 9.56072
    endloop
  endfacet
  facet normal -0.297065 0.875125 0.38198
    outer loop
      vertex -1.96067 7.31731 10.5715
      vertex -2.899 6.99879 10.5715
      vertex -1.85702 6.9305 11.5383
    endloop
  endfacet
  facet normal -0.180298 0.906413 0.381979
    outer loop
      vertex -0.988793 7.51063 10.5715
      vertex -1.96067 7.31731 10.5715
      vertex -1.85702 6.9305 11.5383
    endloop
  endfacet
  facet normal 0.513442 0.76842 0.381981
    outer loop
      vertex 4.61164 6.01 10.5715
      vertex 3.58749 6.21372 11.5383
      vertex 4.36785 5.6923 11.5383
    endloop
  endfacet
  facet normal 0.4814 0.720466 0.499182
    outer loop
      vertex 4.36785 5.6923 11.5383
      vertex 3.58749 6.21372 11.5383
      vertex 4.04933 5.27719 12.4446
    endloop
  endfacet
  facet normal 0.193429 0.97243 -0.130246
    outer loop
      vertex 2.03077 7.57893 6.43928
      vertex 1.02415 7.77916 6.43928
      vertex 2.06612 7.71086 7.47678
    endloop
  endfacet
  facet normal 0.318702 0.938864 -0.130246
    outer loop
      vertex 3.05491 7.37521 7.47678
      vertex 2.03077 7.57893 6.43928
      vertex 2.06612 7.71086 7.47678
    endloop
  endfacet
  facet normal 0.438521 0.889233 0.130249
    outer loop
      vertex 3.05491 7.37521 8.52322
      vertex 3.00264 7.24902 9.56072
      vertex 3.92314 6.79508 9.56072
    endloop
  endfacet
  facet normal 0.318705 0.938862 0.130249
    outer loop
      vertex 3.05491 7.37521 8.52322
      vertex 2.03077 7.57893 9.56072
      vertex 3.00264 7.24902 9.56072
    endloop
  endfacet
  facet normal -0.318702 0.938864 -0.130246
    outer loop
      vertex -2.03077 7.57893 6.43928
      vertex -3.05491 7.37521 7.47678
      vertex -2.06612 7.71086 7.47678
    endloop
  endfacet
  facet normal -0.193429 0.972426 -0.130281
    outer loop
      vertex -1.47821 7.81587 7.38771
      vertex -2.06612 7.71086 7.47678
      vertex -1.50844 7.82179 7.47678
    endloop
  endfacet
  facet normal -0.193425 0.97243 -0.130253
    outer loop
      vertex -1.38564 7.80914 7.2
      vertex -2.06612 7.71086 7.47678
      vertex -1.47821 7.81587 7.38771
    endloop
  endfacet
  facet normal -0.193419 0.972434 -0.130237
    outer loop
      vertex -1.26937 7.80896 7.02598
      vertex -2.06612 7.71086 7.47678
      vertex -1.38564 7.80914 7.2
    endloop
  endfacet
  facet normal -0.193482 0.972418 -0.13026
    outer loop
      vertex -1.02415 7.77916 6.43928
      vertex -1.26937 7.80896 7.02598
      vertex -1.13137 7.81534 6.86863
    endloop
  endfacet
  facet normal -0.193353 0.972448 -0.13023
    outer loop
      vertex -1.02415 7.77916 6.43928
      vertex -1.13137 7.81534 6.86863
      vertex -1.03 7.82359 6.77973
    endloop
  endfacet
  facet normal -0.193417 0.972434 -0.130234
    outer loop
      vertex -1.26937 7.80896 7.02598
      vertex -1.02415 7.77916 6.43928
      vertex -2.06612 7.71086 7.47678
    endloop
  endfacet
  facet normal 0.1549 0.778729 -0.607937
    outer loop
      vertex 1.55672 5.80977 2.72523
      vertex 0.785078 5.96326 2.72523
      vertex 1.7216 6.4251 3.55544
    endloop
  endfacet
  facet normal 0.0604407 0.92219 -0.381986
    outer loop
      vertex 0.936522 7.1136 4.46169
      vertex 0 7.17498 4.46169
      vertex 0 7.57544 5.42848
    endloop
  endfacet
  facet normal 0.694239 0.138094 0.706373
    outer loop
      vertex 5.80977 1.55672 13.2748
      vertex 5.22964 0.688495 14.0147
      vertex 5.96326 0.785078 13.2748
    endloop
  endfacet
  facet normal 0.778724 0.154901 0.607943
    outer loop
      vertex 6.4251 1.7216 12.4446
      vertex 5.96326 0.785078 13.2748
      vertex 6.59485 0.868228 12.4446
    endloop
  endfacet
  facet normal 0.77714 0.383242 0.499178
    outer loop
      vertex 6.21372 3.58749 11.5383
      vertex 5.76059 3.32588 12.4446
      vertex 6.14542 2.54552 12.4446
    endloop
  endfacet
  facet normal 0.777139 0.383243 0.499179
    outer loop
      vertex 6.21372 3.58749 11.5383
      vertex 6.14542 2.54552 12.4446
      vertex 6.62882 2.74575 11.5383
    endloop
  endfacet
  facet normal 0.914793 0.31053 0.258312
    outer loop
      vertex 7.57893 2.03077 9.56072
      vertex 6.99879 2.899 10.5715
      vertex 7.31731 1.96067 10.5715
    endloop
  endfacet
  facet normal 0.947499 0.188471 0.258312
    outer loop
      vertex 7.57893 2.03077 9.56072
      vertex 7.31731 1.96067 10.5715
      vertex 7.51063 0.988793 10.5715
    endloop
  endfacet
  facet normal 0.180298 0.906413 0.381979
    outer loop
      vertex 1.96067 7.31731 10.5715
      vertex 0.988793 7.51063 10.5715
      vertex 1.85702 6.9305 11.5383
    endloop
  endfacet
  facet normal 0.180298 0.906413 0.381979
    outer loop
      vertex 0.988793 7.51063 10.5715
      vertex 0.936522 7.1136 11.5383
      vertex 1.85702 6.9305 11.5383
    endloop
  endfacet
  facet normal 0.193353 0.972448 0.13023
    outer loop
      vertex 1.02415 7.77916 9.56072
      vertex 1.13137 7.81534 9.13137
      vertex 1.03 7.82359 9.22027
    endloop
  endfacet
  facet normal 0.193482 0.972418 0.13026
    outer loop
      vertex 1.02415 7.77916 9.56072
      vertex 1.26937 7.80896 8.97402
      vertex 1.13137 7.81534 9.13137
    endloop
  endfacet
  facet normal 0.193417 0.972434 0.130234
    outer loop
      vertex 2.06612 7.71086 8.52322
      vertex 1.26937 7.80896 8.97402
      vertex 1.02415 7.77916 9.56072
    endloop
  endfacet
  facet normal 0.193419 0.972434 0.130237
    outer loop
      vertex 1.26937 7.80896 8.97402
      vertex 2.06612 7.71086 8.52322
      vertex 1.38564 7.80914 8.8
    endloop
  endfacet
  facet normal 0.193425 0.97243 0.130253
    outer loop
      vertex 1.38564 7.80914 8.8
      vertex 2.06612 7.71086 8.52322
      vertex 1.47821 7.81587 8.61229
    endloop
  endfacet
  facet normal 0.193429 0.972426 0.130281
    outer loop
      vertex 1.47821 7.81587 8.61229
      vertex 2.06612 7.71086 8.52322
      vertex 1.50844 7.82179 8.52322
    endloop
  endfacet
  facet normal 0.195091 0.980785 -2.0219e-05
    outer loop
      vertex 2.06612 7.71086 8.52322
      vertex 1.54548 7.81442 8.41411
      vertex 1.50844 7.82179 8.52322
    endloop
  endfacet
  facet normal 0.195086 0.980786 6.67796e-06
    outer loop
      vertex 2.06612 7.71086 8.52322
      vertex 1.58631 7.8063 8.20884
      vertex 1.54548 7.81442 8.41411
    endloop
  endfacet
  facet normal 0.195081 0.980787 1.39872e-05
    outer loop
      vertex 2.06612 7.71086 8.52322
      vertex 1.6 7.80358 8
      vertex 1.58631 7.8063 8.20884
    endloop
  endfacet
  facet normal 0.195096 0.980784 -0
    outer loop
      vertex 2.06612 7.71086 7.47678
      vertex 1.6 7.80358 8
      vertex 2.06612 7.71086 8.52322
    endloop
  endfacet
  facet normal 0.195081 0.980787 -1.39872e-05
    outer loop
      vertex 1.6 7.80358 8
      vertex 2.06612 7.71086 7.47678
      vertex 1.58631 7.8063 7.79116
    endloop
  endfacet
  facet normal 0.195086 0.980786 -6.67796e-06
    outer loop
      vertex 1.58631 7.8063 7.79116
      vertex 2.06612 7.71086 7.47678
      vertex 1.54548 7.81442 7.58589
    endloop
  endfacet
  facet normal 0.195091 0.980785 2.0219e-05
    outer loop
      vertex 1.54548 7.81442 7.58589
      vertex 2.06612 7.71086 7.47678
      vertex 1.50844 7.82179 7.47678
    endloop
  endfacet
  facet normal -0.0648341 0.989316 0.130578
    outer loop
      vertex -0.41411 7.82115 9.54548
      vertex -1.02415 7.77916 9.56072
      vertex -0.337486 7.82416 9.56072
    endloop
  endfacet
  facet normal -0.0648482 0.98937 0.130159
    outer loop
      vertex -0.612293 7.81701 9.47821
      vertex -1.02415 7.77916 9.56072
      vertex -0.41411 7.82115 9.54548
    endloop
  endfacet
  facet normal -0.0648247 0.989357 0.130271
    outer loop
      vertex -0.799999 7.8169 9.38564
      vertex -1.02415 7.77916 9.56072
      vertex -0.612293 7.81701 9.47821
    endloop
  endfacet
  facet normal -0.0648477 0.989359 0.130242
    outer loop
      vertex -0.974018 7.8208 9.26937
      vertex -1.02415 7.77916 9.56072
      vertex -0.799999 7.8169 9.38564
    endloop
  endfacet
  facet normal -0.0649136 0.989357 0.13023
    outer loop
      vertex -1.02415 7.77916 9.56072
      vertex -0.974018 7.8208 9.26937
      vertex -1.03 7.82359 9.22027
    endloop
  endfacet
  facet normal 0.252745 0.28821 0.92361
    outer loop
      vertex 2.15399 2.80713 15.175
      vertex 1.56544 2.04012 15.5754
      vertex 1.81834 1.81834 15.5754
    endloop
  endfacet
  facet normal 0.144107 0.215674 0.965773
    outer loop
      vertex 1.28576 2.227 15.5754
      vertex 0.780361 1.35162 15.8463
      vertex 0.950108 1.2382 15.8463
    endloop
  endfacet
  facet normal 0.215672 0.144111 0.965773
    outer loop
      vertex 2.04012 1.56544 15.5754
      vertex 1.2382 0.950108 15.8463
      vertex 2.227 1.28576 15.5754
    endloop
  endfacet
  facet normal 0.252757 0.288206 0.923608
    outer loop
      vertex 2.15399 2.80713 15.175
      vertex 1.81834 1.81834 15.5754
      vertex 2.50196 2.50196 15.175
    endloop
  endfacet
  facet normal 0.351171 0.712101 0.60794
    outer loop
      vertex 2.54552 6.14542 12.4446
      vertex 2.30173 5.55688 13.2748
      vertex 3.00736 5.2089 13.2748
    endloop
  endfacet
  facet normal 0.269632 0.546748 0.792694
    outer loop
      vertex 2.63738 4.56808 14.0147
      vertex 2.01857 4.87325 14.0147
      vertex 2.22228 3.8491 14.6518
    endloop
  endfacet
  facet normal 0.506887 0.338683 0.792691
    outer loop
      vertex 4.18475 3.21107 14.0147
      vertex 3.52611 2.70568 14.6518
      vertex 3.8491 2.22228 14.6518
    endloop
  endfacet
  facet normal 0.634839 0.31307 0.706376
    outer loop
      vertex 5.2089 3.00736 13.2748
      vertex 4.56808 2.63738 14.0147
      vertex 5.55688 2.30173 13.2748
    endloop
  endfacet
  facet normal 0.245625 0.0833751 0.965773
    outer loop
      vertex 2.48389 0.665557 15.5754
      vertex 1.44192 0.597262 15.8463
      vertex 1.50754 0.403944 15.8463
    endloop
  endfacet
  facet normal 0.130531 0.0085569 0.991407
    outer loop
      vertex 1.54737 0.203714 15.8463
      vertex 0.518748 0.0682945 15.9829
      vertex 0.523225 0 15.9829
    endloop
  endfacet
  facet normal 0.232641 0.114723 0.965773
    outer loop
      vertex 2.227 1.28576 15.5754
      vertex 1.44192 0.597262 15.8463
      vertex 2.37577 0.984076 15.5754
    endloop
  endfacet
  facet normal 0.245625 0.0833763 0.965773
    outer loop
      vertex 2.37577 0.984076 15.5754
      vertex 1.44192 0.597262 15.8463
      vertex 2.48389 0.665557 15.5754
    endloop
  endfacet
  facet normal 0.108766 0.0726752 0.991407
    outer loop
      vertex 1.2382 0.950108 15.8463
      vertex 0.415102 0.318519 15.9829
      vertex 0.453126 0.261612 15.9829
    endloop
  endfacet
  facet normal 0.376505 0.330195 0.865572
    outer loop
      vertex 3.14278 3.14278 14.6518
      vertex 2.50196 2.50196 15.175
      vertex 2.80713 2.15399 15.175
    endloop
  endfacet
  facet normal 0.330193 0.376509 0.865571
    outer loop
      vertex 2.70568 3.52611 14.6518
      vertex 2.15399 2.80713 15.175
      vertex 3.14278 3.14278 14.6518
    endloop
  endfacet
  facet normal 0.608312 0.0398668 0.792696
    outer loop
      vertex 5.27477 0 14.0147
      vertex 4.40654 0.580132 14.6518
      vertex 4.44456 0 14.6518
    endloop
  endfacet
  facet normal 0.608315 0.0398743 0.792693
    outer loop
      vertex 5.22964 0.688495 14.0147
      vertex 4.40654 0.580132 14.6518
      vertex 5.27477 0 14.0147
    endloop
  endfacet
  facet normal 0.577269 0.19596 0.792692
    outer loop
      vertex 5.09503 1.36521 14.0147
      vertex 4.10624 1.70086 14.6518
      vertex 4.29312 1.15034 14.6518
    endloop
  endfacet
  facet normal 0.577268 0.195951 0.792695
    outer loop
      vertex 4.87325 2.01857 14.0147
      vertex 4.10624 1.70086 14.6518
      vertex 5.09503 1.36521 14.0147
    endloop
  endfacet
  facet normal 0.820504 0.27852 -0.4992
    outer loop
      vertex 6.4251 1.7216 3.55544
      vertex 6.14542 2.54552 3.55544
      vertex 6.9305 1.85702 4.46169
    endloop
  endfacet
  facet normal 0.914794 0.310531 -0.258307
    outer loop
      vertex 7.31731 1.96067 5.42848
      vertex 6.99879 2.899 5.42848
      vertex 7.57893 2.03077 6.43928
    endloop
  endfacet
  facet normal 0.138098 0.694262 -0.706349
    outer loop
      vertex 1.55672 5.80977 2.72523
      vertex 0.688495 5.22964 1.98528
      vertex 0.785078 5.96326 2.72523
    endloop
  endfacet
  facet normal 0.22753 0.670299 -0.70635
    outer loop
      vertex 2.30173 5.55688 2.72523
      vertex 1.36521 5.09503 1.98528
      vertex 1.55672 5.80977 2.72523
    endloop
  endfacet
  facet normal -0.169047 0.849838 -0.499198
    outer loop
      vertex -0.868228 6.59485 3.55544
      vertex -1.7216 6.4251 3.55544
      vertex -0.936522 7.1136 4.46169
    endloop
  endfacet
  facet normal -0.154902 0.778727 -0.607938
    outer loop
      vertex -0.785078 5.96326 2.72523
      vertex -1.7216 6.4251 3.55544
      vertex -0.868228 6.59485 3.55544
    endloop
  endfacet
  facet normal 0.40875 0.828863 -0.381981
    outer loop
      vertex 3.58749 6.21372 4.46169
      vertex 2.74575 6.62882 4.46169
      vertex 2.899 6.99879 5.42848
    endloop
  endfacet
  facet normal 0.383237 0.777129 -0.4992
    outer loop
      vertex 3.58749 6.21372 4.46169
      vertex 2.54552 6.14542 3.55544
      vertex 2.74575 6.62882 4.46169
    endloop
  endfacet
  facet normal 0.118927 0.597871 -0.792721
    outer loop
      vertex 1.36521 5.09503 1.98528
      vertex 0.580132 4.40654 1.34824
      vertex 0.688495 5.22964 1.98528
    endloop
  endfacet
  facet normal 0.0327507 0.49973 -0.865562
    outer loop
      vertex 0.580132 4.40654 1.34824
      vertex 0 3.53831 0.825019
      vertex 0 4.44456 1.34824
    endloop
  endfacet
  facet normal 0.0519321 0.792284 -0.607939
    outer loop
      vertex 0.785078 5.96326 2.72523
      vertex 0 6.65176 3.55544
      vertex 0.868228 6.59485 3.55544
    endloop
  endfacet
  facet normal 0.0566743 0.864632 -0.499198
    outer loop
      vertex 0.868228 6.59485 3.55544
      vertex 0 6.65176 3.55544
      vertex 0.936522 7.1136 4.46169
    endloop
  endfacet
  facet normal -0.481399 0.720455 -0.499199
    outer loop
      vertex -3.32588 5.76059 3.55544
      vertex -4.04933 5.27719 3.55544
      vertex -3.58749 6.21372 4.46169
    endloop
  endfacet
  facet normal -0.441115 0.660178 -0.607933
    outer loop
      vertex -3.66153 4.7718 2.72523
      vertex -4.04933 5.27719 3.55544
      vertex -3.00736 5.2089 2.72523
    endloop
  endfacet
  facet normal 0.720455 0.481399 -0.499199
    outer loop
      vertex 5.76059 3.32588 3.55544
      vertex 5.27719 4.04933 3.55544
      vertex 6.21372 3.58749 4.46169
    endloop
  endfacet
  facet normal 0.660172 0.441118 -0.607937
    outer loop
      vertex 5.76059 3.32588 3.55544
      vertex 5.2089 3.00736 2.72523
      vertex 5.27719 4.04933 3.55544
    endloop
  endfacet
  facet normal 0.588564 0.393264 -0.706354
    outer loop
      vertex 5.2089 3.00736 2.72523
      vertex 4.18475 3.21107 1.98528
      vertex 4.7718 3.66153 2.72523
    endloop
  endfacet
  facet normal 0.651459 0.571313 -0.499201
    outer loop
      vertex 5.27719 4.04933 3.55544
      vertex 4.7035 4.7035 3.55544
      vertex 5.07348 5.07348 4.46169
    endloop
  endfacet
  facet normal 0.768422 0.513438 -0.38198
    outer loop
      vertex 6.21372 3.58749 4.46169
      vertex 6.01 4.61164 5.42848
      vertex 6.56052 3.78772 5.42848
    endloop
  endfacet
  facet normal 0.803255 0.536712 -0.258303
    outer loop
      vertex 6.56052 3.78772 5.42848
      vertex 6.01 4.61164 5.42848
      vertex 6.79508 3.92314 6.43928
    endloop
  endfacet
  facet normal -0.938866 -0.318703 0.130228
    outer loop
      vertex -7.54526 -2.2 9.38928
      vertex -7.24902 -3.00264 9.56072
      vertex -7.52148 -2.2 9.56072
    endloop
  endfacet
  facet normal -0.938865 -0.318697 0.130249
    outer loop
      vertex -7.24902 -3.00264 9.56072
      vertex -7.54526 -2.2 9.38928
      vertex -7.37521 -3.05491 8.52322
    endloop
  endfacet
  facet normal -0.914796 -0.310532 0.258299
    outer loop
      vertex -7.24902 -3.00264 9.56072
      vertex -7.46585 -2.2 9.75774
      vertex -7.52148 -2.2 9.56072
    endloop
  endfacet
  facet normal -0.914793 -0.310533 0.258308
    outer loop
      vertex -7.46585 -2.2 9.75774
      vertex -7.24902 -3.00264 9.56072
      vertex -6.99879 -2.899 10.5715
    endloop
  endfacet
  facet normal -0.670276 -0.227522 0.706374
    outer loop
      vertex -5.09503 -1.36521 14.0147
      vertex -5.55688 -2.30173 13.2748
      vertex -4.87325 -2.01857 14.0147
    endloop
  endfacet
  facet normal -0.670276 -0.227522 0.706374
    outer loop
      vertex -5.09503 -1.36521 14.0147
      vertex -5.80977 -1.55672 13.2748
      vertex -5.55688 -2.30173 13.2748
    endloop
  endfacet
  facet normal -0.778849 -0.154953 0.60777
    outer loop
      vertex -5.96326 -0.785078 13.2748
      vertex -6.02014 -0.792566 13.2
      vertex -6.00485 -0.869419 13.2
    endloop
  endfacet
  facet normal -0.608312 0.0398668 0.792696
    outer loop
      vertex -4.40654 0.580132 14.6518
      vertex -5.27477 0 14.0147
      vertex -4.44456 0 14.6518
    endloop
  endfacet
  facet normal -0.491163 0.0976973 0.865571
    outer loop
      vertex -4.29312 1.15034 14.6518
      vertex -4.40654 0.580132 14.6518
      vertex -3.50804 0.461842 15.175
    endloop
  endfacet
  facet normal -0.37597 0.0747933 0.923609
    outer loop
      vertex -2.48389 0.665557 15.5754
      vertex -3.50804 0.461842 15.175
      vertex -2.54952 0.335649 15.5754
    endloop
  endfacet
  facet normal -0.254404 0.0506096 0.965773
    outer loop
      vertex -2.48389 0.665557 15.5754
      vertex -2.54952 0.335649 15.5754
      vertex -1.54737 0.203714 15.8463
    endloop
  endfacet
  facet normal -0.12387 0.0420469 0.991407
    outer loop
      vertex -0.483397 0.200229 15.9829
      vertex -1.50754 0.403944 15.8463
      vertex -0.505396 0.13542 15.9829
    endloop
  endfacet
  facet normal -0.130531 0.0085569 0.991407
    outer loop
      vertex -0.518748 0.0682945 15.9829
      vertex -1.54737 0.203714 15.8463
      vertex -0.523225 0 15.9829
    endloop
  endfacet
  facet normal -0.221487 0.449142 0.865572
    outer loop
      vertex -1.70086 4.10624 14.6518
      vertex -1.76915 3.06427 15.175
      vertex -1.35405 3.26897 15.175
    endloop
  endfacet
  facet normal -0.362994 0.123217 0.923609
    outer loop
      vertex -2.37577 0.984076 15.5754
      vertex -3.26897 1.35405 15.175
      vertex -2.48389 0.665557 15.5754
    endloop
  endfacet
  facet normal -0.0420469 0.12387 0.991407
    outer loop
      vertex -0.13542 0.505396 15.9829
      vertex -0.403944 1.50754 15.8463
      vertex -0.200229 0.483397 15.9829
    endloop
  endfacet
  facet normal 0.123218 0.362993 0.923609
    outer loop
      vertex 0.915781 3.41774 15.175
      vertex 0.665557 2.48389 15.5754
      vertex 1.35405 3.26897 15.175
    endloop
  endfacet
  facet normal 0.0420466 0.12387 0.991407
    outer loop
      vertex 0.403944 1.50754 15.8463
      vertex 0.200229 0.483397 15.9829
      vertex 0.597262 1.44192 15.8463
    endloop
  endfacet
  facet normal -0.474207 0.160969 0.865573
    outer loop
      vertex -3.26897 1.35405 15.175
      vertex -4.29312 1.15034 14.6518
      vertex -3.41774 0.915781 15.175
    endloop
  endfacet
  facet normal -0.338688 0.506879 0.792694
    outer loop
      vertex -2.63738 4.56808 14.0147
      vertex -3.21107 4.18475 14.0147
      vertex -2.22228 3.8491 14.6518
    endloop
  endfacet
  facet normal 0.0462987 0.706325 0.706372
    outer loop
      vertex 0 6.01472 13.2748
      vertex 0 5.27477 14.0147
      vertex 0.688495 5.22964 14.0147
    endloop
  endfacet
  facet normal 0.255211 0.751849 0.607939
    outer loop
      vertex 2.54552 6.14542 12.4446
      vertex 1.55672 5.80977 13.2748
      vertex 2.30173 5.55688 13.2748
    endloop
  endfacet
  facet normal -0.0169651 0.258833 0.965773
    outer loop
      vertex 0 2.57152 15.5754
      vertex -0.335649 2.54952 15.5754
      vertex 0 1.56072 15.8463
    endloop
  endfacet
  facet normal 0.138096 0.694237 0.706374
    outer loop
      vertex 1.55672 5.80977 13.2748
      vertex 0.688495 5.22964 14.0147
      vertex 1.36521 5.09503 14.0147
    endloop
  endfacet
  facet normal 0.154901 0.778724 0.607943
    outer loop
      vertex 0.868228 6.59485 12.4446
      vertex 0.785078 5.96326 13.2748
      vertex 1.7216 6.4251 12.4446
    endloop
  endfacet
  facet normal 0.169049 0.84985 0.499177
    outer loop
      vertex 0.936522 7.1136 11.5383
      vertex 0.868228 6.59485 12.4446
      vertex 1.7216 6.4251 12.4446
    endloop
  endfacet
  facet normal -0.726329 0.636968 0.258299
    outer loop
      vertex -5.35665 5.35665 10.5715
      vertex -6.22487 4.77651 9.56072
      vertex -6.01 4.61164 10.5715
    endloop
  endfacet
  facet normal -0.653724 0.745439 0.130256
    outer loop
      vertex -4.85966 6.33324 8.52322
      vertex -5.54816 5.54816 9.56072
      vertex -4.77651 6.22487 9.56072
    endloop
  endfacet
  facet normal -0.828864 0.40875 0.381978
    outer loop
      vertex -6.21372 3.58749 11.5383
      vertex -6.99879 2.899 10.5715
      vertex -6.62882 2.74575 11.5383
    endloop
  endfacet
  facet normal -0.828864 0.408752 0.381976
    outer loop
      vertex -6.56052 3.78772 10.5715
      vertex -6.99879 2.899 10.5715
      vertex -6.21372 3.58749 11.5383
    endloop
  endfacet
  facet normal -0.466709 0.532179 0.706377
    outer loop
      vertex -3.66153 4.7718 13.2748
      vertex -4.25305 4.25305 13.2748
      vertex -3.72982 3.72982 14.0147
    endloop
  endfacet
  facet normal -0.59695 0.523509 0.607939
    outer loop
      vertex -4.7035 4.7035 12.4446
      vertex -5.27719 4.04933 12.4446
      vertex -4.25305 4.25305 13.2748
    endloop
  endfacet
  facet normal -0.297062 0.875127 0.381977
    outer loop
      vertex -1.85702 6.9305 11.5383
      vertex -2.899 6.99879 10.5715
      vertex -2.74575 6.62882 11.5383
    endloop
  endfacet
  facet normal -0.408752 0.828864 0.381976
    outer loop
      vertex -2.899 6.99879 10.5715
      vertex -3.78772 6.56052 10.5715
      vertex -3.58749 6.21372 11.5383
    endloop
  endfacet
  facet normal -0.0566751 0.864644 0.499178
    outer loop
      vertex 0 6.65176 12.4446
      vertex -0.936522 7.1136 11.5383
      vertex -0.868228 6.59485 12.4446
    endloop
  endfacet
  facet normal -0.441117 0.660169 0.607942
    outer loop
      vertex -3.32588 5.76059 12.4446
      vertex -4.04933 5.27719 12.4446
      vertex -3.00736 5.2089 13.2748
    endloop
  endfacet
  facet normal -0.0255212 0.128298 0.991407
    outer loop
      vertex -0.203714 1.54737 15.8463
      vertex -0.403944 1.50754 15.8463
      vertex -0.0682945 0.518748 15.9829
    endloop
  endfacet
  facet normal 0.097704 0.491159 0.865573
    outer loop
      vertex 1.15034 4.29312 14.6518
      vertex 0.461842 3.50804 15.175
      vertex 0.915781 3.41774 15.175
    endloop
  endfacet
  facet normal -0.313075 0.634839 0.706373
    outer loop
      vertex -2.30173 5.55688 13.2748
      vertex -2.63738 4.56808 14.0147
      vertex -2.01857 4.87325 14.0147
    endloop
  endfacet
  facet normal -0.330193 0.376509 0.865571
    outer loop
      vertex -2.70568 3.52611 14.6518
      vertex -3.14278 3.14278 14.6518
      vertex -2.15399 2.80713 15.175
    endloop
  endfacet
  facet normal -0.778834 0.154912 0.6078
    outer loop
      vertex -6.00485 0.869419 13.2
      vertex -5.80977 1.55672 13.2748
      vertex -5.86519 1.57157 13.2
    endloop
  endfacet
  facet normal -0.778868 0.154927 0.607752
    outer loop
      vertex -5.80977 1.55672 13.2748
      vertex -6.00485 0.869419 13.2
      vertex -5.96326 0.785078 13.2748
    endloop
  endfacet
  facet normal -0.792416 0.0519347 0.607766
    outer loop
      vertex -6.01472 0 13.2748
      vertex -6.02527 0.714376 13.2
      vertex -6.07209 0 13.2
    endloop
  endfacet
  facet normal -0.792387 0.0519391 0.607804
    outer loop
      vertex -6.02527 0.714376 13.2
      vertex -6.01472 0 13.2748
      vertex -5.96326 0.785078 13.2748
    endloop
  endfacet
  facet normal -0.588544 0.393255 0.706376
    outer loop
      vertex -4.18475 3.21107 14.0147
      vertex -5.2089 3.00736 13.2748
      vertex -4.56808 2.63738 14.0147
    endloop
  endfacet
  facet normal -0.546748 0.269631 0.792695
    outer loop
      vertex -3.8491 2.22228 14.6518
      vertex -4.87325 2.01857 14.0147
      vertex -4.10624 1.70086 14.6518
    endloop
  endfacet
  facet normal -0.597907 0.118934 0.792693
    outer loop
      vertex -5.09503 1.36521 14.0147
      vertex -5.22964 0.688495 14.0147
      vertex -4.40654 0.580132 14.6518
    endloop
  endfacet
  facet normal -0.597909 0.11893 0.792692
    outer loop
      vertex -4.29312 1.15034 14.6518
      vertex -5.09503 1.36521 14.0147
      vertex -4.40654 0.580132 14.6518
    endloop
  endfacet
  facet normal -0.751941 0.255275 0.607799
    outer loop
      vertex -5.84 1.64577 13.2
      vertex -5.86519 1.57157 13.2
      vertex -5.80977 1.55672 13.2748
    endloop
  endfacet
  facet normal -0.751838 0.255219 0.60795
    outer loop
      vertex -6.14542 2.54552 12.4446
      vertex -6.26271 2.2 12.4446
      vertex -6.02813 2.2 12.7347
    endloop
  endfacet
  facet normal -0.820504 0.278528 0.499194
    outer loop
      vertex -6.14542 2.54552 12.4446
      vertex -6.53941 2.2 11.9898
      vertex -6.26271 2.2 12.4446
    endloop
  endfacet
  facet normal -0.778849 0.154953 0.60777
    outer loop
      vertex -6.00485 0.869419 13.2
      vertex -6.02014 0.792566 13.2
      vertex -5.96326 0.785078 13.2748
    endloop
  endfacet
  facet normal -0.792407 0.0519894 0.607773
    outer loop
      vertex -6.02014 0.792566 13.2
      vertex -6.02527 0.714376 13.2
      vertex -5.96326 0.785078 13.2748
    endloop
  endfacet
  facet normal -0.608279 0.0398719 -0.792721
    outer loop
      vertex -4.40654 0.580132 1.34824
      vertex -5.27477 0 1.98528
      vertex -5.22964 0.688495 1.98528
    endloop
  endfacet
  facet normal -0.608276 -0.0398645 -0.792724
    outer loop
      vertex -4.40654 -0.580132 1.34824
      vertex -5.27477 0 1.98528
      vertex -4.44456 0 1.34824
    endloop
  endfacet
  facet normal -0.449155 0.221502 -0.865561
    outer loop
      vertex -3.06427 1.76915 0.825019
      vertex -4.10624 1.70086 1.34824
      vertex -3.8491 2.22228 1.34824
    endloop
  endfacet
  facet normal -0.546716 0.269615 -0.792723
    outer loop
      vertex -4.10624 1.70086 1.34824
      vertex -4.87325 2.01857 1.98528
      vertex -3.8491 2.22228 1.34824
    endloop
  endfacet
  facet normal -0.00855348 -0.130522 -0.991409
    outer loop
      vertex 0 -1.56072 0.153718
      vertex -0.203714 -1.54737 0.153718
      vertex 0 -0.523225 0.0171289
    endloop
  endfacet
  facet normal -0.499729 0.0327532 -0.865563
    outer loop
      vertex -3.53831 0 0.825019
      vertex -4.40654 0.580132 1.34824
      vertex -3.50804 0.461842 0.825019
    endloop
  endfacet
  facet normal -0.363039 0.123232 -0.923589
    outer loop
      vertex -2.48389 0.665557 0.42456
      vertex -3.26897 1.35405 0.825019
      vertex -2.37577 0.984076 0.42456
    endloop
  endfacet
  facet normal -0.343848 0.169563 -0.923589
    outer loop
      vertex -2.37577 0.984076 0.42456
      vertex -3.26897 1.35405 0.825019
      vertex -3.06427 1.76915 0.825019
    endloop
  endfacet
  facet normal -0.875123 0.297066 -0.381983
    outer loop
      vertex -6.95298 2.2 4.77992
      vertex -7.23607 2.2 5.42848
      vertex -6.99879 2.899 5.42848
    endloop
  endfacet
  facet normal -0.875122 0.297052 -0.381998
    outer loop
      vertex -6.95298 2.2 4.77992
      vertex -6.62882 2.74575 4.46169
      vertex -6.81407 2.2 4.46169
    endloop
  endfacet
  facet normal -0.875125 0.297064 -0.381981
    outer loop
      vertex -6.62882 2.74575 4.46169
      vertex -6.95298 2.2 4.77992
      vertex -6.99879 2.899 5.42848
    endloop
  endfacet
  facet normal -0.382564 -0.025074 -0.923589
    outer loop
      vertex -3.50804 -0.461842 0.825019
      vertex -3.53831 0 0.825019
      vertex -2.54952 -0.335649 0.42456
    endloop
  endfacet
  facet normal -0.49973 0.0327507 -0.865562
    outer loop
      vertex -3.53831 0 0.825019
      vertex -4.44456 0 1.34824
      vertex -4.40654 0.580132 1.34824
    endloop
  endfacet
  facet normal -0.169563 -0.343848 -0.923589
    outer loop
      vertex -1.35405 -3.26897 0.825019
      vertex -1.76915 -3.06427 0.825019
      vertex -0.984076 -2.37577 0.42456
    endloop
  endfacet
  facet normal -0.117311 -0.057855 -0.991409
    outer loop
      vertex -1.35162 -0.780361 0.153718
      vertex -1.44192 -0.597262 0.153718
      vertex -0.453126 -0.261612 0.0171289
    endloop
  endfacet
  facet normal -0.577235 -0.195949 -0.792719
    outer loop
      vertex -4.10624 -1.70086 1.34824
      vertex -5.09503 -1.36521 1.98528
      vertex -4.29312 -1.15034 1.34824
    endloop
  endfacet
  facet normal -0.597874 -0.118923 -0.792719
    outer loop
      vertex -4.29312 -1.15034 1.34824
      vertex -5.09503 -1.36521 1.98528
      vertex -4.40654 -0.580132 1.34824
    endloop
  endfacet
  facet normal -0.577234 -0.195939 -0.792723
    outer loop
      vertex -4.87325 -2.01857 1.98528
      vertex -5.09503 -1.36521 1.98528
      vertex -4.10624 -1.70086 1.34824
    endloop
  endfacet
  facet normal -0.245576 -0.0833597 -0.965787
    outer loop
      vertex -2.37577 -0.984076 0.42456
      vertex -2.48389 -0.665557 0.42456
      vertex -1.44192 -0.597262 0.153718
    endloop
  endfacet
  facet normal -0.22753 -0.670299 -0.70635
    outer loop
      vertex -1.55672 -5.80977 2.72523
      vertex -2.30173 -5.55688 2.72523
      vertex -1.36521 -5.09503 1.98528
    endloop
  endfacet
  facet normal -0.441118 -0.660172 -0.607937
    outer loop
      vertex -3.32588 -5.76059 3.55544
      vertex -4.04933 -5.27719 3.55544
      vertex -3.00736 -5.2089 2.72523
    endloop
  endfacet
  facet normal -0.160974 -0.474221 -0.865564
    outer loop
      vertex -1.15034 -4.29312 1.34824
      vertex -1.35405 -3.26897 0.825019
      vertex -0.915781 -3.41774 0.825019
    endloop
  endfacet
  facet normal -0.212995 -0.318772 -0.923589
    outer loop
      vertex -1.76915 -3.06427 0.825019
      vertex -2.15399 -2.80713 0.825019
      vertex -1.56544 -2.04012 0.42456
    endloop
  endfacet
  facet normal -0.458313 -0.401928 -0.792719
    outer loop
      vertex -3.72982 -3.72982 1.98528
      vertex -4.18475 -3.21107 1.98528
      vertex -3.52611 -2.70568 1.34824
    endloop
  endfacet
  facet normal -0.458309 -0.40193 -0.79272
    outer loop
      vertex -3.14278 -3.14278 1.34824
      vertex -3.72982 -3.72982 1.98528
      vertex -3.52611 -2.70568 1.34824
    endloop
  endfacet
  facet normal -0.571313 -0.651459 -0.499202
    outer loop
      vertex -4.36785 -5.6923 4.46169
      vertex -5.07348 -5.07348 4.46169
      vertex -4.04933 -5.27719 3.55544
    endloop
  endfacet
  facet normal -0.694826 -0.609345 -0.381988
    outer loop
      vertex -5.35665 -5.35665 5.42848
      vertex -5.6923 -4.36785 4.46169
      vertex -5.07348 -5.07348 4.46169
    endloop
  endfacet
  facet normal -0.596952 -0.523512 -0.607934
    outer loop
      vertex -4.7035 -4.7035 3.55544
      vertex -5.27719 -4.04933 3.55544
      vertex -4.25305 -4.25305 2.72523
    endloop
  endfacet
  facet normal -0.523512 -0.596952 -0.607934
    outer loop
      vertex -4.04933 -5.27719 3.55544
      vertex -4.7035 -4.7035 3.55544
      vertex -4.25305 -4.25305 2.72523
    endloop
  endfacet
  facet normal -0.660172 -0.441118 -0.607937
    outer loop
      vertex -5.27719 -4.04933 3.55544
      vertex -5.76059 -3.32588 3.55544
      vertex -5.2089 -3.00736 2.72523
    endloop
  endfacet
  facet normal -0.720455 -0.481399 -0.499199
    outer loop
      vertex -5.27719 -4.04933 3.55544
      vertex -6.21372 -3.58749 4.46169
      vertex -5.76059 -3.32588 3.55544
    endloop
  endfacet
  facet normal -0.660178 -0.441115 -0.607933
    outer loop
      vertex -4.7718 -3.66153 2.72523
      vertex -5.27719 -4.04933 3.55544
      vertex -5.2089 -3.00736 2.72523
    endloop
  endfacet
  facet normal -0.588564 -0.393264 -0.706354
    outer loop
      vertex -4.7718 -3.66153 2.72523
      vertex -5.2089 -3.00736 2.72523
      vertex -4.18475 -3.21107 1.98528
    endloop
  endfacet
  facet normal -0.408752 -0.828864 0.381976
    outer loop
      vertex -3.58749 -6.21372 11.5383
      vertex -3.78772 -6.56052 10.5715
      vertex -2.899 -6.99879 10.5715
    endloop
  endfacet
  facet normal -0.513439 -0.768423 0.381977
    outer loop
      vertex -3.58749 -6.21372 11.5383
      vertex -4.61164 -6.01 10.5715
      vertex -3.78772 -6.56052 10.5715
    endloop
  endfacet
  facet normal -0.318702 -0.938864 0.130246
    outer loop
      vertex -2.03077 -7.57893 9.56072
      vertex -3.05491 -7.37521 8.52322
      vertex -2.06612 -7.71086 8.52322
    endloop
  endfacet
  facet normal -0.18847 -0.9475 -0.258306
    outer loop
      vertex -1.02415 -7.77916 6.43928
      vertex -2.03077 -7.57893 6.43928
      vertex -0.988793 -7.51063 5.42848
    endloop
  endfacet
  facet normal -0.0631747 -0.963995 -0.258306
    outer loop
      vertex -0.988793 -7.51063 5.42848
      vertex -0.337486 -7.82416 6.43928
      vertex -1.02415 -7.77916 6.43928
    endloop
  endfacet
  facet normal -0.0632166 -0.964 -0.25828
    outer loop
      vertex -0.337486 -7.82416 6.43928
      vertex -0.988793 -7.51063 5.42848
      vertex -0.208841 -7.82574 6.41369
    endloop
  endfacet
  facet normal -0.0631924 -0.963996 -0.258298
    outer loop
      vertex -0.208841 -7.82574 6.41369
      vertex -0.988793 -7.51063 5.42848
      vertex -0.0361072 -7.83403 6.40237
    endloop
  endfacet
  facet normal -0.636968 -0.72633 -0.258294
    outer loop
      vertex -4.77651 -6.22487 6.43928
      vertex -5.35665 -5.35665 5.42848
      vertex -4.61164 -6.01 5.42848
    endloop
  endfacet
  facet normal -0.550841 -0.824383 -0.130256
    outer loop
      vertex -3.92314 -6.79508 6.43928
      vertex -4.85966 -6.33324 7.47678
      vertex -4.77651 -6.22487 6.43928
    endloop
  endfacet
  facet normal 0.408752 -0.828863 -0.38198
    outer loop
      vertex 3.78772 -6.56052 5.42848
      vertex 2.899 -6.99879 5.42848
      vertex 3.58749 -6.21372 4.46169
    endloop
  endfacet
  facet normal 0.42728 -0.866436 -0.258304
    outer loop
      vertex 3.92314 -6.79508 6.43928
      vertex 2.899 -6.99879 5.42848
      vertex 3.78772 -6.56052 5.42848
    endloop
  endfacet
  facet normal 0.438517 -0.889234 -0.130254
    outer loop
      vertex 3.99144 -6.91337 7.47678
      vertex 3.05491 -7.37521 7.47678
      vertex 3.92314 -6.79508 6.43928
    endloop
  endfacet
  facet normal -0.362994 -0.123217 0.923609
    outer loop
      vertex -2.48389 -0.665557 15.5754
      vertex -3.26897 -1.35405 15.175
      vertex -2.37577 -0.984076 15.5754
    endloop
  endfacet
  facet normal -0.546748 -0.269632 0.792694
    outer loop
      vertex -3.8491 -2.22228 14.6518
      vertex -4.87325 -2.01857 14.0147
      vertex -4.56808 -2.63738 14.0147
    endloop
  endfacet
  facet normal -0.803251 -0.536721 0.258299
    outer loop
      vertex -6.01 -4.61164 10.5715
      vertex -6.79508 -3.92314 9.56072
      vertex -6.22487 -4.77651 9.56072
    endloop
  endfacet
  facet normal -0.636968 -0.726329 0.258299
    outer loop
      vertex -4.61164 -6.01 10.5715
      vertex -5.35665 -5.35665 10.5715
      vertex -4.77651 -6.22487 9.56072
    endloop
  endfacet
  facet normal -0.824384 -0.55084 0.130254
    outer loop
      vertex -6.79508 -3.92314 9.56072
      vertex -6.91337 -3.99144 8.52322
      vertex -6.33324 -4.85966 8.52322
    endloop
  endfacet
  facet normal -0.588544 -0.393255 0.706376
    outer loop
      vertex -4.56808 -2.63738 14.0147
      vertex -5.2089 -3.00736 13.2748
      vertex -4.18475 -3.21107 14.0147
    endloop
  endfacet
  facet normal -0.546748 -0.269631 0.792695
    outer loop
      vertex -4.10624 -1.70086 14.6518
      vertex -4.87325 -2.01857 14.0147
      vertex -3.8491 -2.22228 14.6518
    endloop
  endfacet
  facet normal 0.416393 -0.278218 0.86557
    outer loop
      vertex 3.8491 -2.22228 14.6518
      vertex 3.06427 -1.76915 15.175
      vertex 3.52611 -2.70568 14.6518
    endloop
  endfacet
  facet normal 0.416389 -0.27822 0.865571
    outer loop
      vertex 3.06427 -1.76915 15.175
      vertex 2.80713 -2.15399 15.175
      vertex 3.52611 -2.70568 14.6518
    endloop
  endfacet
  facet normal 0.232641 -0.114723 0.965773
    outer loop
      vertex 2.37577 -0.984076 15.5754
      vertex 1.44192 -0.597262 15.8463
      vertex 2.227 -1.28576 15.5754
    endloop
  endfacet
  facet normal 0.343805 -0.169542 0.923609
    outer loop
      vertex 3.26897 -1.35405 15.175
      vertex 2.37577 -0.984076 15.5754
      vertex 3.06427 -1.76915 15.175
    endloop
  endfacet
  facet normal 0.0726752 -0.108766 0.991407
    outer loop
      vertex 0.318519 -0.415102 15.9829
      vertex 0.261612 -0.453126 15.9829
      vertex 0.950108 -1.2382 15.8463
    endloop
  endfacet
  facet normal 0.171024 -0.195021 0.965773
    outer loop
      vertex 1.81834 -1.81834 15.5754
      vertex 0.950108 -1.2382 15.8463
      vertex 1.56544 -2.04012 15.5754
    endloop
  endfacet
  facet normal 0.212968 -0.318732 0.923609
    outer loop
      vertex 2.15399 -2.80713 15.175
      vertex 1.56544 -2.04012 15.5754
      vertex 1.76915 -3.06427 15.175
    endloop
  endfacet
  facet normal -0.330193 -0.376509 0.865571
    outer loop
      vertex -2.15399 -2.80713 15.175
      vertex -3.14278 -3.14278 14.6518
      vertex -2.70568 -3.52611 14.6518
    endloop
  endfacet
  facet normal -0.097704 -0.491159 0.865573
    outer loop
      vertex -0.915781 -3.41774 15.175
      vertex -1.15034 -4.29312 14.6518
      vertex -0.461842 -3.50804 15.175
    endloop
  endfacet
  facet normal -0.212968 -0.318732 0.923609
    outer loop
      vertex -1.56544 -2.04012 15.5754
      vertex -2.15399 -2.80713 15.175
      vertex -1.76915 -3.06427 15.175
    endloop
  endfacet
  facet normal -0.0255212 -0.128298 0.991407
    outer loop
      vertex -0.0682945 -0.518748 15.9829
      vertex -0.403944 -1.50754 15.8463
      vertex -0.203714 -1.54737 15.8463
    endloop
  endfacet
  facet normal 0.0169621 -0.258834 0.965773
    outer loop
      vertex 0.203714 -1.54737 15.8463
      vertex 0 -1.56072 15.8463
      vertex 0.335649 -2.54952 15.5754
    endloop
  endfacet
  facet normal 0.123218 -0.362993 0.923609
    outer loop
      vertex 1.35405 -3.26897 15.175
      vertex 0.665557 -2.48389 15.5754
      vertex 0.915781 -3.41774 15.175
    endloop
  endfacet
  facet normal -0.11473 -0.232635 0.965773
    outer loop
      vertex -0.780361 -1.35162 15.8463
      vertex -1.28576 -2.227 15.5754
      vertex -0.597262 -1.44192 15.8463
    endloop
  endfacet
  facet normal -0.0983523 -0.086247 0.991407
    outer loop
      vertex -0.415102 -0.318519 15.9829
      vertex -1.2382 -0.950108 15.8463
      vertex -1.1036 -1.1036 15.8463
    endloop
  endfacet
  facet normal -0.28821 -0.252745 0.92361
    outer loop
      vertex -2.04012 -1.56544 15.5754
      vertex -2.80713 -2.15399 15.175
      vertex -1.81834 -1.81834 15.5754
    endloop
  endfacet
  facet normal -0.330195 -0.376505 0.865572
    outer loop
      vertex -2.50196 -2.50196 15.175
      vertex -3.14278 -3.14278 14.6518
      vertex -2.15399 -2.80713 15.175
    endloop
  endfacet
  facet normal 0.195091 -0.980785 -2.0219e-05
    outer loop
      vertex 1.54548 -7.81442 8.41411
      vertex 2.06612 -7.71086 8.52322
      vertex 1.50844 -7.82179 8.52322
    endloop
  endfacet
  facet normal 0.195086 -0.980786 6.67796e-06
    outer loop
      vertex 1.58631 -7.8063 8.20884
      vertex 2.06612 -7.71086 8.52322
      vertex 1.54548 -7.81442 8.41411
    endloop
  endfacet
  facet normal 0.195081 -0.980787 1.39872e-05
    outer loop
      vertex 1.6 -7.80358 8
      vertex 2.06612 -7.71086 8.52322
      vertex 1.58631 -7.8063 8.20884
    endloop
  endfacet
  facet normal 0.195081 -0.980787 -1.39872e-05
    outer loop
      vertex 2.06612 -7.71086 7.47678
      vertex 1.6 -7.80358 8
      vertex 1.58631 -7.8063 7.79116
    endloop
  endfacet
  facet normal 0.195086 -0.980786 -6.67796e-06
    outer loop
      vertex 2.06612 -7.71086 7.47678
      vertex 1.58631 -7.8063 7.79116
      vertex 1.54548 -7.81442 7.58589
    endloop
  endfacet
  facet normal 0.195091 -0.980785 2.0219e-05
    outer loop
      vertex 2.06612 -7.71086 7.47678
      vertex 1.54548 -7.81442 7.58589
      vertex 1.50844 -7.82179 7.47678
    endloop
  endfacet
  facet normal 0.195096 -0.980784 0
    outer loop
      vertex 1.6 -7.80358 8
      vertex 2.06612 -7.71086 7.47678
      vertex 2.06612 -7.71086 8.52322
    endloop
  endfacet
  facet normal -0.0631926 -0.963995 0.258303
    outer loop
      vertex -0.988793 -7.51063 10.5715
      vertex -0.208841 -7.82574 9.58631
      vertex -0.0361072 -7.83403 9.59763
    endloop
  endfacet
  facet normal -0.0631746 -0.963994 0.25831
    outer loop
      vertex -0.337486 -7.82416 9.56072
      vertex -0.988793 -7.51063 10.5715
      vertex -1.02415 -7.77916 9.56072
    endloop
  endfacet
  facet normal -0.0632174 -0.963998 0.258284
    outer loop
      vertex -0.988793 -7.51063 10.5715
      vertex -0.337486 -7.82416 9.56072
      vertex -0.208841 -7.82574 9.58631
    endloop
  endfacet
  facet normal -0.18847 -0.947499 0.258311
    outer loop
      vertex -0.988793 -7.51063 10.5715
      vertex -2.03077 -7.57893 9.56072
      vertex -1.02415 -7.77916 9.56072
    endloop
  endfacet
  facet normal 0.408752 -0.828864 0.381976
    outer loop
      vertex 3.58749 -6.21372 11.5383
      vertex 2.899 -6.99879 10.5715
      vertex 3.78772 -6.56052 10.5715
    endloop
  endfacet
  facet normal 0.383243 -0.777139 0.499179
    outer loop
      vertex 3.58749 -6.21372 11.5383
      vertex 2.54552 -6.14542 12.4446
      vertex 2.74575 -6.62882 11.5383
    endloop
  endfacet
  facet normal -0.195951 -0.577268 0.792695
    outer loop
      vertex -1.70086 -4.10624 14.6518
      vertex -2.01857 -4.87325 14.0147
      vertex -1.36521 -5.09503 14.0147
    endloop
  endfacet
  facet normal -0.269631 -0.546748 0.792695
    outer loop
      vertex -1.70086 -4.10624 14.6518
      vertex -2.22228 -3.8491 14.6518
      vertex -2.01857 -4.87325 14.0147
    endloop
  endfacet
  facet normal -0.227522 -0.670276 0.706374
    outer loop
      vertex -1.36521 -5.09503 14.0147
      vertex -2.30173 -5.55688 13.2748
      vertex -1.55672 -5.80977 13.2748
    endloop
  endfacet
  facet normal -0.138096 -0.694237 0.706374
    outer loop
      vertex -1.36521 -5.09503 14.0147
      vertex -1.55672 -5.80977 13.2748
      vertex -0.688495 -5.22964 14.0147
    endloop
  endfacet
  facet normal -0.441117 -0.660169 0.607942
    outer loop
      vertex -3.00736 -5.2089 13.2748
      vertex -4.04933 -5.27719 12.4446
      vertex -3.32588 -5.76059 12.4446
    endloop
  endfacet
  facet normal -0.441113 -0.660176 0.607937
    outer loop
      vertex -3.66153 -4.7718 13.2748
      vertex -4.04933 -5.27719 12.4446
      vertex -3.00736 -5.2089 13.2748
    endloop
  endfacet
  facet normal -0.571321 -0.651468 0.499181
    outer loop
      vertex -4.7035 -4.7035 12.4446
      vertex -5.07348 -5.07348 11.5383
      vertex -4.04933 -5.27719 12.4446
    endloop
  endfacet
  facet normal -0.660176 -0.441113 0.607937
    outer loop
      vertex -5.2089 -3.00736 13.2748
      vertex -5.27719 -4.04933 12.4446
      vertex -4.7718 -3.66153 13.2748
    endloop
  endfacet
  facet normal -0.532179 -0.466709 0.706377
    outer loop
      vertex -3.72982 -3.72982 14.0147
      vertex -4.7718 -3.66153 13.2748
      vertex -4.25305 -4.25305 13.2748
    endloop
  endfacet
  facet normal -0.532179 -0.466707 0.706378
    outer loop
      vertex -4.18475 -3.21107 14.0147
      vertex -4.7718 -3.66153 13.2748
      vertex -3.72982 -3.72982 14.0147
    endloop
  endfacet
  facet normal 0.609343 -0.69483 -0.381985
    outer loop
      vertex 4.61164 -6.01 5.42848
      vertex 4.36785 -5.6923 4.46169
      vertex 5.35665 -5.35665 5.42848
    endloop
  endfacet
  facet normal 0.536722 -0.803252 -0.258294
    outer loop
      vertex 4.77651 -6.22487 6.43928
      vertex 3.92314 -6.79508 6.43928
      vertex 4.61164 -6.01 5.42848
    endloop
  endfacet
  facet normal 0.824384 -0.55084 -0.130254
    outer loop
      vertex 6.91337 -3.99144 7.47678
      vertex 6.33324 -4.85966 7.47678
      vertex 6.79508 -3.92314 6.43928
    endloop
  endfacet
  facet normal 0.831468 -0.555573 0
    outer loop
      vertex 6.33324 -4.85966 8.52322
      vertex 6.91337 -3.99144 7.47678
      vertex 6.91337 -3.99144 8.52322
    endloop
  endfacet
  facet normal 0.831468 -0.555573 0
    outer loop
      vertex 6.91337 -3.99144 7.47678
      vertex 6.33324 -4.85966 8.52322
      vertex 6.33324 -4.85966 7.47678
    endloop
  endfacet
  facet normal 0.1549 -0.778729 -0.607937
    outer loop
      vertex 1.7216 -6.4251 3.55544
      vertex 0.785078 -5.96326 2.72523
      vertex 1.55672 -5.80977 2.72523
    endloop
  endfacet
  facet normal 0.154902 -0.778727 -0.607938
    outer loop
      vertex 0.868228 -6.59485 3.55544
      vertex 0.785078 -5.96326 2.72523
      vertex 1.7216 -6.4251 3.55544
    endloop
  endfacet
  facet normal 0.22753 -0.670299 -0.70635
    outer loop
      vertex 1.55672 -5.80977 2.72523
      vertex 1.36521 -5.09503 1.98528
      vertex 2.30173 -5.55688 2.72523
    endloop
  endfacet
  facet normal 0.1381 -0.694261 -0.70635
    outer loop
      vertex 1.55672 -5.80977 2.72523
      vertex 0.688495 -5.22964 1.98528
      vertex 1.36521 -5.09503 1.98528
    endloop
  endfacet
  facet normal 0.297062 -0.875126 -0.381981
    outer loop
      vertex 2.899 -6.99879 5.42848
      vertex 1.85702 -6.9305 4.46169
      vertex 2.74575 -6.62882 4.46169
    endloop
  endfacet
  facet normal 0.297064 -0.875124 -0.381983
    outer loop
      vertex 1.96067 -7.31731 5.42848
      vertex 1.85702 -6.9305 4.46169
      vertex 2.899 -6.99879 5.42848
    endloop
  endfacet
  facet normal 0.180298 -0.906412 -0.381983
    outer loop
      vertex 0.988793 -7.51063 5.42848
      vertex 0.936522 -7.1136 4.46169
      vertex 1.85702 -6.9305 4.46169
    endloop
  endfacet
  facet normal 0.180298 -0.906412 -0.381983
    outer loop
      vertex 1.96067 -7.31731 5.42848
      vertex 0.988793 -7.51063 5.42848
      vertex 1.85702 -6.9305 4.46169
    endloop
  endfacet
  facet normal -0.1549 -0.778729 -0.607937
    outer loop
      vertex -0.785078 -5.96326 2.72523
      vertex -1.7216 -6.4251 3.55544
      vertex -1.55672 -5.80977 2.72523
    endloop
  endfacet
  facet normal -0.0566743 -0.864632 -0.499198
    outer loop
      vertex 0 -6.65176 3.55544
      vertex -0.936522 -7.1136 4.46169
      vertex -0.868228 -6.59485 3.55544
    endloop
  endfacet
  facet normal -0.0398719 -0.608279 -0.792721
    outer loop
      vertex 0 -5.27477 1.98528
      vertex -0.688495 -5.22964 1.98528
      vertex -0.580132 -4.40654 1.34824
    endloop
  endfacet
  facet normal -0.1381 -0.694261 -0.70635
    outer loop
      vertex -0.688495 -5.22964 1.98528
      vertex -1.55672 -5.80977 2.72523
      vertex -1.36521 -5.09503 1.98528
    endloop
  endfacet
  facet normal 0.0327532 -0.499729 -0.865563
    outer loop
      vertex 0.580132 -4.40654 1.34824
      vertex 0 -3.53831 0.825019
      vertex 0.461842 -3.50804 0.825019
    endloop
  endfacet
  facet normal 0.0398719 -0.608279 -0.792721
    outer loop
      vertex 0.688495 -5.22964 1.98528
      vertex 0 -5.27477 1.98528
      vertex 0.580132 -4.40654 1.34824
    endloop
  endfacet
  facet normal -0.195939 -0.577234 -0.792723
    outer loop
      vertex -1.36521 -5.09503 1.98528
      vertex -2.01857 -4.87325 1.98528
      vertex -1.70086 -4.10624 1.34824
    endloop
  endfacet
  facet normal -0.195949 -0.577235 -0.792719
    outer loop
      vertex -1.36521 -5.09503 1.98528
      vertex -1.70086 -4.10624 1.34824
      vertex -1.15034 -4.29312 1.34824
    endloop
  endfacet
  facet normal -0.343848 -0.169563 -0.923589
    outer loop
      vertex -3.06427 -1.76915 0.825019
      vertex -3.26897 -1.35405 0.825019
      vertex -2.37577 -0.984076 0.42456
    endloop
  endfacet
  facet normal -0.288246 -0.252777 -0.92359
    outer loop
      vertex -1.81834 -1.81834 0.42456
      vertex -2.80713 -2.15399 0.825019
      vertex -2.04012 -1.56544 0.42456
    endloop
  endfacet
  facet normal 0.0977002 -0.491178 -0.865563
    outer loop
      vertex 0.580132 -4.40654 1.34824
      vertex 0.461842 -3.50804 0.825019
      vertex 1.15034 -4.29312 1.34824
    endloop
  endfacet
  facet normal 0.0398645 -0.608276 -0.792724
    outer loop
      vertex 0.580132 -4.40654 1.34824
      vertex 0 -5.27477 1.98528
      vertex 0 -4.44456 1.34824
    endloop
  endfacet
  facet normal 0.313086 -0.634861 -0.706349
    outer loop
      vertex 2.30173 -5.55688 2.72523
      vertex 2.01857 -4.87325 1.98528
      vertex 2.63738 -4.56808 1.98528
    endloop
  endfacet
  facet normal 0.269616 -0.546716 -0.792722
    outer loop
      vertex 2.63738 -4.56808 1.98528
      vertex 2.01857 -4.87325 1.98528
      vertex 2.22228 -3.8491 1.34824
    endloop
  endfacet
  facet normal 0.16098 -0.474222 -0.865563
    outer loop
      vertex 1.70086 -4.10624 1.34824
      vertex 1.15034 -4.29312 1.34824
      vertex 1.35405 -3.26897 0.825019
    endloop
  endfacet
  facet normal 0.123232 -0.363039 -0.923589
    outer loop
      vertex 1.35405 -3.26897 0.825019
      vertex 0.665557 -2.48389 0.42456
      vertex 0.984076 -2.37577 0.42456
    endloop
  endfacet
  facet normal 0.792284 0.0519323 -0.607938
    outer loop
      vertex 6.01472 0 2.72523
      vertex 5.96326 0.785078 2.72523
      vertex 6.65176 0 3.55544
    endloop
  endfacet
  facet normal 0.792284 0.0519321 -0.607939
    outer loop
      vertex 6.65176 0 3.55544
      vertex 5.96326 0.785078 2.72523
      vertex 6.59485 0.868228 3.55544
    endloop
  endfacet
  facet normal 0.963996 0.0631847 -0.258299
    outer loop
      vertex 7.57544 0 5.42848
      vertex 7.51063 0.988793 5.42848
      vertex 7.84628 0 6.43928
    endloop
  endfacet
  facet normal 0.906412 -0.180298 -0.381983
    outer loop
      vertex 7.51063 -0.988793 5.42848
      vertex 6.9305 -1.85702 4.46169
      vertex 7.1136 -0.936522 4.46169
    endloop
  endfacet
  facet normal 0.963996 -0.0631847 -0.258299
    outer loop
      vertex 7.84628 0 6.43928
      vertex 7.51063 -0.988793 5.42848
      vertex 7.57544 0 5.42848
    endloop
  endfacet
  facet normal 0.914794 -0.310531 -0.258307
    outer loop
      vertex 7.57893 -2.03077 6.43928
      vertex 6.99879 -2.899 5.42848
      vertex 7.31731 -1.96067 5.42848
    endloop
  endfacet
  facet normal 0.875126 -0.297062 -0.381981
    outer loop
      vertex 6.99879 -2.899 5.42848
      vertex 6.62882 -2.74575 4.46169
      vertex 6.9305 -1.85702 4.46169
    endloop
  endfacet
  facet normal 0.777129 -0.383237 -0.499199
    outer loop
      vertex 6.21372 -3.58749 4.46169
      vertex 5.76059 -3.32588 3.55544
      vertex 6.14542 -2.54552 3.55544
    endloop
  endfacet
  facet normal 0.803251 -0.536721 0.258299
    outer loop
      vertex 6.79508 -3.92314 9.56072
      vertex 6.01 -4.61164 10.5715
      vertex 6.22487 -4.77651 9.56072
    endloop
  endfacet
  facet normal 0.824383 -0.550841 0.130256
    outer loop
      vertex 6.79508 -3.92314 9.56072
      vertex 6.22487 -4.77651 9.56072
      vertex 6.33324 -4.85966 8.52322
    endloop
  endfacet
  facet normal 0.0833584 -0.245576 -0.965787
    outer loop
      vertex 0.665557 -2.48389 0.42456
      vertex 0.403944 -1.50754 0.153718
      vertex 0.597262 -1.44192 0.153718
    endloop
  endfacet
  facet normal 0.0505965 -0.254354 -0.965787
    outer loop
      vertex 0.665557 -2.48389 0.42456
      vertex 0.203714 -1.54737 0.153718
      vertex 0.403944 -1.50754 0.153718
    endloop
  endfacet
  facet normal -0.123232 -0.363039 -0.923589
    outer loop
      vertex -0.665557 -2.48389 0.42456
      vertex -1.35405 -3.26897 0.825019
      vertex -0.984076 -2.37577 0.42456
    endloop
  endfacet
  facet normal -0.194983 0.170989 -0.965787
    outer loop
      vertex -1.2382 0.950108 0.153718
      vertex -2.04012 1.56544 0.42456
      vertex -1.81834 1.81834 0.42456
    endloop
  endfacet
  facet normal -0.194986 0.170987 -0.965787
    outer loop
      vertex -1.2382 0.950108 0.153718
      vertex -1.81834 1.81834 0.42456
      vertex -1.1036 1.1036 0.153718
    endloop
  endfacet
  facet normal -0.0420433 0.12386 -0.991409
    outer loop
      vertex -0.200229 0.483397 0.0171289
      vertex -0.597262 1.44192 0.153718
      vertex -0.403944 1.50754 0.153718
    endloop
  endfacet
  facet normal -0.144082 0.215629 -0.965787
    outer loop
      vertex -0.950108 1.2382 0.153718
      vertex -1.56544 2.04012 0.42456
      vertex -1.28576 2.227 0.42456
    endloop
  endfacet
  facet normal -0.252777 0.288246 -0.92359
    outer loop
      vertex -1.81834 1.81834 0.42456
      vertex -2.15399 2.80713 0.825019
      vertex -1.56544 2.04012 0.42456
    endloop
  endfacet
  facet normal 0.318772 0.212995 -0.923589
    outer loop
      vertex 3.06427 1.76915 0.825019
      vertex 2.04012 1.56544 0.42456
      vertex 2.80713 2.15399 0.825019
    endloop
  endfacet
  facet normal 0.416402 0.278229 -0.865562
    outer loop
      vertex 3.06427 1.76915 0.825019
      vertex 2.80713 2.15399 0.825019
      vertex 3.52611 2.70568 1.34824
    endloop
  endfacet
  facet normal 0.376516 0.330205 -0.865564
    outer loop
      vertex 2.80713 2.15399 0.825019
      vertex 2.50196 2.50196 0.825019
      vertex 3.14278 3.14278 1.34824
    endloop
  endfacet
  facet normal 0.288242 0.252788 -0.923588
    outer loop
      vertex 2.80713 2.15399 0.825019
      vertex 1.81834 1.81834 0.42456
      vertex 2.50196 2.50196 0.825019
    endloop
  endfacet
  facet normal 0.458313 0.401928 -0.792719
    outer loop
      vertex 4.18475 3.21107 1.98528
      vertex 3.52611 2.70568 1.34824
      vertex 3.72982 3.72982 1.98528
    endloop
  endfacet
  facet normal 0.506857 0.338663 -0.792719
    outer loop
      vertex 3.8491 2.22228 1.34824
      vertex 3.52611 2.70568 1.34824
      vertex 4.18475 3.21107 1.98528
    endloop
  endfacet
  facet normal 0.025075 0.382564 -0.923589
    outer loop
      vertex 0.335649 2.54952 0.42456
      vertex 0 2.57152 0.42456
      vertex 0 3.53831 0.825019
    endloop
  endfacet
  facet normal 0.254353 0.0505995 -0.965787
    outer loop
      vertex 2.54952 0.335649 0.42456
      vertex 1.54737 0.203714 0.153718
      vertex 2.48389 0.665557 0.42456
    endloop
  endfacet
  facet normal 0.128288 0.025518 -0.991409
    outer loop
      vertex 0.518748 0.0682945 0.0171289
      vertex 0.505396 0.13542 0.0171289
      vertex 1.50754 0.403944 0.153718
    endloop
  endfacet
  facet normal 0.363039 -0.123233 -0.923589
    outer loop
      vertex 3.26897 -1.35405 0.825019
      vertex 2.48389 -0.665557 0.42456
      vertex 3.41774 -0.915781 0.825019
    endloop
  endfacet
  facet normal 0.376017 -0.0748027 -0.923589
    outer loop
      vertex 3.50804 -0.461842 0.825019
      vertex 2.48389 -0.665557 0.42456
      vertex 2.54952 -0.335649 0.42456
    endloop
  endfacet
  facet normal 0.288242 -0.252788 -0.923588
    outer loop
      vertex 2.50196 -2.50196 0.825019
      vertex 1.81834 -1.81834 0.42456
      vertex 2.80713 -2.15399 0.825019
    endloop
  endfacet
  facet normal 0.278226 -0.416405 -0.865562
    outer loop
      vertex 2.22228 -3.8491 1.34824
      vertex 1.76915 -3.06427 0.825019
      vertex 2.70568 -3.52611 1.34824
    endloop
  endfacet
  facet normal 0.458313 -0.401928 -0.792719
    outer loop
      vertex 3.72982 -3.72982 1.98528
      vertex 3.52611 -2.70568 1.34824
      vertex 4.18475 -3.21107 1.98528
    endloop
  endfacet
  facet normal 0.252777 -0.288246 -0.92359
    outer loop
      vertex 2.15399 -2.80713 0.825019
      vertex 1.56544 -2.04012 0.42456
      vertex 1.81834 -1.81834 0.42456
    endloop
  endfacet
  facet normal 0.393264 -0.588564 -0.706354
    outer loop
      vertex 3.66153 -4.7718 2.72523
      vertex 3.00736 -5.2089 2.72523
      vertex 3.21107 -4.18475 1.98528
    endloop
  endfacet
  facet normal 0.546716 -0.269615 -0.792723
    outer loop
      vertex 4.87325 -2.01857 1.98528
      vertex 3.8491 -2.22228 1.34824
      vertex 4.10624 -1.70086 1.34824
    endloop
  endfacet
  facet normal 0.0505995 -0.254353 -0.965787
    outer loop
      vertex 0.335649 -2.54952 0.42456
      vertex 0.203714 -1.54737 0.153718
      vertex 0.665557 -2.48389 0.42456
    endloop
  endfacet
  facet normal 0.169563 -0.343848 -0.923589
    outer loop
      vertex 1.35405 -3.26897 0.825019
      vertex 0.984076 -2.37577 0.42456
      vertex 1.76915 -3.06427 0.825019
    endloop
  endfacet
  facet normal 0.608276 0.0398645 -0.792724
    outer loop
      vertex 4.44456 0 1.34824
      vertex 4.40654 0.580132 1.34824
      vertex 5.27477 0 1.98528
    endloop
  endfacet
  facet normal 0.491178 -0.0977002 -0.865563
    outer loop
      vertex 4.29312 -1.15034 1.34824
      vertex 3.50804 -0.461842 0.825019
      vertex 4.40654 -0.580132 1.34824
    endloop
  endfacet
  facet normal 0.875126 0.297062 -0.381981
    outer loop
      vertex 6.9305 1.85702 4.46169
      vertex 6.62882 2.74575 4.46169
      vertex 6.99879 2.899 5.42848
    endloop
  endfacet
  facet normal 0.849838 0.169047 -0.499198
    outer loop
      vertex 6.59485 0.868228 3.55544
      vertex 6.4251 1.7216 3.55544
      vertex 7.1136 0.936522 4.46169
    endloop
  endfacet
  facet normal 0.31308 0.634861 -0.706352
    outer loop
      vertex 2.63738 4.56808 1.98528
      vertex 2.30173 5.55688 2.72523
      vertex 3.00736 5.2089 2.72523
    endloop
  endfacet
  facet normal 0.213 0.318771 -0.923589
    outer loop
      vertex 1.56544 2.04012 0.42456
      vertex 1.28576 2.227 0.42456
      vertex 1.76915 3.06427 0.825019
    endloop
  endfacet
  facet normal 0.670299 0.22753 -0.70635
    outer loop
      vertex 5.09503 1.36521 1.98528
      vertex 4.87325 2.01857 1.98528
      vertex 5.55688 2.30173 2.72523
    endloop
  endfacet
  facet normal 0.546716 0.269616 -0.792722
    outer loop
      vertex 4.87325 2.01857 1.98528
      vertex 3.8491 2.22228 1.34824
      vertex 4.56808 2.63738 1.98528
    endloop
  endfacet
  facet normal 0.523513 -0.596952 -0.607933
    outer loop
      vertex 4.04933 -5.27719 3.55544
      vertex 3.66153 -4.7718 2.72523
      vertex 4.25305 -4.25305 2.72523
    endloop
  endfacet
  facet normal 0.481399 -0.720455 -0.499199
    outer loop
      vertex 3.58749 -6.21372 4.46169
      vertex 3.32588 -5.76059 3.55544
      vertex 4.04933 -5.27719 3.55544
    endloop
  endfacet
  facet normal 0.506857 -0.338663 -0.792719
    outer loop
      vertex 4.18475 -3.21107 1.98528
      vertex 3.52611 -2.70568 1.34824
      vertex 3.8491 -2.22228 1.34824
    endloop
  endfacet
  facet normal 0.597871 -0.118927 -0.792721
    outer loop
      vertex 5.09503 -1.36521 1.98528
      vertex 4.40654 -0.580132 1.34824
      vertex 5.22964 -0.688495 1.98528
    endloop
  endfacet
  facet normal 0.712104 -0.35117 -0.607937
    outer loop
      vertex 5.76059 -3.32588 3.55544
      vertex 5.2089 -3.00736 2.72523
      vertex 6.14542 -2.54552 3.55544
    endloop
  endfacet
  facet normal 0.660172 -0.441118 -0.607937
    outer loop
      vertex 5.27719 -4.04933 3.55544
      vertex 5.2089 -3.00736 2.72523
      vertex 5.76059 -3.32588 3.55544
    endloop
  endfacet
  facet normal 0.634861 -0.31308 -0.706352
    outer loop
      vertex 5.2089 -3.00736 2.72523
      vertex 4.56808 -2.63738 1.98528
      vertex 5.55688 -2.30173 2.72523
    endloop
  endfacet
  facet normal 0.694261 -0.1381 -0.70635
    outer loop
      vertex 5.80977 -1.55672 2.72523
      vertex 5.09503 -1.36521 1.98528
      vertex 5.22964 -0.688495 1.98528
    endloop
  endfacet
  facet normal 0.694262 -0.138098 -0.706349
    outer loop
      vertex 5.80977 -1.55672 2.72523
      vertex 5.22964 -0.688495 1.98528
      vertex 5.96326 -0.785078 2.72523
    endloop
  endfacet
  facet normal 0.778729 -0.154899 -0.607937
    outer loop
      vertex 6 -0.893821 2.8
      vertex 6.4251 -1.7216 3.55544
      vertex 6 -1.60769 2.98189
    endloop
  endfacet
  facet normal 0.778711 -0.154924 -0.607954
    outer loop
      vertex 6.4251 -1.7216 3.55544
      vertex 6 -0.893821 2.8
      vertex 5.96326 -0.785078 2.72523
    endloop
  endfacet
  facet normal 0.778733 -0.154901 -0.607931
    outer loop
      vertex 6 -0.893821 2.8
      vertex 5.80977 -1.55672 2.72523
      vertex 5.96326 -0.785078 2.72523
    endloop
  endfacet
  facet normal 0.778717 -0.154893 -0.607953
    outer loop
      vertex 5.80977 -1.55672 2.72523
      vertex 6 -0.893821 2.8
      vertex 5.86519 -1.57157 2.8
    endloop
  endfacet
  facet normal 0.828864 -0.40875 0.381978
    outer loop
      vertex 6.62882 -2.74575 11.5383
      vertex 6.21372 -3.58749 11.5383
      vertex 6.99879 -2.899 10.5715
    endloop
  endfacet
  facet normal 0.875127 -0.297062 0.381977
    outer loop
      vertex 6.9305 -1.85702 11.5383
      vertex 6.62882 -2.74575 11.5383
      vertex 6.99879 -2.899 10.5715
    endloop
  endfacet
  facet normal 0.947499 -0.18847 0.258311
    outer loop
      vertex 7.77916 -1.02415 9.56072
      vertex 7.51063 -0.988793 10.5715
      vertex 7.57893 -2.03077 9.56072
    endloop
  endfacet
  facet normal 0.97243 -0.193429 0.130246
    outer loop
      vertex 7.77916 -1.02415 9.56072
      vertex 7.57893 -2.03077 9.56072
      vertex 7.71086 -2.06612 8.52322
    endloop
  endfacet
  facet normal 0.712101 -0.351168 0.607942
    outer loop
      vertex 6.14542 -2.54552 12.4446
      vertex 5.2089 -3.00736 13.2748
      vertex 5.76059 -3.32588 12.4446
    endloop
  endfacet
  facet normal 0.660169 -0.441117 0.607942
    outer loop
      vertex 5.76059 -3.32588 12.4446
      vertex 5.2089 -3.00736 13.2748
      vertex 5.27719 -4.04933 12.4446
    endloop
  endfacet
  facet normal -0.792269 0.0519314 -0.607957
    outer loop
      vertex -6.01472 0 2.72523
      vertex -6.02527 0.714376 2.8
      vertex -5.96326 0.785078 2.72523
    endloop
  endfacet
  facet normal -0.792299 0.051927 -0.60792
    outer loop
      vertex -6.02527 0.714376 2.8
      vertex -6.01472 0 2.72523
      vertex -6.07209 0 2.8
    endloop
  endfacet
  facet normal -0.706348 0.0462994 -0.706349
    outer loop
      vertex -5.22964 0.688495 1.98528
      vertex -6.01472 0 2.72523
      vertex -5.96326 0.785078 2.72523
    endloop
  endfacet
  facet normal -0.79229 -0.0519817 -0.607927
    outer loop
      vertex -6.02014 -0.792566 2.8
      vertex -6.02527 -0.714376 2.8
      vertex -5.96326 -0.785078 2.72523
    endloop
  endfacet
  facet normal -0.778733 -0.15493 -0.607924
    outer loop
      vertex -6.00485 -0.869419 2.8
      vertex -6.02014 -0.792566 2.8
      vertex -5.96326 -0.785078 2.72523
    endloop
  endfacet
  facet normal -0.803252 -0.536722 -0.258294
    outer loop
      vertex -6.22487 -4.77651 6.43928
      vertex -6.79508 -3.92314 6.43928
      vertex -6.01 -4.61164 5.42848
    endloop
  endfacet
  facet normal -0.824383 -0.550841 -0.130256
    outer loop
      vertex -6.33324 -4.85966 7.47678
      vertex -6.79508 -3.92314 6.43928
      vertex -6.22487 -4.77651 6.43928
    endloop
  endfacet
  facet normal -0.938864 -0.318698 -0.13025
    outer loop
      vertex -7.37521 -3.05491 7.47678
      vertex -7.66541 -2.2 7.47678
      vertex -7.54526 -2.2 6.61072
    endloop
  endfacet
  facet normal -0.946931 -0.321437 0
    outer loop
      vertex -7.37521 -3.05491 7.47678
      vertex -7.66541 -2.2 8.52322
      vertex -7.66541 -2.2 7.47678
    endloop
  endfacet
  facet normal -0.946931 -0.321437 0
    outer loop
      vertex -7.66541 -2.2 8.52322
      vertex -7.37521 -3.05491 7.47678
      vertex -7.37521 -3.05491 8.52322
    endloop
  endfacet
  facet normal 0.0977002 0.491178 -0.865563
    outer loop
      vertex 1.15034 4.29312 1.34824
      vertex 0.461842 3.50804 0.825019
      vertex 0.580132 4.40654 1.34824
    endloop
  endfacet
  facet normal 0.0977069 0.491174 -0.865565
    outer loop
      vertex 0.915781 3.41774 0.825019
      vertex 0.461842 3.50804 0.825019
      vertex 1.15034 4.29312 1.34824
    endloop
  endfacet
  facet normal -0.025518 0.128288 -0.991409
    outer loop
      vertex -0.13542 0.505396 0.0171289
      vertex -0.403944 1.50754 0.153718
      vertex -0.0682945 0.518748 0.0171289
    endloop
  endfacet
  facet normal -0.025075 0.382564 -0.923589
    outer loop
      vertex 0 2.57152 0.42456
      vertex -0.335649 2.54952 0.42456
      vertex 0 3.53831 0.825019
    endloop
  endfacet
  facet normal -0.0747992 0.376016 -0.923589
    outer loop
      vertex -0.665557 2.48389 0.42456
      vertex -0.915781 3.41774 0.825019
      vertex -0.461842 3.50804 0.825019
    endloop
  endfacet
  facet normal -0.221494 0.449156 -0.865563
    outer loop
      vertex -1.35405 3.26897 0.825019
      vertex -1.76915 3.06427 0.825019
      vertex -1.70086 4.10624 1.34824
    endloop
  endfacet
  facet normal -0.588564 0.393264 -0.706354
    outer loop
      vertex -4.18475 3.21107 1.98528
      vertex -5.2089 3.00736 2.72523
      vertex -4.7718 3.66153 2.72523
    endloop
  endfacet
  facet normal -0.532197 0.466723 -0.706354
    outer loop
      vertex -4.18475 3.21107 1.98528
      vertex -4.7718 3.66153 2.72523
      vertex -3.72982 3.72982 1.98528
    endloop
  endfacet
  facet normal -0.269615 0.546716 -0.792723
    outer loop
      vertex -1.70086 4.10624 1.34824
      vertex -2.22228 3.8491 1.34824
      vertex -2.01857 4.87325 1.98528
    endloop
  endfacet
  facet normal -0.278226 0.416405 -0.865562
    outer loop
      vertex -1.76915 3.06427 0.825019
      vertex -2.70568 3.52611 1.34824
      vertex -2.22228 3.8491 1.34824
    endloop
  endfacet
  facet normal -0.195949 0.577235 -0.792719
    outer loop
      vertex -1.15034 4.29312 1.34824
      vertex -1.70086 4.10624 1.34824
      vertex -1.36521 5.09503 1.98528
    endloop
  endfacet
  facet normal -0.118923 0.597874 -0.792719
    outer loop
      vertex -1.15034 4.29312 1.34824
      vertex -1.36521 5.09503 1.98528
      vertex -0.580132 4.40654 1.34824
    endloop
  endfacet
  facet normal -0.40193 0.458309 -0.79272
    outer loop
      vertex -3.14278 3.14278 1.34824
      vertex -3.72982 3.72982 1.98528
      vertex -2.70568 3.52611 1.34824
    endloop
  endfacet
  facet normal -0.330203 0.376521 -0.865562
    outer loop
      vertex -2.15399 2.80713 0.825019
      vertex -3.14278 3.14278 1.34824
      vertex -2.70568 3.52611 1.34824
    endloop
  endfacet
  facet normal 0.278218 -0.416393 0.86557
    outer loop
      vertex 2.70568 -3.52611 14.6518
      vertex 1.76915 -3.06427 15.175
      vertex 2.22228 -3.8491 14.6518
    endloop
  endfacet
  facet normal 0.0976973 -0.491163 0.865571
    outer loop
      vertex 1.15034 -4.29312 14.6518
      vertex 0.461842 -3.50804 15.175
      vertex 0.580132 -4.40654 14.6518
    endloop
  endfacet
  facet normal -0.0398668 -0.608312 0.792696
    outer loop
      vertex 0 -4.44456 14.6518
      vertex -0.580132 -4.40654 14.6518
      vertex 0 -5.27477 14.0147
    endloop
  endfacet
  facet normal -0.0398743 -0.608315 0.792693
    outer loop
      vertex -0.580132 -4.40654 14.6518
      vertex -0.688495 -5.22964 14.0147
      vertex 0 -5.27477 14.0147
    endloop
  endfacet
  facet normal -0.154901 -0.778724 0.607943
    outer loop
      vertex -0.785078 -5.96326 13.2748
      vertex -1.7216 -6.4251 12.4446
      vertex -0.868228 -6.59485 12.4446
    endloop
  endfacet
  facet normal -0.0519318 -0.79228 0.607943
    outer loop
      vertex -0.785078 -5.96326 13.2748
      vertex -0.868228 -6.59485 12.4446
      vertex 0 -6.65176 12.4446
    endloop
  endfacet
  facet normal 0.393251 -0.588545 0.706378
    outer loop
      vertex 3.21107 -4.18475 14.0147
      vertex 3.00736 -5.2089 13.2748
      vertex 3.66153 -4.7718 13.2748
    endloop
  endfacet
  facet normal 0.466707 -0.532179 0.706378
    outer loop
      vertex 3.72982 -3.72982 14.0147
      vertex 3.21107 -4.18475 14.0147
      vertex 3.66153 -4.7718 13.2748
    endloop
  endfacet
  facet normal 0.221496 -0.449142 0.86557
    outer loop
      vertex 1.76915 -3.06427 15.175
      vertex 1.70086 -4.10624 14.6518
      vertex 2.22228 -3.8491 14.6518
    endloop
  endfacet
  facet normal 0.221487 -0.449142 0.865572
    outer loop
      vertex 1.76915 -3.06427 15.175
      vertex 1.35405 -3.26897 15.175
      vertex 1.70086 -4.10624 14.6518
    endloop
  endfacet
  facet normal 0.694239 -0.138094 0.706373
    outer loop
      vertex 5.96326 -0.785078 13.2748
      vertex 5.22964 -0.688495 14.0147
      vertex 5.80977 -1.55672 13.2748
    endloop
  endfacet
  facet normal 0.778849 -0.154924 0.607777
    outer loop
      vertex 5.80977 -1.55672 13.2748
      vertex 6 -0.893821 13.2
      vertex 5.96326 -0.785078 13.2748
    endloop
  endfacet
  facet normal 0.778833 -0.154916 0.6078
    outer loop
      vertex 6 -0.893821 13.2
      vertex 5.80977 -1.55672 13.2748
      vertex 5.86519 -1.57157 13.2
    endloop
  endfacet
  facet normal 0.778203 -0.155593 0.608433
    outer loop
      vertex 6 -0.893821 13.2
      vertex 6.4251 -1.7216 12.4446
      vertex 5.96326 -0.785078 13.2748
    endloop
  endfacet
  facet normal 0.778699 -0.154916 0.607971
    outer loop
      vertex 6.4251 -1.7216 12.4446
      vertex 6 -0.893821 13.2
      vertex 6 -1.60769 13.0181
    endloop
  endfacet
  facet normal 0.778833 0.154916 0.6078
    outer loop
      vertex 5.80977 1.55672 13.2748
      vertex 6 0.893821 13.2
      vertex 5.86519 1.57157 13.2
    endloop
  endfacet
  facet normal 0.778849 0.154924 0.607777
    outer loop
      vertex 6 0.893821 13.2
      vertex 5.80977 1.55672 13.2748
      vertex 5.96326 0.785078 13.2748
    endloop
  endfacet
  facet normal 0.778699 0.154916 0.607971
    outer loop
      vertex 6 0.893821 13.2
      vertex 6.4251 1.7216 12.4446
      vertex 6 1.60769 13.0181
    endloop
  endfacet
  facet normal 0.778203 0.155593 0.608433
    outer loop
      vertex 6.4251 1.7216 12.4446
      vertex 6 0.893821 13.2
      vertex 5.96326 0.785078 13.2748
    endloop
  endfacet
  facet normal 0.752007 0.255265 0.607721
    outer loop
      vertex 5.80977 1.55672 13.2748
      vertex 5.65186 2.2 13.2
      vertex 5.55688 2.30173 13.2748
    endloop
  endfacet
  facet normal 0.751955 0.25526 0.607788
    outer loop
      vertex 5.65186 2.2 13.2
      vertex 5.80977 1.55672 13.2748
      vertex 5.84 1.64577 13.2
    endloop
  endfacet
  facet normal 0.751875 0.254913 0.608032
    outer loop
      vertex 6 2.2 12.7695
      vertex 5.55688 2.30173 13.2748
      vertex 5.65186 2.2 13.2
    endloop
  endfacet
  facet normal 0.751843 0.255229 0.60794
    outer loop
      vertex 5.55688 2.30173 13.2748
      vertex 6 2.2 12.7695
      vertex 6.14542 2.54552 12.4446
    endloop
  endfacet
  facet normal 0.751799 0.255278 0.607973
    outer loop
      vertex 6.14542 2.54552 12.4446
      vertex 6 2.2 12.7695
      vertex 6 2.11712 12.8043
    endloop
  endfacet
  facet normal 0.922191 0.0604407 0.381982
    outer loop
      vertex 7.57544 0 10.5715
      vertex 7.1136 0.936522 11.5383
      vertex 7.17498 0 11.5383
    endloop
  endfacet
  facet normal 0.922192 0.0604447 0.381979
    outer loop
      vertex 7.51063 0.988793 10.5715
      vertex 7.1136 0.936522 11.5383
      vertex 7.57544 0 10.5715
    endloop
  endfacet
  facet normal 0.571321 -0.651468 0.499181
    outer loop
      vertex 4.7035 -4.7035 12.4446
      vertex 4.04933 -5.27719 12.4446
      vertex 5.07348 -5.07348 11.5383
    endloop
  endfacet
  facet normal 0.651468 -0.571321 0.499181
    outer loop
      vertex 5.27719 -4.04933 12.4446
      vertex 4.7035 -4.7035 12.4446
      vertex 5.07348 -5.07348 11.5383
    endloop
  endfacet
  facet normal 0.376509 -0.330193 0.865571
    outer loop
      vertex 3.52611 -2.70568 14.6518
      vertex 2.80713 -2.15399 15.175
      vertex 3.14278 -3.14278 14.6518
    endloop
  endfacet
  facet normal 0.458336 -0.401954 0.792693
    outer loop
      vertex 3.52611 -2.70568 14.6518
      vertex 3.14278 -3.14278 14.6518
      vertex 3.72982 -3.72982 14.0147
    endloop
  endfacet
  facet normal 0 0 1
    outer loop
      vertex 0.518748 0.0682945 15.9829
      vertex 0.518748 -0.0682945 15.9829
      vertex 0.523225 0 15.9829
    endloop
  endfacet
  facet normal 0 0 1
    outer loop
      vertex 0.505396 0.13542 15.9829
      vertex 0.518748 -0.0682945 15.9829
      vertex 0.518748 0.0682945 15.9829
    endloop
  endfacet
  facet normal 0 0 1
    outer loop
      vertex 0.505396 0.13542 15.9829
      vertex 0.505396 -0.13542 15.9829
      vertex 0.518748 -0.0682945 15.9829
    endloop
  endfacet
  facet normal 0 0 1
    outer loop
      vertex 0.483397 0.200229 15.9829
      vertex 0.505396 -0.13542 15.9829
      vertex 0.505396 0.13542 15.9829
    endloop
  endfacet
  facet normal 0 0 1
    outer loop
      vertex 0.483397 0.200229 15.9829
      vertex 0.483397 -0.200229 15.9829
      vertex 0.505396 -0.13542 15.9829
    endloop
  endfacet
  facet normal 0 0 1
    outer loop
      vertex 0.453126 0.261612 15.9829
      vertex 0.483397 -0.200229 15.9829
      vertex 0.483397 0.200229 15.9829
    endloop
  endfacet
  facet normal 0 0 1
    outer loop
      vertex 0.453126 0.261612 15.9829
      vertex 0.453126 -0.261612 15.9829
      vertex 0.483397 -0.200229 15.9829
    endloop
  endfacet
  facet normal 0 0 1
    outer loop
      vertex 0.415102 0.318519 15.9829
      vertex 0.453126 -0.261612 15.9829
      vertex 0.453126 0.261612 15.9829
    endloop
  endfacet
  facet normal 0 0 1
    outer loop
      vertex 0.415102 0.318519 15.9829
      vertex 0.415102 -0.318519 15.9829
      vertex 0.453126 -0.261612 15.9829
    endloop
  endfacet
  facet normal 0 0 1
    outer loop
      vertex 0.369975 0.369975 15.9829
      vertex 0.415102 -0.318519 15.9829
      vertex 0.415102 0.318519 15.9829
    endloop
  endfacet
  facet normal 0 0 1
    outer loop
      vertex 0.369975 0.369975 15.9829
      vertex 0.369975 -0.369975 15.9829
      vertex 0.415102 -0.318519 15.9829
    endloop
  endfacet
  facet normal 0 0 1
    outer loop
      vertex 0.318519 0.415102 15.9829
      vertex 0.369975 -0.369975 15.9829
      vertex 0.369975 0.369975 15.9829
    endloop
  endfacet
  facet normal 0 0 1
    outer loop
      vertex 0.318519 0.415102 15.9829
      vertex 0.318519 -0.415102 15.9829
      vertex 0.369975 -0.369975 15.9829
    endloop
  endfacet
  facet normal 0 0 1
    outer loop
      vertex 0.261612 0.453126 15.9829
      vertex 0.318519 -0.415102 15.9829
      vertex 0.318519 0.415102 15.9829
    endloop
  endfacet
  facet normal 0 0 1
    outer loop
      vertex 0.261612 0.453126 15.9829
      vertex 0.261612 -0.453126 15.9829
      vertex 0.318519 -0.415102 15.9829
    endloop
  endfacet
  facet normal 0 0 1
    outer loop
      vertex 0.200229 0.483397 15.9829
      vertex 0.261612 -0.453126 15.9829
      vertex 0.261612 0.453126 15.9829
    endloop
  endfacet
  facet normal 0 0 1
    outer loop
      vertex 0.200229 0.483397 15.9829
      vertex 0.200229 -0.483397 15.9829
      vertex 0.261612 -0.453126 15.9829
    endloop
  endfacet
  facet normal 0 0 1
    outer loop
      vertex 0.13542 0.505396 15.9829
      vertex 0.200229 -0.483397 15.9829
      vertex 0.200229 0.483397 15.9829
    endloop
  endfacet
  facet normal 0 0 1
    outer loop
      vertex 0.13542 0.505396 15.9829
      vertex 0.13542 -0.505396 15.9829
      vertex 0.200229 -0.483397 15.9829
    endloop
  endfacet
  facet normal 0 0 1
    outer loop
      vertex 0.0682945 0.518748 15.9829
      vertex 0.13542 -0.505396 15.9829
      vertex 0.13542 0.505396 15.9829
    endloop
  endfacet
  facet normal 0 0 1
    outer loop
      vertex 0.0682945 0.518748 15.9829
      vertex 0.0682945 -0.518748 15.9829
      vertex 0.13542 -0.505396 15.9829
    endloop
  endfacet
  facet normal 0 0 1
    outer loop
      vertex 0 0.523225 15.9829
      vertex 0.0682945 -0.518748 15.9829
      vertex 0.0682945 0.518748 15.9829
    endloop
  endfacet
  facet normal 0 0 1
    outer loop
      vertex 0 0.523225 15.9829
      vertex 0 -0.523225 15.9829
      vertex 0.0682945 -0.518748 15.9829
    endloop
  endfacet
  facet normal -0 0 1
    outer loop
      vertex -0.0682945 0.518748 15.9829
      vertex 0 -0.523225 15.9829
      vertex 0 0.523225 15.9829
    endloop
  endfacet
  facet normal 0 0 1
    outer loop
      vertex -0.0682945 0.518748 15.9829
      vertex -0.0682945 -0.518748 15.9829
      vertex 0 -0.523225 15.9829
    endloop
  endfacet
  facet normal -0 0 1
    outer loop
      vertex -0.13542 0.505396 15.9829
      vertex -0.0682945 -0.518748 15.9829
      vertex -0.0682945 0.518748 15.9829
    endloop
  endfacet
  facet normal 0 0 1
    outer loop
      vertex -0.13542 0.505396 15.9829
      vertex -0.13542 -0.505396 15.9829
      vertex -0.0682945 -0.518748 15.9829
    endloop
  endfacet
  facet normal -0 0 1
    outer loop
      vertex -0.200229 0.483397 15.9829
      vertex -0.13542 -0.505396 15.9829
      vertex -0.13542 0.505396 15.9829
    endloop
  endfacet
  facet normal 0 0 1
    outer loop
      vertex -0.200229 0.483397 15.9829
      vertex -0.200229 -0.483397 15.9829
      vertex -0.13542 -0.505396 15.9829
    endloop
  endfacet
  facet normal -0 0 1
    outer loop
      vertex -0.261612 0.453126 15.9829
      vertex -0.200229 -0.483397 15.9829
      vertex -0.200229 0.483397 15.9829
    endloop
  endfacet
  facet normal 0 0 1
    outer loop
      vertex -0.261612 0.453126 15.9829
      vertex -0.261612 -0.453126 15.9829
      vertex -0.200229 -0.483397 15.9829
    endloop
  endfacet
  facet normal -0 0 1
    outer loop
      vertex -0.318519 0.415102 15.9829
      vertex -0.261612 -0.453126 15.9829
      vertex -0.261612 0.453126 15.9829
    endloop
  endfacet
  facet normal 0 0 1
    outer loop
      vertex -0.318519 0.415102 15.9829
      vertex -0.318519 -0.415102 15.9829
      vertex -0.261612 -0.453126 15.9829
    endloop
  endfacet
  facet normal -0 0 1
    outer loop
      vertex -0.369975 0.369975 15.9829
      vertex -0.318519 -0.415102 15.9829
      vertex -0.318519 0.415102 15.9829
    endloop
  endfacet
  facet normal 0 0 1
    outer loop
      vertex -0.369975 0.369975 15.9829
      vertex -0.369975 -0.369975 15.9829
      vertex -0.318519 -0.415102 15.9829
    endloop
  endfacet
  facet normal -0 0 1
    outer loop
      vertex -0.415102 0.318519 15.9829
      vertex -0.369975 -0.369975 15.9829
      vertex -0.369975 0.369975 15.9829
    endloop
  endfacet
  facet normal 0 0 1
    outer loop
      vertex -0.415102 0.318519 15.9829
      vertex -0.415102 -0.318519 15.9829
      vertex -0.369975 -0.369975 15.9829
    endloop
  endfacet
  facet normal -0 0 1
    outer loop
      vertex -0.453126 0.261612 15.9829
      vertex -0.415102 -0.318519 15.9829
      vertex -0.415102 0.318519 15.9829
    endloop
  endfacet
  facet normal 0 0 1
    outer loop
      vertex -0.453126 0.261612 15.9829
      vertex -0.453126 -0.261612 15.9829
      vertex -0.415102 -0.318519 15.9829
    endloop
  endfacet
  facet normal -0 0 1
    outer loop
      vertex -0.483397 0.200229 15.9829
      vertex -0.453126 -0.261612 15.9829
      vertex -0.453126 0.261612 15.9829
    endloop
  endfacet
  facet normal 0 0 1
    outer loop
      vertex -0.483397 0.200229 15.9829
      vertex -0.483397 -0.200229 15.9829
      vertex -0.453126 -0.261612 15.9829
    endloop
  endfacet
  facet normal -0 0 1
    outer loop
      vertex -0.505396 0.13542 15.9829
      vertex -0.483397 -0.200229 15.9829
      vertex -0.483397 0.200229 15.9829
    endloop
  endfacet
  facet normal 0 0 1
    outer loop
      vertex -0.505396 0.13542 15.9829
      vertex -0.505396 -0.13542 15.9829
      vertex -0.483397 -0.200229 15.9829
    endloop
  endfacet
  facet normal -0 0 1
    outer loop
      vertex -0.518748 0.0682945 15.9829
      vertex -0.505396 -0.13542 15.9829
      vertex -0.505396 0.13542 15.9829
    endloop
  endfacet
  facet normal 0 0 1
    outer loop
      vertex -0.518748 0.0682945 15.9829
      vertex -0.518748 -0.0682945 15.9829
      vertex -0.505396 -0.13542 15.9829
    endloop
  endfacet
  facet normal 0 -0 1
    outer loop
      vertex -0.518748 -0.0682945 15.9829
      vertex -0.518748 0.0682945 15.9829
      vertex -0.523225 0 15.9829
    endloop
  endfacet
  facet normal -0.128298 0.0255212 0.991407
    outer loop
      vertex -1.50754 0.403944 15.8463
      vertex -1.54737 0.203714 15.8463
      vertex -0.518748 0.0682945 15.9829
    endloop
  endfacet
  facet normal -0.193353 0.972448 0.13023
    outer loop
      vertex -1.13137 7.81534 9.13137
      vertex -1.02415 7.77916 9.56072
      vertex -1.03 7.82359 9.22027
    endloop
  endfacet
  facet normal -0.193482 0.972418 0.13026
    outer loop
      vertex -1.26937 7.80896 8.97402
      vertex -1.02415 7.77916 9.56072
      vertex -1.13137 7.81534 9.13137
    endloop
  endfacet
  facet normal -0.193419 0.972434 0.130237
    outer loop
      vertex -2.06612 7.71086 8.52322
      vertex -1.26937 7.80896 8.97402
      vertex -1.38564 7.80914 8.8
    endloop
  endfacet
  facet normal -0.193425 0.97243 0.130253
    outer loop
      vertex -2.06612 7.71086 8.52322
      vertex -1.38564 7.80914 8.8
      vertex -1.47821 7.81587 8.61229
    endloop
  endfacet
  facet normal -0.193417 0.972434 0.130234
    outer loop
      vertex -1.26937 7.80896 8.97402
      vertex -2.06612 7.71086 8.52322
      vertex -1.02415 7.77916 9.56072
    endloop
  endfacet
  facet normal -0.193429 0.972426 0.130281
    outer loop
      vertex -2.06612 7.71086 8.52322
      vertex -1.47821 7.81587 8.61229
      vertex -1.50844 7.82179 8.52322
    endloop
  endfacet
  facet normal -0.536712 0.803255 -0.258303
    outer loop
      vertex -3.78772 6.56052 5.42848
      vertex -4.61164 6.01 5.42848
      vertex -3.92314 6.79508 6.43928
    endloop
  endfacet
  facet normal -0.42728 0.866436 -0.258304
    outer loop
      vertex -3.78772 6.56052 5.42848
      vertex -3.92314 6.79508 6.43928
      vertex -2.899 6.99879 5.42848
    endloop
  endfacet
  facet normal -0.866434 0.42728 0.258309
    outer loop
      vertex -6.79508 3.92314 9.56072
      vertex -6.99879 2.899 10.5715
      vertex -6.56052 3.78772 10.5715
    endloop
  endfacet
  facet normal -0.914796 0.310532 0.258299
    outer loop
      vertex -7.46585 2.2 9.75774
      vertex -7.24902 3.00264 9.56072
      vertex -7.52148 2.2 9.56072
    endloop
  endfacet
  facet normal -0.914793 0.310533 0.258308
    outer loop
      vertex -7.24902 3.00264 9.56072
      vertex -7.46585 2.2 9.75774
      vertex -6.99879 2.899 10.5715
    endloop
  endfacet
  facet normal -0.824384 0.55084 0.130254
    outer loop
      vertex -6.33324 4.85966 8.52322
      vertex -6.91337 3.99144 8.52322
      vertex -6.79508 3.92314 9.56072
    endloop
  endfacet
  facet normal -0.889234 0.438517 0.130254
    outer loop
      vertex -6.91337 3.99144 8.52322
      vertex -7.37521 3.05491 8.52322
      vertex -6.79508 3.92314 9.56072
    endloop
  endfacet
  facet normal -0.777139 0.383243 0.499179
    outer loop
      vertex -6.21372 3.58749 11.5383
      vertex -6.62882 2.74575 11.5383
      vertex -6.14542 2.54552 12.4446
    endloop
  endfacet
  facet normal -0.77714 0.383242 0.499178
    outer loop
      vertex -5.76059 3.32588 12.4446
      vertex -6.21372 3.58749 11.5383
      vertex -6.14542 2.54552 12.4446
    endloop
  endfacet
  facet normal -0.438517 0.889234 -0.130254
    outer loop
      vertex -3.92314 6.79508 6.43928
      vertex -3.99144 6.91337 7.47678
      vertex -3.05491 7.37521 7.47678
    endloop
  endfacet
  facet normal -0.653724 0.745439 -0.130256
    outer loop
      vertex -4.77651 6.22487 6.43928
      vertex -5.54816 5.54816 6.43928
      vertex -4.85966 6.33324 7.47678
    endloop
  endfacet
  facet normal -0.169047 0.849849 0.499179
    outer loop
      vertex -0.936522 7.1136 11.5383
      vertex -1.85702 6.9305 11.5383
      vertex -1.7216 6.4251 12.4446
    endloop
  endfacet
  facet normal -0.0604447 0.922192 0.381979
    outer loop
      vertex 0 7.57544 10.5715
      vertex -0.988793 7.51063 10.5715
      vertex -0.936522 7.1136 11.5383
    endloop
  endfacet
  facet normal -0.188471 0.947499 0.258312
    outer loop
      vertex -0.988793 7.51063 10.5715
      vertex -2.03077 7.57893 9.56072
      vertex -1.96067 7.31731 10.5715
    endloop
  endfacet
  facet normal -0.18847 0.947499 0.258311
    outer loop
      vertex -1.02415 7.77916 9.56072
      vertex -2.03077 7.57893 9.56072
      vertex -0.988793 7.51063 10.5715
    endloop
  endfacet
  facet normal 0.383242 0.77714 0.499178
    outer loop
      vertex 3.58749 6.21372 11.5383
      vertex 2.54552 6.14542 12.4446
      vertex 3.32588 5.76059 12.4446
    endloop
  endfacet
  facet normal 0.351168 0.712101 0.607942
    outer loop
      vertex 3.32588 5.76059 12.4446
      vertex 2.54552 6.14542 12.4446
      vertex 3.00736 5.2089 13.2748
    endloop
  endfacet
  facet normal 0.609346 0.694827 0.381985
    outer loop
      vertex 5.35665 5.35665 10.5715
      vertex 4.36785 5.6923 11.5383
      vertex 5.07348 5.07348 11.5383
    endloop
  endfacet
  facet normal 0.609344 0.694831 0.381982
    outer loop
      vertex 4.61164 6.01 10.5715
      vertex 4.36785 5.6923 11.5383
      vertex 5.35665 5.35665 10.5715
    endloop
  endfacet
  facet normal -0.180298 0.906412 -0.381983
    outer loop
      vertex -0.936522 7.1136 4.46169
      vertex -1.85702 6.9305 4.46169
      vertex -0.988793 7.51063 5.42848
    endloop
  endfacet
  facet normal -0.188471 0.9475 -0.258307
    outer loop
      vertex -1.96067 7.31731 5.42848
      vertex -2.03077 7.57893 6.43928
      vertex -0.988793 7.51063 5.42848
    endloop
  endfacet
  facet normal 0.0566685 0.864635 -0.499194
    outer loop
      vertex 0.936522 7.1136 4.46169
      vertex 0 6.65176 3.55544
      vertex 0 7.17498 4.46169
    endloop
  endfacet
  facet normal -0.0566685 0.864635 -0.499194
    outer loop
      vertex 0 6.65176 3.55544
      vertex -0.936522 7.1136 4.46169
      vertex 0 7.17498 4.46169
    endloop
  endfacet
  facet normal 0.169045 0.849837 -0.4992
    outer loop
      vertex 1.7216 6.4251 3.55544
      vertex 0.936522 7.1136 4.46169
      vertex 1.85702 6.9305 4.46169
    endloop
  endfacet
  facet normal 0.27852 0.820504 -0.4992
    outer loop
      vertex 2.54552 6.14542 3.55544
      vertex 1.7216 6.4251 3.55544
      vertex 1.85702 6.9305 4.46169
    endloop
  endfacet
  facet normal 0.914793 0.310535 0.258308
    outer loop
      vertex 7.24902 3.00264 9.56072
      vertex 6.99879 2.899 10.5715
      vertex 7.57893 2.03077 9.56072
    endloop
  endfacet
  facet normal 0.938862 0.318705 0.130249
    outer loop
      vertex 7.37521 3.05491 8.52322
      vertex 7.24902 3.00264 9.56072
      vertex 7.57893 2.03077 9.56072
    endloop
  endfacet
  facet normal 0.0506096 0.254404 0.965773
    outer loop
      vertex 0.335649 2.54952 15.5754
      vertex 0.203714 1.54737 15.8463
      vertex 0.665557 2.48389 15.5754
    endloop
  endfacet
  facet normal 0.212973 0.318731 0.923609
    outer loop
      vertex 1.76915 3.06427 15.175
      vertex 1.28576 2.227 15.5754
      vertex 1.56544 2.04012 15.5754
    endloop
  endfacet
  facet normal 0.169542 0.343806 0.923609
    outer loop
      vertex 1.76915 3.06427 15.175
      vertex 0.984076 2.37577 15.5754
      vertex 1.28576 2.227 15.5754
    endloop
  endfacet
  facet normal 0.215674 0.144107 0.965773
    outer loop
      vertex 2.227 1.28576 15.5754
      vertex 1.2382 0.950108 15.8463
      vertex 1.35162 0.780361 15.8463
    endloop
  endfacet
  facet normal 0.108767 0.0726748 0.991407
    outer loop
      vertex 1.2382 0.950108 15.8463
      vertex 0.453126 0.261612 15.9829
      vertex 1.35162 0.780361 15.8463
    endloop
  endfacet
  facet normal 0.227522 0.670276 0.706374
    outer loop
      vertex 1.55672 5.80977 13.2748
      vertex 1.36521 5.09503 14.0147
      vertex 2.30173 5.55688 13.2748
    endloop
  endfacet
  facet normal 0.195951 0.577268 0.792695
    outer loop
      vertex 2.01857 4.87325 14.0147
      vertex 1.36521 5.09503 14.0147
      vertex 1.70086 4.10624 14.6518
    endloop
  endfacet
  facet normal 0.506879 0.338688 0.792694
    outer loop
      vertex 4.18475 3.21107 14.0147
      vertex 3.8491 2.22228 14.6518
      vertex 4.56808 2.63738 14.0147
    endloop
  endfacet
  facet normal 0.546748 0.269632 0.792694
    outer loop
      vertex 4.56808 2.63738 14.0147
      vertex 3.8491 2.22228 14.6518
      vertex 4.87325 2.01857 14.0147
    endloop
  endfacet
  facet normal 0.12387 0.0420466 0.991407
    outer loop
      vertex 1.44192 0.597262 15.8463
      vertex 0.483397 0.200229 15.9829
      vertex 1.50754 0.403944 15.8463
    endloop
  endfacet
  facet normal 0.128298 0.02552 0.991407
    outer loop
      vertex 1.50754 0.403944 15.8463
      vertex 0.505396 0.13542 15.9829
      vertex 0.518748 0.0682945 15.9829
    endloop
  endfacet
  facet normal 0.343805 0.169542 0.923609
    outer loop
      vertex 3.06427 1.76915 15.175
      vertex 2.37577 0.984076 15.5754
      vertex 3.26897 1.35405 15.175
    endloop
  endfacet
  facet normal 0.362994 0.123217 0.923609
    outer loop
      vertex 3.26897 1.35405 15.175
      vertex 2.37577 0.984076 15.5754
      vertex 2.48389 0.665557 15.5754
    endloop
  endfacet
  facet normal 0.117321 0.0578569 0.991407
    outer loop
      vertex 1.44192 0.597262 15.8463
      vertex 0.453126 0.261612 15.9829
      vertex 0.483397 0.200229 15.9829
    endloop
  endfacet
  facet normal 0.195021 0.171024 0.965773
    outer loop
      vertex 1.81834 1.81834 15.5754
      vertex 1.2382 0.950108 15.8463
      vertex 2.04012 1.56544 15.5754
    endloop
  endfacet
  facet normal 0.330195 0.376505 0.865572
    outer loop
      vertex 3.14278 3.14278 14.6518
      vertex 2.15399 2.80713 15.175
      vertex 2.50196 2.50196 15.175
    endloop
  endfacet
  facet normal 0.171024 0.195021 0.965773
    outer loop
      vertex 1.56544 2.04012 15.5754
      vertex 0.950108 1.2382 15.8463
      vertex 1.81834 1.81834 15.5754
    endloop
  endfacet
  facet normal 0.171021 0.195025 0.965773
    outer loop
      vertex 1.81834 1.81834 15.5754
      vertex 0.950108 1.2382 15.8463
      vertex 1.1036 1.1036 15.8463
    endloop
  endfacet
  facet normal 0.28821 0.252745 0.92361
    outer loop
      vertex 2.80713 2.15399 15.175
      vertex 1.81834 1.81834 15.5754
      vertex 2.04012 1.56544 15.5754
    endloop
  endfacet
  facet normal 0.318732 0.212968 0.923609
    outer loop
      vertex 2.80713 2.15399 15.175
      vertex 2.04012 1.56544 15.5754
      vertex 3.06427 1.76915 15.175
    endloop
  endfacet
  facet normal 0.458336 0.401954 0.792693
    outer loop
      vertex 3.72982 3.72982 14.0147
      vertex 3.14278 3.14278 14.6518
      vertex 3.52611 2.70568 14.6518
    endloop
  endfacet
  facet normal 0.401954 0.458336 0.792693
    outer loop
      vertex 3.72982 3.72982 14.0147
      vertex 2.70568 3.52611 14.6518
      vertex 3.14278 3.14278 14.6518
    endloop
  endfacet
  facet normal 0.491159 0.097704 0.865573
    outer loop
      vertex 4.29312 1.15034 14.6518
      vertex 3.41774 0.915781 15.175
      vertex 3.50804 0.461842 15.175
    endloop
  endfacet
  facet normal 0.375969 0.0747898 0.923609
    outer loop
      vertex 3.41774 0.915781 15.175
      vertex 2.48389 0.665557 15.5754
      vertex 3.50804 0.461842 15.175
    endloop
  endfacet
  facet normal 0.820504 0.27852 -0.4992
    outer loop
      vertex 6.9305 1.85702 4.46169
      vertex 6.14542 2.54552 3.55544
      vertex 6.62882 2.74575 4.46169
    endloop
  endfacet
  facet normal 0.9475 0.188471 -0.258307
    outer loop
      vertex 7.51063 0.988793 5.42848
      vertex 7.31731 1.96067 5.42848
      vertex 7.57893 2.03077 6.43928
    endloop
  endfacet
  facet normal 0.906412 0.180298 -0.381983
    outer loop
      vertex 7.51063 0.988793 5.42848
      vertex 6.9305 1.85702 4.46169
      vertex 7.31731 1.96067 5.42848
    endloop
  endfacet
  facet normal 0.906412 0.180298 -0.381983
    outer loop
      vertex 7.1136 0.936522 4.46169
      vertex 6.9305 1.85702 4.46169
      vertex 7.51063 0.988793 5.42848
    endloop
  endfacet
  facet normal -0.441118 0.660172 -0.607937
    outer loop
      vertex -3.00736 5.2089 2.72523
      vertex -4.04933 5.27719 3.55544
      vertex -3.32588 5.76059 3.55544
    endloop
  endfacet
  facet normal -0.27852 0.820504 -0.4992
    outer loop
      vertex -2.54552 6.14542 3.55544
      vertex -2.74575 6.62882 4.46169
      vertex -1.85702 6.9305 4.46169
    endloop
  endfacet
  facet normal -0.0327507 0.49973 -0.865562
    outer loop
      vertex 0 3.53831 0.825019
      vertex -0.580132 4.40654 1.34824
      vertex 0 4.44456 1.34824
    endloop
  endfacet
  facet normal 0.0398645 0.608276 -0.792724
    outer loop
      vertex 0.580132 4.40654 1.34824
      vertex 0 4.44456 1.34824
      vertex 0 5.27477 1.98528
    endloop
  endfacet
  facet normal -0.513441 0.768418 -0.381984
    outer loop
      vertex -4.36785 5.6923 4.46169
      vertex -4.61164 6.01 5.42848
      vertex -3.58749 6.21372 4.46169
    endloop
  endfacet
  facet normal -0.571313 0.651459 -0.499202
    outer loop
      vertex -4.04933 5.27719 3.55544
      vertex -5.07348 5.07348 4.46169
      vertex -4.36785 5.6923 4.46169
    endloop
  endfacet
  facet normal 0.596952 0.523512 -0.607934
    outer loop
      vertex 5.27719 4.04933 3.55544
      vertex 4.25305 4.25305 2.72523
      vertex 4.7035 4.7035 3.55544
    endloop
  endfacet
  facet normal 0.523512 0.596952 -0.607934
    outer loop
      vertex 4.25305 4.25305 2.72523
      vertex 4.04933 5.27719 3.55544
      vertex 4.7035 4.7035 3.55544
    endloop
  endfacet
  facet normal 0.596952 0.523513 -0.607933
    outer loop
      vertex 4.7718 3.66153 2.72523
      vertex 4.25305 4.25305 2.72523
      vertex 5.27719 4.04933 3.55544
    endloop
  endfacet
  facet normal 0.660178 0.441115 -0.607933
    outer loop
      vertex 5.2089 3.00736 2.72523
      vertex 4.7718 3.66153 2.72523
      vertex 5.27719 4.04933 3.55544
    endloop
  endfacet
  facet normal 0.726331 0.636967 -0.258296
    outer loop
      vertex 6.22487 4.77651 6.43928
      vertex 5.35665 5.35665 5.42848
      vertex 5.54816 5.54816 6.43928
    endloop
  endfacet
  facet normal 0.745439 0.653724 -0.130256
    outer loop
      vertex 6.22487 4.77651 6.43928
      vertex 5.54816 5.54816 6.43928
      vertex 6.33324 4.85966 7.47678
    endloop
  endfacet
  facet normal -0.914793 -0.310532 0.258309
    outer loop
      vertex -7.23607 -2.2 10.5715
      vertex -7.46585 -2.2 9.75774
      vertex -6.99879 -2.899 10.5715
    endloop
  endfacet
  facet normal -0.499714 0.0327522 0.865571
    outer loop
      vertex -3.50804 0.461842 15.175
      vertex -4.40654 0.580132 14.6518
      vertex -3.53831 0 15.175
    endloop
  endfacet
  facet normal -0.382516 0.0250708 0.923609
    outer loop
      vertex -3.50804 0.461842 15.175
      vertex -3.53831 0 15.175
      vertex -2.54952 0.335649 15.5754
    endloop
  endfacet
  facet normal -0.258834 0.0169621 0.965773
    outer loop
      vertex -1.54737 0.203714 15.8463
      vertex -2.54952 0.335649 15.5754
      vertex -1.56072 0 15.8463
    endloop
  endfacet
  facet normal -0.130532 -0.00855416 0.991407
    outer loop
      vertex -0.523225 0 15.9829
      vertex -1.56072 0 15.8463
      vertex -1.54737 -0.203714 15.8463
    endloop
  endfacet
  facet normal -0.128298 0.02552 0.991407
    outer loop
      vertex -0.505396 0.13542 15.9829
      vertex -1.50754 0.403944 15.8463
      vertex -0.518748 0.0682945 15.9829
    endloop
  endfacet
  facet normal -0.171021 0.195025 0.965773
    outer loop
      vertex -0.950108 1.2382 15.8463
      vertex -1.81834 1.81834 15.5754
      vertex -1.1036 1.1036 15.8463
    endloop
  endfacet
  facet normal -0.086247 0.0983523 0.991407
    outer loop
      vertex -0.950108 1.2382 15.8463
      vertex -1.1036 1.1036 15.8463
      vertex -0.318519 0.415102 15.9829
    endloop
  endfacet
  facet normal -0.458336 0.401954 0.792693
    outer loop
      vertex -3.14278 3.14278 14.6518
      vertex -3.72982 3.72982 14.0147
      vertex -3.52611 2.70568 14.6518
    endloop
  endfacet
  facet normal -0.343805 0.169542 0.923609
    outer loop
      vertex -3.06427 1.76915 15.175
      vertex -3.26897 1.35405 15.175
      vertex -2.37577 0.984076 15.5754
    endloop
  endfacet
  facet normal -0.577268 0.195951 0.792695
    outer loop
      vertex -4.87325 2.01857 14.0147
      vertex -5.09503 1.36521 14.0147
      vertex -4.10624 1.70086 14.6518
    endloop
  endfacet
  facet normal -0.577269 0.19596 0.792692
    outer loop
      vertex -4.10624 1.70086 14.6518
      vertex -5.09503 1.36521 14.0147
      vertex -4.29312 1.15034 14.6518
    endloop
  endfacet
  facet normal -0.02552 0.128298 0.991407
    outer loop
      vertex -0.0682945 0.518748 15.9829
      vertex -0.403944 1.50754 15.8463
      vertex -0.13542 0.505396 15.9829
    endloop
  endfacet
  facet normal 0.0506066 0.254405 0.965773
    outer loop
      vertex 0.665557 2.48389 15.5754
      vertex 0.203714 1.54737 15.8463
      vertex 0.403944 1.50754 15.8463
    endloop
  endfacet
  facet normal 0.00855416 0.130532 0.991407
    outer loop
      vertex 0 1.56072 15.8463
      vertex 0 0.523225 15.9829
      vertex 0.203714 1.54737 15.8463
    endloop
  endfacet
  facet normal -0.393251 0.588545 0.706378
    outer loop
      vertex -3.00736 5.2089 13.2748
      vertex -3.66153 4.7718 13.2748
      vertex -3.21107 4.18475 14.0147
    endloop
  endfacet
  facet normal -0.227522 0.670276 0.706374
    outer loop
      vertex -1.36521 5.09503 14.0147
      vertex -2.30173 5.55688 13.2748
      vertex -2.01857 4.87325 14.0147
    endloop
  endfacet
  facet normal -0.532179 0.466707 0.706378
    outer loop
      vertex -3.72982 3.72982 14.0147
      vertex -4.7718 3.66153 13.2748
      vertex -4.18475 3.21107 14.0147
    endloop
  endfacet
  facet normal -0.449142 0.221496 0.86557
    outer loop
      vertex -3.8491 2.22228 14.6518
      vertex -4.10624 1.70086 14.6518
      vertex -3.06427 1.76915 15.175
    endloop
  endfacet
  facet normal -0.123218 0.362993 0.923609
    outer loop
      vertex -0.915781 3.41774 15.175
      vertex -1.35405 3.26897 15.175
      vertex -0.665557 2.48389 15.5754
    endloop
  endfacet
  facet normal 0.11893 0.597909 0.792692
    outer loop
      vertex 1.36521 5.09503 14.0147
      vertex 0.580132 4.40654 14.6518
      vertex 1.15034 4.29312 14.6518
    endloop
  endfacet
  facet normal -0.609344 0.694831 0.381982
    outer loop
      vertex -4.61164 6.01 10.5715
      vertex -5.35665 5.35665 10.5715
      vertex -4.36785 5.6923 11.5383
    endloop
  endfacet
  facet normal -0.536721 0.803251 0.258299
    outer loop
      vertex -3.92314 6.79508 9.56072
      vertex -4.77651 6.22487 9.56072
      vertex -4.61164 6.01 10.5715
    endloop
  endfacet
  facet normal -0.571321 0.651468 0.499181
    outer loop
      vertex -4.36785 5.6923 11.5383
      vertex -5.07348 5.07348 11.5383
      vertex -4.04933 5.27719 12.4446
    endloop
  endfacet
  facet normal -0.651468 0.571321 0.499181
    outer loop
      vertex -5.07348 5.07348 11.5383
      vertex -5.27719 4.04933 12.4446
      vertex -4.7035 4.7035 12.4446
    endloop
  endfacet
  facet normal -0.383242 0.77714 0.499178
    outer loop
      vertex -2.54552 6.14542 12.4446
      vertex -3.58749 6.21372 11.5383
      vertex -3.32588 5.76059 12.4446
    endloop
  endfacet
  facet normal -0.523511 0.596949 0.607937
    outer loop
      vertex -4.04933 5.27719 12.4446
      vertex -4.25305 4.25305 13.2748
      vertex -3.66153 4.7718 13.2748
    endloop
  endfacet
  facet normal -0.0462987 0.706325 0.706372
    outer loop
      vertex 0 6.01472 13.2748
      vertex -0.688495 5.22964 14.0147
      vertex 0 5.27477 14.0147
    endloop
  endfacet
  facet normal -0.154899 0.778726 0.607941
    outer loop
      vertex -0.785078 5.96326 13.2748
      vertex -1.7216 6.4251 12.4446
      vertex -1.55672 5.80977 13.2748
    endloop
  endfacet
  facet normal 0.0462979 0.706324 0.706373
    outer loop
      vertex 0.785078 5.96326 13.2748
      vertex 0 6.01472 13.2748
      vertex 0.688495 5.22964 14.0147
    endloop
  endfacet
  facet normal 0.0519321 0.79228 0.607943
    outer loop
      vertex 0 6.65176 12.4446
      vertex 0 6.01472 13.2748
      vertex 0.785078 5.96326 13.2748
    endloop
  endfacet
  facet normal -0.0085569 0.130531 0.991407
    outer loop
      vertex 0 0.523225 15.9829
      vertex -0.203714 1.54737 15.8463
      vertex -0.0682945 0.518748 15.9829
    endloop
  endfacet
  facet normal -0.0250708 0.382516 0.923609
    outer loop
      vertex 0 3.53831 15.175
      vertex -0.461842 3.50804 15.175
      vertex -0.335649 2.54952 15.5754
    endloop
  endfacet
  facet normal -0.0976973 0.491163 0.865571
    outer loop
      vertex -0.580132 4.40654 14.6518
      vertex -1.15034 4.29312 14.6518
      vertex -0.461842 3.50804 15.175
    endloop
  endfacet
  facet normal -0.0833751 0.245625 0.965773
    outer loop
      vertex -0.403944 1.50754 15.8463
      vertex -0.665557 2.48389 15.5754
      vertex -0.597262 1.44192 15.8463
    endloop
  endfacet
  facet normal -0.252745 0.28821 0.92361
    outer loop
      vertex -1.56544 2.04012 15.5754
      vertex -2.15399 2.80713 15.175
      vertex -1.81834 1.81834 15.5754
    endloop
  endfacet
  facet normal 0.0327497 0.499715 0.865571
    outer loop
      vertex 0 4.44456 14.6518
      vertex 0 3.53831 15.175
      vertex 0.580132 4.40654 14.6518
    endloop
  endfacet
  facet normal -0.00855416 0.130532 0.991407
    outer loop
      vertex 0 1.56072 15.8463
      vertex -0.203714 1.54737 15.8463
      vertex 0 0.523225 15.9829
    endloop
  endfacet
  facet normal -0.195951 0.577268 0.792695
    outer loop
      vertex -1.36521 5.09503 14.0147
      vertex -2.01857 4.87325 14.0147
      vertex -1.70086 4.10624 14.6518
    endloop
  endfacet
  facet normal -0.269631 0.546748 0.792695
    outer loop
      vertex -2.01857 4.87325 14.0147
      vertex -2.22228 3.8491 14.6518
      vertex -1.70086 4.10624 14.6518
    endloop
  endfacet
  facet normal -0.608312 -0.0398668 0.792696
    outer loop
      vertex -4.44456 0 14.6518
      vertex -5.27477 0 14.0147
      vertex -4.40654 -0.580132 14.6518
    endloop
  endfacet
  facet normal -0.499715 0.0327497 0.865571
    outer loop
      vertex -4.40654 0.580132 14.6518
      vertex -4.44456 0 14.6518
      vertex -3.53831 0 15.175
    endloop
  endfacet
  facet normal -0.660176 0.441113 0.607937
    outer loop
      vertex -4.7718 3.66153 13.2748
      vertex -5.27719 4.04933 12.4446
      vertex -5.2089 3.00736 13.2748
    endloop
  endfacet
  facet normal -0.660169 0.441117 0.607942
    outer loop
      vertex -5.27719 4.04933 12.4446
      vertex -5.76059 3.32588 12.4446
      vertex -5.2089 3.00736 13.2748
    endloop
  endfacet
  facet normal -0.792416 -0.0519347 0.607766
    outer loop
      vertex -6.02527 -0.714376 13.2
      vertex -6.01472 0 13.2748
      vertex -6.07209 0 13.2
    endloop
  endfacet
  facet normal -0.792387 -0.0519391 0.607804
    outer loop
      vertex -6.01472 0 13.2748
      vertex -6.02527 -0.714376 13.2
      vertex -5.96326 -0.785078 13.2748
    endloop
  endfacet
  facet normal -0.706324 -0.0462979 0.706373
    outer loop
      vertex -5.22964 -0.688495 14.0147
      vertex -6.01472 0 13.2748
      vertex -5.96326 -0.785078 13.2748
    endloop
  endfacet
  facet normal -0.706348 -0.0463003 -0.706348
    outer loop
      vertex -5.22964 -0.688495 1.98528
      vertex -6.01472 0 2.72523
      vertex -5.27477 0 1.98528
    endloop
  endfacet
  facet normal -0.608279 -0.0398719 -0.792721
    outer loop
      vertex -5.22964 -0.688495 1.98528
      vertex -5.27477 0 1.98528
      vertex -4.40654 -0.580132 1.34824
    endloop
  endfacet
  facet normal -0.49973 -0.0327507 -0.865562
    outer loop
      vertex -4.40654 -0.580132 1.34824
      vertex -4.44456 0 1.34824
      vertex -3.53831 0 0.825019
    endloop
  endfacet
  facet normal -0.194983 -0.170989 -0.965787
    outer loop
      vertex -1.81834 -1.81834 0.42456
      vertex -2.04012 -1.56544 0.42456
      vertex -1.2382 -0.950108 0.153718
    endloop
  endfacet
  facet normal -0.232594 0.1147 -0.965787
    outer loop
      vertex -1.44192 0.597262 0.153718
      vertex -2.37577 0.984076 0.42456
      vertex -2.227 1.28576 0.42456
    endloop
  endfacet
  facet normal -0.245576 0.0833597 -0.965787
    outer loop
      vertex -1.44192 0.597262 0.153718
      vertex -2.48389 0.665557 0.42456
      vertex -2.37577 0.984076 0.42456
    endloop
  endfacet
  facet normal -0.0578524 -0.117312 -0.991409
    outer loop
      vertex -0.200229 -0.483397 0.0171289
      vertex -0.597262 -1.44192 0.153718
      vertex -0.261612 -0.453126 0.0171289
    endloop
  endfacet
  facet normal -0.254353 0.0505995 -0.965787
    outer loop
      vertex -1.54737 0.203714 0.153718
      vertex -2.54952 0.335649 0.42456
      vertex -2.48389 0.665557 0.42456
    endloop
  endfacet
  facet normal -0.491174 -0.0977069 -0.865565
    outer loop
      vertex -3.41774 -0.915781 0.825019
      vertex -4.29312 -1.15034 1.34824
      vertex -3.50804 -0.461842 0.825019
    endloop
  endfacet
  facet normal -0.491178 -0.0977002 -0.865563
    outer loop
      vertex -4.29312 -1.15034 1.34824
      vertex -4.40654 -0.580132 1.34824
      vertex -3.50804 -0.461842 0.825019
    endloop
  endfacet
  facet normal -0.169563 -0.343849 -0.923589
    outer loop
      vertex -0.984076 -2.37577 0.42456
      vertex -1.76915 -3.06427 0.825019
      vertex -1.28576 -2.227 0.42456
    endloop
  endfacet
  facet normal -0.506857 -0.338663 -0.792719
    outer loop
      vertex -3.52611 -2.70568 1.34824
      vertex -4.18475 -3.21107 1.98528
      vertex -3.8491 -2.22228 1.34824
    endloop
  endfacet
  facet normal -0.546716 -0.269616 -0.792722
    outer loop
      vertex -4.56808 -2.63738 1.98528
      vertex -4.87325 -2.01857 1.98528
      vertex -3.8491 -2.22228 1.34824
    endloop
  endfacet
  facet normal -0.506849 -0.338668 -0.792722
    outer loop
      vertex -4.18475 -3.21107 1.98528
      vertex -4.56808 -2.63738 1.98528
      vertex -3.8491 -2.22228 1.34824
    endloop
  endfacet
  facet normal -0.751844 -0.255222 -0.607941
    outer loop
      vertex -5.80977 -1.55672 2.72523
      vertex -5.65186 -2.2 2.8
      vertex -5.84 -1.64577 2.8
    endloop
  endfacet
  facet normal -0.751896 -0.255227 -0.607875
    outer loop
      vertex -5.55688 -2.30173 2.72523
      vertex -5.65186 -2.2 2.8
      vertex -5.80977 -1.55672 2.72523
    endloop
  endfacet
  facet normal -0.751864 -0.255141 -0.607951
    outer loop
      vertex -5.55688 -2.30173 2.72523
      vertex -6.02813 -2.2 3.26534
      vertex -5.65186 -2.2 2.8
    endloop
  endfacet
  facet normal -0.751857 -0.255199 -0.607934
    outer loop
      vertex -6.02813 -2.2 3.26534
      vertex -5.55688 -2.30173 2.72523
      vertex -6.14542 -2.54552 3.55544
    endloop
  endfacet
  facet normal -0.751829 -0.255237 -0.607953
    outer loop
      vertex -5.84 -1.64577 2.8
      vertex -5.86519 -1.57157 2.8
      vertex -5.80977 -1.55672 2.72523
    endloop
  endfacet
  facet normal -0.751838 -0.255219 -0.60795
    outer loop
      vertex -6.14542 -2.54552 3.55544
      vertex -6.26271 -2.2 3.55544
      vertex -6.02813 -2.2 3.26534
    endloop
  endfacet
  facet normal -0.401928 -0.458313 -0.792719
    outer loop
      vertex -3.21107 -4.18475 1.98528
      vertex -3.72982 -3.72982 1.98528
      vertex -2.70568 -3.52611 1.34824
    endloop
  endfacet
  facet normal -0.441115 -0.660178 -0.607933
    outer loop
      vertex -3.00736 -5.2089 2.72523
      vertex -4.04933 -5.27719 3.55544
      vertex -3.66153 -4.7718 2.72523
    endloop
  endfacet
  facet normal -0.351173 -0.712104 -0.607935
    outer loop
      vertex -2.54552 -6.14542 3.55544
      vertex -3.00736 -5.2089 2.72523
      vertex -2.30173 -5.55688 2.72523
    endloop
  endfacet
  facet normal -0.393268 -0.588564 -0.706352
    outer loop
      vertex -3.00736 -5.2089 2.72523
      vertex -3.21107 -4.18475 1.98528
      vertex -2.63738 -4.56808 1.98528
    endloop
  endfacet
  facet normal -0.383237 -0.777129 -0.499199
    outer loop
      vertex -2.54552 -6.14542 3.55544
      vertex -3.58749 -6.21372 4.46169
      vertex -3.32588 -5.76059 3.55544
    endloop
  endfacet
  facet normal -0.481399 -0.720455 -0.499199
    outer loop
      vertex -3.58749 -6.21372 4.46169
      vertex -4.04933 -5.27719 3.55544
      vertex -3.32588 -5.76059 3.55544
    endloop
  endfacet
  facet normal -0.338663 -0.506857 -0.792719
    outer loop
      vertex -2.22228 -3.8491 1.34824
      vertex -3.21107 -4.18475 1.98528
      vertex -2.70568 -3.52611 1.34824
    endloop
  endfacet
  facet normal -0.31308 -0.634861 -0.706352
    outer loop
      vertex -2.30173 -5.55688 2.72523
      vertex -3.00736 -5.2089 2.72523
      vertex -2.63738 -4.56808 1.98528
    endloop
  endfacet
  facet normal -0.609343 -0.69483 -0.381985
    outer loop
      vertex -4.61164 -6.01 5.42848
      vertex -5.35665 -5.35665 5.42848
      vertex -4.36785 -5.6923 4.46169
    endloop
  endfacet
  facet normal -0.513441 -0.768418 -0.381984
    outer loop
      vertex -3.58749 -6.21372 4.46169
      vertex -4.61164 -6.01 5.42848
      vertex -4.36785 -5.6923 4.46169
    endloop
  endfacet
  facet normal -0.651459 -0.571313 -0.499201
    outer loop
      vertex -5.07348 -5.07348 4.46169
      vertex -5.27719 -4.04933 3.55544
      vertex -4.7035 -4.7035 3.55544
    endloop
  endfacet
  facet normal -0.571313 -0.651459 -0.499201
    outer loop
      vertex -4.04933 -5.27719 3.55544
      vertex -5.07348 -5.07348 4.46169
      vertex -4.7035 -4.7035 3.55544
    endloop
  endfacet
  facet normal -0.310531 -0.914794 -0.258307
    outer loop
      vertex -2.03077 -7.57893 6.43928
      vertex -2.899 -6.99879 5.42848
      vertex -1.96067 -7.31731 5.42848
    endloop
  endfacet
  facet normal -0.297064 -0.875124 -0.381983
    outer loop
      vertex -1.96067 -7.31731 5.42848
      vertex -2.899 -6.99879 5.42848
      vertex -1.85702 -6.9305 4.46169
    endloop
  endfacet
  facet normal -0.0649136 -0.989357 -0.13023
    outer loop
      vertex -1.02415 -7.77916 6.43928
      vertex -0.974018 -7.8208 6.73063
      vertex -1.03 -7.82359 6.77973
    endloop
  endfacet
  facet normal -0.0648477 -0.989359 -0.130242
    outer loop
      vertex -1.02415 -7.77916 6.43928
      vertex -0.799999 -7.8169 6.61436
      vertex -0.974018 -7.8208 6.73063
    endloop
  endfacet
  facet normal -0.0648247 -0.989357 -0.130271
    outer loop
      vertex -1.02415 -7.77916 6.43928
      vertex -0.612293 -7.81701 6.52179
      vertex -0.799999 -7.8169 6.61436
    endloop
  endfacet
  facet normal -0.0648482 -0.98937 -0.130159
    outer loop
      vertex -1.02415 -7.77916 6.43928
      vertex -0.41411 -7.82115 6.45452
      vertex -0.612293 -7.81701 6.52179
    endloop
  endfacet
  facet normal -0.0648341 -0.989316 -0.130578
    outer loop
      vertex -0.41411 -7.82115 6.45452
      vertex -1.02415 -7.77916 6.43928
      vertex -0.337486 -7.82416 6.43928
    endloop
  endfacet
  facet normal -0.193429 -0.972426 -0.130281
    outer loop
      vertex -2.06612 -7.71086 7.47678
      vertex -1.47821 -7.81587 7.38771
      vertex -1.50844 -7.82179 7.47678
    endloop
  endfacet
  facet normal -0.193425 -0.97243 -0.130253
    outer loop
      vertex -2.06612 -7.71086 7.47678
      vertex -1.38564 -7.80914 7.2
      vertex -1.47821 -7.81587 7.38771
    endloop
  endfacet
  facet normal -0.193419 -0.972434 -0.130237
    outer loop
      vertex -2.06612 -7.71086 7.47678
      vertex -1.26937 -7.80896 7.02598
      vertex -1.38564 -7.80914 7.2
    endloop
  endfacet
  facet normal -0.193417 -0.972434 -0.130234
    outer loop
      vertex -1.02415 -7.77916 6.43928
      vertex -1.26937 -7.80896 7.02598
      vertex -2.06612 -7.71086 7.47678
    endloop
  endfacet
  facet normal -0.193482 -0.972418 -0.13026
    outer loop
      vertex -1.26937 -7.80896 7.02598
      vertex -1.02415 -7.77916 6.43928
      vertex -1.13137 -7.81534 6.86863
    endloop
  endfacet
  facet normal -0.193353 -0.972448 -0.13023
    outer loop
      vertex -1.13137 -7.81534 6.86863
      vertex -1.02415 -7.77916 6.43928
      vertex -1.03 -7.82359 6.77973
    endloop
  endfacet
  facet normal -0.362993 -0.123218 0.923609
    outer loop
      vertex -2.48389 -0.665557 15.5754
      vertex -3.41774 -0.915781 15.175
      vertex -3.26897 -1.35405 15.175
    endloop
  endfacet
  facet normal -0.343805 -0.169542 0.923609
    outer loop
      vertex -2.37577 -0.984076 15.5754
      vertex -3.26897 -1.35405 15.175
      vertex -3.06427 -1.76915 15.175
    endloop
  endfacet
  facet normal -0.491163 -0.0976973 0.865571
    outer loop
      vertex -3.50804 -0.461842 15.175
      vertex -4.40654 -0.580132 14.6518
      vertex -4.29312 -1.15034 14.6518
    endloop
  endfacet
  facet normal -0.597909 -0.11893 0.792692
    outer loop
      vertex -4.40654 -0.580132 14.6518
      vertex -5.09503 -1.36521 14.0147
      vertex -4.29312 -1.15034 14.6518
    endloop
  endfacet
  facet normal -0.0747933 -0.37597 0.923609
    outer loop
      vertex -0.335649 -2.54952 15.5754
      vertex -0.665557 -2.48389 15.5754
      vertex -0.461842 -3.50804 15.175
    endloop
  endfacet
  facet normal -0.449142 -0.221487 0.865572
    outer loop
      vertex -3.26897 -1.35405 15.175
      vertex -4.10624 -1.70086 14.6518
      vertex -3.06427 -1.76915 15.175
    endloop
  endfacet
  facet normal -0.745434 -0.653731 0.130247
    outer loop
      vertex -5.54816 -5.54816 9.56072
      vertex -6.33324 -4.85966 8.52322
      vertex -5.64474 -5.64474 8.52322
    endloop
  endfacet
  facet normal -0.653731 -0.745434 0.130247
    outer loop
      vertex -5.54816 -5.54816 9.56072
      vertex -5.64474 -5.64474 8.52322
      vertex -4.85966 -6.33324 8.52322
    endloop
  endfacet
  facet normal -0.506879 -0.338688 0.792694
    outer loop
      vertex -3.8491 -2.22228 14.6518
      vertex -4.56808 -2.63738 14.0147
      vertex -4.18475 -3.21107 14.0147
    endloop
  endfacet
  facet normal -0.506887 -0.338683 0.792691
    outer loop
      vertex -3.8491 -2.22228 14.6518
      vertex -4.18475 -3.21107 14.0147
      vertex -3.52611 -2.70568 14.6518
    endloop
  endfacet
  facet normal 0.252745 -0.28821 0.92361
    outer loop
      vertex 1.81834 -1.81834 15.5754
      vertex 1.56544 -2.04012 15.5754
      vertex 2.15399 -2.80713 15.175
    endloop
  endfacet
  facet normal 0.330195 -0.376505 0.865572
    outer loop
      vertex 2.50196 -2.50196 15.175
      vertex 2.15399 -2.80713 15.175
      vertex 3.14278 -3.14278 14.6518
    endloop
  endfacet
  facet normal 0.343806 -0.169542 0.923609
    outer loop
      vertex 2.37577 -0.984076 15.5754
      vertex 2.227 -1.28576 15.5754
      vertex 3.06427 -1.76915 15.175
    endloop
  endfacet
  facet normal 0.245625 -0.0833763 0.965773
    outer loop
      vertex 2.48389 -0.665557 15.5754
      vertex 1.44192 -0.597262 15.8463
      vertex 2.37577 -0.984076 15.5754
    endloop
  endfacet
  facet normal 0.0420469 -0.12387 0.991407
    outer loop
      vertex 0.200229 -0.483397 15.9829
      vertex 0.13542 -0.505396 15.9829
      vertex 0.403944 -1.50754 15.8463
    endloop
  endfacet
  facet normal 0.288206 -0.252757 0.923608
    outer loop
      vertex 2.80713 -2.15399 15.175
      vertex 1.81834 -1.81834 15.5754
      vertex 2.50196 -2.50196 15.175
    endloop
  endfacet
  facet normal 0.28821 -0.252745 0.92361
    outer loop
      vertex 2.04012 -1.56544 15.5754
      vertex 1.81834 -1.81834 15.5754
      vertex 2.80713 -2.15399 15.175
    endloop
  endfacet
  facet normal -0.376509 -0.330193 0.865571
    outer loop
      vertex -2.80713 -2.15399 15.175
      vertex -3.52611 -2.70568 14.6518
      vertex -3.14278 -3.14278 14.6518
    endloop
  endfacet
  facet normal -0.401954 -0.458336 0.792693
    outer loop
      vertex -3.14278 -3.14278 14.6518
      vertex -3.72982 -3.72982 14.0147
      vertex -2.70568 -3.52611 14.6518
    endloop
  endfacet
  facet normal -0.227522 -0.670276 0.706374
    outer loop
      vertex -2.01857 -4.87325 14.0147
      vertex -2.30173 -5.55688 13.2748
      vertex -1.36521 -5.09503 14.0147
    endloop
  endfacet
  facet normal -0.19596 -0.577269 0.792692
    outer loop
      vertex -1.15034 -4.29312 14.6518
      vertex -1.70086 -4.10624 14.6518
      vertex -1.36521 -5.09503 14.0147
    endloop
  endfacet
  facet normal 0.0420466 -0.12387 0.991407
    outer loop
      vertex 0.597262 -1.44192 15.8463
      vertex 0.200229 -0.483397 15.9829
      vertex 0.403944 -1.50754 15.8463
    endloop
  endfacet
  facet normal 0.123217 -0.362994 0.923609
    outer loop
      vertex 0.984076 -2.37577 15.5754
      vertex 0.665557 -2.48389 15.5754
      vertex 1.35405 -3.26897 15.175
    endloop
  endfacet
  facet normal -0.0833751 -0.245625 0.965773
    outer loop
      vertex -0.597262 -1.44192 15.8463
      vertex -0.665557 -2.48389 15.5754
      vertex -0.403944 -1.50754 15.8463
    endloop
  endfacet
  facet normal -0.0250708 -0.382516 0.923609
    outer loop
      vertex -0.335649 -2.54952 15.5754
      vertex -0.461842 -3.50804 15.175
      vertex 0 -3.53831 15.175
    endloop
  endfacet
  facet normal 0.0327522 -0.499714 0.865571
    outer loop
      vertex 0.461842 -3.50804 15.175
      vertex 0 -3.53831 15.175
      vertex 0.580132 -4.40654 14.6518
    endloop
  endfacet
  facet normal 0.227522 -0.670276 0.706374
    outer loop
      vertex 2.30173 -5.55688 13.2748
      vertex 1.36521 -5.09503 14.0147
      vertex 1.55672 -5.80977 13.2748
    endloop
  endfacet
  facet normal -0.0506096 -0.254404 0.965773
    outer loop
      vertex -0.203714 -1.54737 15.8463
      vertex -0.665557 -2.48389 15.5754
      vertex -0.335649 -2.54952 15.5754
    endloop
  endfacet
  facet normal -0.144107 -0.215674 0.965773
    outer loop
      vertex -0.950108 -1.2382 15.8463
      vertex -1.28576 -2.227 15.5754
      vertex -0.780361 -1.35162 15.8463
    endloop
  endfacet
  facet normal -0.117321 -0.0578569 0.991407
    outer loop
      vertex -0.483397 -0.200229 15.9829
      vertex -1.44192 -0.597262 15.8463
      vertex -0.453126 -0.261612 15.9829
    endloop
  endfacet
  facet normal -0.232635 -0.11473 0.965773
    outer loop
      vertex -1.44192 -0.597262 15.8463
      vertex -2.227 -1.28576 15.5754
      vertex -1.35162 -0.780361 15.8463
    endloop
  endfacet
  facet normal -0.343806 -0.169542 0.923609
    outer loop
      vertex -2.37577 -0.984076 15.5754
      vertex -3.06427 -1.76915 15.175
      vertex -2.227 -1.28576 15.5754
    endloop
  endfacet
  facet normal -0.108766 -0.0726752 0.991407
    outer loop
      vertex -0.453126 -0.261612 15.9829
      vertex -1.2382 -0.950108 15.8463
      vertex -0.415102 -0.318519 15.9829
    endloop
  endfacet
  facet normal 0.0648341 -0.989316 0.130578
    outer loop
      vertex 0.41411 -7.82115 9.54548
      vertex 1.02415 -7.77916 9.56072
      vertex 0.337486 -7.82416 9.56072
    endloop
  endfacet
  facet normal 0.0648482 -0.98937 0.130159
    outer loop
      vertex 0.612293 -7.81701 9.47821
      vertex 1.02415 -7.77916 9.56072
      vertex 0.41411 -7.82115 9.54548
    endloop
  endfacet
  facet normal 0.0648247 -0.989357 0.130271
    outer loop
      vertex 0.799999 -7.8169 9.38564
      vertex 1.02415 -7.77916 9.56072
      vertex 0.612293 -7.81701 9.47821
    endloop
  endfacet
  facet normal 0.0648477 -0.989359 0.130242
    outer loop
      vertex 0.974018 -7.8208 9.26937
      vertex 1.02415 -7.77916 9.56072
      vertex 0.799999 -7.8169 9.38564
    endloop
  endfacet
  facet normal 0.0649136 -0.989357 0.13023
    outer loop
      vertex 1.02415 -7.77916 9.56072
      vertex 0.974018 -7.8208 9.26937
      vertex 1.03 -7.82359 9.22027
    endloop
  endfacet
  facet normal 0.193353 -0.972448 0.13023
    outer loop
      vertex 1.13137 -7.81534 9.13137
      vertex 1.02415 -7.77916 9.56072
      vertex 1.03 -7.82359 9.22027
    endloop
  endfacet
  facet normal 0.193482 -0.972418 0.13026
    outer loop
      vertex 1.26937 -7.80896 8.97402
      vertex 1.02415 -7.77916 9.56072
      vertex 1.13137 -7.81534 9.13137
    endloop
  endfacet
  facet normal 0.193419 -0.972434 0.130237
    outer loop
      vertex 2.06612 -7.71086 8.52322
      vertex 1.26937 -7.80896 8.97402
      vertex 1.38564 -7.80914 8.8
    endloop
  endfacet
  facet normal 0.193425 -0.97243 0.130253
    outer loop
      vertex 2.06612 -7.71086 8.52322
      vertex 1.38564 -7.80914 8.8
      vertex 1.47821 -7.81587 8.61229
    endloop
  endfacet
  facet normal 0.193417 -0.972434 0.130234
    outer loop
      vertex 1.26937 -7.80896 8.97402
      vertex 2.06612 -7.71086 8.52322
      vertex 1.02415 -7.77916 9.56072
    endloop
  endfacet
  facet normal 0.193429 -0.972426 0.130281
    outer loop
      vertex 2.06612 -7.71086 8.52322
      vertex 1.47821 -7.81587 8.61229
      vertex 1.50844 -7.82179 8.52322
    endloop
  endfacet
  facet normal 0.40875 -0.828864 0.381978
    outer loop
      vertex 3.58749 -6.21372 11.5383
      vertex 2.74575 -6.62882 11.5383
      vertex 2.899 -6.99879 10.5715
    endloop
  endfacet
  facet normal 0.278524 -0.820515 0.499179
    outer loop
      vertex 2.54552 -6.14542 12.4446
      vertex 1.85702 -6.9305 11.5383
      vertex 2.74575 -6.62882 11.5383
    endloop
  endfacet
  facet normal 0.310535 -0.914793 0.258308
    outer loop
      vertex 2.899 -6.99879 10.5715
      vertex 2.03077 -7.57893 9.56072
      vertex 3.00264 -7.24902 9.56072
    endloop
  endfacet
  facet normal 0.427278 -0.866436 0.258307
    outer loop
      vertex 3.92314 -6.79508 9.56072
      vertex 2.899 -6.99879 10.5715
      vertex 3.00264 -7.24902 9.56072
    endloop
  endfacet
  facet normal -0.160975 -0.474207 0.865572
    outer loop
      vertex -1.35405 -3.26897 15.175
      vertex -1.70086 -4.10624 14.6518
      vertex -1.15034 -4.29312 14.6518
    endloop
  endfacet
  facet normal -0.221487 -0.449142 0.865572
    outer loop
      vertex -1.35405 -3.26897 15.175
      vertex -1.76915 -3.06427 15.175
      vertex -1.70086 -4.10624 14.6518
    endloop
  endfacet
  facet normal -0.720465 -0.481406 0.499178
    outer loop
      vertex -5.76059 -3.32588 12.4446
      vertex -6.21372 -3.58749 11.5383
      vertex -5.27719 -4.04933 12.4446
    endloop
  endfacet
  facet normal -0.720466 -0.4814 0.499182
    outer loop
      vertex -5.27719 -4.04933 12.4446
      vertex -6.21372 -3.58749 11.5383
      vertex -5.6923 -4.36785 11.5383
    endloop
  endfacet
  facet normal 0.694826 -0.609345 -0.381988
    outer loop
      vertex 5.35665 -5.35665 5.42848
      vertex 5.07348 -5.07348 4.46169
      vertex 5.6923 -4.36785 4.46169
    endloop
  endfacet
  facet normal 0.69483 -0.609343 -0.381985
    outer loop
      vertex 6.01 -4.61164 5.42848
      vertex 5.35665 -5.35665 5.42848
      vertex 5.6923 -4.36785 4.46169
    endloop
  endfacet
  facet normal -0.0631846 -0.963995 -0.258305
    outer loop
      vertex 0 -7.57544 5.42848
      vertex -0.0361072 -7.83403 6.40237
      vertex -0.988793 -7.51063 5.42848
    endloop
  endfacet
  facet normal -0.0631425 -0.963998 -0.258304
    outer loop
      vertex -0.0361072 -7.83403 6.40237
      vertex 0 -7.57544 5.42848
      vertex 0 -7.83576 6.4
    endloop
  endfacet
  facet normal -0.0604446 -0.922191 -0.381983
    outer loop
      vertex 0 -7.57544 5.42848
      vertex -0.988793 -7.51063 5.42848
      vertex -0.936522 -7.1136 4.46169
    endloop
  endfacet
  facet normal -0.0462994 -0.706348 -0.706349
    outer loop
      vertex 0 -6.01472 2.72523
      vertex -0.785078 -5.96326 2.72523
      vertex -0.688495 -5.22964 1.98528
    endloop
  endfacet
  facet normal -0.0519323 -0.792284 -0.607938
    outer loop
      vertex 0 -6.65176 3.55544
      vertex -0.785078 -5.96326 2.72523
      vertex 0 -6.01472 2.72523
    endloop
  endfacet
  facet normal -0.0398645 -0.608276 -0.792724
    outer loop
      vertex 0 -5.27477 1.98528
      vertex -0.580132 -4.40654 1.34824
      vertex 0 -4.44456 1.34824
    endloop
  endfacet
  facet normal 0.0327507 -0.49973 -0.865562
    outer loop
      vertex 0.580132 -4.40654 1.34824
      vertex 0 -4.44456 1.34824
      vertex 0 -3.53831 0.825019
    endloop
  endfacet
  facet normal -0.221494 -0.449156 -0.865563
    outer loop
      vertex -1.70086 -4.10624 1.34824
      vertex -1.76915 -3.06427 0.825019
      vertex -1.35405 -3.26897 0.825019
    endloop
  endfacet
  facet normal -0.170989 -0.194983 -0.965787
    outer loop
      vertex -1.56544 -2.04012 0.42456
      vertex -1.81834 -1.81834 0.42456
      vertex -0.950108 -1.2382 0.153718
    endloop
  endfacet
  facet normal 0.025075 -0.382564 -0.923589
    outer loop
      vertex 0.335649 -2.54952 0.42456
      vertex 0 -3.53831 0.825019
      vertex 0 -2.57152 0.42456
    endloop
  endfacet
  facet normal 0.025074 -0.382564 -0.923589
    outer loop
      vertex 0.461842 -3.50804 0.825019
      vertex 0 -3.53831 0.825019
      vertex 0.335649 -2.54952 0.42456
    endloop
  endfacet
  facet normal -0.0420433 -0.12386 -0.991409
    outer loop
      vertex -0.403944 -1.50754 0.153718
      vertex -0.597262 -1.44192 0.153718
      vertex -0.200229 -0.483397 0.0171289
    endloop
  endfacet
  facet normal -0.123233 -0.363039 -0.923589
    outer loop
      vertex -0.915781 -3.41774 0.825019
      vertex -1.35405 -3.26897 0.825019
      vertex -0.665557 -2.48389 0.42456
    endloop
  endfacet
  facet normal -0.0327507 -0.49973 -0.865562
    outer loop
      vertex 0 -4.44456 1.34824
      vertex -0.580132 -4.40654 1.34824
      vertex 0 -3.53831 0.825019
    endloop
  endfacet
  facet normal -0.0327532 -0.499729 -0.865563
    outer loop
      vertex 0 -3.53831 0.825019
      vertex -0.580132 -4.40654 1.34824
      vertex -0.461842 -3.50804 0.825019
    endloop
  endfacet
  facet normal 0.963995 -0.0631776 -0.258306
    outer loop
      vertex 7.77916 -1.02415 6.43928
      vertex 7.51063 -0.988793 5.42848
      vertex 7.84628 0 6.43928
    endloop
  endfacet
  facet normal 0.9475 -0.18847 -0.258306
    outer loop
      vertex 7.57893 -2.03077 6.43928
      vertex 7.51063 -0.988793 5.42848
      vertex 7.77916 -1.02415 6.43928
    endloop
  endfacet
  facet normal 0.232594 -0.1147 -0.965787
    outer loop
      vertex 2.227 -1.28576 0.42456
      vertex 1.44192 -0.597262 0.153718
      vertex 2.37577 -0.984076 0.42456
    endloop
  endfacet
  facet normal 0.130521 -0.00855623 -0.991409
    outer loop
      vertex 1.54737 -0.203714 0.153718
      vertex 0.518748 -0.0682945 0.0171289
      vertex 0.523225 0 0.0171289
    endloop
  endfacet
  facet normal 0.363039 -0.123232 -0.923589
    outer loop
      vertex 3.26897 -1.35405 0.825019
      vertex 2.37577 -0.984076 0.42456
      vertex 2.48389 -0.665557 0.42456
    endloop
  endfacet
  facet normal 0.449156 -0.221494 -0.865563
    outer loop
      vertex 4.10624 -1.70086 1.34824
      vertex 3.06427 -1.76915 0.825019
      vertex 3.26897 -1.35405 0.825019
    endloop
  endfacet
  facet normal 0.194986 -0.170987 -0.965787
    outer loop
      vertex 1.81834 -1.81834 0.42456
      vertex 1.1036 -1.1036 0.153718
      vertex 1.2382 -0.950108 0.153718
    endloop
  endfacet
  facet normal 0.170989 -0.194983 -0.965787
    outer loop
      vertex 1.56544 -2.04012 0.42456
      vertex 0.950108 -1.2382 0.153718
      vertex 1.81834 -1.81834 0.42456
    endloop
  endfacet
  facet normal 0.0169588 -0.258782 -0.965787
    outer loop
      vertex 0.335649 -2.54952 0.42456
      vertex 0 -1.56072 0.153718
      vertex 0.203714 -1.54737 0.153718
    endloop
  endfacet
  facet normal 0.00855348 -0.130522 -0.991409
    outer loop
      vertex 0.203714 -1.54737 0.153718
      vertex 0 -1.56072 0.153718
      vertex 0 -0.523225 0.0171289
    endloop
  endfacet
  facet normal -0.00855623 -0.130521 -0.991409
    outer loop
      vertex 0 -0.523225 0.0171289
      vertex -0.203714 -1.54737 0.153718
      vertex -0.0682945 -0.518748 0.0171289
    endloop
  endfacet
  facet normal -0.117312 0.0578524 -0.991409
    outer loop
      vertex -0.483397 0.200229 0.0171289
      vertex -1.44192 0.597262 0.153718
      vertex -0.453126 0.261612 0.0171289
    endloop
  endfacet
  facet normal -0.215631 0.144078 -0.965787
    outer loop
      vertex -1.35162 0.780361 0.153718
      vertex -2.227 1.28576 0.42456
      vertex -1.2382 0.950108 0.153718
    endloop
  endfacet
  facet normal -0.108758 0.0726691 -0.991409
    outer loop
      vertex -0.453126 0.261612 0.0171289
      vertex -1.35162 0.780361 0.153718
      vertex -1.2382 0.950108 0.153718
    endloop
  endfacet
  facet normal -0.0862402 0.0983446 -0.991409
    outer loop
      vertex -0.318519 0.415102 0.0171289
      vertex -1.1036 1.1036 0.153718
      vertex -0.950108 1.2382 0.153718
    endloop
  endfacet
  facet normal -0.0726691 0.108758 -0.991409
    outer loop
      vertex -0.261612 0.453126 0.0171289
      vertex -0.950108 1.2382 0.153718
      vertex -0.780361 1.35162 0.153718
    endloop
  endfacet
  facet normal -0.0726695 0.108758 -0.991409
    outer loop
      vertex -0.318519 0.415102 0.0171289
      vertex -0.950108 1.2382 0.153718
      vertex -0.261612 0.453126 0.0171289
    endloop
  endfacet
  facet normal 0.449156 0.221494 -0.865563
    outer loop
      vertex 3.26897 1.35405 0.825019
      vertex 3.06427 1.76915 0.825019
      vertex 4.10624 1.70086 1.34824
    endloop
  endfacet
  facet normal 0.474222 0.16098 -0.865563
    outer loop
      vertex 4.29312 1.15034 1.34824
      vertex 3.26897 1.35405 0.825019
      vertex 4.10624 1.70086 1.34824
    endloop
  endfacet
  facet normal 0.363039 0.123233 -0.923589
    outer loop
      vertex 3.41774 0.915781 0.825019
      vertex 2.48389 0.665557 0.42456
      vertex 3.26897 1.35405 0.825019
    endloop
  endfacet
  facet normal 0.123232 0.363039 -0.923589
    outer loop
      vertex 0.984076 2.37577 0.42456
      vertex 0.665557 2.48389 0.42456
      vertex 1.35405 3.26897 0.825019
    endloop
  endfacet
  facet normal 0.117312 0.0578524 -0.991409
    outer loop
      vertex 0.483397 0.200229 0.0171289
      vertex 0.453126 0.261612 0.0171289
      vertex 1.44192 0.597262 0.153718
    endloop
  endfacet
  facet normal 0.12386 0.0420433 -0.991409
    outer loop
      vertex 1.50754 0.403944 0.153718
      vertex 0.483397 0.200229 0.0171289
      vertex 1.44192 0.597262 0.153718
    endloop
  endfacet
  facet normal 0.258781 0.0169617 -0.965787
    outer loop
      vertex 2.57152 0 0.42456
      vertex 1.56072 0 0.153718
      vertex 2.54952 0.335649 0.42456
    endloop
  endfacet
  facet normal 0.258781 -0.0169617 -0.965787
    outer loop
      vertex 2.54952 -0.335649 0.42456
      vertex 1.56072 0 0.153718
      vertex 2.57152 0 0.42456
    endloop
  endfacet
  facet normal 0.212995 -0.318772 -0.923589
    outer loop
      vertex 1.76915 -3.06427 0.825019
      vertex 1.56544 -2.04012 0.42456
      vertex 2.15399 -2.80713 0.825019
    endloop
  endfacet
  facet normal 0.278229 -0.416402 -0.865562
    outer loop
      vertex 2.70568 -3.52611 1.34824
      vertex 1.76915 -3.06427 0.825019
      vertex 2.15399 -2.80713 0.825019
    endloop
  endfacet
  facet normal 0.144082 -0.215629 -0.965787
    outer loop
      vertex 1.28576 -2.227 0.42456
      vertex 0.950108 -1.2382 0.153718
      vertex 1.56544 -2.04012 0.42456
    endloop
  endfacet
  facet normal 0.252788 -0.288242 -0.923588
    outer loop
      vertex 2.15399 -2.80713 0.825019
      vertex 1.81834 -1.81834 0.42456
      vertex 2.50196 -2.50196 0.825019
    endloop
  endfacet
  facet normal 0.401928 -0.458313 -0.792719
    outer loop
      vertex 3.21107 -4.18475 1.98528
      vertex 2.70568 -3.52611 1.34824
      vertex 3.72982 -3.72982 1.98528
    endloop
  endfacet
  facet normal 0.338663 -0.506857 -0.792719
    outer loop
      vertex 3.21107 -4.18475 1.98528
      vertex 2.22228 -3.8491 1.34824
      vertex 2.70568 -3.52611 1.34824
    endloop
  endfacet
  facet normal 0.546716 -0.269616 -0.792722
    outer loop
      vertex 4.56808 -2.63738 1.98528
      vertex 3.8491 -2.22228 1.34824
      vertex 4.87325 -2.01857 1.98528
    endloop
  endfacet
  facet normal 0.318772 -0.212995 -0.923589
    outer loop
      vertex 2.80713 -2.15399 0.825019
      vertex 2.04012 -1.56544 0.42456
      vertex 3.06427 -1.76915 0.825019
    endloop
  endfacet
  facet normal 0.330203 -0.376521 -0.865562
    outer loop
      vertex 2.70568 -3.52611 1.34824
      vertex 2.15399 -2.80713 0.825019
      vertex 3.14278 -3.14278 1.34824
    endloop
  endfacet
  facet normal 0.330205 -0.376516 -0.865564
    outer loop
      vertex 3.14278 -3.14278 1.34824
      vertex 2.15399 -2.80713 0.825019
      vertex 2.50196 -2.50196 0.825019
    endloop
  endfacet
  facet normal 0.0833597 -0.245576 -0.965787
    outer loop
      vertex 0.665557 -2.48389 0.42456
      vertex 0.597262 -1.44192 0.153718
      vertex 0.984076 -2.37577 0.42456
    endloop
  endfacet
  facet normal 0.1147 -0.232594 -0.965787
    outer loop
      vertex 0.984076 -2.37577 0.42456
      vertex 0.597262 -1.44192 0.153718
      vertex 1.28576 -2.227 0.42456
    endloop
  endfacet
  facet normal 0.123233 -0.363039 -0.923589
    outer loop
      vertex 0.915781 -3.41774 0.825019
      vertex 0.665557 -2.48389 0.42456
      vertex 1.35405 -3.26897 0.825019
    endloop
  endfacet
  facet normal 0.160974 -0.474221 -0.865564
    outer loop
      vertex 1.15034 -4.29312 1.34824
      vertex 0.915781 -3.41774 0.825019
      vertex 1.35405 -3.26897 0.825019
    endloop
  endfacet
  facet normal 0.376016 -0.0747992 -0.923589
    outer loop
      vertex 3.41774 -0.915781 0.825019
      vertex 2.48389 -0.665557 0.42456
      vertex 3.50804 -0.461842 0.825019
    endloop
  endfacet
  facet normal 0.491174 -0.0977069 -0.865565
    outer loop
      vertex 4.29312 -1.15034 1.34824
      vertex 3.41774 -0.915781 0.825019
      vertex 3.50804 -0.461842 0.825019
    endloop
  endfacet
  facet normal 0.491174 0.0977069 -0.865565
    outer loop
      vertex 3.50804 0.461842 0.825019
      vertex 3.41774 0.915781 0.825019
      vertex 4.29312 1.15034 1.34824
    endloop
  endfacet
  facet normal 0.491178 0.0977002 -0.865563
    outer loop
      vertex 4.40654 0.580132 1.34824
      vertex 3.50804 0.461842 0.825019
      vertex 4.29312 1.15034 1.34824
    endloop
  endfacet
  facet normal 0.49973 -0.0327507 -0.865562
    outer loop
      vertex 4.40654 -0.580132 1.34824
      vertex 3.53831 0 0.825019
      vertex 4.44456 0 1.34824
    endloop
  endfacet
  facet normal 0.499729 -0.0327532 -0.865563
    outer loop
      vertex 4.40654 -0.580132 1.34824
      vertex 3.50804 -0.461842 0.825019
      vertex 3.53831 0 0.825019
    endloop
  endfacet
  facet normal 0.670299 0.22753 -0.70635
    outer loop
      vertex 5.80977 1.55672 2.72523
      vertex 5.09503 1.36521 1.98528
      vertex 5.55688 2.30173 2.72523
    endloop
  endfacet
  facet normal 0.751849 0.255222 -0.607935
    outer loop
      vertex 6.14542 2.54552 3.55544
      vertex 6 2.2 3.23054
      vertex 5.55688 2.30173 2.72523
    endloop
  endfacet
  facet normal 0.751889 0.255176 -0.607905
    outer loop
      vertex 6 2.2 3.23054
      vertex 6.14542 2.54552 3.55544
      vertex 6 2.11712 3.19575
    endloop
  endfacet
  facet normal 0.751859 0.255128 -0.607962
    outer loop
      vertex 5.65186 2.2 2.8
      vertex 5.55688 2.30173 2.72523
      vertex 6 2.2 3.23054
    endloop
  endfacet
  facet normal 0.751844 0.255222 -0.607941
    outer loop
      vertex 5.80977 1.55672 2.72523
      vertex 5.65186 2.2 2.8
      vertex 5.84 1.64577 2.8
    endloop
  endfacet
  facet normal 0.751896 0.255227 -0.607875
    outer loop
      vertex 5.65186 2.2 2.8
      vertex 5.80977 1.55672 2.72523
      vertex 5.55688 2.30173 2.72523
    endloop
  endfacet
  facet normal 0.393268 0.588564 -0.706352
    outer loop
      vertex 3.21107 4.18475 1.98528
      vertex 2.63738 4.56808 1.98528
      vertex 3.00736 5.2089 2.72523
    endloop
  endfacet
  facet normal 0.393264 0.588564 -0.706354
    outer loop
      vertex 3.21107 4.18475 1.98528
      vertex 3.00736 5.2089 2.72523
      vertex 3.66153 4.7718 2.72523
    endloop
  endfacet
  facet normal 0.269615 0.546716 -0.792723
    outer loop
      vertex 2.22228 3.8491 1.34824
      vertex 1.70086 4.10624 1.34824
      vertex 2.01857 4.87325 1.98528
    endloop
  endfacet
  facet normal 0.16098 0.474222 -0.865563
    outer loop
      vertex 1.35405 3.26897 0.825019
      vertex 1.15034 4.29312 1.34824
      vertex 1.70086 4.10624 1.34824
    endloop
  endfacet
  facet normal 0.441118 -0.660172 -0.607937
    outer loop
      vertex 3.32588 -5.76059 3.55544
      vertex 3.00736 -5.2089 2.72523
      vertex 4.04933 -5.27719 3.55544
    endloop
  endfacet
  facet normal 0.35117 -0.712104 -0.607937
    outer loop
      vertex 3.32588 -5.76059 3.55544
      vertex 2.54552 -6.14542 3.55544
      vertex 3.00736 -5.2089 2.72523
    endloop
  endfacet
  facet normal 0.577234 -0.195939 -0.792723
    outer loop
      vertex 4.87325 -2.01857 1.98528
      vertex 4.10624 -1.70086 1.34824
      vertex 5.09503 -1.36521 1.98528
    endloop
  endfacet
  facet normal 0.577235 -0.195949 -0.792719
    outer loop
      vertex 5.09503 -1.36521 1.98528
      vertex 4.10624 -1.70086 1.34824
      vertex 4.29312 -1.15034 1.34824
    endloop
  endfacet
  facet normal 0.588564 -0.393268 -0.706352
    outer loop
      vertex 5.2089 -3.00736 2.72523
      vertex 4.18475 -3.21107 1.98528
      vertex 4.56808 -2.63738 1.98528
    endloop
  endfacet
  facet normal 0.376521 -0.330203 -0.865562
    outer loop
      vertex 3.14278 -3.14278 1.34824
      vertex 2.80713 -2.15399 0.825019
      vertex 3.52611 -2.70568 1.34824
    endloop
  endfacet
  facet normal -0.866437 -0.427279 -0.258302
    outer loop
      vertex -6.79508 -3.92314 6.43928
      vertex -7.24902 -3.00264 6.43928
      vertex -6.99879 -2.899 5.42848
    endloop
  endfacet
  facet normal -0.889233 -0.438521 -0.130249
    outer loop
      vertex -6.79508 -3.92314 6.43928
      vertex -7.37521 -3.05491 7.47678
      vertex -7.24902 -3.00264 6.43928
    endloop
  endfacet
  facet normal 0.025074 0.382564 -0.923589
    outer loop
      vertex 0.335649 2.54952 0.42456
      vertex 0 3.53831 0.825019
      vertex 0.461842 3.50804 0.825019
    endloop
  endfacet
  facet normal 0.0748027 0.376017 -0.923589
    outer loop
      vertex 0.665557 2.48389 0.42456
      vertex 0.335649 2.54952 0.42456
      vertex 0.461842 3.50804 0.825019
    endloop
  endfacet
  facet normal 0.00855348 0.130522 -0.991409
    outer loop
      vertex 0.203714 1.54737 0.153718
      vertex 0 0.523225 0.0171289
      vertex 0 1.56072 0.153718
    endloop
  endfacet
  facet normal -0.00855623 0.130521 -0.991409
    outer loop
      vertex -0.0682945 0.518748 0.0171289
      vertex -0.203714 1.54737 0.153718
      vertex 0 0.523225 0.0171289
    endloop
  endfacet
  facet normal -0.213 0.318771 -0.923589
    outer loop
      vertex -1.56544 2.04012 0.42456
      vertex -1.76915 3.06427 0.825019
      vertex -1.28576 2.227 0.42456
    endloop
  endfacet
  facet normal -0.212995 0.318772 -0.923589
    outer loop
      vertex -1.56544 2.04012 0.42456
      vertex -2.15399 2.80713 0.825019
      vertex -1.76915 3.06427 0.825019
    endloop
  endfacet
  facet normal -0.393268 0.588564 -0.706352
    outer loop
      vertex -2.63738 4.56808 1.98528
      vertex -3.21107 4.18475 1.98528
      vertex -3.00736 5.2089 2.72523
    endloop
  endfacet
  facet normal -0.31308 0.634861 -0.706352
    outer loop
      vertex -2.63738 4.56808 1.98528
      vertex -3.00736 5.2089 2.72523
      vertex -2.30173 5.55688 2.72523
    endloop
  endfacet
  facet normal 0.0398668 -0.608312 0.792696
    outer loop
      vertex 0 -4.44456 14.6518
      vertex 0 -5.27477 14.0147
      vertex 0.580132 -4.40654 14.6518
    endloop
  endfacet
  facet normal 0.0327497 -0.499715 0.865571
    outer loop
      vertex 0 -3.53831 15.175
      vertex 0 -4.44456 14.6518
      vertex 0.580132 -4.40654 14.6518
    endloop
  endfacet
  facet normal 0.313075 -0.634839 0.706373
    outer loop
      vertex 2.63738 -4.56808 14.0147
      vertex 2.01857 -4.87325 14.0147
      vertex 2.30173 -5.55688 13.2748
    endloop
  endfacet
  facet normal 0.160975 -0.474207 0.865572
    outer loop
      vertex 1.35405 -3.26897 15.175
      vertex 1.15034 -4.29312 14.6518
      vertex 1.70086 -4.10624 14.6518
    endloop
  endfacet
  facet normal 0.227522 -0.670276 0.706374
    outer loop
      vertex 2.01857 -4.87325 14.0147
      vertex 1.36521 -5.09503 14.0147
      vertex 2.30173 -5.55688 13.2748
    endloop
  endfacet
  facet normal 0.195951 -0.577268 0.792695
    outer loop
      vertex 1.70086 -4.10624 14.6518
      vertex 1.36521 -5.09503 14.0147
      vertex 2.01857 -4.87325 14.0147
    endloop
  endfacet
  facet normal 0.338688 -0.506879 0.792694
    outer loop
      vertex 3.21107 -4.18475 14.0147
      vertex 2.22228 -3.8491 14.6518
      vertex 2.63738 -4.56808 14.0147
    endloop
  endfacet
  facet normal 0.338683 -0.506887 0.792691
    outer loop
      vertex 2.70568 -3.52611 14.6518
      vertex 2.22228 -3.8491 14.6518
      vertex 3.21107 -4.18475 14.0147
    endloop
  endfacet
  facet normal 0.79228 -0.0519318 0.607943
    outer loop
      vertex 6.65176 0 12.4446
      vertex 5.96326 -0.785078 13.2748
      vertex 6.59485 -0.868228 12.4446
    endloop
  endfacet
  facet normal 0.778724 -0.154901 0.607943
    outer loop
      vertex 6.59485 -0.868228 12.4446
      vertex 5.96326 -0.785078 13.2748
      vertex 6.4251 -1.7216 12.4446
    endloop
  endfacet
  facet normal 0.670276 0.227522 0.706374
    outer loop
      vertex 5.55688 2.30173 13.2748
      vertex 5.09503 1.36521 14.0147
      vertex 5.80977 1.55672 13.2748
    endloop
  endfacet
  facet normal 0.694237 0.138096 0.706374
    outer loop
      vertex 5.80977 1.55672 13.2748
      vertex 5.09503 1.36521 14.0147
      vertex 5.22964 0.688495 14.0147
    endloop
  endfacet
  facet normal -0.72633 0.636966 0.2583
    outer loop
      vertex -5.54816 5.54816 9.56072
      vertex -6.22487 4.77651 9.56072
      vertex -5.35665 5.35665 10.5715
    endloop
  endfacet
  facet normal -0.745439 0.653724 0.130256
    outer loop
      vertex -5.54816 5.54816 9.56072
      vertex -6.33324 4.85966 8.52322
      vertex -6.22487 4.77651 9.56072
    endloop
  endfacet
  facet normal -0.55084 0.824384 -0.130254
    outer loop
      vertex -3.92314 6.79508 6.43928
      vertex -4.85966 6.33324 7.47678
      vertex -3.99144 6.91337 7.47678
    endloop
  endfacet
  facet normal -0.636968 0.72633 -0.258294
    outer loop
      vertex -4.61164 6.01 5.42848
      vertex -5.35665 5.35665 5.42848
      vertex -4.77651 6.22487 6.43928
    endloop
  endfacet
  facet normal -0.636967 0.726331 -0.258296
    outer loop
      vertex -5.35665 5.35665 5.42848
      vertex -5.54816 5.54816 6.43928
      vertex -4.77651 6.22487 6.43928
    endloop
  endfacet
  facet normal -0.255214 0.751846 0.607942
    outer loop
      vertex -1.7216 6.4251 12.4446
      vertex -2.54552 6.14542 12.4446
      vertex -1.55672 5.80977 13.2748
    endloop
  endfacet
  facet normal -0.0566693 0.864647 0.499173
    outer loop
      vertex 0 7.17498 11.5383
      vertex -0.936522 7.1136 11.5383
      vertex 0 6.65176 12.4446
    endloop
  endfacet
  facet normal -0.40875 0.828864 0.381978
    outer loop
      vertex -2.899 6.99879 10.5715
      vertex -3.58749 6.21372 11.5383
      vertex -2.74575 6.62882 11.5383
    endloop
  endfacet
  facet normal -0.383243 0.777139 0.499179
    outer loop
      vertex -2.74575 6.62882 11.5383
      vertex -3.58749 6.21372 11.5383
      vertex -2.54552 6.14542 12.4446
    endloop
  endfacet
  facet normal -0.138094 0.694239 0.706373
    outer loop
      vertex -0.785078 5.96326 13.2748
      vertex -1.55672 5.80977 13.2748
      vertex -0.688495 5.22964 14.0147
    endloop
  endfacet
  facet normal -0.169049 0.84985 0.499177
    outer loop
      vertex -0.936522 7.1136 11.5383
      vertex -1.7216 6.4251 12.4446
      vertex -0.868228 6.59485 12.4446
    endloop
  endfacet
  facet normal -0.18847 0.9475 -0.258306
    outer loop
      vertex -0.988793 7.51063 5.42848
      vertex -2.03077 7.57893 6.43928
      vertex -1.02415 7.77916 6.43928
    endloop
  endfacet
  facet normal -0.310531 0.914794 -0.258307
    outer loop
      vertex -1.96067 7.31731 5.42848
      vertex -2.899 6.99879 5.42848
      vertex -2.03077 7.57893 6.43928
    endloop
  endfacet
  facet normal 0.169047 0.849838 -0.499198
    outer loop
      vertex 1.7216 6.4251 3.55544
      vertex 0.868228 6.59485 3.55544
      vertex 0.936522 7.1136 4.46169
    endloop
  endfacet
  facet normal 0.154902 0.778727 -0.607938
    outer loop
      vertex 1.7216 6.4251 3.55544
      vertex 0.785078 5.96326 2.72523
      vertex 0.868228 6.59485 3.55544
    endloop
  endfacet
  facet normal 0.0726752 0.108766 0.991407
    outer loop
      vertex 0.950108 1.2382 15.8463
      vertex 0.261612 0.453126 15.9829
      vertex 0.318519 0.415102 15.9829
    endloop
  endfacet
  facet normal 0.11473 0.232635 0.965773
    outer loop
      vertex 1.28576 2.227 15.5754
      vertex 0.597262 1.44192 15.8463
      vertex 0.780361 1.35162 15.8463
    endloop
  endfacet
  facet normal 0.114723 0.232641 0.965773
    outer loop
      vertex 0.984076 2.37577 15.5754
      vertex 0.597262 1.44192 15.8463
      vertex 1.28576 2.227 15.5754
    endloop
  endfacet
  facet normal 0.0983523 0.086247 0.991407
    outer loop
      vertex 1.1036 1.1036 15.8463
      vertex 0.415102 0.318519 15.9829
      vertex 1.2382 0.950108 15.8463
    endloop
  endfacet
  facet normal 0.0983477 0.0862511 0.991407
    outer loop
      vertex 1.1036 1.1036 15.8463
      vertex 0.369975 0.369975 15.9829
      vertex 0.415102 0.318519 15.9829
    endloop
  endfacet
  facet normal 0.11732 0.0578596 0.991407
    outer loop
      vertex 1.35162 0.780361 15.8463
      vertex 0.453126 0.261612 15.9829
      vertex 1.44192 0.597262 15.8463
    endloop
  endfacet
  facet normal 0.232635 0.11473 0.965773
    outer loop
      vertex 2.227 1.28576 15.5754
      vertex 1.35162 0.780361 15.8463
      vertex 1.44192 0.597262 15.8463
    endloop
  endfacet
  facet normal 0.313075 0.634839 0.706373
    outer loop
      vertex 2.30173 5.55688 13.2748
      vertex 2.01857 4.87325 14.0147
      vertex 2.63738 4.56808 14.0147
    endloop
  endfacet
  facet normal 0.31307 0.634839 0.706376
    outer loop
      vertex 3.00736 5.2089 13.2748
      vertex 2.30173 5.55688 13.2748
      vertex 2.63738 4.56808 14.0147
    endloop
  endfacet
  facet normal -0.1381 0.694261 -0.70635
    outer loop
      vertex -1.36521 5.09503 1.98528
      vertex -1.55672 5.80977 2.72523
      vertex -0.688495 5.22964 1.98528
    endloop
  endfacet
  facet normal -0.138098 0.694262 -0.706349
    outer loop
      vertex -0.688495 5.22964 1.98528
      vertex -1.55672 5.80977 2.72523
      vertex -0.785078 5.96326 2.72523
    endloop
  endfacet
  facet normal -0.0398645 0.608276 -0.792724
    outer loop
      vertex 0 4.44456 1.34824
      vertex -0.580132 4.40654 1.34824
      vertex 0 5.27477 1.98528
    endloop
  endfacet
  facet normal -0.0398719 0.608279 -0.792721
    outer loop
      vertex -0.580132 4.40654 1.34824
      vertex -0.688495 5.22964 1.98528
      vertex 0 5.27477 1.98528
    endloop
  endfacet
  facet normal -0.513438 0.768422 -0.38198
    outer loop
      vertex -3.58749 6.21372 4.46169
      vertex -4.61164 6.01 5.42848
      vertex -3.78772 6.56052 5.42848
    endloop
  endfacet
  facet normal -0.408752 0.828863 -0.38198
    outer loop
      vertex -3.58749 6.21372 4.46169
      vertex -3.78772 6.56052 5.42848
      vertex -2.899 6.99879 5.42848
    endloop
  endfacet
  facet normal 0.768418 0.513441 -0.381984
    outer loop
      vertex 6.21372 3.58749 4.46169
      vertex 5.6923 4.36785 4.46169
      vertex 6.01 4.61164 5.42848
    endloop
  endfacet
  facet normal 0.69483 0.609343 -0.381985
    outer loop
      vertex 5.6923 4.36785 4.46169
      vertex 5.35665 5.35665 5.42848
      vertex 6.01 4.61164 5.42848
    endloop
  endfacet
  facet normal -0.258833 0.0169651 0.965773
    outer loop
      vertex -2.54952 0.335649 15.5754
      vertex -2.57152 0 15.5754
      vertex -1.56072 0 15.8463
    endloop
  endfacet
  facet normal -0.258833 -0.0169651 0.965773
    outer loop
      vertex -1.56072 0 15.8463
      vertex -2.57152 0 15.5754
      vertex -2.54952 -0.335649 15.5754
    endloop
  endfacet
  facet normal -0.12387 0.0420466 0.991407
    outer loop
      vertex -1.44192 0.597262 15.8463
      vertex -1.50754 0.403944 15.8463
      vertex -0.483397 0.200229 15.9829
    endloop
  endfacet
  facet normal -0.245625 0.0833751 0.965773
    outer loop
      vertex -1.44192 0.597262 15.8463
      vertex -2.48389 0.665557 15.5754
      vertex -1.50754 0.403944 15.8463
    endloop
  endfacet
  facet normal -0.108766 0.0726752 0.991407
    outer loop
      vertex -0.415102 0.318519 15.9829
      vertex -1.2382 0.950108 15.8463
      vertex -0.453126 0.261612 15.9829
    endloop
  endfacet
  facet normal -0.232641 0.114723 0.965773
    outer loop
      vertex -2.227 1.28576 15.5754
      vertex -2.37577 0.984076 15.5754
      vertex -1.44192 0.597262 15.8463
    endloop
  endfacet
  facet normal -0.108767 0.0726748 0.991407
    outer loop
      vertex -1.2382 0.950108 15.8463
      vertex -1.35162 0.780361 15.8463
      vertex -0.453126 0.261612 15.9829
    endloop
  endfacet
  facet normal -0.376509 0.330193 0.865571
    outer loop
      vertex -3.14278 3.14278 14.6518
      vertex -3.52611 2.70568 14.6518
      vertex -2.80713 2.15399 15.175
    endloop
  endfacet
  facet normal -0.416389 0.27822 0.865571
    outer loop
      vertex -2.80713 2.15399 15.175
      vertex -3.52611 2.70568 14.6518
      vertex -3.06427 1.76915 15.175
    endloop
  endfacet
  facet normal 0.0085569 0.130531 0.991407
    outer loop
      vertex 0.203714 1.54737 15.8463
      vertex 0 0.523225 15.9829
      vertex 0.0682945 0.518748 15.9829
    endloop
  endfacet
  facet normal -0.255211 0.751849 0.607939
    outer loop
      vertex -1.55672 5.80977 13.2748
      vertex -2.54552 6.14542 12.4446
      vertex -2.30173 5.55688 13.2748
    endloop
  endfacet
  facet normal -0.227522 0.670276 0.706374
    outer loop
      vertex -1.55672 5.80977 13.2748
      vertex -2.30173 5.55688 13.2748
      vertex -1.36521 5.09503 14.0147
    endloop
  endfacet
  facet normal -0.269632 0.546748 0.792694
    outer loop
      vertex -2.01857 4.87325 14.0147
      vertex -2.63738 4.56808 14.0147
      vertex -2.22228 3.8491 14.6518
    endloop
  endfacet
  facet normal -0.221496 0.449142 0.86557
    outer loop
      vertex -1.70086 4.10624 14.6518
      vertex -2.22228 3.8491 14.6518
      vertex -1.76915 3.06427 15.175
    endloop
  endfacet
  facet normal 0.160969 0.474207 0.865573
    outer loop
      vertex 1.15034 4.29312 14.6518
      vertex 0.915781 3.41774 15.175
      vertex 1.35405 3.26897 15.175
    endloop
  endfacet
  facet normal 0.160975 0.474207 0.865572
    outer loop
      vertex 1.70086 4.10624 14.6518
      vertex 1.15034 4.29312 14.6518
      vertex 1.35405 3.26897 15.175
    endloop
  endfacet
  facet normal 0.0398743 0.608315 0.792693
    outer loop
      vertex 0.688495 5.22964 14.0147
      vertex 0 5.27477 14.0147
      vertex 0.580132 4.40654 14.6518
    endloop
  endfacet
  facet normal 0.118934 0.597907 0.792693
    outer loop
      vertex 0.688495 5.22964 14.0147
      vertex 0.580132 4.40654 14.6518
      vertex 1.36521 5.09503 14.0147
    endloop
  endfacet
  facet normal -0.513442 0.76842 0.381981
    outer loop
      vertex -3.58749 6.21372 11.5383
      vertex -4.61164 6.01 10.5715
      vertex -4.36785 5.6923 11.5383
    endloop
  endfacet
  facet normal -0.513439 0.768423 0.381977
    outer loop
      vertex -3.78772 6.56052 10.5715
      vertex -4.61164 6.01 10.5715
      vertex -3.58749 6.21372 11.5383
    endloop
  endfacet
  facet normal -0.523509 0.59695 0.607939
    outer loop
      vertex -4.04933 5.27719 12.4446
      vertex -4.7035 4.7035 12.4446
      vertex -4.25305 4.25305 13.2748
    endloop
  endfacet
  facet normal -0.571321 0.651468 0.499181
    outer loop
      vertex -4.04933 5.27719 12.4446
      vertex -5.07348 5.07348 11.5383
      vertex -4.7035 4.7035 12.4446
    endloop
  endfacet
  facet normal -0.31307 0.634839 0.706376
    outer loop
      vertex -2.30173 5.55688 13.2748
      vertex -3.00736 5.2089 13.2748
      vertex -2.63738 4.56808 14.0147
    endloop
  endfacet
  facet normal -0.351171 0.712101 0.60794
    outer loop
      vertex -2.54552 6.14542 12.4446
      vertex -3.00736 5.2089 13.2748
      vertex -2.30173 5.55688 13.2748
    endloop
  endfacet
  facet normal 0.0420469 0.12387 0.991407
    outer loop
      vertex 0.403944 1.50754 15.8463
      vertex 0.13542 0.505396 15.9829
      vertex 0.200229 0.483397 15.9829
    endloop
  endfacet
  facet normal 0.0833763 0.245625 0.965773
    outer loop
      vertex 0.665557 2.48389 15.5754
      vertex 0.597262 1.44192 15.8463
      vertex 0.984076 2.37577 15.5754
    endloop
  endfacet
  facet normal 0.0169651 0.258833 0.965773
    outer loop
      vertex 0 2.57152 15.5754
      vertex 0 1.56072 15.8463
      vertex 0.335649 2.54952 15.5754
    endloop
  endfacet
  facet normal -0.11893 0.597909 0.792692
    outer loop
      vertex -0.580132 4.40654 14.6518
      vertex -1.36521 5.09503 14.0147
      vertex -1.15034 4.29312 14.6518
    endloop
  endfacet
  facet normal -0.0398668 0.608312 0.792696
    outer loop
      vertex 0 5.27477 14.0147
      vertex -0.580132 4.40654 14.6518
      vertex 0 4.44456 14.6518
    endloop
  endfacet
  facet normal -0.0250719 0.382516 0.923609
    outer loop
      vertex 0 3.53831 15.175
      vertex -0.335649 2.54952 15.5754
      vertex 0 2.57152 15.5754
    endloop
  endfacet
  facet normal -0.123217 0.362994 0.923609
    outer loop
      vertex -0.665557 2.48389 15.5754
      vertex -1.35405 3.26897 15.175
      vertex -0.984076 2.37577 15.5754
    endloop
  endfacet
  facet normal -0.171024 0.195021 0.965773
    outer loop
      vertex -1.56544 2.04012 15.5754
      vertex -1.81834 1.81834 15.5754
      vertex -0.950108 1.2382 15.8463
    endloop
  endfacet
  facet normal -0.169542 0.343806 0.923609
    outer loop
      vertex -0.984076 2.37577 15.5754
      vertex -1.76915 3.06427 15.175
      vertex -1.28576 2.227 15.5754
    endloop
  endfacet
  facet normal -0.169542 0.343805 0.923609
    outer loop
      vertex -1.35405 3.26897 15.175
      vertex -1.76915 3.06427 15.175
      vertex -0.984076 2.37577 15.5754
    endloop
  endfacet
  facet normal -0.212973 0.318731 0.923609
    outer loop
      vertex -1.28576 2.227 15.5754
      vertex -1.76915 3.06427 15.175
      vertex -1.56544 2.04012 15.5754
    endloop
  endfacet
  facet normal -0.318732 0.212968 0.923609
    outer loop
      vertex -2.80713 2.15399 15.175
      vertex -3.06427 1.76915 15.175
      vertex -2.04012 1.56544 15.5754
    endloop
  endfacet
  facet normal -0.0506096 0.254404 0.965773
    outer loop
      vertex -0.335649 2.54952 15.5754
      vertex -0.665557 2.48389 15.5754
      vertex -0.203714 1.54737 15.8463
    endloop
  endfacet
  facet normal -0.0506066 0.254405 0.965773
    outer loop
      vertex -0.203714 1.54737 15.8463
      vertex -0.665557 2.48389 15.5754
      vertex -0.403944 1.50754 15.8463
    endloop
  endfacet
  facet normal -0.466707 0.532179 0.706378
    outer loop
      vertex -3.66153 4.7718 13.2748
      vertex -3.72982 3.72982 14.0147
      vertex -3.21107 4.18475 14.0147
    endloop
  endfacet
  facet normal -0.27822 0.416389 0.865571
    outer loop
      vertex -1.76915 3.06427 15.175
      vertex -2.70568 3.52611 14.6518
      vertex -2.15399 2.80713 15.175
    endloop
  endfacet
  facet normal -0.0327522 0.499714 0.865571
    outer loop
      vertex 0 3.53831 15.175
      vertex -0.580132 4.40654 14.6518
      vertex -0.461842 3.50804 15.175
    endloop
  endfacet
  facet normal -0.0327497 0.499715 0.865571
    outer loop
      vertex 0 4.44456 14.6518
      vertex -0.580132 4.40654 14.6518
      vertex 0 3.53831 15.175
    endloop
  endfacet
  facet normal -0.670276 0.227522 0.706374
    outer loop
      vertex -5.55688 2.30173 13.2748
      vertex -5.80977 1.55672 13.2748
      vertex -5.09503 1.36521 14.0147
    endloop
  endfacet
  facet normal -0.670276 0.227522 0.706374
    outer loop
      vertex -4.87325 2.01857 14.0147
      vertex -5.55688 2.30173 13.2748
      vertex -5.09503 1.36521 14.0147
    endloop
  endfacet
  facet normal -0.245576 -0.0833584 -0.965787
    outer loop
      vertex -1.44192 -0.597262 0.153718
      vertex -2.48389 -0.665557 0.42456
      vertex -1.50754 -0.403944 0.153718
    endloop
  endfacet
  facet normal -0.499729 -0.0327532 -0.865563
    outer loop
      vertex -3.50804 -0.461842 0.825019
      vertex -4.40654 -0.580132 1.34824
      vertex -3.53831 0 0.825019
    endloop
  endfacet
  facet normal -0.130522 0.00855348 -0.991409
    outer loop
      vertex -0.523225 0 0.0171289
      vertex -1.56072 0 0.153718
      vertex -1.54737 0.203714 0.153718
    endloop
  endfacet
  facet normal -0.258781 -0.0169617 -0.965787
    outer loop
      vertex -2.54952 -0.335649 0.42456
      vertex -2.57152 0 0.42456
      vertex -1.56072 0 0.153718
    endloop
  endfacet
  facet normal -0.057855 -0.117311 -0.991409
    outer loop
      vertex -0.597262 -1.44192 0.153718
      vertex -0.780361 -1.35162 0.153718
      vertex -0.261612 -0.453126 0.0171289
    endloop
  endfacet
  facet normal -0.382564 -0.025075 -0.923589
    outer loop
      vertex -2.54952 -0.335649 0.42456
      vertex -3.53831 0 0.825019
      vertex -2.57152 0 0.42456
    endloop
  endfacet
  facet normal -0.258782 0.0169588 -0.965787
    outer loop
      vertex -1.56072 0 0.153718
      vertex -2.54952 0.335649 0.42456
      vertex -1.54737 0.203714 0.153718
    endloop
  endfacet
  facet normal -0.474222 -0.16098 -0.865563
    outer loop
      vertex -4.10624 -1.70086 1.34824
      vertex -4.29312 -1.15034 1.34824
      vertex -3.26897 -1.35405 0.825019
    endloop
  endfacet
  facet normal -0.474221 -0.160974 -0.865564
    outer loop
      vertex -3.26897 -1.35405 0.825019
      vertex -4.29312 -1.15034 1.34824
      vertex -3.41774 -0.915781 0.825019
    endloop
  endfacet
  facet normal -0.694262 -0.138098 -0.706349
    outer loop
      vertex -5.80977 -1.55672 2.72523
      vertex -5.96326 -0.785078 2.72523
      vertex -5.22964 -0.688495 1.98528
    endloop
  endfacet
  facet normal -0.694261 -0.1381 -0.70635
    outer loop
      vertex -5.09503 -1.36521 1.98528
      vertex -5.80977 -1.55672 2.72523
      vertex -5.22964 -0.688495 1.98528
    endloop
  endfacet
  facet normal -0.338668 -0.506849 -0.792722
    outer loop
      vertex -2.63738 -4.56808 1.98528
      vertex -3.21107 -4.18475 1.98528
      vertex -2.22228 -3.8491 1.34824
    endloop
  endfacet
  facet normal -0.269616 -0.546716 -0.792722
    outer loop
      vertex -2.01857 -4.87325 1.98528
      vertex -2.63738 -4.56808 1.98528
      vertex -2.22228 -3.8491 1.34824
    endloop
  endfacet
  facet normal -0.499714 -0.0327522 0.865571
    outer loop
      vertex -3.53831 0 15.175
      vertex -4.40654 -0.580132 14.6518
      vertex -3.50804 -0.461842 15.175
    endloop
  endfacet
  facet normal -0.382516 -0.0250708 0.923609
    outer loop
      vertex -2.54952 -0.335649 15.5754
      vertex -3.53831 0 15.175
      vertex -3.50804 -0.461842 15.175
    endloop
  endfacet
  facet normal -0.245625 -0.0833763 0.965773
    outer loop
      vertex -1.44192 -0.597262 15.8463
      vertex -2.48389 -0.665557 15.5754
      vertex -2.37577 -0.984076 15.5754
    endloop
  endfacet
  facet normal -0.375969 -0.0747898 0.923609
    outer loop
      vertex -2.48389 -0.665557 15.5754
      vertex -3.50804 -0.461842 15.175
      vertex -3.41774 -0.915781 15.175
    endloop
  endfacet
  facet normal -0.72633 -0.636966 0.2583
    outer loop
      vertex -5.35665 -5.35665 10.5715
      vertex -6.22487 -4.77651 9.56072
      vertex -5.54816 -5.54816 9.56072
    endloop
  endfacet
  facet normal -0.726329 -0.636968 0.258299
    outer loop
      vertex -6.01 -4.61164 10.5715
      vertex -6.22487 -4.77651 9.56072
      vertex -5.35665 -5.35665 10.5715
    endloop
  endfacet
  facet normal 0.258834 -0.0169621 0.965773
    outer loop
      vertex 1.56072 0 15.8463
      vertex 1.54737 -0.203714 15.8463
      vertex 2.54952 -0.335649 15.5754
    endloop
  endfacet
  facet normal 0.130532 -0.00855416 0.991407
    outer loop
      vertex 1.56072 0 15.8463
      vertex 0.523225 0 15.9829
      vertex 1.54737 -0.203714 15.8463
    endloop
  endfacet
  facet normal 0.318731 -0.212973 0.923609
    outer loop
      vertex 2.227 -1.28576 15.5754
      vertex 2.04012 -1.56544 15.5754
      vertex 3.06427 -1.76915 15.175
    endloop
  endfacet
  facet normal 0.0833751 -0.245625 0.965773
    outer loop
      vertex 0.597262 -1.44192 15.8463
      vertex 0.403944 -1.50754 15.8463
      vertex 0.665557 -2.48389 15.5754
    endloop
  endfacet
  facet normal 0.0506066 -0.254405 0.965773
    outer loop
      vertex 0.403944 -1.50754 15.8463
      vertex 0.203714 -1.54737 15.8463
      vertex 0.665557 -2.48389 15.5754
    endloop
  endfacet
  facet normal 0.0983477 -0.0862511 0.991407
    outer loop
      vertex 0.415102 -0.318519 15.9829
      vertex 0.369975 -0.369975 15.9829
      vertex 1.1036 -1.1036 15.8463
    endloop
  endfacet
  facet normal 0.195021 -0.171024 0.965773
    outer loop
      vertex 2.04012 -1.56544 15.5754
      vertex 1.2382 -0.950108 15.8463
      vertex 1.81834 -1.81834 15.5754
    endloop
  endfacet
  facet normal -0.0726748 -0.108767 0.991407
    outer loop
      vertex -0.261612 -0.453126 15.9829
      vertex -0.950108 -1.2382 15.8463
      vertex -0.780361 -1.35162 15.8463
    endloop
  endfacet
  facet normal -0.123217 -0.362994 0.923609
    outer loop
      vertex -0.984076 -2.37577 15.5754
      vertex -1.35405 -3.26897 15.175
      vertex -0.665557 -2.48389 15.5754
    endloop
  endfacet
  facet normal -0.288206 -0.252757 0.923608
    outer loop
      vertex -1.81834 -1.81834 15.5754
      vertex -2.80713 -2.15399 15.175
      vertex -2.50196 -2.50196 15.175
    endloop
  endfacet
  facet normal -0.376505 -0.330195 0.865572
    outer loop
      vertex -2.80713 -2.15399 15.175
      vertex -3.14278 -3.14278 14.6518
      vertex -2.50196 -2.50196 15.175
    endloop
  endfacet
  facet normal -0.318732 -0.212968 0.923609
    outer loop
      vertex -2.04012 -1.56544 15.5754
      vertex -3.06427 -1.76915 15.175
      vertex -2.80713 -2.15399 15.175
    endloop
  endfacet
  facet normal -0.416389 -0.27822 0.865571
    outer loop
      vertex -3.06427 -1.76915 15.175
      vertex -3.52611 -2.70568 14.6518
      vertex -2.80713 -2.15399 15.175
    endloop
  endfacet
  facet normal 0.169542 -0.343806 0.923609
    outer loop
      vertex 1.28576 -2.227 15.5754
      vertex 0.984076 -2.37577 15.5754
      vertex 1.76915 -3.06427 15.175
    endloop
  endfacet
  facet normal 0.212973 -0.318731 0.923609
    outer loop
      vertex 1.56544 -2.04012 15.5754
      vertex 1.28576 -2.227 15.5754
      vertex 1.76915 -3.06427 15.175
    endloop
  endfacet
  facet normal -0.0506066 -0.254405 0.965773
    outer loop
      vertex -0.403944 -1.50754 15.8463
      vertex -0.665557 -2.48389 15.5754
      vertex -0.203714 -1.54737 15.8463
    endloop
  endfacet
  facet normal -0.0169621 -0.258834 0.965773
    outer loop
      vertex -0.203714 -1.54737 15.8463
      vertex -0.335649 -2.54952 15.5754
      vertex 0 -1.56072 15.8463
    endloop
  endfacet
  facet normal 0.097704 -0.491159 0.865573
    outer loop
      vertex 0.915781 -3.41774 15.175
      vertex 0.461842 -3.50804 15.175
      vertex 1.15034 -4.29312 14.6518
    endloop
  endfacet
  facet normal 0.160969 -0.474207 0.865573
    outer loop
      vertex 1.35405 -3.26897 15.175
      vertex 0.915781 -3.41774 15.175
      vertex 1.15034 -4.29312 14.6518
    endloop
  endfacet
  facet normal 0.0250719 -0.382516 0.923609
    outer loop
      vertex 0 -2.57152 15.5754
      vertex 0 -3.53831 15.175
      vertex 0.335649 -2.54952 15.5754
    endloop
  endfacet
  facet normal 0.0169651 -0.258833 0.965773
    outer loop
      vertex 0 -1.56072 15.8463
      vertex 0 -2.57152 15.5754
      vertex 0.335649 -2.54952 15.5754
    endloop
  endfacet
  facet normal -0.212973 -0.318731 0.923609
    outer loop
      vertex -1.56544 -2.04012 15.5754
      vertex -1.76915 -3.06427 15.175
      vertex -1.28576 -2.227 15.5754
    endloop
  endfacet
  facet normal -0.144111 -0.215672 0.965773
    outer loop
      vertex -0.950108 -1.2382 15.8463
      vertex -1.56544 -2.04012 15.5754
      vertex -1.28576 -2.227 15.5754
    endloop
  endfacet
  facet normal -0.114723 -0.232641 0.965773
    outer loop
      vertex -0.597262 -1.44192 15.8463
      vertex -1.28576 -2.227 15.5754
      vertex -0.984076 -2.37577 15.5754
    endloop
  endfacet
  facet normal -0.169542 -0.343806 0.923609
    outer loop
      vertex -1.28576 -2.227 15.5754
      vertex -1.76915 -3.06427 15.175
      vertex -0.984076 -2.37577 15.5754
    endloop
  endfacet
  facet normal -0.0578596 -0.11732 0.991407
    outer loop
      vertex -0.261612 -0.453126 15.9829
      vertex -0.780361 -1.35162 15.8463
      vertex -0.597262 -1.44192 15.8463
    endloop
  endfacet
  facet normal -0.0578569 -0.117321 0.991407
    outer loop
      vertex -0.261612 -0.453126 15.9829
      vertex -0.597262 -1.44192 15.8463
      vertex -0.200229 -0.483397 15.9829
    endloop
  endfacet
  facet normal -0.12387 -0.0420469 0.991407
    outer loop
      vertex -0.505396 -0.13542 15.9829
      vertex -1.50754 -0.403944 15.8463
      vertex -0.483397 -0.200229 15.9829
    endloop
  endfacet
  facet normal -0.0983477 -0.0862511 0.991407
    outer loop
      vertex -0.415102 -0.318519 15.9829
      vertex -1.1036 -1.1036 15.8463
      vertex -0.369975 -0.369975 15.9829
    endloop
  endfacet
  facet normal -0.0862511 -0.0983477 0.991407
    outer loop
      vertex -0.369975 -0.369975 15.9829
      vertex -1.1036 -1.1036 15.8463
      vertex -0.318519 -0.415102 15.9829
    endloop
  endfacet
  facet normal -0.338688 -0.506879 0.792694
    outer loop
      vertex -2.22228 -3.8491 14.6518
      vertex -3.21107 -4.18475 14.0147
      vertex -2.63738 -4.56808 14.0147
    endloop
  endfacet
  facet normal -0.221496 -0.449142 0.86557
    outer loop
      vertex -1.76915 -3.06427 15.175
      vertex -2.22228 -3.8491 14.6518
      vertex -1.70086 -4.10624 14.6518
    endloop
  endfacet
  facet normal -0.11893 -0.597909 0.792692
    outer loop
      vertex -1.15034 -4.29312 14.6518
      vertex -1.36521 -5.09503 14.0147
      vertex -0.580132 -4.40654 14.6518
    endloop
  endfacet
  facet normal -0.0976973 -0.491163 0.865571
    outer loop
      vertex -0.461842 -3.50804 15.175
      vertex -1.15034 -4.29312 14.6518
      vertex -0.580132 -4.40654 14.6518
    endloop
  endfacet
  facet normal -0.252788 -0.288242 -0.923588
    outer loop
      vertex -2.15399 -2.80713 0.825019
      vertex -2.50196 -2.50196 0.825019
      vertex -1.81834 -1.81834 0.42456
    endloop
  endfacet
  facet normal -0.376516 -0.330205 -0.865564
    outer loop
      vertex -2.50196 -2.50196 0.825019
      vertex -3.14278 -3.14278 1.34824
      vertex -2.80713 -2.15399 0.825019
    endloop
  endfacet
  facet normal -0.0505995 -0.254353 -0.965787
    outer loop
      vertex -0.335649 -2.54952 0.42456
      vertex -0.665557 -2.48389 0.42456
      vertex -0.203714 -1.54737 0.153718
    endloop
  endfacet
  facet normal -0.0748027 -0.376017 -0.923589
    outer loop
      vertex -0.461842 -3.50804 0.825019
      vertex -0.665557 -2.48389 0.42456
      vertex -0.335649 -2.54952 0.42456
    endloop
  endfacet
  facet normal -0.0169617 -0.258781 -0.965787
    outer loop
      vertex 0 -2.57152 0.42456
      vertex -0.335649 -2.54952 0.42456
      vertex 0 -1.56072 0.153718
    endloop
  endfacet
  facet normal 0.0169617 -0.258781 -0.965787
    outer loop
      vertex 0.335649 -2.54952 0.42456
      vertex 0 -2.57152 0.42456
      vertex 0 -1.56072 0.153718
    endloop
  endfacet
  facet normal -0.221502 -0.449155 -0.865561
    outer loop
      vertex -1.70086 -4.10624 1.34824
      vertex -2.22228 -3.8491 1.34824
      vertex -1.76915 -3.06427 0.825019
    endloop
  endfacet
  facet normal -0.278226 -0.416405 -0.865562
    outer loop
      vertex -2.22228 -3.8491 1.34824
      vertex -2.70568 -3.52611 1.34824
      vertex -1.76915 -3.06427 0.825019
    endloop
  endfacet
  facet normal 0.130522 -0.00855348 -0.991409
    outer loop
      vertex 1.54737 -0.203714 0.153718
      vertex 0.523225 0 0.0171289
      vertex 1.56072 0 0.153718
    endloop
  endfacet
  facet normal 0.258782 -0.0169588 -0.965787
    outer loop
      vertex 2.54952 -0.335649 0.42456
      vertex 1.54737 -0.203714 0.153718
      vertex 1.56072 0 0.153718
    endloop
  endfacet
  facet normal 0.343849 -0.169563 -0.923589
    outer loop
      vertex 3.06427 -1.76915 0.825019
      vertex 2.227 -1.28576 0.42456
      vertex 2.37577 -0.984076 0.42456
    endloop
  endfacet
  facet normal 0.318771 -0.213 -0.923589
    outer loop
      vertex 3.06427 -1.76915 0.825019
      vertex 2.04012 -1.56544 0.42456
      vertex 2.227 -1.28576 0.42456
    endloop
  endfacet
  facet normal 0.0726695 -0.108758 -0.991409
    outer loop
      vertex 0.950108 -1.2382 0.153718
      vertex 0.261612 -0.453126 0.0171289
      vertex 0.318519 -0.415102 0.0171289
    endloop
  endfacet
  facet normal 0.0726691 -0.108758 -0.991409
    outer loop
      vertex 0.780361 -1.35162 0.153718
      vertex 0.261612 -0.453126 0.0171289
      vertex 0.950108 -1.2382 0.153718
    endloop
  endfacet
  facet normal -0.0505965 -0.254354 -0.965787
    outer loop
      vertex -0.203714 -1.54737 0.153718
      vertex -0.665557 -2.48389 0.42456
      vertex -0.403944 -1.50754 0.153718
    endloop
  endfacet
  facet normal -0.0255192 -0.128288 -0.991409
    outer loop
      vertex -0.203714 -1.54737 0.153718
      vertex -0.403944 -1.50754 0.153718
      vertex -0.0682945 -0.518748 0.0171289
    endloop
  endfacet
  facet normal -0.0420436 -0.12386 -0.991409
    outer loop
      vertex -0.13542 -0.505396 0.0171289
      vertex -0.403944 -1.50754 0.153718
      vertex -0.200229 -0.483397 0.0171289
    endloop
  endfacet
  facet normal -0.12386 0.0420436 -0.991409
    outer loop
      vertex -0.505396 0.13542 0.0171289
      vertex -1.50754 0.403944 0.153718
      vertex -0.483397 0.200229 0.0171289
    endloop
  endfacet
  facet normal -0.117311 0.057855 -0.991409
    outer loop
      vertex -0.453126 0.261612 0.0171289
      vertex -1.44192 0.597262 0.153718
      vertex -1.35162 0.780361 0.153718
    endloop
  endfacet
  facet normal -0.232588 0.114707 -0.965787
    outer loop
      vertex -1.44192 0.597262 0.153718
      vertex -2.227 1.28576 0.42456
      vertex -1.35162 0.780361 0.153718
    endloop
  endfacet
  facet normal -0.0578524 0.117312 -0.991409
    outer loop
      vertex -0.261612 0.453126 0.0171289
      vertex -0.597262 1.44192 0.153718
      vertex -0.200229 0.483397 0.0171289
    endloop
  endfacet
  facet normal -0.0983399 0.0862443 -0.991409
    outer loop
      vertex -0.415102 0.318519 0.0171289
      vertex -1.1036 1.1036 0.153718
      vertex -0.369975 0.369975 0.0171289
    endloop
  endfacet
  facet normal -0.144078 0.215631 -0.965787
    outer loop
      vertex -0.950108 1.2382 0.153718
      vertex -1.28576 2.227 0.42456
      vertex -0.780361 1.35162 0.153718
    endloop
  endfacet
  facet normal -0.114707 0.232588 -0.965787
    outer loop
      vertex -0.780361 1.35162 0.153718
      vertex -1.28576 2.227 0.42456
      vertex -0.597262 1.44192 0.153718
    endloop
  endfacet
  facet normal 0.254354 0.0505965 -0.965787
    outer loop
      vertex 1.54737 0.203714 0.153718
      vertex 1.50754 0.403944 0.153718
      vertex 2.48389 0.665557 0.42456
    endloop
  endfacet
  facet normal 0.245576 0.0833584 -0.965787
    outer loop
      vertex 1.50754 0.403944 0.153718
      vertex 1.44192 0.597262 0.153718
      vertex 2.48389 0.665557 0.42456
    endloop
  endfacet
  facet normal 0.114707 0.232588 -0.965787
    outer loop
      vertex 0.780361 1.35162 0.153718
      vertex 0.597262 1.44192 0.153718
      vertex 1.28576 2.227 0.42456
    endloop
  endfacet
  facet normal 0.144078 0.215631 -0.965787
    outer loop
      vertex 0.950108 1.2382 0.153718
      vertex 0.780361 1.35162 0.153718
      vertex 1.28576 2.227 0.42456
    endloop
  endfacet
  facet normal 0.0169588 0.258782 -0.965787
    outer loop
      vertex 0.203714 1.54737 0.153718
      vertex 0 1.56072 0.153718
      vertex 0.335649 2.54952 0.42456
    endloop
  endfacet
  facet normal 0.0505995 0.254353 -0.965787
    outer loop
      vertex 0.665557 2.48389 0.42456
      vertex 0.203714 1.54737 0.153718
      vertex 0.335649 2.54952 0.42456
    endloop
  endfacet
  facet normal 0.144082 0.215629 -0.965787
    outer loop
      vertex 1.56544 2.04012 0.42456
      vertex 0.950108 1.2382 0.153718
      vertex 1.28576 2.227 0.42456
    endloop
  endfacet
  facet normal 0.0833597 0.245576 -0.965787
    outer loop
      vertex 0.984076 2.37577 0.42456
      vertex 0.597262 1.44192 0.153718
      vertex 0.665557 2.48389 0.42456
    endloop
  endfacet
  facet normal 0.128288 0.0255192 -0.991409
    outer loop
      vertex 1.54737 0.203714 0.153718
      vertex 0.518748 0.0682945 0.0171289
      vertex 1.50754 0.403944 0.153718
    endloop
  endfacet
  facet normal 0.130521 0.00855623 -0.991409
    outer loop
      vertex 0.523225 0 0.0171289
      vertex 0.518748 0.0682945 0.0171289
      vertex 1.54737 0.203714 0.153718
    endloop
  endfacet
  facet normal 0.170987 -0.194986 -0.965787
    outer loop
      vertex 1.81834 -1.81834 0.42456
      vertex 0.950108 -1.2382 0.153718
      vertex 1.1036 -1.1036 0.153718
    endloop
  endfacet
  facet normal 0.194983 -0.170989 -0.965787
    outer loop
      vertex 1.81834 -1.81834 0.42456
      vertex 1.2382 -0.950108 0.153718
      vertex 2.04012 -1.56544 0.42456
    endloop
  endfacet
  facet normal 0.416402 -0.278229 -0.865562
    outer loop
      vertex 3.52611 -2.70568 1.34824
      vertex 2.80713 -2.15399 0.825019
      vertex 3.06427 -1.76915 0.825019
    endloop
  endfacet
  facet normal 0.506849 -0.338668 -0.792722
    outer loop
      vertex 4.18475 -3.21107 1.98528
      vertex 3.8491 -2.22228 1.34824
      vertex 4.56808 -2.63738 1.98528
    endloop
  endfacet
  facet normal 0.0420436 -0.12386 -0.991409
    outer loop
      vertex 0.403944 -1.50754 0.153718
      vertex 0.13542 -0.505396 0.0171289
      vertex 0.200229 -0.483397 0.0171289
    endloop
  endfacet
  facet normal 0.057855 -0.117311 -0.991409
    outer loop
      vertex 0.597262 -1.44192 0.153718
      vertex 0.261612 -0.453126 0.0171289
      vertex 0.780361 -1.35162 0.153718
    endloop
  endfacet
  facet normal 0.382564 0.025074 -0.923589
    outer loop
      vertex 3.53831 0 0.825019
      vertex 2.54952 0.335649 0.42456
      vertex 3.50804 0.461842 0.825019
    endloop
  endfacet
  facet normal 0.499729 0.0327532 -0.865563
    outer loop
      vertex 3.53831 0 0.825019
      vertex 3.50804 0.461842 0.825019
      vertex 4.40654 0.580132 1.34824
    endloop
  endfacet
  facet normal 0.634861 0.313086 -0.706349
    outer loop
      vertex 4.87325 2.01857 1.98528
      vertex 4.56808 2.63738 1.98528
      vertex 5.55688 2.30173 2.72523
    endloop
  endfacet
  facet normal 0.634861 0.31308 -0.706352
    outer loop
      vertex 5.55688 2.30173 2.72523
      vertex 4.56808 2.63738 1.98528
      vertex 5.2089 3.00736 2.72523
    endloop
  endfacet
  facet normal 0.269616 0.546716 -0.792722
    outer loop
      vertex 2.22228 3.8491 1.34824
      vertex 2.01857 4.87325 1.98528
      vertex 2.63738 4.56808 1.98528
    endloop
  endfacet
  facet normal 0.401928 0.458313 -0.792719
    outer loop
      vertex 3.72982 3.72982 1.98528
      vertex 2.70568 3.52611 1.34824
      vertex 3.21107 4.18475 1.98528
    endloop
  endfacet
  facet normal 0.338668 0.506849 -0.792722
    outer loop
      vertex 3.21107 4.18475 1.98528
      vertex 2.22228 3.8491 1.34824
      vertex 2.63738 4.56808 1.98528
    endloop
  endfacet
  facet normal 0.195939 0.577234 -0.792723
    outer loop
      vertex 1.70086 4.10624 1.34824
      vertex 1.36521 5.09503 1.98528
      vertex 2.01857 4.87325 1.98528
    endloop
  endfacet
  facet normal 0.466723 -0.532197 -0.706354
    outer loop
      vertex 3.66153 -4.7718 2.72523
      vertex 3.21107 -4.18475 1.98528
      vertex 3.72982 -3.72982 1.98528
    endloop
  endfacet
  facet normal 0.466725 -0.532197 -0.706353
    outer loop
      vertex 4.25305 -4.25305 2.72523
      vertex 3.66153 -4.7718 2.72523
      vertex 3.72982 -3.72982 1.98528
    endloop
  endfacet
  facet normal -0.160974 0.474221 -0.865564
    outer loop
      vertex -0.915781 3.41774 0.825019
      vertex -1.35405 3.26897 0.825019
      vertex -1.15034 4.29312 1.34824
    endloop
  endfacet
  facet normal -0.123233 0.363039 -0.923589
    outer loop
      vertex -0.665557 2.48389 0.42456
      vertex -1.35405 3.26897 0.825019
      vertex -0.915781 3.41774 0.825019
    endloop
  endfacet
  facet normal 0.118934 -0.597907 0.792693
    outer loop
      vertex 1.36521 -5.09503 14.0147
      vertex 0.580132 -4.40654 14.6518
      vertex 0.688495 -5.22964 14.0147
    endloop
  endfacet
  facet normal 0.138096 -0.694237 0.706374
    outer loop
      vertex 1.36521 -5.09503 14.0147
      vertex 0.688495 -5.22964 14.0147
      vertex 1.55672 -5.80977 13.2748
    endloop
  endfacet
  facet normal -0.803251 0.536721 0.258299
    outer loop
      vertex -6.22487 4.77651 9.56072
      vertex -6.79508 3.92314 9.56072
      vertex -6.01 4.61164 10.5715
    endloop
  endfacet
  facet normal -0.803254 0.536712 0.258308
    outer loop
      vertex -6.01 4.61164 10.5715
      vertex -6.79508 3.92314 9.56072
      vertex -6.56052 3.78772 10.5715
    endloop
  endfacet
  facet normal -0.154901 0.778724 0.607943
    outer loop
      vertex -0.868228 6.59485 12.4446
      vertex -1.7216 6.4251 12.4446
      vertex -0.785078 5.96326 13.2748
    endloop
  endfacet
  facet normal -0.0519318 0.79228 0.607943
    outer loop
      vertex 0 6.65176 12.4446
      vertex -0.868228 6.59485 12.4446
      vertex -0.785078 5.96326 13.2748
    endloop
  endfacet
  facet normal -0.180298 0.906412 -0.381983
    outer loop
      vertex -1.85702 6.9305 4.46169
      vertex -1.96067 7.31731 5.42848
      vertex -0.988793 7.51063 5.42848
    endloop
  endfacet
  facet normal -0.297064 0.875124 -0.381983
    outer loop
      vertex -1.85702 6.9305 4.46169
      vertex -2.899 6.99879 5.42848
      vertex -1.96067 7.31731 5.42848
    endloop
  endfacet
  facet normal 0.0578569 0.117321 0.991407
    outer loop
      vertex 0.597262 1.44192 15.8463
      vertex 0.200229 0.483397 15.9829
      vertex 0.261612 0.453126 15.9829
    endloop
  endfacet
  facet normal 0.0833751 0.245625 0.965773
    outer loop
      vertex 0.665557 2.48389 15.5754
      vertex 0.403944 1.50754 15.8463
      vertex 0.597262 1.44192 15.8463
    endloop
  endfacet
  facet normal 0.0578596 0.11732 0.991407
    outer loop
      vertex 0.597262 1.44192 15.8463
      vertex 0.261612 0.453126 15.9829
      vertex 0.780361 1.35162 15.8463
    endloop
  endfacet
  facet normal 0.0726748 0.108767 0.991407
    outer loop
      vertex 0.780361 1.35162 15.8463
      vertex 0.261612 0.453126 15.9829
      vertex 0.950108 1.2382 15.8463
    endloop
  endfacet
  facet normal 0.0463003 0.706348 -0.706348
    outer loop
      vertex 0.688495 5.22964 1.98528
      vertex 0 5.27477 1.98528
      vertex 0 6.01472 2.72523
    endloop
  endfacet
  facet normal 0.0398719 0.608279 -0.792721
    outer loop
      vertex 0.580132 4.40654 1.34824
      vertex 0 5.27477 1.98528
      vertex 0.688495 5.22964 1.98528
    endloop
  endfacet
  facet normal -0.383237 0.777129 -0.499199
    outer loop
      vertex -3.32588 5.76059 3.55544
      vertex -3.58749 6.21372 4.46169
      vertex -2.54552 6.14542 3.55544
    endloop
  endfacet
  facet normal -0.35117 0.712104 -0.607937
    outer loop
      vertex -3.00736 5.2089 2.72523
      vertex -3.32588 5.76059 3.55544
      vertex -2.54552 6.14542 3.55544
    endloop
  endfacet
  facet normal -0.215674 0.144107 0.965773
    outer loop
      vertex -1.2382 0.950108 15.8463
      vertex -2.227 1.28576 15.5754
      vertex -1.35162 0.780361 15.8463
    endloop
  endfacet
  facet normal -0.215672 0.144111 0.965773
    outer loop
      vertex -2.04012 1.56544 15.5754
      vertex -2.227 1.28576 15.5754
      vertex -1.2382 0.950108 15.8463
    endloop
  endfacet
  facet normal -0.11732 0.0578596 0.991407
    outer loop
      vertex -1.35162 0.780361 15.8463
      vertex -1.44192 0.597262 15.8463
      vertex -0.453126 0.261612 15.9829
    endloop
  endfacet
  facet normal -0.117321 0.0578569 0.991407
    outer loop
      vertex -0.453126 0.261612 15.9829
      vertex -1.44192 0.597262 15.8463
      vertex -0.483397 0.200229 15.9829
    endloop
  endfacet
  facet normal -0.416393 0.278218 0.86557
    outer loop
      vertex -3.52611 2.70568 14.6518
      vertex -3.8491 2.22228 14.6518
      vertex -3.06427 1.76915 15.175
    endloop
  endfacet
  facet normal -0.28821 0.252745 0.92361
    outer loop
      vertex -1.81834 1.81834 15.5754
      vertex -2.80713 2.15399 15.175
      vertex -2.04012 1.56544 15.5754
    endloop
  endfacet
  facet normal -0.449142 0.221487 0.865572
    outer loop
      vertex -3.06427 1.76915 15.175
      vertex -4.10624 1.70086 14.6518
      vertex -3.26897 1.35405 15.175
    endloop
  endfacet
  facet normal -0.474207 0.160975 0.865572
    outer loop
      vertex -4.10624 1.70086 14.6518
      vertex -4.29312 1.15034 14.6518
      vertex -3.26897 1.35405 15.175
    endloop
  endfacet
  facet normal -0.376505 0.330195 0.865572
    outer loop
      vertex -2.50196 2.50196 15.175
      vertex -3.14278 3.14278 14.6518
      vertex -2.80713 2.15399 15.175
    endloop
  endfacet
  facet normal -0.288206 0.252757 0.923608
    outer loop
      vertex -2.50196 2.50196 15.175
      vertex -2.80713 2.15399 15.175
      vertex -1.81834 1.81834 15.5754
    endloop
  endfacet
  facet normal -0.694827 0.609346 0.381985
    outer loop
      vertex -5.35665 5.35665 10.5715
      vertex -5.6923 4.36785 11.5383
      vertex -5.07348 5.07348 11.5383
    endloop
  endfacet
  facet normal -0.609346 0.694827 0.381985
    outer loop
      vertex -4.36785 5.6923 11.5383
      vertex -5.35665 5.35665 10.5715
      vertex -5.07348 5.07348 11.5383
    endloop
  endfacet
  facet normal -0.481406 0.720465 0.499178
    outer loop
      vertex -3.58749 6.21372 11.5383
      vertex -4.04933 5.27719 12.4446
      vertex -3.32588 5.76059 12.4446
    endloop
  endfacet
  facet normal -0.4814 0.720466 0.499182
    outer loop
      vertex -3.58749 6.21372 11.5383
      vertex -4.36785 5.6923 11.5383
      vertex -4.04933 5.27719 12.4446
    endloop
  endfacet
  facet normal 0.0255212 0.128298 0.991407
    outer loop
      vertex 0.203714 1.54737 15.8463
      vertex 0.0682945 0.518748 15.9829
      vertex 0.403944 1.50754 15.8463
    endloop
  endfacet
  facet normal 0.02552 0.128298 0.991407
    outer loop
      vertex 0.403944 1.50754 15.8463
      vertex 0.0682945 0.518748 15.9829
      vertex 0.13542 0.505396 15.9829
    endloop
  endfacet
  facet normal 0.0250719 0.382516 0.923609
    outer loop
      vertex 0 3.53831 15.175
      vertex 0 2.57152 15.5754
      vertex 0.335649 2.54952 15.5754
    endloop
  endfacet
  facet normal 0.0976973 0.491163 0.865571
    outer loop
      vertex 0.580132 4.40654 14.6518
      vertex 0.461842 3.50804 15.175
      vertex 1.15034 4.29312 14.6518
    endloop
  endfacet
  facet normal -0.0726752 0.108766 0.991407
    outer loop
      vertex -0.261612 0.453126 15.9829
      vertex -0.950108 1.2382 15.8463
      vertex -0.318519 0.415102 15.9829
    endloop
  endfacet
  facet normal -0.0833763 0.245625 0.965773
    outer loop
      vertex -0.665557 2.48389 15.5754
      vertex -0.984076 2.37577 15.5754
      vertex -0.597262 1.44192 15.8463
    endloop
  endfacet
  facet normal -0.401952 0.45834 0.792691
    outer loop
      vertex -3.21107 4.18475 14.0147
      vertex -3.72982 3.72982 14.0147
      vertex -2.70568 3.52611 14.6518
    endloop
  endfacet
  facet normal -0.401954 0.458336 0.792693
    outer loop
      vertex -2.70568 3.52611 14.6518
      vertex -3.72982 3.72982 14.0147
      vertex -3.14278 3.14278 14.6518
    endloop
  endfacet
  facet normal -0.160975 0.474207 0.865572
    outer loop
      vertex -1.15034 4.29312 14.6518
      vertex -1.70086 4.10624 14.6518
      vertex -1.35405 3.26897 15.175
    endloop
  endfacet
  facet normal -0.19596 0.577269 0.792692
    outer loop
      vertex -1.36521 5.09503 14.0147
      vertex -1.70086 4.10624 14.6518
      vertex -1.15034 4.29312 14.6518
    endloop
  endfacet
  facet normal -0.128288 0.0255192 -0.991409
    outer loop
      vertex -0.518748 0.0682945 0.0171289
      vertex -1.54737 0.203714 0.153718
      vertex -1.50754 0.403944 0.153718
    endloop
  endfacet
  facet normal -0.254354 0.0505965 -0.965787
    outer loop
      vertex -1.54737 0.203714 0.153718
      vertex -2.48389 0.665557 0.42456
      vertex -1.50754 0.403944 0.153718
    endloop
  endfacet
  facet normal -0.128288 0.025518 -0.991409
    outer loop
      vertex -0.518748 0.0682945 0.0171289
      vertex -1.50754 0.403944 0.153718
      vertex -0.505396 0.13542 0.0171289
    endloop
  endfacet
  facet normal -0.232594 -0.1147 -0.965787
    outer loop
      vertex -2.227 -1.28576 0.42456
      vertex -2.37577 -0.984076 0.42456
      vertex -1.44192 -0.597262 0.153718
    endloop
  endfacet
  facet normal -0.376016 -0.0747992 -0.923589
    outer loop
      vertex -3.41774 -0.915781 0.825019
      vertex -3.50804 -0.461842 0.825019
      vertex -2.48389 -0.665557 0.42456
    endloop
  endfacet
  facet normal -0.252777 -0.288246 -0.92359
    outer loop
      vertex -1.56544 -2.04012 0.42456
      vertex -2.15399 -2.80713 0.825019
      vertex -1.81834 -1.81834 0.42456
    endloop
  endfacet
  facet normal -0.0862402 -0.0983446 -0.991409
    outer loop
      vertex -0.950108 -1.2382 0.153718
      vertex -1.1036 -1.1036 0.153718
      vertex -0.318519 -0.415102 0.0171289
    endloop
  endfacet
  facet normal -0.288242 -0.252788 -0.923588
    outer loop
      vertex -2.50196 -2.50196 0.825019
      vertex -2.80713 -2.15399 0.825019
      vertex -1.81834 -1.81834 0.42456
    endloop
  endfacet
  facet normal -0.416402 -0.278229 -0.865562
    outer loop
      vertex -2.80713 -2.15399 0.825019
      vertex -3.52611 -2.70568 1.34824
      vertex -3.06427 -1.76915 0.825019
    endloop
  endfacet
  facet normal -0.376017 -0.0748027 -0.923589
    outer loop
      vertex -2.48389 -0.665557 0.42456
      vertex -3.50804 -0.461842 0.825019
      vertex -2.54952 -0.335649 0.42456
    endloop
  endfacet
  facet normal -0.117312 -0.0578524 -0.991409
    outer loop
      vertex -0.453126 -0.261612 0.0171289
      vertex -1.44192 -0.597262 0.153718
      vertex -0.483397 -0.200229 0.0171289
    endloop
  endfacet
  facet normal -0.382564 0.025074 -0.923589
    outer loop
      vertex -2.54952 0.335649 0.42456
      vertex -3.53831 0 0.825019
      vertex -3.50804 0.461842 0.825019
    endloop
  endfacet
  facet normal -0.376017 0.0748027 -0.923589
    outer loop
      vertex -2.54952 0.335649 0.42456
      vertex -3.50804 0.461842 0.825019
      vertex -2.48389 0.665557 0.42456
    endloop
  endfacet
  facet normal -0.254405 -0.0506066 0.965773
    outer loop
      vertex -1.54737 -0.203714 15.8463
      vertex -2.48389 -0.665557 15.5754
      vertex -1.50754 -0.403944 15.8463
    endloop
  endfacet
  facet normal -0.254404 -0.0506096 0.965773
    outer loop
      vertex -1.54737 -0.203714 15.8463
      vertex -2.54952 -0.335649 15.5754
      vertex -2.48389 -0.665557 15.5754
    endloop
  endfacet
  facet normal -0.474207 -0.160969 0.865573
    outer loop
      vertex -3.41774 -0.915781 15.175
      vertex -4.29312 -1.15034 14.6518
      vertex -3.26897 -1.35405 15.175
    endloop
  endfacet
  facet normal -0.474207 -0.160975 0.865572
    outer loop
      vertex -3.26897 -1.35405 15.175
      vertex -4.29312 -1.15034 14.6518
      vertex -4.10624 -1.70086 14.6518
    endloop
  endfacet
  facet normal -0.318731 -0.212973 0.923609
    outer loop
      vertex -2.227 -1.28576 15.5754
      vertex -3.06427 -1.76915 15.175
      vertex -2.04012 -1.56544 15.5754
    endloop
  endfacet
  facet normal -0.215672 -0.144111 0.965773
    outer loop
      vertex -1.2382 -0.950108 15.8463
      vertex -2.227 -1.28576 15.5754
      vertex -2.04012 -1.56544 15.5754
    endloop
  endfacet
  facet normal 0.117321 -0.0578569 0.991407
    outer loop
      vertex 0.483397 -0.200229 15.9829
      vertex 0.453126 -0.261612 15.9829
      vertex 1.44192 -0.597262 15.8463
    endloop
  endfacet
  facet normal 0.245625 -0.0833751 0.965773
    outer loop
      vertex 1.50754 -0.403944 15.8463
      vertex 1.44192 -0.597262 15.8463
      vertex 2.48389 -0.665557 15.5754
    endloop
  endfacet
  facet normal 0.114723 -0.232641 0.965773
    outer loop
      vertex 1.28576 -2.227 15.5754
      vertex 0.597262 -1.44192 15.8463
      vertex 0.984076 -2.37577 15.5754
    endloop
  endfacet
  facet normal 0.11473 -0.232635 0.965773
    outer loop
      vertex 0.780361 -1.35162 15.8463
      vertex 0.597262 -1.44192 15.8463
      vertex 1.28576 -2.227 15.5754
    endloop
  endfacet
  facet normal 0.02552 -0.128298 0.991407
    outer loop
      vertex 0.13542 -0.505396 15.9829
      vertex 0.0682945 -0.518748 15.9829
      vertex 0.403944 -1.50754 15.8463
    endloop
  endfacet
  facet normal 0.232635 -0.11473 0.965773
    outer loop
      vertex 1.44192 -0.597262 15.8463
      vertex 1.35162 -0.780361 15.8463
      vertex 2.227 -1.28576 15.5754
    endloop
  endfacet
  facet normal 0.108767 -0.0726748 0.991407
    outer loop
      vertex 1.35162 -0.780361 15.8463
      vertex 0.453126 -0.261612 15.9829
      vertex 1.2382 -0.950108 15.8463
    endloop
  endfacet
  facet normal 0.108766 -0.0726752 0.991407
    outer loop
      vertex 0.453126 -0.261612 15.9829
      vertex 0.415102 -0.318519 15.9829
      vertex 1.2382 -0.950108 15.8463
    endloop
  endfacet
  facet normal -0.0833763 -0.245625 0.965773
    outer loop
      vertex -0.597262 -1.44192 15.8463
      vertex -0.984076 -2.37577 15.5754
      vertex -0.665557 -2.48389 15.5754
    endloop
  endfacet
  facet normal -0.252757 -0.288206 0.923608
    outer loop
      vertex -1.81834 -1.81834 15.5754
      vertex -2.50196 -2.50196 15.175
      vertex -2.15399 -2.80713 15.175
    endloop
  endfacet
  facet normal -0.195021 -0.171024 0.965773
    outer loop
      vertex -1.2382 -0.950108 15.8463
      vertex -2.04012 -1.56544 15.5754
      vertex -1.81834 -1.81834 15.5754
    endloop
  endfacet
  facet normal -0.0420466 -0.12387 0.991407
    outer loop
      vertex -0.200229 -0.483397 15.9829
      vertex -0.597262 -1.44192 15.8463
      vertex -0.403944 -1.50754 15.8463
    endloop
  endfacet
  facet normal 0.00855416 -0.130532 0.991407
    outer loop
      vertex 0 -0.523225 15.9829
      vertex 0 -1.56072 15.8463
      vertex 0.203714 -1.54737 15.8463
    endloop
  endfacet
  facet normal 0.0255212 -0.128298 0.991407
    outer loop
      vertex 0.403944 -1.50754 15.8463
      vertex 0.0682945 -0.518748 15.9829
      vertex 0.203714 -1.54737 15.8463
    endloop
  endfacet
  facet normal -0.0169651 -0.258833 0.965773
    outer loop
      vertex 0 -1.56072 15.8463
      vertex -0.335649 -2.54952 15.5754
      vertex 0 -2.57152 15.5754
    endloop
  endfacet
  facet normal -0.0250719 -0.382516 0.923609
    outer loop
      vertex 0 -2.57152 15.5754
      vertex -0.335649 -2.54952 15.5754
      vertex 0 -3.53831 15.175
    endloop
  endfacet
  facet normal -0.252745 -0.28821 0.92361
    outer loop
      vertex -1.81834 -1.81834 15.5754
      vertex -2.15399 -2.80713 15.175
      vertex -1.56544 -2.04012 15.5754
    endloop
  endfacet
  facet normal -0.171024 -0.195021 0.965773
    outer loop
      vertex -0.950108 -1.2382 15.8463
      vertex -1.81834 -1.81834 15.5754
      vertex -1.56544 -2.04012 15.5754
    endloop
  endfacet
  facet normal -0.123218 -0.362993 0.923609
    outer loop
      vertex -0.665557 -2.48389 15.5754
      vertex -1.35405 -3.26897 15.175
      vertex -0.915781 -3.41774 15.175
    endloop
  endfacet
  facet normal -0.0747898 -0.375969 0.923609
    outer loop
      vertex -0.665557 -2.48389 15.5754
      vertex -0.915781 -3.41774 15.175
      vertex -0.461842 -3.50804 15.175
    endloop
  endfacet
  facet normal -0.401952 -0.45834 0.792691
    outer loop
      vertex -2.70568 -3.52611 14.6518
      vertex -3.72982 -3.72982 14.0147
      vertex -3.21107 -4.18475 14.0147
    endloop
  endfacet
  facet normal -0.466707 -0.532179 0.706378
    outer loop
      vertex -3.21107 -4.18475 14.0147
      vertex -3.72982 -3.72982 14.0147
      vertex -3.66153 -4.7718 13.2748
    endloop
  endfacet
  facet normal -0.416405 -0.278226 -0.865562
    outer loop
      vertex -3.52611 -2.70568 1.34824
      vertex -3.8491 -2.22228 1.34824
      vertex -3.06427 -1.76915 0.825019
    endloop
  endfacet
  facet normal -0.449155 -0.221502 -0.865561
    outer loop
      vertex -3.8491 -2.22228 1.34824
      vertex -4.10624 -1.70086 1.34824
      vertex -3.06427 -1.76915 0.825019
    endloop
  endfacet
  facet normal -0.0747992 -0.376016 -0.923589
    outer loop
      vertex -0.461842 -3.50804 0.825019
      vertex -0.915781 -3.41774 0.825019
      vertex -0.665557 -2.48389 0.42456
    endloop
  endfacet
  facet normal -0.0977069 -0.491174 -0.865565
    outer loop
      vertex -0.461842 -3.50804 0.825019
      vertex -1.15034 -4.29312 1.34824
      vertex -0.915781 -3.41774 0.825019
    endloop
  endfacet
  facet normal -0.278229 -0.416402 -0.865562
    outer loop
      vertex -1.76915 -3.06427 0.825019
      vertex -2.70568 -3.52611 1.34824
      vertex -2.15399 -2.80713 0.825019
    endloop
  endfacet
  facet normal -0.330203 -0.376521 -0.865562
    outer loop
      vertex -2.70568 -3.52611 1.34824
      vertex -3.14278 -3.14278 1.34824
      vertex -2.15399 -2.80713 0.825019
    endloop
  endfacet
  facet normal 0.254354 -0.0505965 -0.965787
    outer loop
      vertex 2.48389 -0.665557 0.42456
      vertex 1.50754 -0.403944 0.153718
      vertex 1.54737 -0.203714 0.153718
    endloop
  endfacet
  facet normal 0.128288 -0.0255192 -0.991409
    outer loop
      vertex 1.50754 -0.403944 0.153718
      vertex 0.518748 -0.0682945 0.0171289
      vertex 1.54737 -0.203714 0.153718
    endloop
  endfacet
  facet normal 0.12386 -0.0420436 -0.991409
    outer loop
      vertex 1.50754 -0.403944 0.153718
      vertex 0.483397 -0.200229 0.0171289
      vertex 0.505396 -0.13542 0.0171289
    endloop
  endfacet
  facet normal 0.12386 -0.0420433 -0.991409
    outer loop
      vertex 1.44192 -0.597262 0.153718
      vertex 0.483397 -0.200229 0.0171289
      vertex 1.50754 -0.403944 0.153718
    endloop
  endfacet
  facet normal 0.245576 -0.0833584 -0.965787
    outer loop
      vertex 2.48389 -0.665557 0.42456
      vertex 1.44192 -0.597262 0.153718
      vertex 1.50754 -0.403944 0.153718
    endloop
  endfacet
  facet normal 0.025518 -0.128288 -0.991409
    outer loop
      vertex 0.403944 -1.50754 0.153718
      vertex 0.0682945 -0.518748 0.0171289
      vertex 0.13542 -0.505396 0.0171289
    endloop
  endfacet
  facet normal 0.117312 -0.0578524 -0.991409
    outer loop
      vertex 1.44192 -0.597262 0.153718
      vertex 0.453126 -0.261612 0.0171289
      vertex 0.483397 -0.200229 0.0171289
    endloop
  endfacet
  facet normal -0.025518 -0.128288 -0.991409
    outer loop
      vertex -0.0682945 -0.518748 0.0171289
      vertex -0.403944 -1.50754 0.153718
      vertex -0.13542 -0.505396 0.0171289
    endloop
  endfacet
  facet normal -0.0505995 0.254353 -0.965787
    outer loop
      vertex -0.203714 1.54737 0.153718
      vertex -0.665557 2.48389 0.42456
      vertex -0.335649 2.54952 0.42456
    endloop
  endfacet
  facet normal -0.0169588 0.258782 -0.965787
    outer loop
      vertex -0.203714 1.54737 0.153718
      vertex -0.335649 2.54952 0.42456
      vertex 0 1.56072 0.153718
    endloop
  endfacet
  facet normal -0.0862443 0.0983399 -0.991409
    outer loop
      vertex -0.369975 0.369975 0.0171289
      vertex -1.1036 1.1036 0.153718
      vertex -0.318519 0.415102 0.0171289
    endloop
  endfacet
  facet normal -0.108758 0.0726695 -0.991409
    outer loop
      vertex -0.453126 0.261612 0.0171289
      vertex -1.2382 0.950108 0.153718
      vertex -0.415102 0.318519 0.0171289
    endloop
  endfacet
  facet normal -0.0983446 0.0862402 -0.991409
    outer loop
      vertex -0.415102 0.318519 0.0171289
      vertex -1.2382 0.950108 0.153718
      vertex -1.1036 1.1036 0.153718
    endloop
  endfacet
  facet normal 0.363039 0.123232 -0.923589
    outer loop
      vertex 2.48389 0.665557 0.42456
      vertex 2.37577 0.984076 0.42456
      vertex 3.26897 1.35405 0.825019
    endloop
  endfacet
  facet normal 0.245576 0.0833597 -0.965787
    outer loop
      vertex 2.48389 0.665557 0.42456
      vertex 1.44192 0.597262 0.153718
      vertex 2.37577 0.984076 0.42456
    endloop
  endfacet
  facet normal 0.0983446 0.0862402 -0.991409
    outer loop
      vertex 1.2382 0.950108 0.153718
      vertex 0.415102 0.318519 0.0171289
      vertex 1.1036 1.1036 0.153718
    endloop
  endfacet
  facet normal 0.194986 0.170987 -0.965787
    outer loop
      vertex 1.2382 0.950108 0.153718
      vertex 1.1036 1.1036 0.153718
      vertex 1.81834 1.81834 0.42456
    endloop
  endfacet
  facet normal 0.0420436 0.12386 -0.991409
    outer loop
      vertex 0.200229 0.483397 0.0171289
      vertex 0.13542 0.505396 0.0171289
      vertex 0.403944 1.50754 0.153718
    endloop
  endfacet
  facet normal 0.1147 0.232594 -0.965787
    outer loop
      vertex 1.28576 2.227 0.42456
      vertex 0.597262 1.44192 0.153718
      vertex 0.984076 2.37577 0.42456
    endloop
  endfacet
  facet normal 0.170989 0.194983 -0.965787
    outer loop
      vertex 1.81834 1.81834 0.42456
      vertex 0.950108 1.2382 0.153718
      vertex 1.56544 2.04012 0.42456
    endloop
  endfacet
  facet normal 0.00855623 0.130521 -0.991409
    outer loop
      vertex 0.0682945 0.518748 0.0171289
      vertex 0 0.523225 0.0171289
      vertex 0.203714 1.54737 0.153718
    endloop
  endfacet
  facet normal 0.221502 0.449155 -0.865561
    outer loop
      vertex 1.76915 3.06427 0.825019
      vertex 1.70086 4.10624 1.34824
      vertex 2.22228 3.8491 1.34824
    endloop
  endfacet
  facet normal 0.169563 0.343848 -0.923589
    outer loop
      vertex 1.76915 3.06427 0.825019
      vertex 0.984076 2.37577 0.42456
      vertex 1.35405 3.26897 0.825019
    endloop
  endfacet
  facet normal 0.12386 0.0420436 -0.991409
    outer loop
      vertex 0.505396 0.13542 0.0171289
      vertex 0.483397 0.200229 0.0171289
      vertex 1.50754 0.403944 0.153718
    endloop
  endfacet
  facet normal 0.416405 -0.278226 -0.865562
    outer loop
      vertex 3.52611 -2.70568 1.34824
      vertex 3.06427 -1.76915 0.825019
      vertex 3.8491 -2.22228 1.34824
    endloop
  endfacet
  facet normal 0.449155 -0.221502 -0.865561
    outer loop
      vertex 3.8491 -2.22228 1.34824
      vertex 3.06427 -1.76915 0.825019
      vertex 4.10624 -1.70086 1.34824
    endloop
  endfacet
  facet normal 0.338663 0.506857 -0.792719
    outer loop
      vertex 2.70568 3.52611 1.34824
      vertex 2.22228 3.8491 1.34824
      vertex 3.21107 4.18475 1.98528
    endloop
  endfacet
  facet normal 0.169563 0.343849 -0.923589
    outer loop
      vertex 1.28576 2.227 0.42456
      vertex 0.984076 2.37577 0.42456
      vertex 1.76915 3.06427 0.825019
    endloop
  endfacet
  facet normal -0.76842 0.513442 0.381981
    outer loop
      vertex -6.01 4.61164 10.5715
      vertex -6.21372 3.58749 11.5383
      vertex -5.6923 4.36785 11.5383
    endloop
  endfacet
  facet normal -0.720466 0.4814 0.499182
    outer loop
      vertex -5.6923 4.36785 11.5383
      vertex -6.21372 3.58749 11.5383
      vertex -5.27719 4.04933 12.4446
    endloop
  endfacet
  facet normal -0.0983523 0.086247 0.991407
    outer loop
      vertex -1.1036 1.1036 15.8463
      vertex -1.2382 0.950108 15.8463
      vertex -0.415102 0.318519 15.9829
    endloop
  endfacet
  facet normal -0.506879 0.338688 0.792694
    outer loop
      vertex -4.18475 3.21107 14.0147
      vertex -4.56808 2.63738 14.0147
      vertex -3.8491 2.22228 14.6518
    endloop
  endfacet
  facet normal -0.546748 0.269632 0.792694
    outer loop
      vertex -4.56808 2.63738 14.0147
      vertex -4.87325 2.01857 14.0147
      vertex -3.8491 2.22228 14.6518
    endloop
  endfacet
  facet normal -0.252757 0.288206 0.923608
    outer loop
      vertex -2.15399 2.80713 15.175
      vertex -2.50196 2.50196 15.175
      vertex -1.81834 1.81834 15.5754
    endloop
  endfacet
  facet normal -0.330195 0.376505 0.865572
    outer loop
      vertex -2.15399 2.80713 15.175
      vertex -3.14278 3.14278 14.6518
      vertex -2.50196 2.50196 15.175
    endloop
  endfacet
  facet normal 0.0747933 0.37597 0.923609
    outer loop
      vertex 0.461842 3.50804 15.175
      vertex 0.335649 2.54952 15.5754
      vertex 0.665557 2.48389 15.5754
    endloop
  endfacet
  facet normal 0.0747898 0.375969 0.923609
    outer loop
      vertex 0.915781 3.41774 15.175
      vertex 0.461842 3.50804 15.175
      vertex 0.665557 2.48389 15.5754
    endloop
  endfacet
  facet normal -0.0398743 0.608315 0.792693
    outer loop
      vertex 0 5.27477 14.0147
      vertex -0.688495 5.22964 14.0147
      vertex -0.580132 4.40654 14.6518
    endloop
  endfacet
  facet normal -0.118934 0.597907 0.792693
    outer loop
      vertex -0.688495 5.22964 14.0147
      vertex -1.36521 5.09503 14.0147
      vertex -0.580132 4.40654 14.6518
    endloop
  endfacet
  facet normal -0.0578569 0.117321 0.991407
    outer loop
      vertex -0.200229 0.483397 15.9829
      vertex -0.597262 1.44192 15.8463
      vertex -0.261612 0.453126 15.9829
    endloop
  endfacet
  facet normal -0.0420466 0.12387 0.991407
    outer loop
      vertex -0.403944 1.50754 15.8463
      vertex -0.597262 1.44192 15.8463
      vertex -0.200229 0.483397 15.9829
    endloop
  endfacet
  facet normal -0.144111 0.215672 0.965773
    outer loop
      vertex -1.28576 2.227 15.5754
      vertex -1.56544 2.04012 15.5754
      vertex -0.950108 1.2382 15.8463
    endloop
  endfacet
  facet normal -0.212968 0.318732 0.923609
    outer loop
      vertex -1.76915 3.06427 15.175
      vertex -2.15399 2.80713 15.175
      vertex -1.56544 2.04012 15.5754
    endloop
  endfacet
  facet normal -0.0983477 0.0862511 0.991407
    outer loop
      vertex -0.369975 0.369975 15.9829
      vertex -1.1036 1.1036 15.8463
      vertex -0.415102 0.318519 15.9829
    endloop
  endfacet
  facet normal -0.0862511 0.0983477 0.991407
    outer loop
      vertex -0.318519 0.415102 15.9829
      vertex -1.1036 1.1036 15.8463
      vertex -0.369975 0.369975 15.9829
    endloop
  endfacet
  facet normal -0.108758 -0.0726695 -0.991409
    outer loop
      vertex -0.415102 -0.318519 0.0171289
      vertex -1.2382 -0.950108 0.153718
      vertex -0.453126 -0.261612 0.0171289
    endloop
  endfacet
  facet normal -0.0833584 -0.245576 -0.965787
    outer loop
      vertex -0.403944 -1.50754 0.153718
      vertex -0.665557 -2.48389 0.42456
      vertex -0.597262 -1.44192 0.153718
    endloop
  endfacet
  facet normal -0.0833597 -0.245576 -0.965787
    outer loop
      vertex -0.665557 -2.48389 0.42456
      vertex -0.984076 -2.37577 0.42456
      vertex -0.597262 -1.44192 0.153718
    endloop
  endfacet
  facet normal -0.318772 -0.212995 -0.923589
    outer loop
      vertex -2.80713 -2.15399 0.825019
      vertex -3.06427 -1.76915 0.825019
      vertex -2.04012 -1.56544 0.42456
    endloop
  endfacet
  facet normal -0.215629 -0.144082 -0.965787
    outer loop
      vertex -2.04012 -1.56544 0.42456
      vertex -2.227 -1.28576 0.42456
      vertex -1.2382 -0.950108 0.153718
    endloop
  endfacet
  facet normal -0.170987 -0.194986 -0.965787
    outer loop
      vertex -0.950108 -1.2382 0.153718
      vertex -1.81834 -1.81834 0.42456
      vertex -1.1036 -1.1036 0.153718
    endloop
  endfacet
  facet normal -0.194986 -0.170987 -0.965787
    outer loop
      vertex -1.1036 -1.1036 0.153718
      vertex -1.81834 -1.81834 0.42456
      vertex -1.2382 -0.950108 0.153718
    endloop
  endfacet
  facet normal -0.144082 -0.215629 -0.965787
    outer loop
      vertex -1.28576 -2.227 0.42456
      vertex -1.56544 -2.04012 0.42456
      vertex -0.950108 -1.2382 0.153718
    endloop
  endfacet
  facet normal -0.213 -0.318771 -0.923589
    outer loop
      vertex -1.28576 -2.227 0.42456
      vertex -1.76915 -3.06427 0.825019
      vertex -1.56544 -2.04012 0.42456
    endloop
  endfacet
  facet normal 0 0 -1
    outer loop
      vertex 0.518748 -0.0682945 0.0171289
      vertex 0.518748 0.0682945 0.0171289
      vertex 0.523225 0 0.0171289
    endloop
  endfacet
  facet normal 0 0 -1
    outer loop
      vertex 0.505396 -0.13542 0.0171289
      vertex 0.518748 0.0682945 0.0171289
      vertex 0.518748 -0.0682945 0.0171289
    endloop
  endfacet
  facet normal 0 0 -1
    outer loop
      vertex 0.505396 -0.13542 0.0171289
      vertex 0.505396 0.13542 0.0171289
      vertex 0.518748 0.0682945 0.0171289
    endloop
  endfacet
  facet normal 0 0 -1
    outer loop
      vertex 0.483397 -0.200229 0.0171289
      vertex 0.505396 0.13542 0.0171289
      vertex 0.505396 -0.13542 0.0171289
    endloop
  endfacet
  facet normal 0 0 -1
    outer loop
      vertex 0.483397 -0.200229 0.0171289
      vertex 0.483397 0.200229 0.0171289
      vertex 0.505396 0.13542 0.0171289
    endloop
  endfacet
  facet normal 0 0 -1
    outer loop
      vertex 0.453126 -0.261612 0.0171289
      vertex 0.483397 0.200229 0.0171289
      vertex 0.483397 -0.200229 0.0171289
    endloop
  endfacet
  facet normal 0 0 -1
    outer loop
      vertex 0.453126 -0.261612 0.0171289
      vertex 0.453126 0.261612 0.0171289
      vertex 0.483397 0.200229 0.0171289
    endloop
  endfacet
  facet normal 0 0 -1
    outer loop
      vertex 0.415102 -0.318519 0.0171289
      vertex 0.453126 0.261612 0.0171289
      vertex 0.453126 -0.261612 0.0171289
    endloop
  endfacet
  facet normal 0 0 -1
    outer loop
      vertex 0.415102 -0.318519 0.0171289
      vertex 0.415102 0.318519 0.0171289
      vertex 0.453126 0.261612 0.0171289
    endloop
  endfacet
  facet normal 0 0 -1
    outer loop
      vertex 0.369975 -0.369975 0.0171289
      vertex 0.415102 0.318519 0.0171289
      vertex 0.415102 -0.318519 0.0171289
    endloop
  endfacet
  facet normal 0 0 -1
    outer loop
      vertex 0.369975 -0.369975 0.0171289
      vertex 0.369975 0.369975 0.0171289
      vertex 0.415102 0.318519 0.0171289
    endloop
  endfacet
  facet normal 0 0 -1
    outer loop
      vertex 0.318519 -0.415102 0.0171289
      vertex 0.369975 0.369975 0.0171289
      vertex 0.369975 -0.369975 0.0171289
    endloop
  endfacet
  facet normal 0 0 -1
    outer loop
      vertex 0.318519 -0.415102 0.0171289
      vertex 0.318519 0.415102 0.0171289
      vertex 0.369975 0.369975 0.0171289
    endloop
  endfacet
  facet normal 0 0 -1
    outer loop
      vertex 0.261612 -0.453126 0.0171289
      vertex 0.318519 0.415102 0.0171289
      vertex 0.318519 -0.415102 0.0171289
    endloop
  endfacet
  facet normal 0 0 -1
    outer loop
      vertex 0.261612 -0.453126 0.0171289
      vertex 0.261612 0.453126 0.0171289
      vertex 0.318519 0.415102 0.0171289
    endloop
  endfacet
  facet normal 0 0 -1
    outer loop
      vertex 0.200229 -0.483397 0.0171289
      vertex 0.261612 0.453126 0.0171289
      vertex 0.261612 -0.453126 0.0171289
    endloop
  endfacet
  facet normal 0 0 -1
    outer loop
      vertex 0.200229 -0.483397 0.0171289
      vertex 0.200229 0.483397 0.0171289
      vertex 0.261612 0.453126 0.0171289
    endloop
  endfacet
  facet normal 0 0 -1
    outer loop
      vertex 0.13542 -0.505396 0.0171289
      vertex 0.200229 0.483397 0.0171289
      vertex 0.200229 -0.483397 0.0171289
    endloop
  endfacet
  facet normal 0 0 -1
    outer loop
      vertex 0.13542 -0.505396 0.0171289
      vertex 0.13542 0.505396 0.0171289
      vertex 0.200229 0.483397 0.0171289
    endloop
  endfacet
  facet normal 0 0 -1
    outer loop
      vertex 0.0682945 -0.518748 0.0171289
      vertex 0.13542 0.505396 0.0171289
      vertex 0.13542 -0.505396 0.0171289
    endloop
  endfacet
  facet normal 0 0 -1
    outer loop
      vertex 0.0682945 -0.518748 0.0171289
      vertex 0.0682945 0.518748 0.0171289
      vertex 0.13542 0.505396 0.0171289
    endloop
  endfacet
  facet normal 0 0 -1
    outer loop
      vertex 0 -0.523225 0.0171289
      vertex 0.0682945 0.518748 0.0171289
      vertex 0.0682945 -0.518748 0.0171289
    endloop
  endfacet
  facet normal 0 0 -1
    outer loop
      vertex 0 -0.523225 0.0171289
      vertex 0 0.523225 0.0171289
      vertex 0.0682945 0.518748 0.0171289
    endloop
  endfacet
  facet normal 0 0 -1
    outer loop
      vertex -0.0682945 -0.518748 0.0171289
      vertex 0 0.523225 0.0171289
      vertex 0 -0.523225 0.0171289
    endloop
  endfacet
  facet normal 0 0 -1
    outer loop
      vertex -0.0682945 -0.518748 0.0171289
      vertex -0.0682945 0.518748 0.0171289
      vertex 0 0.523225 0.0171289
    endloop
  endfacet
  facet normal 0 0 -1
    outer loop
      vertex -0.13542 -0.505396 0.0171289
      vertex -0.0682945 0.518748 0.0171289
      vertex -0.0682945 -0.518748 0.0171289
    endloop
  endfacet
  facet normal 0 0 -1
    outer loop
      vertex -0.13542 -0.505396 0.0171289
      vertex -0.13542 0.505396 0.0171289
      vertex -0.0682945 0.518748 0.0171289
    endloop
  endfacet
  facet normal 0 0 -1
    outer loop
      vertex -0.200229 -0.483397 0.0171289
      vertex -0.13542 0.505396 0.0171289
      vertex -0.13542 -0.505396 0.0171289
    endloop
  endfacet
  facet normal 0 0 -1
    outer loop
      vertex -0.200229 -0.483397 0.0171289
      vertex -0.200229 0.483397 0.0171289
      vertex -0.13542 0.505396 0.0171289
    endloop
  endfacet
  facet normal 0 0 -1
    outer loop
      vertex -0.261612 -0.453126 0.0171289
      vertex -0.200229 0.483397 0.0171289
      vertex -0.200229 -0.483397 0.0171289
    endloop
  endfacet
  facet normal 0 0 -1
    outer loop
      vertex -0.261612 -0.453126 0.0171289
      vertex -0.261612 0.453126 0.0171289
      vertex -0.200229 0.483397 0.0171289
    endloop
  endfacet
  facet normal 0 0 -1
    outer loop
      vertex -0.318519 -0.415102 0.0171289
      vertex -0.261612 0.453126 0.0171289
      vertex -0.261612 -0.453126 0.0171289
    endloop
  endfacet
  facet normal 0 0 -1
    outer loop
      vertex -0.318519 -0.415102 0.0171289
      vertex -0.318519 0.415102 0.0171289
      vertex -0.261612 0.453126 0.0171289
    endloop
  endfacet
  facet normal 0 0 -1
    outer loop
      vertex -0.369975 -0.369975 0.0171289
      vertex -0.318519 0.415102 0.0171289
      vertex -0.318519 -0.415102 0.0171289
    endloop
  endfacet
  facet normal 0 0 -1
    outer loop
      vertex -0.369975 -0.369975 0.0171289
      vertex -0.369975 0.369975 0.0171289
      vertex -0.318519 0.415102 0.0171289
    endloop
  endfacet
  facet normal 0 0 -1
    outer loop
      vertex -0.415102 -0.318519 0.0171289
      vertex -0.369975 0.369975 0.0171289
      vertex -0.369975 -0.369975 0.0171289
    endloop
  endfacet
  facet normal 0 0 -1
    outer loop
      vertex -0.415102 -0.318519 0.0171289
      vertex -0.415102 0.318519 0.0171289
      vertex -0.369975 0.369975 0.0171289
    endloop
  endfacet
  facet normal 0 0 -1
    outer loop
      vertex -0.453126 -0.261612 0.0171289
      vertex -0.415102 0.318519 0.0171289
      vertex -0.415102 -0.318519 0.0171289
    endloop
  endfacet
  facet normal 0 0 -1
    outer loop
      vertex -0.453126 -0.261612 0.0171289
      vertex -0.453126 0.261612 0.0171289
      vertex -0.415102 0.318519 0.0171289
    endloop
  endfacet
  facet normal 0 0 -1
    outer loop
      vertex -0.483397 -0.200229 0.0171289
      vertex -0.453126 0.261612 0.0171289
      vertex -0.453126 -0.261612 0.0171289
    endloop
  endfacet
  facet normal 0 0 -1
    outer loop
      vertex -0.483397 -0.200229 0.0171289
      vertex -0.483397 0.200229 0.0171289
      vertex -0.453126 0.261612 0.0171289
    endloop
  endfacet
  facet normal 0 0 -1
    outer loop
      vertex -0.505396 -0.13542 0.0171289
      vertex -0.483397 0.200229 0.0171289
      vertex -0.483397 -0.200229 0.0171289
    endloop
  endfacet
  facet normal 0 0 -1
    outer loop
      vertex -0.505396 -0.13542 0.0171289
      vertex -0.505396 0.13542 0.0171289
      vertex -0.483397 0.200229 0.0171289
    endloop
  endfacet
  facet normal 0 0 -1
    outer loop
      vertex -0.518748 -0.0682945 0.0171289
      vertex -0.505396 0.13542 0.0171289
      vertex -0.505396 -0.13542 0.0171289
    endloop
  endfacet
  facet normal 0 0 -1
    outer loop
      vertex -0.518748 -0.0682945 0.0171289
      vertex -0.518748 0.0682945 0.0171289
      vertex -0.505396 0.13542 0.0171289
    endloop
  endfacet
  facet normal 0 -0 -1
    outer loop
      vertex -0.518748 0.0682945 0.0171289
      vertex -0.518748 -0.0682945 0.0171289
      vertex -0.523225 0 0.0171289
    endloop
  endfacet
  facet normal -0.12386 -0.0420436 -0.991409
    outer loop
      vertex -0.483397 -0.200229 0.0171289
      vertex -1.50754 -0.403944 0.153718
      vertex -0.505396 -0.13542 0.0171289
    endloop
  endfacet
  facet normal -0.215631 -0.144078 -0.965787
    outer loop
      vertex -1.2382 -0.950108 0.153718
      vertex -2.227 -1.28576 0.42456
      vertex -1.35162 -0.780361 0.153718
    endloop
  endfacet
  facet normal -0.232588 -0.114707 -0.965787
    outer loop
      vertex -1.35162 -0.780361 0.153718
      vertex -2.227 -1.28576 0.42456
      vertex -1.44192 -0.597262 0.153718
    endloop
  endfacet
  facet normal -0.363039 -0.123232 -0.923589
    outer loop
      vertex -2.37577 -0.984076 0.42456
      vertex -3.26897 -1.35405 0.825019
      vertex -2.48389 -0.665557 0.42456
    endloop
  endfacet
  facet normal -0.363039 -0.123233 -0.923589
    outer loop
      vertex -3.26897 -1.35405 0.825019
      vertex -3.41774 -0.915781 0.825019
      vertex -2.48389 -0.665557 0.42456
    endloop
  endfacet
  facet normal -0.382564 0.025075 -0.923589
    outer loop
      vertex -2.57152 0 0.42456
      vertex -3.53831 0 0.825019
      vertex -2.54952 0.335649 0.42456
    endloop
  endfacet
  facet normal -0.258781 0.0169617 -0.965787
    outer loop
      vertex -1.56072 0 0.153718
      vertex -2.57152 0 0.42456
      vertex -2.54952 0.335649 0.42456
    endloop
  endfacet
  facet normal 0.0726748 -0.108767 0.991407
    outer loop
      vertex 0.950108 -1.2382 15.8463
      vertex 0.261612 -0.453126 15.9829
      vertex 0.780361 -1.35162 15.8463
    endloop
  endfacet
  facet normal 0.11732 -0.0578596 0.991407
    outer loop
      vertex 1.44192 -0.597262 15.8463
      vertex 0.453126 -0.261612 15.9829
      vertex 1.35162 -0.780361 15.8463
    endloop
  endfacet
  facet normal -0.0726752 -0.108766 0.991407
    outer loop
      vertex -0.318519 -0.415102 15.9829
      vertex -0.950108 -1.2382 15.8463
      vertex -0.261612 -0.453126 15.9829
    endloop
  endfacet
  facet normal -0.0420469 -0.12387 0.991407
    outer loop
      vertex -0.200229 -0.483397 15.9829
      vertex -0.403944 -1.50754 15.8463
      vertex -0.13542 -0.505396 15.9829
    endloop
  endfacet
  facet normal -0.02552 -0.128298 0.991407
    outer loop
      vertex -0.13542 -0.505396 15.9829
      vertex -0.403944 -1.50754 15.8463
      vertex -0.0682945 -0.518748 15.9829
    endloop
  endfacet
  facet normal 0.0085569 -0.130531 0.991407
    outer loop
      vertex 0.0682945 -0.518748 15.9829
      vertex 0 -0.523225 15.9829
      vertex 0.203714 -1.54737 15.8463
    endloop
  endfacet
  facet normal -0.393255 -0.588544 0.706376
    outer loop
      vertex -2.63738 -4.56808 14.0147
      vertex -3.21107 -4.18475 14.0147
      vertex -3.00736 -5.2089 13.2748
    endloop
  endfacet
  facet normal -0.31307 -0.634839 0.706376
    outer loop
      vertex -2.63738 -4.56808 14.0147
      vertex -3.00736 -5.2089 13.2748
      vertex -2.30173 -5.55688 13.2748
    endloop
  endfacet
  facet normal 0.128288 -0.025518 -0.991409
    outer loop
      vertex 1.50754 -0.403944 0.153718
      vertex 0.505396 -0.13542 0.0171289
      vertex 0.518748 -0.0682945 0.0171289
    endloop
  endfacet
  facet normal 0.232588 -0.114707 -0.965787
    outer loop
      vertex 2.227 -1.28576 0.42456
      vertex 1.35162 -0.780361 0.153718
      vertex 1.44192 -0.597262 0.153718
    endloop
  endfacet
  facet normal 0.215631 -0.144078 -0.965787
    outer loop
      vertex 2.227 -1.28576 0.42456
      vertex 1.2382 -0.950108 0.153718
      vertex 1.35162 -0.780361 0.153718
    endloop
  endfacet
  facet normal 0.0578524 -0.117312 -0.991409
    outer loop
      vertex 0.597262 -1.44192 0.153718
      vertex 0.200229 -0.483397 0.0171289
      vertex 0.261612 -0.453126 0.0171289
    endloop
  endfacet
  facet normal 0.0420433 -0.12386 -0.991409
    outer loop
      vertex 0.403944 -1.50754 0.153718
      vertex 0.200229 -0.483397 0.0171289
      vertex 0.597262 -1.44192 0.153718
    endloop
  endfacet
  facet normal 0.0255192 -0.128288 -0.991409
    outer loop
      vertex 0.203714 -1.54737 0.153718
      vertex 0.0682945 -0.518748 0.0171289
      vertex 0.403944 -1.50754 0.153718
    endloop
  endfacet
  facet normal 0.00855623 -0.130521 -0.991409
    outer loop
      vertex 0.203714 -1.54737 0.153718
      vertex 0 -0.523225 0.0171289
      vertex 0.0682945 -0.518748 0.0171289
    endloop
  endfacet
  facet normal 0.0983446 -0.0862402 -0.991409
    outer loop
      vertex 1.1036 -1.1036 0.153718
      vertex 0.415102 -0.318519 0.0171289
      vertex 1.2382 -0.950108 0.153718
    endloop
  endfacet
  facet normal 0.0983399 -0.0862443 -0.991409
    outer loop
      vertex 1.1036 -1.1036 0.153718
      vertex 0.369975 -0.369975 0.0171289
      vertex 0.415102 -0.318519 0.0171289
    endloop
  endfacet
  facet normal 0.0862402 -0.0983446 -0.991409
    outer loop
      vertex 0.950108 -1.2382 0.153718
      vertex 0.318519 -0.415102 0.0171289
      vertex 1.1036 -1.1036 0.153718
    endloop
  endfacet
  facet normal -0.0420436 0.12386 -0.991409
    outer loop
      vertex -0.200229 0.483397 0.0171289
      vertex -0.403944 1.50754 0.153718
      vertex -0.13542 0.505396 0.0171289
    endloop
  endfacet
  facet normal -0.0255192 0.128288 -0.991409
    outer loop
      vertex -0.0682945 0.518748 0.0171289
      vertex -0.403944 1.50754 0.153718
      vertex -0.203714 1.54737 0.153718
    endloop
  endfacet
  facet normal -0.0505965 0.254354 -0.965787
    outer loop
      vertex -0.403944 1.50754 0.153718
      vertex -0.665557 2.48389 0.42456
      vertex -0.203714 1.54737 0.153718
    endloop
  endfacet
  facet normal 0.343849 0.169563 -0.923589
    outer loop
      vertex 2.37577 0.984076 0.42456
      vertex 2.227 1.28576 0.42456
      vertex 3.06427 1.76915 0.825019
    endloop
  endfacet
  facet normal 0.232594 0.1147 -0.965787
    outer loop
      vertex 2.37577 0.984076 0.42456
      vertex 1.44192 0.597262 0.153718
      vertex 2.227 1.28576 0.42456
    endloop
  endfacet
  facet normal 0.0983399 0.0862443 -0.991409
    outer loop
      vertex 0.415102 0.318519 0.0171289
      vertex 0.369975 0.369975 0.0171289
      vertex 1.1036 1.1036 0.153718
    endloop
  endfacet
  facet normal 0.108758 0.0726691 -0.991409
    outer loop
      vertex 1.35162 0.780361 0.153718
      vertex 0.453126 0.261612 0.0171289
      vertex 1.2382 0.950108 0.153718
    endloop
  endfacet
  facet normal 0.025518 0.128288 -0.991409
    outer loop
      vertex 0.13542 0.505396 0.0171289
      vertex 0.0682945 0.518748 0.0171289
      vertex 0.403944 1.50754 0.153718
    endloop
  endfacet
  facet normal 0.0420433 0.12386 -0.991409
    outer loop
      vertex 0.597262 1.44192 0.153718
      vertex 0.200229 0.483397 0.0171289
      vertex 0.403944 1.50754 0.153718
    endloop
  endfacet
  facet normal 0.0862402 0.0983446 -0.991409
    outer loop
      vertex 1.1036 1.1036 0.153718
      vertex 0.318519 0.415102 0.0171289
      vertex 0.950108 1.2382 0.153718
    endloop
  endfacet
  facet normal 0.0862443 0.0983399 -0.991409
    outer loop
      vertex 0.369975 0.369975 0.0171289
      vertex 0.318519 0.415102 0.0171289
      vertex 1.1036 1.1036 0.153718
    endloop
  endfacet
  facet normal 0.0255192 0.128288 -0.991409
    outer loop
      vertex 0.403944 1.50754 0.153718
      vertex 0.0682945 0.518748 0.0171289
      vertex 0.203714 1.54737 0.153718
    endloop
  endfacet
  facet normal 0.0505965 0.254354 -0.965787
    outer loop
      vertex 0.403944 1.50754 0.153718
      vertex 0.203714 1.54737 0.153718
      vertex 0.665557 2.48389 0.42456
    endloop
  endfacet
  facet normal 0.278226 0.416405 -0.865562
    outer loop
      vertex 2.70568 3.52611 1.34824
      vertex 1.76915 3.06427 0.825019
      vertex 2.22228 3.8491 1.34824
    endloop
  endfacet
  facet normal 0.278229 0.416402 -0.865562
    outer loop
      vertex 2.15399 2.80713 0.825019
      vertex 1.76915 3.06427 0.825019
      vertex 2.70568 3.52611 1.34824
    endloop
  endfacet
  facet normal -0.0747898 0.375969 0.923609
    outer loop
      vertex -0.461842 3.50804 15.175
      vertex -0.915781 3.41774 15.175
      vertex -0.665557 2.48389 15.5754
    endloop
  endfacet
  facet normal -0.0747933 0.37597 0.923609
    outer loop
      vertex -0.461842 3.50804 15.175
      vertex -0.665557 2.48389 15.5754
      vertex -0.335649 2.54952 15.5754
    endloop
  endfacet
  facet normal -0.0578596 0.11732 0.991407
    outer loop
      vertex -0.597262 1.44192 15.8463
      vertex -0.780361 1.35162 15.8463
      vertex -0.261612 0.453126 15.9829
    endloop
  endfacet
  facet normal -0.114723 0.232641 0.965773
    outer loop
      vertex -0.984076 2.37577 15.5754
      vertex -1.28576 2.227 15.5754
      vertex -0.597262 1.44192 15.8463
    endloop
  endfacet
  facet normal -0.0862443 -0.0983399 -0.991409
    outer loop
      vertex -0.318519 -0.415102 0.0171289
      vertex -1.1036 -1.1036 0.153718
      vertex -0.369975 -0.369975 0.0171289
    endloop
  endfacet
  facet normal -0.0983399 -0.0862443 -0.991409
    outer loop
      vertex -0.369975 -0.369975 0.0171289
      vertex -1.1036 -1.1036 0.153718
      vertex -0.415102 -0.318519 0.0171289
    endloop
  endfacet
  facet normal -0.0983446 -0.0862402 -0.991409
    outer loop
      vertex -1.1036 -1.1036 0.153718
      vertex -1.2382 -0.950108 0.153718
      vertex -0.415102 -0.318519 0.0171289
    endloop
  endfacet
  facet normal -0.0726691 -0.108758 -0.991409
    outer loop
      vertex -0.780361 -1.35162 0.153718
      vertex -0.950108 -1.2382 0.153718
      vertex -0.261612 -0.453126 0.0171289
    endloop
  endfacet
  facet normal -0.1147 -0.232594 -0.965787
    outer loop
      vertex -0.984076 -2.37577 0.42456
      vertex -1.28576 -2.227 0.42456
      vertex -0.597262 -1.44192 0.153718
    endloop
  endfacet
  facet normal -0.12386 -0.0420433 -0.991409
    outer loop
      vertex -1.44192 -0.597262 0.153718
      vertex -1.50754 -0.403944 0.153718
      vertex -0.483397 -0.200229 0.0171289
    endloop
  endfacet
  facet normal -0.254354 -0.0505965 -0.965787
    outer loop
      vertex -1.50754 -0.403944 0.153718
      vertex -2.48389 -0.665557 0.42456
      vertex -1.54737 -0.203714 0.153718
    endloop
  endfacet
  facet normal -0.128288 -0.025518 -0.991409
    outer loop
      vertex -0.505396 -0.13542 0.0171289
      vertex -1.50754 -0.403944 0.153718
      vertex -0.518748 -0.0682945 0.0171289
    endloop
  endfacet
  facet normal -0.318771 -0.213 -0.923589
    outer loop
      vertex -2.04012 -1.56544 0.42456
      vertex -3.06427 -1.76915 0.825019
      vertex -2.227 -1.28576 0.42456
    endloop
  endfacet
  facet normal -0.343849 -0.169563 -0.923589
    outer loop
      vertex -2.227 -1.28576 0.42456
      vertex -3.06427 -1.76915 0.825019
      vertex -2.37577 -0.984076 0.42456
    endloop
  endfacet
  facet normal 0.144107 -0.215674 0.965773
    outer loop
      vertex 0.950108 -1.2382 15.8463
      vertex 0.780361 -1.35162 15.8463
      vertex 1.28576 -2.227 15.5754
    endloop
  endfacet
  facet normal 0.144111 -0.215672 0.965773
    outer loop
      vertex 1.56544 -2.04012 15.5754
      vertex 0.950108 -1.2382 15.8463
      vertex 1.28576 -2.227 15.5754
    endloop
  endfacet
  facet normal 0.0578569 -0.117321 0.991407
    outer loop
      vertex 0.261612 -0.453126 15.9829
      vertex 0.200229 -0.483397 15.9829
      vertex 0.597262 -1.44192 15.8463
    endloop
  endfacet
  facet normal 0.0578596 -0.11732 0.991407
    outer loop
      vertex 0.780361 -1.35162 15.8463
      vertex 0.261612 -0.453126 15.9829
      vertex 0.597262 -1.44192 15.8463
    endloop
  endfacet
  facet normal 0.0862511 -0.0983477 0.991407
    outer loop
      vertex 0.369975 -0.369975 15.9829
      vertex 0.318519 -0.415102 15.9829
      vertex 1.1036 -1.1036 15.8463
    endloop
  endfacet
  facet normal 0.12387 -0.0420466 0.991407
    outer loop
      vertex 1.50754 -0.403944 15.8463
      vertex 0.483397 -0.200229 15.9829
      vertex 1.44192 -0.597262 15.8463
    endloop
  endfacet
  facet normal 0.12387 -0.0420469 0.991407
    outer loop
      vertex 0.505396 -0.13542 15.9829
      vertex 0.483397 -0.200229 15.9829
      vertex 1.50754 -0.403944 15.8463
    endloop
  endfacet
  facet normal -0.0085569 -0.130531 0.991407
    outer loop
      vertex -0.0682945 -0.518748 15.9829
      vertex -0.203714 -1.54737 15.8463
      vertex 0 -0.523225 15.9829
    endloop
  endfacet
  facet normal -0.00855416 -0.130532 0.991407
    outer loop
      vertex 0 -0.523225 15.9829
      vertex -0.203714 -1.54737 15.8463
      vertex 0 -1.56072 15.8463
    endloop
  endfacet
  facet normal -0.269632 -0.546748 0.792694
    outer loop
      vertex -2.22228 -3.8491 14.6518
      vertex -2.63738 -4.56808 14.0147
      vertex -2.01857 -4.87325 14.0147
    endloop
  endfacet
  facet normal -0.313075 -0.634839 0.706373
    outer loop
      vertex -2.01857 -4.87325 14.0147
      vertex -2.63738 -4.56808 14.0147
      vertex -2.30173 -5.55688 13.2748
    endloop
  endfacet
  facet normal 0.117311 -0.057855 -0.991409
    outer loop
      vertex 1.35162 -0.780361 0.153718
      vertex 0.453126 -0.261612 0.0171289
      vertex 1.44192 -0.597262 0.153718
    endloop
  endfacet
  facet normal 0.108758 -0.0726691 -0.991409
    outer loop
      vertex 1.2382 -0.950108 0.153718
      vertex 0.453126 -0.261612 0.0171289
      vertex 1.35162 -0.780361 0.153718
    endloop
  endfacet
  facet normal 0.0862443 -0.0983399 -0.991409
    outer loop
      vertex 1.1036 -1.1036 0.153718
      vertex 0.318519 -0.415102 0.0171289
      vertex 0.369975 -0.369975 0.0171289
    endloop
  endfacet
  facet normal 0.215631 0.144078 -0.965787
    outer loop
      vertex 1.35162 0.780361 0.153718
      vertex 1.2382 0.950108 0.153718
      vertex 2.227 1.28576 0.42456
    endloop
  endfacet
  facet normal 0.232588 0.114707 -0.965787
    outer loop
      vertex 1.44192 0.597262 0.153718
      vertex 1.35162 0.780361 0.153718
      vertex 2.227 1.28576 0.42456
    endloop
  endfacet
  facet normal 0.108758 0.0726695 -0.991409
    outer loop
      vertex 0.453126 0.261612 0.0171289
      vertex 0.415102 0.318519 0.0171289
      vertex 1.2382 0.950108 0.153718
    endloop
  endfacet
  facet normal 0.0726691 0.108758 -0.991409
    outer loop
      vertex 0.950108 1.2382 0.153718
      vertex 0.261612 0.453126 0.0171289
      vertex 0.780361 1.35162 0.153718
    endloop
  endfacet
  facet normal 0.0726695 0.108758 -0.991409
    outer loop
      vertex 0.318519 0.415102 0.0171289
      vertex 0.261612 0.453126 0.0171289
      vertex 0.950108 1.2382 0.153718
    endloop
  endfacet
  facet normal -0.144107 0.215674 0.965773
    outer loop
      vertex -0.780361 1.35162 15.8463
      vertex -1.28576 2.227 15.5754
      vertex -0.950108 1.2382 15.8463
    endloop
  endfacet
  facet normal -0.0726748 0.108767 0.991407
    outer loop
      vertex -0.780361 1.35162 15.8463
      vertex -0.950108 1.2382 15.8463
      vertex -0.261612 0.453126 15.9829
    endloop
  endfacet
  facet normal -0.0726695 -0.108758 -0.991409
    outer loop
      vertex -0.261612 -0.453126 0.0171289
      vertex -0.950108 -1.2382 0.153718
      vertex -0.318519 -0.415102 0.0171289
    endloop
  endfacet
  facet normal -0.114707 -0.232588 -0.965787
    outer loop
      vertex -0.597262 -1.44192 0.153718
      vertex -1.28576 -2.227 0.42456
      vertex -0.780361 -1.35162 0.153718
    endloop
  endfacet
  facet normal -0.144078 -0.215631 -0.965787
    outer loop
      vertex -0.780361 -1.35162 0.153718
      vertex -1.28576 -2.227 0.42456
      vertex -0.950108 -1.2382 0.153718
    endloop
  endfacet
  facet normal -0.258782 -0.0169588 -0.965787
    outer loop
      vertex -1.54737 -0.203714 0.153718
      vertex -2.54952 -0.335649 0.42456
      vertex -1.56072 0 0.153718
    endloop
  endfacet
  facet normal -0.130522 -0.00855348 -0.991409
    outer loop
      vertex -1.54737 -0.203714 0.153718
      vertex -1.56072 0 0.153718
      vertex -0.523225 0 0.0171289
    endloop
  endfacet
  facet normal 0.086247 -0.0983523 0.991407
    outer loop
      vertex 1.1036 -1.1036 15.8463
      vertex 0.318519 -0.415102 15.9829
      vertex 0.950108 -1.2382 15.8463
    endloop
  endfacet
  facet normal 0.171021 -0.195025 0.965773
    outer loop
      vertex 1.1036 -1.1036 15.8463
      vertex 0.950108 -1.2382 15.8463
      vertex 1.81834 -1.81834 15.5754
    endloop
  endfacet
  facet normal 0.0578524 0.117312 -0.991409
    outer loop
      vertex 0.261612 0.453126 0.0171289
      vertex 0.200229 0.483397 0.0171289
      vertex 0.597262 1.44192 0.153718
    endloop
  endfacet
  facet normal -0.128288 -0.0255192 -0.991409
    outer loop
      vertex -1.50754 -0.403944 0.153718
      vertex -1.54737 -0.203714 0.153718
      vertex -0.518748 -0.0682945 0.0171289
    endloop
  endfacet
  facet normal -0.130521 -0.00855623 -0.991409
    outer loop
      vertex -0.518748 -0.0682945 0.0171289
      vertex -1.54737 -0.203714 0.153718
      vertex -0.523225 0 0.0171289
    endloop
  endfacet
  facet normal 0 0 -1
    outer loop
      vertex 5.84 -1.64577 13.2
      vertex 6 -0.893821 13.2
      vertex 5.86519 -1.57157 13.2
    endloop
  endfacet
  facet normal -0 0 -1
    outer loop
      vertex 6 -0.893821 13.2
      vertex 5.84 -1.64577 13.2
      vertex 6 0.893821 13.2
    endloop
  endfacet
  facet normal 0 0 -1
    outer loop
      vertex 5.84 1.64577 13.2
      vertex 6 0.893821 13.2
      vertex 5.84 -1.64577 13.2
    endloop
  endfacet
  facet normal 0 0 -1
    outer loop
      vertex 6 0.893821 13.2
      vertex 5.84 1.64577 13.2
      vertex 5.86519 1.57157 13.2
    endloop
  endfacet
  facet normal 0 0 -1
    outer loop
      vertex 5.65186 -2.2 13.2
      vertex 5.84 1.64577 13.2
      vertex 5.84 -1.64577 13.2
    endloop
  endfacet
  facet normal 0 0 -1
    outer loop
      vertex 5.65186 -2.2 13.2
      vertex 5.65186 2.2 13.2
      vertex 5.84 1.64577 13.2
    endloop
  endfacet
  facet normal 0 0 -1
    outer loop
      vertex -5.65186 -2.2 13.2
      vertex 5.65186 2.2 13.2
      vertex 5.65186 -2.2 13.2
    endloop
  endfacet
  facet normal 0 0 -1
    outer loop
      vertex -5.65186 -2.2 13.2
      vertex -5.65186 2.2 13.2
      vertex 5.65186 2.2 13.2
    endloop
  endfacet
  facet normal 0 0 -1
    outer loop
      vertex -5.84 -1.64577 13.2
      vertex -5.65186 2.2 13.2
      vertex -5.65186 -2.2 13.2
    endloop
  endfacet
  facet normal 0 0 -1
    outer loop
      vertex -5.84 -1.64577 13.2
      vertex -5.84 1.64577 13.2
      vertex -5.65186 2.2 13.2
    endloop
  endfacet
  facet normal 0 0 -1
    outer loop
      vertex -6.00485 -0.869419 13.2
      vertex -5.84 -1.64577 13.2
      vertex -5.86519 -1.57157 13.2
    endloop
  endfacet
  facet normal 0 0 -1
    outer loop
      vertex -5.84 -1.64577 13.2
      vertex -6.00485 -0.869419 13.2
      vertex -5.84 1.64577 13.2
    endloop
  endfacet
  facet normal 0 0 -1
    outer loop
      vertex -6.00485 0.869419 13.2
      vertex -5.84 1.64577 13.2
      vertex -6.00485 -0.869419 13.2
    endloop
  endfacet
  facet normal 0 0 -1
    outer loop
      vertex -5.84 1.64577 13.2
      vertex -6.00485 0.869419 13.2
      vertex -5.86519 1.57157 13.2
    endloop
  endfacet
  facet normal 0 0 -1
    outer loop
      vertex -6.02527 -0.714376 13.2
      vertex -6.00485 -0.869419 13.2
      vertex -6.02014 -0.792566 13.2
    endloop
  endfacet
  facet normal 0 0 -1
    outer loop
      vertex -6.00485 -0.869419 13.2
      vertex -6.02527 -0.714376 13.2
      vertex -6.00485 0.869419 13.2
    endloop
  endfacet
  facet normal 0 0 -1
    outer loop
      vertex -6.02527 0.714376 13.2
      vertex -6.00485 0.869419 13.2
      vertex -6.02527 -0.714376 13.2
    endloop
  endfacet
  facet normal 0 0 -1
    outer loop
      vertex -6.00485 0.869419 13.2
      vertex -6.02527 0.714376 13.2
      vertex -6.02014 0.792566 13.2
    endloop
  endfacet
  facet normal 0 -0 -1
    outer loop
      vertex -6.02527 0.714376 13.2
      vertex -6.02527 -0.714376 13.2
      vertex -6.07209 0 13.2
    endloop
  endfacet
  facet normal -1 0 0
    outer loop
      vertex 6 2.11712 3.19575
      vertex 6 2.2 12.7695
      vertex 6 2.2 3.23054
    endloop
  endfacet
  facet normal -1 0 0
    outer loop
      vertex 6 2.11712 3.19575
      vertex 6 2.11712 12.8043
      vertex 6 2.2 12.7695
    endloop
  endfacet
  facet normal -1 0 0
    outer loop
      vertex 6 0.893821 2.8
      vertex 6 2.11712 3.19575
      vertex 6 1.60769 2.98189
    endloop
  endfacet
  facet normal -1 0 0
    outer loop
      vertex 6 2.11712 3.19575
      vertex 6 -2.11712 3.19575
      vertex 6 2.11712 12.8043
    endloop
  endfacet
  facet normal -1 -0 0
    outer loop
      vertex 6 2.11712 3.19575
      vertex 6 0.893821 2.8
      vertex 6 -2.11712 3.19575
    endloop
  endfacet
  facet normal -1 0 0
    outer loop
      vertex 6 -2.11712 12.8043
      vertex 6 2.11712 12.8043
      vertex 6 -2.11712 3.19575
    endloop
  endfacet
  facet normal -1 0 0
    outer loop
      vertex 6 -2.11712 3.19575
      vertex 6 0.893821 2.8
      vertex 6 -0.893821 2.8
    endloop
  endfacet
  facet normal -1 0 -0
    outer loop
      vertex 6 0.893821 13.2
      vertex 6 2.11712 12.8043
      vertex 6 -2.11712 12.8043
    endloop
  endfacet
  facet normal -1 0 0
    outer loop
      vertex 6 -2.11712 3.19575
      vertex 6 -0.893821 2.8
      vertex 6 -1.60769 2.98189
    endloop
  endfacet
  facet normal -1 0 0
    outer loop
      vertex 6 2.11712 12.8043
      vertex 6 0.893821 13.2
      vertex 6 1.60769 13.0181
    endloop
  endfacet
  facet normal -1 -0 0
    outer loop
      vertex 6 0.893821 13.2
      vertex 6 -2.11712 12.8043
      vertex 6 -0.893821 13.2
    endloop
  endfacet
  facet normal -1 0 0
    outer loop
      vertex 6 -0.893821 13.2
      vertex 6 -2.11712 12.8043
      vertex 6 -1.60769 13.0181
    endloop
  endfacet
  facet normal -1 0 0
    outer loop
      vertex 6 -2.2 3.23054
      vertex 6 -2.11712 12.8043
      vertex 6 -2.11712 3.19575
    endloop
  endfacet
  facet normal -1 0 0
    outer loop
      vertex 6 -2.11712 12.8043
      vertex 6 -2.2 3.23054
      vertex 6 -2.2 12.7695
    endloop
  endfacet
  facet normal 0 0 1
    outer loop
      vertex 5.84 1.64577 2.8
      vertex 6 0.893821 2.8
      vertex 5.86519 1.57157 2.8
    endloop
  endfacet
  facet normal 0 0 1
    outer loop
      vertex 6 0.893821 2.8
      vertex 5.84 1.64577 2.8
      vertex 6 -0.893821 2.8
    endloop
  endfacet
  facet normal 0 0 1
    outer loop
      vertex 5.84 -1.64577 2.8
      vertex 6 -0.893821 2.8
      vertex 5.84 1.64577 2.8
    endloop
  endfacet
  facet normal 0 0 1
    outer loop
      vertex 6 -0.893821 2.8
      vertex 5.84 -1.64577 2.8
      vertex 5.86519 -1.57157 2.8
    endloop
  endfacet
  facet normal 0 0 1
    outer loop
      vertex 5.65186 2.2 2.8
      vertex 5.84 -1.64577 2.8
      vertex 5.84 1.64577 2.8
    endloop
  endfacet
  facet normal 0 0 1
    outer loop
      vertex 5.65186 2.2 2.8
      vertex 5.65186 -2.2 2.8
      vertex 5.84 -1.64577 2.8
    endloop
  endfacet
  facet normal -0 0 1
    outer loop
      vertex -5.65186 2.2 2.8
      vertex 5.65186 -2.2 2.8
      vertex 5.65186 2.2 2.8
    endloop
  endfacet
  facet normal 0 0 1
    outer loop
      vertex -5.65186 2.2 2.8
      vertex -5.65186 -2.2 2.8
      vertex 5.65186 -2.2 2.8
    endloop
  endfacet
  facet normal -0 0 1
    outer loop
      vertex -5.84 1.64577 2.8
      vertex -5.65186 -2.2 2.8
      vertex -5.65186 2.2 2.8
    endloop
  endfacet
  facet normal 0 0 1
    outer loop
      vertex -5.84 1.64577 2.8
      vertex -5.84 -1.64577 2.8
      vertex -5.65186 -2.2 2.8
    endloop
  endfacet
  facet normal 0 0 1
    outer loop
      vertex -6.00485 0.869419 2.8
      vertex -5.84 1.64577 2.8
      vertex -5.86519 1.57157 2.8
    endloop
  endfacet
  facet normal 0 0 1
    outer loop
      vertex -5.84 1.64577 2.8
      vertex -6.00485 0.869419 2.8
      vertex -5.84 -1.64577 2.8
    endloop
  endfacet
  facet normal -0 0 1
    outer loop
      vertex -6.00485 -0.869419 2.8
      vertex -5.84 -1.64577 2.8
      vertex -6.00485 0.869419 2.8
    endloop
  endfacet
  facet normal 0 0 1
    outer loop
      vertex -5.84 -1.64577 2.8
      vertex -6.00485 -0.869419 2.8
      vertex -5.86519 -1.57157 2.8
    endloop
  endfacet
  facet normal 0 0 1
    outer loop
      vertex -6.02527 0.714376 2.8
      vertex -6.00485 0.869419 2.8
      vertex -6.02014 0.792566 2.8
    endloop
  endfacet
  facet normal 0 0 1
    outer loop
      vertex -6.00485 0.869419 2.8
      vertex -6.02527 0.714376 2.8
      vertex -6.00485 -0.869419 2.8
    endloop
  endfacet
  facet normal -0 0 1
    outer loop
      vertex -6.02527 -0.714376 2.8
      vertex -6.00485 -0.869419 2.8
      vertex -6.02527 0.714376 2.8
    endloop
  endfacet
  facet normal 0 0 1
    outer loop
      vertex -6.00485 -0.869419 2.8
      vertex -6.02527 -0.714376 2.8
      vertex -6.02014 -0.792566 2.8
    endloop
  endfacet
  facet normal 0 -0 1
    outer loop
      vertex -6.02527 -0.714376 2.8
      vertex -6.02527 0.714376 2.8
      vertex -6.07209 0 2.8
    endloop
  endfacet
  facet normal 0 1 0
    outer loop
      vertex 1.13137 -2.2 9.13137
      vertex 5.65186 -2.2 13.2
      vertex 6 -2.2 12.7695
    endloop
  endfacet
  facet normal 0 1 0
    outer loop
      vertex 5.65186 -2.2 13.2
      vertex 0 -2.2 9.6
      vertex -5.65186 -2.2 13.2
    endloop
  endfacet
  facet normal 0 1 -0
    outer loop
      vertex -0.208841 -2.2 9.58631
      vertex -5.65186 -2.2 13.2
      vertex 0 -2.2 9.6
    endloop
  endfacet
  facet normal 0 1 -0
    outer loop
      vertex -0.41411 -2.2 9.54548
      vertex -5.65186 -2.2 13.2
      vertex -0.208841 -2.2 9.58631
    endloop
  endfacet
  facet normal 0 1 -0
    outer loop
      vertex -0.799999 -2.2 9.38564
      vertex -5.65186 -2.2 13.2
      vertex -0.612293 -2.2 9.47821
    endloop
  endfacet
  facet normal 0 1 -0
    outer loop
      vertex -0.974018 -2.2 9.26937
      vertex -5.65186 -2.2 13.2
      vertex -0.799999 -2.2 9.38564
    endloop
  endfacet
  facet normal 0 1 -0
    outer loop
      vertex -1.13137 -2.2 9.13137
      vertex -5.65186 -2.2 13.2
      vertex -0.974018 -2.2 9.26937
    endloop
  endfacet
  facet normal 0 1 0
    outer loop
      vertex -5.65186 -2.2 13.2
      vertex -1.13137 -2.2 9.13137
      vertex -6.02813 -2.2 12.7347
    endloop
  endfacet
  facet normal 0 1 -0
    outer loop
      vertex -0.612293 -2.2 9.47821
      vertex -5.65186 -2.2 13.2
      vertex -0.41411 -2.2 9.54548
    endloop
  endfacet
  facet normal 0 1 0
    outer loop
      vertex 5.65186 -2.2 13.2
      vertex 0.208841 -2.2 9.58631
      vertex 0 -2.2 9.6
    endloop
  endfacet
  facet normal 0 1 0
    outer loop
      vertex 5.65186 -2.2 13.2
      vertex 0.41411 -2.2 9.54548
      vertex 0.208841 -2.2 9.58631
    endloop
  endfacet
  facet normal 0 1 0
    outer loop
      vertex 5.65186 -2.2 13.2
      vertex 0.612293 -2.2 9.47821
      vertex 0.41411 -2.2 9.54548
    endloop
  endfacet
  facet normal 0 1 0
    outer loop
      vertex 5.65186 -2.2 13.2
      vertex 0.799999 -2.2 9.38564
      vertex 0.612293 -2.2 9.47821
    endloop
  endfacet
  facet normal 0 1 0
    outer loop
      vertex 5.65186 -2.2 13.2
      vertex 0.974018 -2.2 9.26937
      vertex 0.799999 -2.2 9.38564
    endloop
  endfacet
  facet normal 0 1 0
    outer loop
      vertex 5.65186 -2.2 13.2
      vertex 1.13137 -2.2 9.13137
      vertex 0.974018 -2.2 9.26937
    endloop
  endfacet
  facet normal 0 1 0
    outer loop
      vertex 6 -2.2 12.7695
      vertex 1.26937 -2.2 8.97402
      vertex 1.13137 -2.2 9.13137
    endloop
  endfacet
  facet normal 0 1 0
    outer loop
      vertex 6 -2.2 12.7695
      vertex 1.38564 -2.2 8.8
      vertex 1.26937 -2.2 8.97402
    endloop
  endfacet
  facet normal 0 1 0
    outer loop
      vertex 6 -2.2 12.7695
      vertex 1.47821 -2.2 8.61229
      vertex 1.38564 -2.2 8.8
    endloop
  endfacet
  facet normal 0 1 0
    outer loop
      vertex 6 -2.2 12.7695
      vertex 1.54548 -2.2 8.41411
      vertex 1.47821 -2.2 8.61229
    endloop
  endfacet
  facet normal 0 1 0
    outer loop
      vertex 6 -2.2 12.7695
      vertex 1.58631 -2.2 8.20884
      vertex 1.54548 -2.2 8.41411
    endloop
  endfacet
  facet normal 0 1 0
    outer loop
      vertex 6 -2.2 12.7695
      vertex 1.6 -2.2 8
      vertex 1.58631 -2.2 8.20884
    endloop
  endfacet
  facet normal 0 1 -0
    outer loop
      vertex 6 -2.2 3.23054
      vertex 1.6 -2.2 8
      vertex 6 -2.2 12.7695
    endloop
  endfacet
  facet normal 0 1 0
    outer loop
      vertex 1.6 -2.2 8
      vertex 6 -2.2 3.23054
      vertex 1.58631 -2.2 7.79116
    endloop
  endfacet
  facet normal 0 1 0
    outer loop
      vertex 1.58631 -2.2 7.79116
      vertex 6 -2.2 3.23054
      vertex 1.54548 -2.2 7.58589
    endloop
  endfacet
  facet normal 0 1 0
    outer loop
      vertex 1.54548 -2.2 7.58589
      vertex 6 -2.2 3.23054
      vertex 1.47821 -2.2 7.38771
    endloop
  endfacet
  facet normal 0 1 0
    outer loop
      vertex 1.47821 -2.2 7.38771
      vertex 6 -2.2 3.23054
      vertex 1.38564 -2.2 7.2
    endloop
  endfacet
  facet normal 0 1 0
    outer loop
      vertex -1.54548 -2.2 7.58589
      vertex -7.23607 -2.2 5.42848
      vertex -7.46585 -2.2 6.24226
    endloop
  endfacet
  facet normal 0 1 0
    outer loop
      vertex 5.65186 -2.2 2.8
      vertex 0 -2.2 6.4
      vertex 0.208841 -2.2 6.41369
    endloop
  endfacet
  facet normal 0 1 0
    outer loop
      vertex -0.208841 -2.2 6.41369
      vertex -6.95298 -2.2 4.77992
      vertex -7.23607 -2.2 5.42848
    endloop
  endfacet
  facet normal 0 1 0
    outer loop
      vertex 5.65186 -2.2 2.8
      vertex 0.208841 -2.2 6.41369
      vertex 0.41411 -2.2 6.45452
    endloop
  endfacet
  facet normal 0 1 0
    outer loop
      vertex -0.208841 -2.2 6.41369
      vertex -6.53941 -2.2 4.01024
      vertex -6.95298 -2.2 4.77992
    endloop
  endfacet
  facet normal 0 1 0
    outer loop
      vertex -6.95298 -2.2 4.77992
      vertex -6.53941 -2.2 4.01024
      vertex -6.81407 -2.2 4.46169
    endloop
  endfacet
  facet normal 0 1 0
    outer loop
      vertex 5.65186 -2.2 2.8
      vertex 0.41411 -2.2 6.45452
      vertex 0.612293 -2.2 6.52179
    endloop
  endfacet
  facet normal 0 1 0
    outer loop
      vertex -0.208841 -2.2 6.41369
      vertex -6.02813 -2.2 3.26534
      vertex -6.53941 -2.2 4.01024
    endloop
  endfacet
  facet normal 0 1 0
    outer loop
      vertex -6.53941 -2.2 4.01024
      vertex -6.02813 -2.2 3.26534
      vertex -6.26271 -2.2 3.55544
    endloop
  endfacet
  facet normal 0 1 0
    outer loop
      vertex 1.38564 -2.2 7.2
      vertex 6 -2.2 3.23054
      vertex 1.26937 -2.2 7.02598
    endloop
  endfacet
  facet normal 0 1 0
    outer loop
      vertex 6 -2.2 3.23054
      vertex 1.13137 -2.2 6.86863
      vertex 1.26937 -2.2 7.02598
    endloop
  endfacet
  facet normal 0 1 -0
    outer loop
      vertex 5.65186 -2.2 2.8
      vertex 1.13137 -2.2 6.86863
      vertex 6 -2.2 3.23054
    endloop
  endfacet
  facet normal 0 1 0
    outer loop
      vertex 1.13137 -2.2 6.86863
      vertex 5.65186 -2.2 2.8
      vertex 0.974018 -2.2 6.73063
    endloop
  endfacet
  facet normal 0 1 0
    outer loop
      vertex 0.974018 -2.2 6.73063
      vertex 5.65186 -2.2 2.8
      vertex 0.799999 -2.2 6.61436
    endloop
  endfacet
  facet normal 0 1 0
    outer loop
      vertex 0.799999 -2.2 6.61436
      vertex 5.65186 -2.2 2.8
      vertex 0.612293 -2.2 6.52179
    endloop
  endfacet
  facet normal 0 1 0
    outer loop
      vertex 0 -2.2 6.4
      vertex 5.65186 -2.2 2.8
      vertex -5.65186 -2.2 2.8
    endloop
  endfacet
  facet normal 0 1 0
    outer loop
      vertex -0.208841 -2.2 6.41369
      vertex -5.65186 -2.2 2.8
      vertex -6.02813 -2.2 3.26534
    endloop
  endfacet
  facet normal 0 1 -0
    outer loop
      vertex -1.26937 -2.2 8.97402
      vertex -6.02813 -2.2 12.7347
      vertex -1.13137 -2.2 9.13137
    endloop
  endfacet
  facet normal 0 1 0
    outer loop
      vertex -6.02813 -2.2 12.7347
      vertex -1.26937 -2.2 8.97402
      vertex -6.26271 -2.2 12.4446
    endloop
  endfacet
  facet normal 0 1 0
    outer loop
      vertex -6.26271 -2.2 12.4446
      vertex -1.26937 -2.2 8.97402
      vertex -6.53941 -2.2 11.9898
    endloop
  endfacet
  facet normal 0 1 -0
    outer loop
      vertex -1.38564 -2.2 8.8
      vertex -6.53941 -2.2 11.9898
      vertex -1.26937 -2.2 8.97402
    endloop
  endfacet
  facet normal 0 1 0
    outer loop
      vertex -6.53941 -2.2 11.9898
      vertex -1.38564 -2.2 8.8
      vertex -6.81407 -2.2 11.5383
    endloop
  endfacet
  facet normal 0 1 0
    outer loop
      vertex -6.81407 -2.2 11.5383
      vertex -1.38564 -2.2 8.8
      vertex -6.95298 -2.2 11.2201
    endloop
  endfacet
  facet normal 0 1 -0
    outer loop
      vertex -1.47821 -2.2 8.61229
      vertex -6.95298 -2.2 11.2201
      vertex -1.38564 -2.2 8.8
    endloop
  endfacet
  facet normal 0 1 0
    outer loop
      vertex -6.95298 -2.2 11.2201
      vertex -1.47821 -2.2 8.61229
      vertex -7.23607 -2.2 10.5715
    endloop
  endfacet
  facet normal 0 1 -0
    outer loop
      vertex -1.54548 -2.2 8.41411
      vertex -7.23607 -2.2 10.5715
      vertex -1.47821 -2.2 8.61229
    endloop
  endfacet
  facet normal 0 1 0
    outer loop
      vertex -7.23607 -2.2 10.5715
      vertex -1.54548 -2.2 8.41411
      vertex -7.46585 -2.2 9.75774
    endloop
  endfacet
  facet normal -0 1 0
    outer loop
      vertex -7.54526 -2.2 9.38928
      vertex -7.46585 -2.2 9.75774
      vertex -1.54548 -2.2 8.41411
    endloop
  endfacet
  facet normal 0 1 0
    outer loop
      vertex -7.46585 -2.2 9.75774
      vertex -7.54526 -2.2 9.38928
      vertex -7.52148 -2.2 9.56072
    endloop
  endfacet
  facet normal 0 1 -0
    outer loop
      vertex -1.58631 -2.2 8.20884
      vertex -7.54526 -2.2 9.38928
      vertex -1.54548 -2.2 8.41411
    endloop
  endfacet
  facet normal 0 1 0
    outer loop
      vertex -7.54526 -2.2 9.38928
      vertex -1.58631 -2.2 8.20884
      vertex -7.66541 -2.2 8.52322
    endloop
  endfacet
  facet normal 0 1 -0
    outer loop
      vertex -1.6 -2.2 8
      vertex -7.66541 -2.2 8.52322
      vertex -1.58631 -2.2 8.20884
    endloop
  endfacet
  facet normal 0 1 0
    outer loop
      vertex -7.66541 -2.2 7.47678
      vertex -1.6 -2.2 8
      vertex -1.58631 -2.2 7.79116
    endloop
  endfacet
  facet normal 0 1 0
    outer loop
      vertex -7.54526 -2.2 6.61072
      vertex -1.58631 -2.2 7.79116
      vertex -1.54548 -2.2 7.58589
    endloop
  endfacet
  facet normal 0 1 0
    outer loop
      vertex -1.6 -2.2 8
      vertex -7.66541 -2.2 7.47678
      vertex -7.66541 -2.2 8.52322
    endloop
  endfacet
  facet normal 0 1 0
    outer loop
      vertex -7.23607 -2.2 5.42848
      vertex -1.54548 -2.2 7.58589
      vertex -1.47821 -2.2 7.38771
    endloop
  endfacet
  facet normal 0 1 0
    outer loop
      vertex -7.23607 -2.2 5.42848
      vertex -1.47821 -2.2 7.38771
      vertex -1.38564 -2.2 7.2
    endloop
  endfacet
  facet normal 0 1 0
    outer loop
      vertex -7.23607 -2.2 5.42848
      vertex -1.38564 -2.2 7.2
      vertex -1.26937 -2.2 7.02598
    endloop
  endfacet
  facet normal 0 1 0
    outer loop
      vertex -7.23607 -2.2 5.42848
      vertex -1.26937 -2.2 7.02598
      vertex -1.13137 -2.2 6.86863
    endloop
  endfacet
  facet normal 0 1 0
    outer loop
      vertex -7.23607 -2.2 5.42848
      vertex -1.13137 -2.2 6.86863
      vertex -0.974018 -2.2 6.73063
    endloop
  endfacet
  facet normal 0 1 0
    outer loop
      vertex -7.23607 -2.2 5.42848
      vertex -0.974018 -2.2 6.73063
      vertex -0.799999 -2.2 6.61436
    endloop
  endfacet
  facet normal 0 1 0
    outer loop
      vertex -1.58631 -2.2 7.79116
      vertex -7.54526 -2.2 6.61072
      vertex -7.66541 -2.2 7.47678
    endloop
  endfacet
  facet normal 0 1 0
    outer loop
      vertex -7.23607 -2.2 5.42848
      vertex -0.799999 -2.2 6.61436
      vertex -0.612293 -2.2 6.52179
    endloop
  endfacet
  facet normal 0 1 0
    outer loop
      vertex -7.23607 -2.2 5.42848
      vertex -0.612293 -2.2 6.52179
      vertex -0.41411 -2.2 6.45452
    endloop
  endfacet
  facet normal 0 1 0
    outer loop
      vertex -1.54548 -2.2 7.58589
      vertex -7.46585 -2.2 6.24226
      vertex -7.54526 -2.2 6.61072
    endloop
  endfacet
  facet normal 0 1 0
    outer loop
      vertex -7.23607 -2.2 5.42848
      vertex -0.41411 -2.2 6.45452
      vertex -0.208841 -2.2 6.41369
    endloop
  endfacet
  facet normal 0 1 0
    outer loop
      vertex -5.65186 -2.2 2.8
      vertex -0.208841 -2.2 6.41369
      vertex 0 -2.2 6.4
    endloop
  endfacet
  facet normal 0 1 0
    outer loop
      vertex -7.54526 -2.2 6.61072
      vertex -7.46585 -2.2 6.24226
      vertex -7.52148 -2.2 6.43928
    endloop
  endfacet
  facet normal 0 -1 0
    outer loop
      vertex -5.65186 2.2 13.2
      vertex -0.208841 2.2 9.58631
      vertex 0 2.2 9.6
    endloop
  endfacet
  facet normal 0 -1 0
    outer loop
      vertex -7.54526 2.2 9.38928
      vertex -7.46585 2.2 9.75774
      vertex -7.52148 2.2 9.56072
    endloop
  endfacet
  facet normal 0 -1 0
    outer loop
      vertex -7.23607 2.2 10.5715
      vertex -0.41411 2.2 9.54548
      vertex -0.208841 2.2 9.58631
    endloop
  endfacet
  facet normal 0 -1 0
    outer loop
      vertex -7.23607 2.2 10.5715
      vertex -0.612293 2.2 9.47821
      vertex -0.41411 2.2 9.54548
    endloop
  endfacet
  facet normal 0 -1 -0
    outer loop
      vertex -7.46585 2.2 9.75774
      vertex -7.54526 2.2 9.38928
      vertex -1.54548 2.2 8.41411
    endloop
  endfacet
  facet normal 0 -1 0
    outer loop
      vertex -7.23607 2.2 10.5715
      vertex -0.799999 2.2 9.38564
      vertex -0.612293 2.2 9.47821
    endloop
  endfacet
  facet normal 0 -1 0
    outer loop
      vertex -7.23607 2.2 10.5715
      vertex -0.974018 2.2 9.26937
      vertex -0.799999 2.2 9.38564
    endloop
  endfacet
  facet normal 0 -1 0
    outer loop
      vertex -7.23607 2.2 10.5715
      vertex -1.13137 2.2 9.13137
      vertex -0.974018 2.2 9.26937
    endloop
  endfacet
  facet normal 0 -1 0
    outer loop
      vertex -7.23607 2.2 10.5715
      vertex -1.26937 2.2 8.97402
      vertex -1.13137 2.2 9.13137
    endloop
  endfacet
  facet normal 0 -1 0
    outer loop
      vertex -7.23607 2.2 10.5715
      vertex -1.38564 2.2 8.8
      vertex -1.26937 2.2 8.97402
    endloop
  endfacet
  facet normal 0 -1 0
    outer loop
      vertex -7.23607 2.2 10.5715
      vertex -1.47821 2.2 8.61229
      vertex -1.38564 2.2 8.8
    endloop
  endfacet
  facet normal 0 -1 0
    outer loop
      vertex -1.58631 2.2 8.20884
      vertex -7.54526 2.2 9.38928
      vertex -7.66541 2.2 8.52322
    endloop
  endfacet
  facet normal 0 -1 0
    outer loop
      vertex -7.23607 2.2 10.5715
      vertex -1.54548 2.2 8.41411
      vertex -1.47821 2.2 8.61229
    endloop
  endfacet
  facet normal 0 -1 0
    outer loop
      vertex -7.54526 2.2 9.38928
      vertex -1.58631 2.2 8.20884
      vertex -1.54548 2.2 8.41411
    endloop
  endfacet
  facet normal 0 -1 0
    outer loop
      vertex -7.66541 2.2 8.52322
      vertex -1.6 2.2 8
      vertex -1.58631 2.2 8.20884
    endloop
  endfacet
  facet normal 0 -1 0
    outer loop
      vertex -7.66541 2.2 7.47678
      vertex -1.6 2.2 8
      vertex -7.66541 2.2 8.52322
    endloop
  endfacet
  facet normal 0 -1 -0
    outer loop
      vertex -1.6 2.2 8
      vertex -7.66541 2.2 7.47678
      vertex -1.58631 2.2 7.79116
    endloop
  endfacet
  facet normal 0 -1 0
    outer loop
      vertex -7.54526 2.2 6.61072
      vertex -1.58631 2.2 7.79116
      vertex -7.66541 2.2 7.47678
    endloop
  endfacet
  facet normal 0 -1 -0
    outer loop
      vertex -1.58631 2.2 7.79116
      vertex -7.54526 2.2 6.61072
      vertex -1.54548 2.2 7.58589
    endloop
  endfacet
  facet normal 0 -1 0
    outer loop
      vertex -7.46585 2.2 6.24226
      vertex -1.54548 2.2 7.58589
      vertex -7.54526 2.2 6.61072
    endloop
  endfacet
  facet normal 0 -1 0
    outer loop
      vertex -7.23607 2.2 5.42848
      vertex -1.54548 2.2 7.58589
      vertex -7.46585 2.2 6.24226
    endloop
  endfacet
  facet normal 0 -1 -0
    outer loop
      vertex -1.54548 2.2 7.58589
      vertex -7.23607 2.2 5.42848
      vertex -1.47821 2.2 7.38771
    endloop
  endfacet
  facet normal 0 -1 0
    outer loop
      vertex -6.95298 2.2 4.77992
      vertex -1.47821 2.2 7.38771
      vertex -7.23607 2.2 5.42848
    endloop
  endfacet
  facet normal 0 -1 -0
    outer loop
      vertex -1.47821 2.2 7.38771
      vertex -6.95298 2.2 4.77992
      vertex -1.38564 2.2 7.2
    endloop
  endfacet
  facet normal 0 -1 0
    outer loop
      vertex -6.53941 2.2 4.01024
      vertex -1.38564 2.2 7.2
      vertex -6.95298 2.2 4.77992
    endloop
  endfacet
  facet normal 0 -1 -0
    outer loop
      vertex -1.38564 2.2 7.2
      vertex -6.53941 2.2 4.01024
      vertex -1.26937 2.2 7.02598
    endloop
  endfacet
  facet normal 0 -1 0
    outer loop
      vertex -6.26271 2.2 3.55544
      vertex -1.26937 2.2 7.02598
      vertex -6.53941 2.2 4.01024
    endloop
  endfacet
  facet normal 0 -1 0
    outer loop
      vertex -7.46585 2.2 6.24226
      vertex -7.54526 2.2 6.61072
      vertex -7.52148 2.2 6.43928
    endloop
  endfacet
  facet normal 0 -1 0
    outer loop
      vertex -6.02813 2.2 3.26534
      vertex -1.26937 2.2 7.02598
      vertex -6.26271 2.2 3.55544
    endloop
  endfacet
  facet normal 0 -1 -0
    outer loop
      vertex -1.26937 2.2 7.02598
      vertex -6.02813 2.2 3.26534
      vertex -1.13137 2.2 6.86863
    endloop
  endfacet
  facet normal 0 -1 0
    outer loop
      vertex -5.65186 2.2 2.8
      vertex -1.13137 2.2 6.86863
      vertex -6.02813 2.2 3.26534
    endloop
  endfacet
  facet normal 0 -1 0
    outer loop
      vertex 0 2.2 9.6
      vertex 5.65186 2.2 13.2
      vertex -5.65186 2.2 13.2
    endloop
  endfacet
  facet normal 0 -1 0
    outer loop
      vertex -0.208841 2.2 9.58631
      vertex -5.65186 2.2 13.2
      vertex -6.02813 2.2 12.7347
    endloop
  endfacet
  facet normal 0 -1 0
    outer loop
      vertex -0.208841 2.2 9.58631
      vertex -6.02813 2.2 12.7347
      vertex -6.26271 2.2 12.4446
    endloop
  endfacet
  facet normal 0 -1 0
    outer loop
      vertex -0.208841 2.2 9.58631
      vertex -6.26271 2.2 12.4446
      vertex -6.53941 2.2 11.9898
    endloop
  endfacet
  facet normal 0 -1 0
    outer loop
      vertex -6.95298 2.2 11.2201
      vertex -6.53941 2.2 11.9898
      vertex -6.81407 2.2 11.5383
    endloop
  endfacet
  facet normal 0 -1 0
    outer loop
      vertex -0.208841 2.2 9.58631
      vertex -6.53941 2.2 11.9898
      vertex -6.95298 2.2 11.2201
    endloop
  endfacet
  facet normal 0 -1 0
    outer loop
      vertex -0.208841 2.2 9.58631
      vertex -6.95298 2.2 11.2201
      vertex -7.23607 2.2 10.5715
    endloop
  endfacet
  facet normal 0 -1 0
    outer loop
      vertex -1.54548 2.2 8.41411
      vertex -7.23607 2.2 10.5715
      vertex -7.46585 2.2 9.75774
    endloop
  endfacet
  facet normal 0 -1 0
    outer loop
      vertex 0.208841 2.2 9.58631
      vertex 5.65186 2.2 13.2
      vertex 0 2.2 9.6
    endloop
  endfacet
  facet normal 0 -1 0
    outer loop
      vertex 0.41411 2.2 9.54548
      vertex 5.65186 2.2 13.2
      vertex 0.208841 2.2 9.58631
    endloop
  endfacet
  facet normal 0 -1 0
    outer loop
      vertex 0.612293 2.2 9.47821
      vertex 5.65186 2.2 13.2
      vertex 0.41411 2.2 9.54548
    endloop
  endfacet
  facet normal 0 -1 0
    outer loop
      vertex 0.799999 2.2 9.38564
      vertex 5.65186 2.2 13.2
      vertex 0.612293 2.2 9.47821
    endloop
  endfacet
  facet normal 0 -1 0
    outer loop
      vertex 0.974018 2.2 9.26937
      vertex 5.65186 2.2 13.2
      vertex 0.799999 2.2 9.38564
    endloop
  endfacet
  facet normal 0 -1 0
    outer loop
      vertex 1.13137 2.2 9.13137
      vertex 5.65186 2.2 13.2
      vertex 0.974018 2.2 9.26937
    endloop
  endfacet
  facet normal 0 -1 -0
    outer loop
      vertex 5.65186 2.2 13.2
      vertex 1.13137 2.2 9.13137
      vertex 6 2.2 12.7695
    endloop
  endfacet
  facet normal 0 -1 0
    outer loop
      vertex 1.26937 2.2 8.97402
      vertex 6 2.2 12.7695
      vertex 1.13137 2.2 9.13137
    endloop
  endfacet
  facet normal 0 -1 0
    outer loop
      vertex 1.38564 2.2 8.8
      vertex 6 2.2 12.7695
      vertex 1.26937 2.2 8.97402
    endloop
  endfacet
  facet normal 0 -1 0
    outer loop
      vertex 1.47821 2.2 8.61229
      vertex 6 2.2 12.7695
      vertex 1.38564 2.2 8.8
    endloop
  endfacet
  facet normal 0 -1 0
    outer loop
      vertex 1.54548 2.2 8.41411
      vertex 6 2.2 12.7695
      vertex 1.47821 2.2 8.61229
    endloop
  endfacet
  facet normal 0 -1 0
    outer loop
      vertex 1.58631 2.2 8.20884
      vertex 6 2.2 12.7695
      vertex 1.54548 2.2 8.41411
    endloop
  endfacet
  facet normal 0 -1 0
    outer loop
      vertex 1.6 2.2 8
      vertex 6 2.2 12.7695
      vertex 1.58631 2.2 8.20884
    endloop
  endfacet
  facet normal 0 -1 0
    outer loop
      vertex 6 2.2 3.23054
      vertex 1.6 2.2 8
      vertex 1.58631 2.2 7.79116
    endloop
  endfacet
  facet normal 0 -1 0
    outer loop
      vertex 6 2.2 3.23054
      vertex 1.58631 2.2 7.79116
      vertex 1.54548 2.2 7.58589
    endloop
  endfacet
  facet normal 0 -1 0
    outer loop
      vertex 6 2.2 3.23054
      vertex 1.54548 2.2 7.58589
      vertex 1.47821 2.2 7.38771
    endloop
  endfacet
  facet normal 0 -1 0
    outer loop
      vertex 6 2.2 3.23054
      vertex 1.47821 2.2 7.38771
      vertex 1.38564 2.2 7.2
    endloop
  endfacet
  facet normal 0 -1 0
    outer loop
      vertex 6 2.2 3.23054
      vertex 1.38564 2.2 7.2
      vertex 1.26937 2.2 7.02598
    endloop
  endfacet
  facet normal 0 -1 -0
    outer loop
      vertex -0.974018 2.2 6.73063
      vertex -5.65186 2.2 2.8
      vertex -0.799999 2.2 6.61436
    endloop
  endfacet
  facet normal 0 -1 -0
    outer loop
      vertex -0.799999 2.2 6.61436
      vertex -5.65186 2.2 2.8
      vertex -0.612293 2.2 6.52179
    endloop
  endfacet
  facet normal 0 -1 -0
    outer loop
      vertex -0.612293 2.2 6.52179
      vertex -5.65186 2.2 2.8
      vertex -0.41411 2.2 6.45452
    endloop
  endfacet
  facet normal 0 -1 -0
    outer loop
      vertex -0.41411 2.2 6.45452
      vertex -5.65186 2.2 2.8
      vertex -0.208841 2.2 6.41369
    endloop
  endfacet
  facet normal 0 -1 0
    outer loop
      vertex -6.53941 2.2 4.01024
      vertex -6.95298 2.2 4.77992
      vertex -6.81407 2.2 4.46169
    endloop
  endfacet
  facet normal 0 -1 -0
    outer loop
      vertex -0.208841 2.2 6.41369
      vertex -5.65186 2.2 2.8
      vertex 0 2.2 6.4
    endloop
  endfacet
  facet normal 0 -1 0
    outer loop
      vertex 5.65186 2.2 2.8
      vertex 0 2.2 6.4
      vertex -5.65186 2.2 2.8
    endloop
  endfacet
  facet normal 0 -1 -0
    outer loop
      vertex -1.13137 2.2 6.86863
      vertex -5.65186 2.2 2.8
      vertex -0.974018 2.2 6.73063
    endloop
  endfacet
  facet normal 0 -1 0
    outer loop
      vertex 0 2.2 6.4
      vertex 5.65186 2.2 2.8
      vertex 0.208841 2.2 6.41369
    endloop
  endfacet
  facet normal 0 -1 0
    outer loop
      vertex 1.6 2.2 8
      vertex 6 2.2 3.23054
      vertex 6 2.2 12.7695
    endloop
  endfacet
  facet normal 0 -1 0
    outer loop
      vertex 1.13137 2.2 6.86863
      vertex 6 2.2 3.23054
      vertex 1.26937 2.2 7.02598
    endloop
  endfacet
  facet normal 0 -1 0
    outer loop
      vertex 5.65186 2.2 2.8
      vertex 1.13137 2.2 6.86863
      vertex 0.974018 2.2 6.73063
    endloop
  endfacet
  facet normal 0 -1 0
    outer loop
      vertex 5.65186 2.2 2.8
      vertex 0.974018 2.2 6.73063
      vertex 0.799999 2.2 6.61436
    endloop
  endfacet
  facet normal 0 -1 0
    outer loop
      vertex 5.65186 2.2 2.8
      vertex 0.799999 2.2 6.61436
      vertex 0.612293 2.2 6.52179
    endloop
  endfacet
  facet normal 0 -1 0
    outer loop
      vertex 0.208841 2.2 6.41369
      vertex 5.65186 2.2 2.8
      vertex 0.41411 2.2 6.45452
    endloop
  endfacet
  facet normal 0 -1 0
    outer loop
      vertex 0.41411 2.2 6.45452
      vertex 5.65186 2.2 2.8
      vertex 0.612293 2.2 6.52179
    endloop
  endfacet
  facet normal 0 -1 0
    outer loop
      vertex 1.13137 2.2 6.86863
      vertex 5.65186 2.2 2.8
      vertex 6 2.2 3.23054
    endloop
  endfacet
  facet normal -0.997858 0 -0.0654122
    outer loop
      vertex 1.6 -7.80358 8
      vertex 1.58631 -2.2 8.20884
      vertex 1.6 -2.2 8
    endloop
  endfacet
  facet normal -0.997858 -0 -0.0654122
    outer loop
      vertex 1.58631 -2.2 8.20884
      vertex 1.6 -7.80358 8
      vertex 1.58631 -7.8063 8.20884
    endloop
  endfacet
  facet normal -0.997858 0 -0.0654122
    outer loop
      vertex 1.58631 2.2 8.20884
      vertex 1.6 7.80358 8
      vertex 1.6 2.2 8
    endloop
  endfacet
  facet normal -0.997858 0 -0.0654122
    outer loop
      vertex 1.6 7.80358 8
      vertex 1.58631 2.2 8.20884
      vertex 1.58631 7.8063 8.20884
    endloop
  endfacet
  facet normal -0.980786 0 -0.195087
    outer loop
      vertex 1.58631 -7.8063 8.20884
      vertex 1.54548 -2.2 8.41411
      vertex 1.58631 -2.2 8.20884
    endloop
  endfacet
  facet normal -0.980786 -0 -0.195087
    outer loop
      vertex 1.54548 -2.2 8.41411
      vertex 1.58631 -7.8063 8.20884
      vertex 1.54548 -7.81442 8.41411
    endloop
  endfacet
  facet normal -0.980786 0 -0.195087
    outer loop
      vertex 1.54548 2.2 8.41411
      vertex 1.58631 7.8063 8.20884
      vertex 1.58631 2.2 8.20884
    endloop
  endfacet
  facet normal -0.980786 0 -0.195087
    outer loop
      vertex 1.58631 7.8063 8.20884
      vertex 1.54548 2.2 8.41411
      vertex 1.54548 7.81442 8.41411
    endloop
  endfacet
  facet normal 0.997858 0 -0.0654122
    outer loop
      vertex -1.58631 -2.2 8.20884
      vertex -1.6 -7.80358 8
      vertex -1.6 -2.2 8
    endloop
  endfacet
  facet normal 0.997858 0 -0.0654122
    outer loop
      vertex -1.6 -7.80358 8
      vertex -1.58631 -2.2 8.20884
      vertex -1.58631 -7.8063 8.20884
    endloop
  endfacet
  facet normal 0.997858 0 -0.0654122
    outer loop
      vertex -1.58631 2.2 8.20884
      vertex -1.6 7.80358 8
      vertex -1.58631 7.8063 8.20884
    endloop
  endfacet
  facet normal 0.997858 0 -0.0654122
    outer loop
      vertex -1.6 7.80358 8
      vertex -1.58631 2.2 8.20884
      vertex -1.6 2.2 8
    endloop
  endfacet
  facet normal 0.0654969 0 -0.997853
    outer loop
      vertex -0.0361072 -7.83403 9.59763
      vertex 0 -2.2 9.6
      vertex 0 -7.83576 9.6
    endloop
  endfacet
  facet normal 0.0653941 6.61766e-07 -0.99786
    outer loop
      vertex -0.208841 -7.82574 9.58631
      vertex 0 -2.2 9.6
      vertex -0.0361072 -7.83403 9.59763
    endloop
  endfacet
  facet normal 0.0654119 0 -0.997858
    outer loop
      vertex 0 -2.2 9.6
      vertex -0.208841 -7.82574 9.58631
      vertex -0.208841 -2.2 9.58631
    endloop
  endfacet
  facet normal 0.0654969 0 -0.997853
    outer loop
      vertex 0 2.2 9.6
      vertex -0.0361072 7.83403 9.59763
      vertex 0 7.83576 9.6
    endloop
  endfacet
  facet normal 0.0654119 0 -0.997858
    outer loop
      vertex -0.208841 7.82574 9.58631
      vertex 0 2.2 9.6
      vertex -0.208841 2.2 9.58631
    endloop
  endfacet
  facet normal 0.0653941 -6.61766e-07 -0.99786
    outer loop
      vertex 0 2.2 9.6
      vertex -0.208841 7.82574 9.58631
      vertex -0.0361072 7.83403 9.59763
    endloop
  endfacet
  facet normal -0.659371 0.000471682 -0.751817
    outer loop
      vertex 0.974018 -7.8208 9.26937
      vertex 1.13137 -7.81534 9.13137
      vertex 1.03 -7.82359 9.22027
    endloop
  endfacet
  facet normal -0.659362 -0 -0.751826
    outer loop
      vertex 0.974018 -2.2 9.26937
      vertex 1.13137 -7.81534 9.13137
      vertex 0.974018 -7.8208 9.26937
    endloop
  endfacet
  facet normal -0.659362 0 -0.751826
    outer loop
      vertex 1.13137 -7.81534 9.13137
      vertex 0.974018 -2.2 9.26937
      vertex 1.13137 -2.2 9.13137
    endloop
  endfacet
  facet normal -0.659362 0 -0.751826
    outer loop
      vertex 0.974018 2.2 9.26937
      vertex 1.13137 7.81534 9.13137
      vertex 1.13137 2.2 9.13137
    endloop
  endfacet
  facet normal -0.659362 0 -0.751826
    outer loop
      vertex 1.13137 7.81534 9.13137
      vertex 0.974018 2.2 9.26937
      vertex 0.974018 7.8208 9.26937
    endloop
  endfacet
  facet normal -0.659371 -0.000471682 -0.751817
    outer loop
      vertex 1.13137 7.81534 9.13137
      vertex 0.974018 7.8208 9.26937
      vertex 1.03 7.82359 9.22027
    endloop
  endfacet
  facet normal 0.442303 0 -0.896866
    outer loop
      vertex -0.799999 -7.8169 9.38564
      vertex -0.612293 -2.2 9.47821
      vertex -0.612293 -7.81701 9.47821
    endloop
  endfacet
  facet normal 0.442303 0 -0.896866
    outer loop
      vertex -0.612293 -2.2 9.47821
      vertex -0.799999 -7.8169 9.38564
      vertex -0.799999 -2.2 9.38564
    endloop
  endfacet
  facet normal 0.442303 0 -0.896866
    outer loop
      vertex -0.799999 2.2 9.38564
      vertex -0.612293 7.81701 9.47821
      vertex -0.612293 2.2 9.47821
    endloop
  endfacet
  facet normal 0.442303 0 -0.896866
    outer loop
      vertex -0.612293 7.81701 9.47821
      vertex -0.799999 2.2 9.38564
      vertex -0.799999 7.8169 9.38564
    endloop
  endfacet
  facet normal -0.89687 0 -0.442295
    outer loop
      vertex 1.47821 -2.2 8.61229
      vertex 1.38564 -7.80914 8.8
      vertex 1.38564 -2.2 8.8
    endloop
  endfacet
  facet normal -0.89687 0 -0.442295
    outer loop
      vertex 1.38564 -7.80914 8.8
      vertex 1.47821 -2.2 8.61229
      vertex 1.47821 -7.81587 8.61229
    endloop
  endfacet
  facet normal -0.89687 0 -0.442295
    outer loop
      vertex 1.47821 2.2 8.61229
      vertex 1.38564 7.80914 8.8
      vertex 1.47821 7.81587 8.61229
    endloop
  endfacet
  facet normal -0.89687 -0 -0.442295
    outer loop
      vertex 1.38564 7.80914 8.8
      vertex 1.47821 2.2 8.61229
      vertex 1.38564 2.2 8.8
    endloop
  endfacet
  facet normal -0.321422 -0 -0.946936
    outer loop
      vertex 0.41411 -2.2 9.54548
      vertex 0.612293 -7.81701 9.47821
      vertex 0.41411 -7.82115 9.54548
    endloop
  endfacet
  facet normal -0.321422 0 -0.946936
    outer loop
      vertex 0.612293 -7.81701 9.47821
      vertex 0.41411 -2.2 9.54548
      vertex 0.612293 -2.2 9.47821
    endloop
  endfacet
  facet normal -0.321422 0 -0.946936
    outer loop
      vertex 0.41411 2.2 9.54548
      vertex 0.612293 7.81701 9.47821
      vertex 0.612293 2.2 9.47821
    endloop
  endfacet
  facet normal -0.321422 0 -0.946936
    outer loop
      vertex 0.612293 7.81701 9.47821
      vertex 0.41411 2.2 9.54548
      vertex 0.41411 7.82115 9.54548
    endloop
  endfacet
  facet normal -0.442303 0 -0.896866
    outer loop
      vertex 0.612293 -7.81701 9.47821
      vertex 0.799999 -2.2 9.38564
      vertex 0.799999 -7.8169 9.38564
    endloop
  endfacet
  facet normal -0.442303 0 -0.896866
    outer loop
      vertex 0.799999 -2.2 9.38564
      vertex 0.612293 -7.81701 9.47821
      vertex 0.612293 -2.2 9.47821
    endloop
  endfacet
  facet normal -0.442303 0 -0.896866
    outer loop
      vertex 0.612293 2.2 9.47821
      vertex 0.799999 7.8169 9.38564
      vertex 0.799999 2.2 9.38564
    endloop
  endfacet
  facet normal -0.442303 0 -0.896866
    outer loop
      vertex 0.799999 7.8169 9.38564
      vertex 0.612293 2.2 9.47821
      vertex 0.612293 7.81701 9.47821
    endloop
  endfacet
  facet normal 0.946935 0 -0.321426
    outer loop
      vertex -1.47821 -2.2 8.61229
      vertex -1.54548 -7.81442 8.41411
      vertex -1.54548 -2.2 8.41411
    endloop
  endfacet
  facet normal 0.946935 0 -0.321426
    outer loop
      vertex -1.47821 -7.81587 8.61229
      vertex -1.54548 -7.81442 8.41411
      vertex -1.47821 -2.2 8.61229
    endloop
  endfacet
  facet normal 0.946936 0.000550765 -0.321423
    outer loop
      vertex -1.54548 -7.81442 8.41411
      vertex -1.47821 -7.81587 8.61229
      vertex -1.50844 -7.82179 8.52322
    endloop
  endfacet
  facet normal 0.946936 -0.000550765 -0.321423
    outer loop
      vertex -1.47821 7.81587 8.61229
      vertex -1.54548 7.81442 8.41411
      vertex -1.50844 7.82179 8.52322
    endloop
  endfacet
  facet normal 0.946935 0 -0.321426
    outer loop
      vertex -1.47821 2.2 8.61229
      vertex -1.54548 7.81442 8.41411
      vertex -1.47821 7.81587 8.61229
    endloop
  endfacet
  facet normal 0.946935 0 -0.321426
    outer loop
      vertex -1.54548 7.81442 8.41411
      vertex -1.47821 2.2 8.61229
      vertex -1.54548 2.2 8.41411
    endloop
  endfacet
  facet normal 0.831484 0 -0.555549
    outer loop
      vertex -1.26937 -7.80896 8.97402
      vertex -1.38564 -2.2 8.8
      vertex -1.26937 -2.2 8.97402
    endloop
  endfacet
  facet normal 0.831484 0 -0.555549
    outer loop
      vertex -1.38564 -2.2 8.8
      vertex -1.26937 -7.80896 8.97402
      vertex -1.38564 -7.80914 8.8
    endloop
  endfacet
  facet normal 0.831484 0 -0.555549
    outer loop
      vertex -1.26937 2.2 8.97402
      vertex -1.38564 7.80914 8.8
      vertex -1.26937 7.80896 8.97402
    endloop
  endfacet
  facet normal 0.831484 0 -0.555549
    outer loop
      vertex -1.38564 7.80914 8.8
      vertex -1.26937 2.2 8.97402
      vertex -1.38564 2.2 8.8
    endloop
  endfacet
  facet normal 0.321422 0 -0.946936
    outer loop
      vertex -0.612293 -7.81701 9.47821
      vertex -0.41411 -2.2 9.54548
      vertex -0.41411 -7.82115 9.54548
    endloop
  endfacet
  facet normal 0.321422 0 -0.946936
    outer loop
      vertex -0.41411 -2.2 9.54548
      vertex -0.612293 -7.81701 9.47821
      vertex -0.612293 -2.2 9.47821
    endloop
  endfacet
  facet normal 0.321422 0 -0.946936
    outer loop
      vertex -0.612293 7.81701 9.47821
      vertex -0.41411 2.2 9.54548
      vertex -0.612293 2.2 9.47821
    endloop
  endfacet
  facet normal 0.321422 0 -0.946936
    outer loop
      vertex -0.41411 2.2 9.54548
      vertex -0.612293 7.81701 9.47821
      vertex -0.41411 7.82115 9.54548
    endloop
  endfacet
  facet normal -0.946935 0 0.321426
    outer loop
      vertex 1.47821 -2.2 7.38771
      vertex 1.54548 -7.81442 7.58589
      vertex 1.54548 -2.2 7.58589
    endloop
  endfacet
  facet normal -0.946935 0 0.321426
    outer loop
      vertex 1.47821 -7.81587 7.38771
      vertex 1.54548 -7.81442 7.58589
      vertex 1.47821 -2.2 7.38771
    endloop
  endfacet
  facet normal -0.946936 0.000550765 0.321423
    outer loop
      vertex 1.54548 -7.81442 7.58589
      vertex 1.47821 -7.81587 7.38771
      vertex 1.50844 -7.82179 7.47678
    endloop
  endfacet
  facet normal -0.946936 -0.000550765 0.321423
    outer loop
      vertex 1.47821 7.81587 7.38771
      vertex 1.54548 7.81442 7.58589
      vertex 1.50844 7.82179 7.47678
    endloop
  endfacet
  facet normal -0.946935 0 0.321426
    outer loop
      vertex 1.47821 2.2 7.38771
      vertex 1.54548 7.81442 7.58589
      vertex 1.47821 7.81587 7.38771
    endloop
  endfacet
  facet normal -0.946935 0 0.321426
    outer loop
      vertex 1.54548 7.81442 7.58589
      vertex 1.47821 2.2 7.38771
      vertex 1.54548 2.2 7.58589
    endloop
  endfacet
  facet normal -0.195088 0 0.980786
    outer loop
      vertex 0.208841 -2.2 6.41369
      vertex 0.41411 -7.82115 6.45452
      vertex 0.41411 -2.2 6.45452
    endloop
  endfacet
  facet normal -0.195072 5.87473e-07 0.980789
    outer loop
      vertex 0.41411 -7.82115 6.45452
      vertex 0.208841 -2.2 6.41369
      vertex 0.337486 -7.82416 6.43928
    endloop
  endfacet
  facet normal -0.195097 0 0.980784
    outer loop
      vertex 0.337486 -7.82416 6.43928
      vertex 0.208841 -2.2 6.41369
      vertex 0.208841 -7.82574 6.41369
    endloop
  endfacet
  facet normal -0.195072 -5.87473e-07 0.980789
    outer loop
      vertex 0.208841 2.2 6.41369
      vertex 0.41411 7.82115 6.45452
      vertex 0.337486 7.82416 6.43928
    endloop
  endfacet
  facet normal -0.195097 0 0.980784
    outer loop
      vertex 0.208841 2.2 6.41369
      vertex 0.337486 7.82416 6.43928
      vertex 0.208841 7.82574 6.41369
    endloop
  endfacet
  facet normal -0.195088 0 0.980786
    outer loop
      vertex 0.41411 7.82115 6.45452
      vertex 0.208841 2.2 6.41369
      vertex 0.41411 2.2 6.45452
    endloop
  endfacet
  facet normal -0.946935 0 -0.321426
    outer loop
      vertex 1.54548 -7.81442 8.41411
      vertex 1.47821 -2.2 8.61229
      vertex 1.54548 -2.2 8.41411
    endloop
  endfacet
  facet normal -0.946935 0 -0.321426
    outer loop
      vertex 1.54548 -7.81442 8.41411
      vertex 1.47821 -7.81587 8.61229
      vertex 1.47821 -2.2 8.61229
    endloop
  endfacet
  facet normal -0.946936 0.000550765 -0.321423
    outer loop
      vertex 1.47821 -7.81587 8.61229
      vertex 1.54548 -7.81442 8.41411
      vertex 1.50844 -7.82179 8.52322
    endloop
  endfacet
  facet normal -0.946936 -0.000550765 -0.321423
    outer loop
      vertex 1.54548 7.81442 8.41411
      vertex 1.47821 7.81587 8.61229
      vertex 1.50844 7.82179 8.52322
    endloop
  endfacet
  facet normal -0.946935 0 -0.321426
    outer loop
      vertex 1.54548 2.2 8.41411
      vertex 1.47821 7.81587 8.61229
      vertex 1.54548 7.81442 8.41411
    endloop
  endfacet
  facet normal -0.946935 -0 -0.321426
    outer loop
      vertex 1.47821 7.81587 8.61229
      vertex 1.54548 2.2 8.41411
      vertex 1.47821 2.2 8.61229
    endloop
  endfacet
  facet normal -0.831484 0 -0.555549
    outer loop
      vertex 1.38564 -2.2 8.8
      vertex 1.26937 -7.80896 8.97402
      vertex 1.26937 -2.2 8.97402
    endloop
  endfacet
  facet normal -0.831484 0 -0.555549
    outer loop
      vertex 1.26937 -7.80896 8.97402
      vertex 1.38564 -2.2 8.8
      vertex 1.38564 -7.80914 8.8
    endloop
  endfacet
  facet normal -0.831484 0 -0.555549
    outer loop
      vertex 1.38564 2.2 8.8
      vertex 1.26937 7.80896 8.97402
      vertex 1.38564 7.80914 8.8
    endloop
  endfacet
  facet normal -0.831484 -0 -0.555549
    outer loop
      vertex 1.26937 7.80896 8.97402
      vertex 1.38564 2.2 8.8
      vertex 1.26937 2.2 8.97402
    endloop
  endfacet
  facet normal -0.195072 5.87473e-07 -0.980789
    outer loop
      vertex 0.208841 -2.2 9.58631
      vertex 0.41411 -7.82115 9.54548
      vertex 0.337486 -7.82416 9.56072
    endloop
  endfacet
  facet normal -0.195097 -0 -0.980784
    outer loop
      vertex 0.208841 -2.2 9.58631
      vertex 0.337486 -7.82416 9.56072
      vertex 0.208841 -7.82574 9.58631
    endloop
  endfacet
  facet normal -0.195088 0 -0.980786
    outer loop
      vertex 0.41411 -7.82115 9.54548
      vertex 0.208841 -2.2 9.58631
      vertex 0.41411 -2.2 9.54548
    endloop
  endfacet
  facet normal -0.195088 0 -0.980786
    outer loop
      vertex 0.208841 2.2 9.58631
      vertex 0.41411 7.82115 9.54548
      vertex 0.41411 2.2 9.54548
    endloop
  endfacet
  facet normal -0.195072 -5.87473e-07 -0.980789
    outer loop
      vertex 0.41411 7.82115 9.54548
      vertex 0.208841 2.2 9.58631
      vertex 0.337486 7.82416 9.56072
    endloop
  endfacet
  facet normal -0.195097 0 -0.980784
    outer loop
      vertex 0.337486 7.82416 9.56072
      vertex 0.208841 2.2 9.58631
      vertex 0.208841 7.82574 9.58631
    endloop
  endfacet
  facet normal -0.555551 0 -0.831482
    outer loop
      vertex 0.799999 -7.8169 9.38564
      vertex 0.974018 -2.2 9.26937
      vertex 0.974018 -7.8208 9.26937
    endloop
  endfacet
  facet normal -0.555551 0 -0.831482
    outer loop
      vertex 0.974018 -2.2 9.26937
      vertex 0.799999 -7.8169 9.38564
      vertex 0.799999 -2.2 9.38564
    endloop
  endfacet
  facet normal -0.555551 -0 -0.831482
    outer loop
      vertex 0.799999 7.8169 9.38564
      vertex 0.974018 2.2 9.26937
      vertex 0.799999 2.2 9.38564
    endloop
  endfacet
  facet normal -0.555551 0 -0.831482
    outer loop
      vertex 0.974018 2.2 9.26937
      vertex 0.799999 7.8169 9.38564
      vertex 0.974018 7.8208 9.26937
    endloop
  endfacet
  facet normal 0.89687 0 -0.442295
    outer loop
      vertex -1.38564 -7.80914 8.8
      vertex -1.47821 -2.2 8.61229
      vertex -1.38564 -2.2 8.8
    endloop
  endfacet
  facet normal 0.89687 0 -0.442295
    outer loop
      vertex -1.47821 -2.2 8.61229
      vertex -1.38564 -7.80914 8.8
      vertex -1.47821 -7.81587 8.61229
    endloop
  endfacet
  facet normal 0.89687 0 -0.442295
    outer loop
      vertex -1.47821 2.2 8.61229
      vertex -1.38564 7.80914 8.8
      vertex -1.38564 2.2 8.8
    endloop
  endfacet
  facet normal 0.89687 0 -0.442295
    outer loop
      vertex -1.38564 7.80914 8.8
      vertex -1.47821 2.2 8.61229
      vertex -1.47821 7.81587 8.61229
    endloop
  endfacet
  facet normal 0.980786 0 -0.195087
    outer loop
      vertex -1.54548 -2.2 8.41411
      vertex -1.58631 -7.8063 8.20884
      vertex -1.58631 -2.2 8.20884
    endloop
  endfacet
  facet normal 0.980786 0 -0.195087
    outer loop
      vertex -1.58631 -7.8063 8.20884
      vertex -1.54548 -2.2 8.41411
      vertex -1.54548 -7.81442 8.41411
    endloop
  endfacet
  facet normal 0.980786 0 -0.195087
    outer loop
      vertex -1.54548 2.2 8.41411
      vertex -1.58631 7.8063 8.20884
      vertex -1.54548 7.81442 8.41411
    endloop
  endfacet
  facet normal 0.980786 0 -0.195087
    outer loop
      vertex -1.58631 7.8063 8.20884
      vertex -1.54548 2.2 8.41411
      vertex -1.58631 2.2 8.20884
    endloop
  endfacet
  facet normal 0.555551 0 -0.831482
    outer loop
      vertex -0.974018 -2.2 9.26937
      vertex -0.799999 -7.8169 9.38564
      vertex -0.974018 -7.8208 9.26937
    endloop
  endfacet
  facet normal 0.555551 0 -0.831482
    outer loop
      vertex -0.799999 -7.8169 9.38564
      vertex -0.974018 -2.2 9.26937
      vertex -0.799999 -2.2 9.38564
    endloop
  endfacet
  facet normal 0.555551 0 -0.831482
    outer loop
      vertex -0.974018 2.2 9.26937
      vertex -0.799999 7.8169 9.38564
      vertex -0.799999 2.2 9.38564
    endloop
  endfacet
  facet normal 0.555551 0 -0.831482
    outer loop
      vertex -0.799999 7.8169 9.38564
      vertex -0.974018 2.2 9.26937
      vertex -0.974018 7.8208 9.26937
    endloop
  endfacet
  facet normal 0.195097 0 -0.980784
    outer loop
      vertex -0.208841 2.2 9.58631
      vertex -0.337486 7.82416 9.56072
      vertex -0.208841 7.82574 9.58631
    endloop
  endfacet
  facet normal 0.195088 0 -0.980786
    outer loop
      vertex -0.41411 7.82115 9.54548
      vertex -0.208841 2.2 9.58631
      vertex -0.41411 2.2 9.54548
    endloop
  endfacet
  facet normal 0.195072 -5.87473e-07 -0.980789
    outer loop
      vertex -0.208841 2.2 9.58631
      vertex -0.41411 7.82115 9.54548
      vertex -0.337486 7.82416 9.56072
    endloop
  endfacet
  facet normal 0.195097 0 -0.980784
    outer loop
      vertex -0.337486 -7.82416 9.56072
      vertex -0.208841 -2.2 9.58631
      vertex -0.208841 -7.82574 9.58631
    endloop
  endfacet
  facet normal 0.195072 5.87473e-07 -0.980789
    outer loop
      vertex -0.41411 -7.82115 9.54548
      vertex -0.208841 -2.2 9.58631
      vertex -0.337486 -7.82416 9.56072
    endloop
  endfacet
  facet normal 0.195088 0 -0.980786
    outer loop
      vertex -0.208841 -2.2 9.58631
      vertex -0.41411 -7.82115 9.54548
      vertex -0.41411 -2.2 9.54548
    endloop
  endfacet
  facet normal -0.555551 0 0.831482
    outer loop
      vertex 0.799999 -7.8169 6.61436
      vertex 0.974018 -2.2 6.73063
      vertex 0.799999 -2.2 6.61436
    endloop
  endfacet
  facet normal -0.555551 0 0.831482
    outer loop
      vertex 0.974018 -2.2 6.73063
      vertex 0.799999 -7.8169 6.61436
      vertex 0.974018 -7.8208 6.73063
    endloop
  endfacet
  facet normal -0.555551 0 0.831482
    outer loop
      vertex 0.799999 7.8169 6.61436
      vertex 0.974018 2.2 6.73063
      vertex 0.974018 7.8208 6.73063
    endloop
  endfacet
  facet normal -0.555551 0 0.831482
    outer loop
      vertex 0.974018 2.2 6.73063
      vertex 0.799999 7.8169 6.61436
      vertex 0.799999 2.2 6.61436
    endloop
  endfacet
  facet normal -0.89687 0 0.442295
    outer loop
      vertex 1.38564 -7.80914 7.2
      vertex 1.47821 -2.2 7.38771
      vertex 1.38564 -2.2 7.2
    endloop
  endfacet
  facet normal -0.89687 0 0.442295
    outer loop
      vertex 1.47821 -2.2 7.38771
      vertex 1.38564 -7.80914 7.2
      vertex 1.47821 -7.81587 7.38771
    endloop
  endfacet
  facet normal -0.89687 0 0.442295
    outer loop
      vertex 1.47821 2.2 7.38771
      vertex 1.38564 7.80914 7.2
      vertex 1.38564 2.2 7.2
    endloop
  endfacet
  facet normal -0.89687 0 0.442295
    outer loop
      vertex 1.38564 7.80914 7.2
      vertex 1.47821 2.2 7.38771
      vertex 1.47821 7.81587 7.38771
    endloop
  endfacet
  facet normal 0.997858 -0 0.0654122
    outer loop
      vertex -1.6 -7.80358 8
      vertex -1.58631 -2.2 7.79116
      vertex -1.6 -2.2 8
    endloop
  endfacet
  facet normal 0.997858 0 0.0654122
    outer loop
      vertex -1.58631 -2.2 7.79116
      vertex -1.6 -7.80358 8
      vertex -1.58631 -7.8063 7.79116
    endloop
  endfacet
  facet normal 0.997858 0 0.0654122
    outer loop
      vertex -1.58631 2.2 7.79116
      vertex -1.6 7.80358 8
      vertex -1.6 2.2 8
    endloop
  endfacet
  facet normal 0.997858 0 0.0654122
    outer loop
      vertex -1.6 7.80358 8
      vertex -1.58631 2.2 7.79116
      vertex -1.58631 7.8063 7.79116
    endloop
  endfacet
  facet normal -0.0654119 0 0.997858
    outer loop
      vertex 0 -2.2 6.4
      vertex 0.208841 -7.82574 6.41369
      vertex 0.208841 -2.2 6.41369
    endloop
  endfacet
  facet normal -0.0653941 6.61766e-07 0.99786
    outer loop
      vertex 0.208841 -7.82574 6.41369
      vertex 0 -2.2 6.4
      vertex 0.0361072 -7.83403 6.40237
    endloop
  endfacet
  facet normal -0.0654969 0 0.997853
    outer loop
      vertex 0.0361072 -7.83403 6.40237
      vertex 0 -2.2 6.4
      vertex 0 -7.83576 6.4
    endloop
  endfacet
  facet normal -0.0653941 -6.61766e-07 0.99786
    outer loop
      vertex 0 2.2 6.4
      vertex 0.208841 7.82574 6.41369
      vertex 0.0361072 7.83403 6.40237
    endloop
  endfacet
  facet normal -0.0654969 0 0.997853
    outer loop
      vertex 0 2.2 6.4
      vertex 0.0361072 7.83403 6.40237
      vertex 0 7.83576 6.4
    endloop
  endfacet
  facet normal -0.0654119 0 0.997858
    outer loop
      vertex 0.208841 7.82574 6.41369
      vertex 0 2.2 6.4
      vertex 0.208841 2.2 6.41369
    endloop
  endfacet
  facet normal -0.751821 0 -0.659367
    outer loop
      vertex 1.26937 -7.80896 8.97402
      vertex 1.13137 -2.2 9.13137
      vertex 1.26937 -2.2 8.97402
    endloop
  endfacet
  facet normal -0.751821 -0 -0.659367
    outer loop
      vertex 1.13137 -2.2 9.13137
      vertex 1.26937 -7.80896 8.97402
      vertex 1.13137 -7.81534 9.13137
    endloop
  endfacet
  facet normal -0.751821 0 -0.659367
    outer loop
      vertex 1.13137 2.2 9.13137
      vertex 1.26937 7.80896 8.97402
      vertex 1.26937 2.2 8.97402
    endloop
  endfacet
  facet normal -0.751821 0 -0.659367
    outer loop
      vertex 1.26937 7.80896 8.97402
      vertex 1.13137 2.2 9.13137
      vertex 1.13137 7.81534 9.13137
    endloop
  endfacet
  facet normal -0.0653941 6.61766e-07 -0.99786
    outer loop
      vertex 0 -2.2 9.6
      vertex 0.208841 -7.82574 9.58631
      vertex 0.0361072 -7.83403 9.59763
    endloop
  endfacet
  facet normal -0.0654969 -0 -0.997853
    outer loop
      vertex 0 -2.2 9.6
      vertex 0.0361072 -7.83403 9.59763
      vertex 0 -7.83576 9.6
    endloop
  endfacet
  facet normal -0.0654119 0 -0.997858
    outer loop
      vertex 0.208841 -7.82574 9.58631
      vertex 0 -2.2 9.6
      vertex 0.208841 -2.2 9.58631
    endloop
  endfacet
  facet normal -0.0654119 0 -0.997858
    outer loop
      vertex 0 2.2 9.6
      vertex 0.208841 7.82574 9.58631
      vertex 0.208841 2.2 9.58631
    endloop
  endfacet
  facet normal -0.0653941 -6.61766e-07 -0.99786
    outer loop
      vertex 0.208841 7.82574 9.58631
      vertex 0 2.2 9.6
      vertex 0.0361072 7.83403 9.59763
    endloop
  endfacet
  facet normal -0.0654969 0 -0.997853
    outer loop
      vertex 0.0361072 7.83403 9.59763
      vertex 0 2.2 9.6
      vertex 0 7.83576 9.6
    endloop
  endfacet
  facet normal 0.659371 0.000471682 -0.751817
    outer loop
      vertex -1.13137 -7.81534 9.13137
      vertex -0.974018 -7.8208 9.26937
      vertex -1.03 -7.82359 9.22027
    endloop
  endfacet
  facet normal 0.659362 0 -0.751826
    outer loop
      vertex -0.974018 -7.8208 9.26937
      vertex -1.13137 -7.81534 9.13137
      vertex -0.974018 -2.2 9.26937
    endloop
  endfacet
  facet normal 0.659362 0 -0.751826
    outer loop
      vertex -0.974018 -2.2 9.26937
      vertex -1.13137 -7.81534 9.13137
      vertex -1.13137 -2.2 9.13137
    endloop
  endfacet
  facet normal 0.659362 0 -0.751826
    outer loop
      vertex -1.13137 7.81534 9.13137
      vertex -0.974018 7.8208 9.26937
      vertex -0.974018 2.2 9.26937
    endloop
  endfacet
  facet normal 0.659362 0 -0.751826
    outer loop
      vertex -1.13137 7.81534 9.13137
      vertex -0.974018 2.2 9.26937
      vertex -1.13137 2.2 9.13137
    endloop
  endfacet
  facet normal 0.659371 -0.000471682 -0.751817
    outer loop
      vertex -0.974018 7.8208 9.26937
      vertex -1.13137 7.81534 9.13137
      vertex -1.03 7.82359 9.22027
    endloop
  endfacet
  facet normal 0.751821 0 -0.659367
    outer loop
      vertex -1.13137 -2.2 9.13137
      vertex -1.26937 -7.80896 8.97402
      vertex -1.26937 -2.2 8.97402
    endloop
  endfacet
  facet normal 0.751821 0 -0.659367
    outer loop
      vertex -1.26937 -7.80896 8.97402
      vertex -1.13137 -2.2 9.13137
      vertex -1.13137 -7.81534 9.13137
    endloop
  endfacet
  facet normal 0.751821 0 -0.659367
    outer loop
      vertex -1.13137 2.2 9.13137
      vertex -1.26937 7.80896 8.97402
      vertex -1.13137 7.81534 9.13137
    endloop
  endfacet
  facet normal 0.751821 0 -0.659367
    outer loop
      vertex -1.26937 7.80896 8.97402
      vertex -1.13137 2.2 9.13137
      vertex -1.26937 2.2 8.97402
    endloop
  endfacet
  facet normal -0.831484 0 0.555549
    outer loop
      vertex 1.26937 -7.80896 7.02598
      vertex 1.38564 -2.2 7.2
      vertex 1.26937 -2.2 7.02598
    endloop
  endfacet
  facet normal -0.831484 0 0.555549
    outer loop
      vertex 1.38564 -2.2 7.2
      vertex 1.26937 -7.80896 7.02598
      vertex 1.38564 -7.80914 7.2
    endloop
  endfacet
  facet normal -0.831484 0 0.555549
    outer loop
      vertex 1.26937 2.2 7.02598
      vertex 1.38564 7.80914 7.2
      vertex 1.26937 7.80896 7.02598
    endloop
  endfacet
  facet normal -0.831484 0 0.555549
    outer loop
      vertex 1.38564 7.80914 7.2
      vertex 1.26937 2.2 7.02598
      vertex 1.38564 2.2 7.2
    endloop
  endfacet
  facet normal -0.980786 0 0.195087
    outer loop
      vertex 1.54548 -2.2 7.58589
      vertex 1.58631 -7.8063 7.79116
      vertex 1.58631 -2.2 7.79116
    endloop
  endfacet
  facet normal -0.980786 0 0.195087
    outer loop
      vertex 1.58631 -7.8063 7.79116
      vertex 1.54548 -2.2 7.58589
      vertex 1.54548 -7.81442 7.58589
    endloop
  endfacet
  facet normal -0.980786 0 0.195087
    outer loop
      vertex 1.54548 2.2 7.58589
      vertex 1.58631 7.8063 7.79116
      vertex 1.54548 7.81442 7.58589
    endloop
  endfacet
  facet normal -0.980786 0 0.195087
    outer loop
      vertex 1.58631 7.8063 7.79116
      vertex 1.54548 2.2 7.58589
      vertex 1.58631 2.2 7.79116
    endloop
  endfacet
  facet normal -0.997858 0 0.0654122
    outer loop
      vertex 1.58631 -2.2 7.79116
      vertex 1.6 -7.80358 8
      vertex 1.6 -2.2 8
    endloop
  endfacet
  facet normal -0.997858 0 0.0654122
    outer loop
      vertex 1.6 -7.80358 8
      vertex 1.58631 -2.2 7.79116
      vertex 1.58631 -7.8063 7.79116
    endloop
  endfacet
  facet normal -0.997858 0 0.0654122
    outer loop
      vertex 1.58631 2.2 7.79116
      vertex 1.6 7.80358 8
      vertex 1.58631 7.8063 7.79116
    endloop
  endfacet
  facet normal -0.997858 0 0.0654122
    outer loop
      vertex 1.6 7.80358 8
      vertex 1.58631 2.2 7.79116
      vertex 1.6 2.2 8
    endloop
  endfacet
  facet normal 0.321422 -0 0.946936
    outer loop
      vertex -0.612293 -7.81701 6.52179
      vertex -0.41411 -2.2 6.45452
      vertex -0.612293 -2.2 6.52179
    endloop
  endfacet
  facet normal 0.321422 0 0.946936
    outer loop
      vertex -0.41411 -2.2 6.45452
      vertex -0.612293 -7.81701 6.52179
      vertex -0.41411 -7.82115 6.45452
    endloop
  endfacet
  facet normal 0.321422 0 0.946936
    outer loop
      vertex -0.612293 7.81701 6.52179
      vertex -0.41411 2.2 6.45452
      vertex -0.41411 7.82115 6.45452
    endloop
  endfacet
  facet normal 0.321422 0 0.946936
    outer loop
      vertex -0.41411 2.2 6.45452
      vertex -0.612293 7.81701 6.52179
      vertex -0.612293 2.2 6.52179
    endloop
  endfacet
  facet normal 0.980786 -0 0.195087
    outer loop
      vertex -1.58631 -7.8063 7.79116
      vertex -1.54548 -2.2 7.58589
      vertex -1.58631 -2.2 7.79116
    endloop
  endfacet
  facet normal 0.980786 0 0.195087
    outer loop
      vertex -1.54548 -2.2 7.58589
      vertex -1.58631 -7.8063 7.79116
      vertex -1.54548 -7.81442 7.58589
    endloop
  endfacet
  facet normal 0.980786 0 0.195087
    outer loop
      vertex -1.54548 2.2 7.58589
      vertex -1.58631 7.8063 7.79116
      vertex -1.58631 2.2 7.79116
    endloop
  endfacet
  facet normal 0.980786 0 0.195087
    outer loop
      vertex -1.58631 7.8063 7.79116
      vertex -1.54548 2.2 7.58589
      vertex -1.54548 7.81442 7.58589
    endloop
  endfacet
  facet normal 0.946935 -0 0.321426
    outer loop
      vertex -1.54548 -7.81442 7.58589
      vertex -1.47821 -2.2 7.38771
      vertex -1.54548 -2.2 7.58589
    endloop
  endfacet
  facet normal 0.946935 0 0.321426
    outer loop
      vertex -1.54548 -7.81442 7.58589
      vertex -1.47821 -7.81587 7.38771
      vertex -1.47821 -2.2 7.38771
    endloop
  endfacet
  facet normal 0.946936 0.000550765 0.321423
    outer loop
      vertex -1.47821 -7.81587 7.38771
      vertex -1.54548 -7.81442 7.58589
      vertex -1.50844 -7.82179 7.47678
    endloop
  endfacet
  facet normal 0.946936 -0.000550765 0.321423
    outer loop
      vertex -1.54548 7.81442 7.58589
      vertex -1.47821 7.81587 7.38771
      vertex -1.50844 7.82179 7.47678
    endloop
  endfacet
  facet normal 0.946935 -0 0.321426
    outer loop
      vertex -1.54548 2.2 7.58589
      vertex -1.47821 7.81587 7.38771
      vertex -1.54548 7.81442 7.58589
    endloop
  endfacet
  facet normal 0.946935 0 0.321426
    outer loop
      vertex -1.47821 7.81587 7.38771
      vertex -1.54548 2.2 7.58589
      vertex -1.47821 2.2 7.38771
    endloop
  endfacet
  facet normal -0.321422 0 0.946936
    outer loop
      vertex 0.41411 -2.2 6.45452
      vertex 0.612293 -7.81701 6.52179
      vertex 0.612293 -2.2 6.52179
    endloop
  endfacet
  facet normal -0.321422 0 0.946936
    outer loop
      vertex 0.612293 -7.81701 6.52179
      vertex 0.41411 -2.2 6.45452
      vertex 0.41411 -7.82115 6.45452
    endloop
  endfacet
  facet normal -0.321422 0 0.946936
    outer loop
      vertex 0.41411 2.2 6.45452
      vertex 0.612293 7.81701 6.52179
      vertex 0.41411 7.82115 6.45452
    endloop
  endfacet
  facet normal -0.321422 0 0.946936
    outer loop
      vertex 0.612293 7.81701 6.52179
      vertex 0.41411 2.2 6.45452
      vertex 0.612293 2.2 6.52179
    endloop
  endfacet
  facet normal -0.442303 0 0.896866
    outer loop
      vertex 0.612293 -2.2 6.52179
      vertex 0.799999 -7.8169 6.61436
      vertex 0.799999 -2.2 6.61436
    endloop
  endfacet
  facet normal -0.442303 0 0.896866
    outer loop
      vertex 0.799999 -7.8169 6.61436
      vertex 0.612293 -2.2 6.52179
      vertex 0.612293 -7.81701 6.52179
    endloop
  endfacet
  facet normal -0.442303 0 0.896866
    outer loop
      vertex 0.612293 7.81701 6.52179
      vertex 0.799999 2.2 6.61436
      vertex 0.799999 7.8169 6.61436
    endloop
  endfacet
  facet normal -0.442303 0 0.896866
    outer loop
      vertex 0.799999 2.2 6.61436
      vertex 0.612293 7.81701 6.52179
      vertex 0.612293 2.2 6.52179
    endloop
  endfacet
  facet normal 0.751821 -0 0.659367
    outer loop
      vertex -1.26937 -7.80896 7.02598
      vertex -1.13137 -2.2 6.86863
      vertex -1.26937 -2.2 7.02598
    endloop
  endfacet
  facet normal 0.751821 0 0.659367
    outer loop
      vertex -1.13137 -2.2 6.86863
      vertex -1.26937 -7.80896 7.02598
      vertex -1.13137 -7.81534 6.86863
    endloop
  endfacet
  facet normal 0.751821 0 0.659367
    outer loop
      vertex -1.13137 2.2 6.86863
      vertex -1.26937 7.80896 7.02598
      vertex -1.26937 2.2 7.02598
    endloop
  endfacet
  facet normal 0.751821 0 0.659367
    outer loop
      vertex -1.26937 7.80896 7.02598
      vertex -1.13137 2.2 6.86863
      vertex -1.13137 7.81534 6.86863
    endloop
  endfacet
  facet normal 0.89687 0 0.442295
    outer loop
      vertex -1.47821 -2.2 7.38771
      vertex -1.38564 -7.80914 7.2
      vertex -1.38564 -2.2 7.2
    endloop
  endfacet
  facet normal 0.89687 0 0.442295
    outer loop
      vertex -1.38564 -7.80914 7.2
      vertex -1.47821 -2.2 7.38771
      vertex -1.47821 -7.81587 7.38771
    endloop
  endfacet
  facet normal 0.89687 -0 0.442295
    outer loop
      vertex -1.47821 2.2 7.38771
      vertex -1.38564 7.80914 7.2
      vertex -1.47821 7.81587 7.38771
    endloop
  endfacet
  facet normal 0.89687 0 0.442295
    outer loop
      vertex -1.38564 7.80914 7.2
      vertex -1.47821 2.2 7.38771
      vertex -1.38564 2.2 7.2
    endloop
  endfacet
  facet normal 0.659362 0 0.751826
    outer loop
      vertex -1.13137 -7.81534 6.86863
      vertex -0.974018 -7.8208 6.73063
      vertex -0.974018 -2.2 6.73063
    endloop
  endfacet
  facet normal 0.659362 -0 0.751826
    outer loop
      vertex -1.13137 -7.81534 6.86863
      vertex -0.974018 -2.2 6.73063
      vertex -1.13137 -2.2 6.86863
    endloop
  endfacet
  facet normal 0.659371 0.000471682 0.751817
    outer loop
      vertex -0.974018 -7.8208 6.73063
      vertex -1.13137 -7.81534 6.86863
      vertex -1.03 -7.82359 6.77973
    endloop
  endfacet
  facet normal 0.659371 -0.000471682 0.751817
    outer loop
      vertex -1.13137 7.81534 6.86863
      vertex -0.974018 7.8208 6.73063
      vertex -1.03 7.82359 6.77973
    endloop
  endfacet
  facet normal 0.659362 0 0.751826
    outer loop
      vertex -0.974018 7.8208 6.73063
      vertex -1.13137 7.81534 6.86863
      vertex -0.974018 2.2 6.73063
    endloop
  endfacet
  facet normal 0.659362 0 0.751826
    outer loop
      vertex -0.974018 2.2 6.73063
      vertex -1.13137 7.81534 6.86863
      vertex -1.13137 2.2 6.86863
    endloop
  endfacet
  facet normal -0.659362 0 0.751826
    outer loop
      vertex 0.974018 -2.2 6.73063
      vertex 1.13137 -7.81534 6.86863
      vertex 1.13137 -2.2 6.86863
    endloop
  endfacet
  facet normal -0.659362 0 0.751826
    outer loop
      vertex 1.13137 -7.81534 6.86863
      vertex 0.974018 -2.2 6.73063
      vertex 0.974018 -7.8208 6.73063
    endloop
  endfacet
  facet normal -0.659371 0.000471682 0.751817
    outer loop
      vertex 1.13137 -7.81534 6.86863
      vertex 0.974018 -7.8208 6.73063
      vertex 1.03 -7.82359 6.77973
    endloop
  endfacet
  facet normal -0.659371 -0.000471682 0.751817
    outer loop
      vertex 0.974018 7.8208 6.73063
      vertex 1.13137 7.81534 6.86863
      vertex 1.03 7.82359 6.77973
    endloop
  endfacet
  facet normal -0.659362 0 0.751826
    outer loop
      vertex 0.974018 2.2 6.73063
      vertex 1.13137 7.81534 6.86863
      vertex 0.974018 7.8208 6.73063
    endloop
  endfacet
  facet normal -0.659362 0 0.751826
    outer loop
      vertex 1.13137 7.81534 6.86863
      vertex 0.974018 2.2 6.73063
      vertex 1.13137 2.2 6.86863
    endloop
  endfacet
  facet normal -0.751821 0 0.659367
    outer loop
      vertex 1.13137 -2.2 6.86863
      vertex 1.26937 -7.80896 7.02598
      vertex 1.26937 -2.2 7.02598
    endloop
  endfacet
  facet normal -0.751821 0 0.659367
    outer loop
      vertex 1.26937 -7.80896 7.02598
      vertex 1.13137 -2.2 6.86863
      vertex 1.13137 -7.81534 6.86863
    endloop
  endfacet
  facet normal -0.751821 0 0.659367
    outer loop
      vertex 1.13137 2.2 6.86863
      vertex 1.26937 7.80896 7.02598
      vertex 1.13137 7.81534 6.86863
    endloop
  endfacet
  facet normal -0.751821 0 0.659367
    outer loop
      vertex 1.26937 7.80896 7.02598
      vertex 1.13137 2.2 6.86863
      vertex 1.26937 2.2 7.02598
    endloop
  endfacet
  facet normal 0.555551 0 0.831482
    outer loop
      vertex -0.974018 -2.2 6.73063
      vertex -0.799999 -7.8169 6.61436
      vertex -0.799999 -2.2 6.61436
    endloop
  endfacet
  facet normal 0.555551 0 0.831482
    outer loop
      vertex -0.799999 -7.8169 6.61436
      vertex -0.974018 -2.2 6.73063
      vertex -0.974018 -7.8208 6.73063
    endloop
  endfacet
  facet normal 0.555551 -0 0.831482
    outer loop
      vertex -0.974018 2.2 6.73063
      vertex -0.799999 7.8169 6.61436
      vertex -0.974018 7.8208 6.73063
    endloop
  endfacet
  facet normal 0.555551 0 0.831482
    outer loop
      vertex -0.799999 7.8169 6.61436
      vertex -0.974018 2.2 6.73063
      vertex -0.799999 2.2 6.61436
    endloop
  endfacet
  facet normal 0.195097 0 0.980784
    outer loop
      vertex -0.337486 7.82416 6.43928
      vertex -0.208841 2.2 6.41369
      vertex -0.208841 7.82574 6.41369
    endloop
  endfacet
  facet normal 0.195072 -5.87473e-07 0.980789
    outer loop
      vertex -0.41411 7.82115 6.45452
      vertex -0.208841 2.2 6.41369
      vertex -0.337486 7.82416 6.43928
    endloop
  endfacet
  facet normal 0.195088 0 0.980786
    outer loop
      vertex -0.208841 2.2 6.41369
      vertex -0.41411 7.82115 6.45452
      vertex -0.41411 2.2 6.45452
    endloop
  endfacet
  facet normal 0.195097 0 0.980784
    outer loop
      vertex -0.208841 -2.2 6.41369
      vertex -0.337486 -7.82416 6.43928
      vertex -0.208841 -7.82574 6.41369
    endloop
  endfacet
  facet normal 0.195088 -0 0.980786
    outer loop
      vertex -0.41411 -7.82115 6.45452
      vertex -0.208841 -2.2 6.41369
      vertex -0.41411 -2.2 6.45452
    endloop
  endfacet
  facet normal 0.195072 5.87473e-07 0.980789
    outer loop
      vertex -0.208841 -2.2 6.41369
      vertex -0.41411 -7.82115 6.45452
      vertex -0.337486 -7.82416 6.43928
    endloop
  endfacet
  facet normal 0.0654969 0 0.997853
    outer loop
      vertex 0 -2.2 6.4
      vertex -0.0361072 -7.83403 6.40237
      vertex 0 -7.83576 6.4
    endloop
  endfacet
  facet normal 0.0654119 -0 0.997858
    outer loop
      vertex -0.208841 -7.82574 6.41369
      vertex 0 -2.2 6.4
      vertex -0.208841 -2.2 6.41369
    endloop
  endfacet
  facet normal 0.0653941 6.61766e-07 0.99786
    outer loop
      vertex 0 -2.2 6.4
      vertex -0.208841 -7.82574 6.41369
      vertex -0.0361072 -7.83403 6.40237
    endloop
  endfacet
  facet normal 0.0654969 0 0.997853
    outer loop
      vertex -0.0361072 7.83403 6.40237
      vertex 0 2.2 6.4
      vertex 0 7.83576 6.4
    endloop
  endfacet
  facet normal 0.0653941 -6.61766e-07 0.99786
    outer loop
      vertex -0.208841 7.82574 6.41369
      vertex 0 2.2 6.4
      vertex -0.0361072 7.83403 6.40237
    endloop
  endfacet
  facet normal 0.0654119 0 0.997858
    outer loop
      vertex 0 2.2 6.4
      vertex -0.208841 7.82574 6.41369
      vertex -0.208841 2.2 6.41369
    endloop
  endfacet
  facet normal 0.831484 0 0.555549
    outer loop
      vertex -1.38564 -2.2 7.2
      vertex -1.26937 -7.80896 7.02598
      vertex -1.26937 -2.2 7.02598
    endloop
  endfacet
  facet normal 0.831484 0 0.555549
    outer loop
      vertex -1.26937 -7.80896 7.02598
      vertex -1.38564 -2.2 7.2
      vertex -1.38564 -7.80914 7.2
    endloop
  endfacet
  facet normal 0.831484 -0 0.555549
    outer loop
      vertex -1.38564 2.2 7.2
      vertex -1.26937 7.80896 7.02598
      vertex -1.38564 7.80914 7.2
    endloop
  endfacet
  facet normal 0.831484 0 0.555549
    outer loop
      vertex -1.26937 7.80896 7.02598
      vertex -1.38564 2.2 7.2
      vertex -1.26937 2.2 7.02598
    endloop
  endfacet
  facet normal 0.442303 0 0.896866
    outer loop
      vertex -0.799999 -2.2 6.61436
      vertex -0.612293 -7.81701 6.52179
      vertex -0.612293 -2.2 6.52179
    endloop
  endfacet
  facet normal 0.442303 0 0.896866
    outer loop
      vertex -0.612293 -7.81701 6.52179
      vertex -0.799999 -2.2 6.61436
      vertex -0.799999 -7.8169 6.61436
    endloop
  endfacet
  facet normal 0.442303 0 0.896866
    outer loop
      vertex -0.799999 7.8169 6.61436
      vertex -0.612293 2.2 6.52179
      vertex -0.612293 7.81701 6.52179
    endloop
  endfacet
  facet normal 0.442303 0 0.896866
    outer loop
      vertex -0.612293 2.2 6.52179
      vertex -0.799999 7.8169 6.61436
      vertex -0.799999 2.2 6.61436
    endloop
  endfacet
endsolid OpenSCAD_Model
